timestamp,unit_id,soc_pct,cell_temp_max
2026-01-01T00:00:00+09:00,BMS-01,29.81423219516191,26.284790907503872
2026-01-01T00:05:00+09:00,BMS-01,64.85155487661474,34.69112520687507
2026-01-01T00:10:00+09:00,BMS-01,48.38434388839696,29.60066818927434
2026-01-01T00:15:00+09:00,BMS-01,81.12874355801266,28.122602873106644
2026-01-01T00:20:00+09:00,BMS-01,27.669260363621305,30.720217288727703
2026-01-01T00:25:00+09:00,BMS-01,49.66612752972082,30.6763625936764
2026-01-01T00:30:00+09:00,BMS-01,30.668789433687103,27.21248890497115
2026-01-01T00:35:00+09:00,BMS-01,77.0758337532694,29.79447380814583
2026-01-01T00:40:00+09:00,BMS-01,48.22122887237515,31.805254159021946
2026-01-01T00:45:00+09:00,BMS-01,23.44806474779117,31.282088199409756
2026-01-01T00:50:00+09:00,BMS-01,75.93653354530896,30.803870583759938
2026-01-01T00:55:00+09:00,BMS-01,28.807505537665577,28.71684641852711
2026-01-01T01:00:00+09:00,BMS-01,26.971714900001928,29.116804915682856
2026-01-01T01:05:00+09:00,BMS-01,23.04166981318755,29.862644033460143
2026-01-01T01:10:00+09:00,BMS-01,58.17579014567555,27.898152387406586
2026-01-01T01:15:00+09:00,BMS-01,64.37678489037076,29.895750206314155
2026-01-01T01:20:00+09:00,BMS-01,36.43197380292372,30.578715663506365
2026-01-01T01:25:00+09:00,BMS-01,35.5261163571375,26.978948252221763
2026-01-01T01:30:00+09:00,BMS-01,45.95104425351323,28.964078818848847
2026-01-01T01:35:00+09:00,BMS-01,46.909428677933725,27.67752548271748
2026-01-01T01:40:00+09:00,BMS-01,35.75716179334669,30.083535053066434
2026-01-01T01:45:00+09:00,BMS-01,34.588680912876754,28.77274580760771
2026-01-01T01:50:00+09:00,BMS-01,45.118970119731834,27.848940646924948
2026-01-01T01:55:00+09:00,BMS-01,38.15883535789366,32.0421547090611
2026-01-01T02:00:00+09:00,BMS-01,26.701672991177468,27.69397103976466
2026-01-01T02:05:00+09:00,BMS-01,21.017704505282104,26.7018616621521
2026-01-01T02:10:00+09:00,BMS-01,56.471771026581166,33.20829381003517
2026-01-01T02:15:00+09:00,BMS-01,74.3324473095265,30.128392193703892
2026-01-01T02:20:00+09:00,BMS-01,23.667292464818676,31.80847833974835
2026-01-01T02:25:00+09:00,BMS-01,36.93525723605017,33.35344589926845
2026-01-01T02:30:00+09:00,BMS-01,73.46648453675778,30.510660358614693
2026-01-01T02:35:00+09:00,BMS-01,46.489124787856724,31.240105210837733
2026-01-01T02:40:00+09:00,BMS-01,23.210737236143135,28.934108141371958
2026-01-01T02:45:00+09:00,BMS-01,37.44449437764516,28.335466896442703
2026-01-01T02:50:00+09:00,BMS-01,41.49572764366647,31.248113416335418
2026-01-01T02:55:00+09:00,BMS-01,40.36726252803324,24.798595621492748
2026-01-01T03:00:00+09:00,BMS-01,39.19187162754433,28.2428275230259
2026-01-01T03:05:00+09:00,BMS-01,37.41608082118481,29.04912185074331
2026-01-01T03:10:00+09:00,BMS-01,73.10117701704982,24.372014764336644
2026-01-01T03:15:00+09:00,BMS-01,65.61099922213182,29.289615494355722
2026-01-01T03:20:00+09:00,BMS-01,29.12516218886694,25.067435982735603
2026-01-01T03:25:00+09:00,BMS-01,70.48581319193529,26.112698167173356
2026-01-01T03:30:00+09:00,BMS-01,75.64523148656123,33.40566700164513
2026-01-01T03:35:00+09:00,BMS-01,64.91365194362183,28.57599981947034
2026-01-01T03:40:00+09:00,BMS-01,64.8694796553486,28.31458216043701
2026-01-01T03:45:00+09:00,BMS-01,84.09216936892496,30.181807185235293
2026-01-01T03:50:00+09:00,BMS-01,59.3257039146676,29.377076341200116
2026-01-01T03:55:00+09:00,BMS-01,58.16422449938582,28.345948482416077
2026-01-01T04:00:00+09:00,BMS-01,61.119820219768805,27.451144620640008
2026-01-01T04:05:00+09:00,BMS-01,39.994399068842945,28.36352063945235
2026-01-01T04:10:00+09:00,BMS-01,81.06968174732512,27.345774903445445
2026-01-01T04:15:00+09:00,BMS-01,74.57085174651209,29.12507740481079
2026-01-01T04:20:00+09:00,BMS-01,46.27566575097578,28.57490086392787
2026-01-01T04:25:00+09:00,BMS-01,69.9115392323807,29.05286999413447
2026-01-01T04:30:00+09:00,BMS-01,37.1542691378003,27.87088494638405
2026-01-01T04:35:00+09:00,BMS-01,42.676868575393414,33.1226760357926
2026-01-01T04:40:00+09:00,BMS-01,81.00758606038602,30.79705333925302
2026-01-01T04:45:00+09:00,BMS-01,83.25209265601468,31.91646089318149
2026-01-01T04:50:00+09:00,BMS-01,77.23377723576591,28.208684560956826
2026-01-01T04:55:00+09:00,BMS-01,71.31453759376633,27.73989181857596
2026-01-01T05:00:00+09:00,BMS-01,20.588135813569966,29.244246877450628
2026-01-01T05:05:00+09:00,BMS-01,24.17373234753916,28.41974187341192
2026-01-01T05:10:00+09:00,BMS-01,24.578192211885906,27.002838906424536
2026-01-01T05:15:00+09:00,BMS-01,86.7507404783625,27.625705791598634
2026-01-01T05:20:00+09:00,BMS-01,60.44222391599326,23.18262994703156
2026-01-01T05:25:00+09:00,BMS-01,68.10864132910095,26.447875417283765
2026-01-01T05:30:00+09:00,BMS-01,74.76059444849214,31.658733546577707
2026-01-01T05:35:00+09:00,BMS-01,28.66634128038945,32.73145521769907
2026-01-01T05:40:00+09:00,BMS-01,32.36824497247918,28.799533982613184
2026-01-01T05:45:00+09:00,BMS-01,65.72884736119249,26.72528999298174
2026-01-01T05:50:00+09:00,BMS-01,44.58662693161743,31.46884890600843
2026-01-01T05:55:00+09:00,BMS-01,79.35935711618043,27.842794994971413
2026-01-01T06:00:00+09:00,BMS-01,54.49945384349245,29.374377422168447
2026-01-01T06:05:00+09:00,BMS-01,82.59247143595853,26.783855494271325
2026-01-01T06:10:00+09:00,BMS-01,37.2281628273469,28.13069260160929
2026-01-01T06:15:00+09:00,BMS-01,79.86857161954677,31.282911032268007
2026-01-01T06:20:00+09:00,BMS-01,34.48337442610787,28.392309541782826
2026-01-01T06:25:00+09:00,BMS-01,44.08312431975887,33.123968081637436
2026-01-01T06:30:00+09:00,BMS-01,62.90902931155877,30.505692896324156
2026-01-01T06:35:00+09:00,BMS-01,41.88855054833117,30.97697249418807
2026-01-01T06:40:00+09:00,BMS-01,64.51422924621808,30.71366723705807
2026-01-01T06:45:00+09:00,BMS-01,60.167701005430345,26.431786187387676
2026-01-01T06:50:00+09:00,BMS-01,41.78231554442588,29.567890301869305
2026-01-01T06:55:00+09:00,BMS-01,83.5629569634873,30.175174223481594
2026-01-01T07:00:00+09:00,BMS-01,52.150273059932644,29.044075879500706
2026-01-01T07:05:00+09:00,BMS-01,35.4909272161932,28.247341191698233
2026-01-01T07:10:00+09:00,BMS-01,68.30733589635818,31.187703553248177
2026-01-01T07:15:00+09:00,BMS-01,63.0162714592292,24.800933015941542
2026-01-01T07:20:00+09:00,BMS-01,88.89310119546349,31.489213043293237
2026-01-01T07:25:00+09:00,BMS-01,56.233242786872246,27.418002450864492
2026-01-01T07:30:00+09:00,BMS-01,25.611436189670556,29.421397850947496
2026-01-01T07:35:00+09:00,BMS-01,38.72361003544134,29.71206279133473
2026-01-01T07:40:00+09:00,BMS-01,76.67706611038639,32.20506727133115
2026-01-01T07:45:00+09:00,BMS-01,37.4357359288371,30.199946601660095
2026-01-01T07:50:00+09:00,BMS-01,21.86549206292113,28.924897419160377
2026-01-01T07:55:00+09:00,BMS-01,53.16711145700444,29.229493677730314
2026-01-01T08:00:00+09:00,BMS-01,39.096323235195726,27.488107783553005
2026-01-01T08:05:00+09:00,BMS-01,85.63984302417535,29.275613583663528
2026-01-01T08:10:00+09:00,BMS-01,79.16516313136543,30.678576317876324
2026-01-01T08:15:00+09:00,BMS-01,55.80001676255974,28.19730045477904
2026-01-01T08:20:00+09:00,BMS-01,38.02335126961641,31.942506174332394
2026-01-01T08:25:00+09:00,BMS-01,56.16004261731423,26.055118277943485
2026-01-01T08:30:00+09:00,BMS-01,86.1187240620836,30.196671072257857
2026-01-01T08:35:00+09:00,BMS-01,24.444936362986017,31.039421491854906
2026-01-01T08:40:00+09:00,BMS-01,24.044997360842544,28.16949117698832
2026-01-01T08:45:00+09:00,BMS-01,71.61602278059603,30.455493011338095
2026-01-01T08:50:00+09:00,BMS-01,52.483619525114314,27.450216119541633
2026-01-01T08:55:00+09:00,BMS-01,68.22009340485417,27.430709170672877
2026-01-01T09:00:00+09:00,BMS-01,44.884512185807296,28.401893000564336
2026-01-01T09:05:00+09:00,BMS-01,21.555208661473515,29.678733458447706
2026-01-01T09:10:00+09:00,BMS-01,26.727624609264527,27.334850267926978
2026-01-01T09:15:00+09:00,BMS-01,26.66396495390202,26.9458755717578
2026-01-01T09:20:00+09:00,BMS-01,27.717443605033697,26.59923787699852
2026-01-01T09:25:00+09:00,BMS-01,48.67731778661205,29.490186907738053
2026-01-01T09:30:00+09:00,BMS-01,62.64475528242556,29.87461369176451
2026-01-01T09:35:00+09:00,BMS-01,64.05732673469412,25.79571479800783
2026-01-01T09:40:00+09:00,BMS-01,53.34634369015615,25.02024188428574
2026-01-01T09:45:00+09:00,BMS-01,44.59622225352587,28.571914293918297
2026-01-01T09:50:00+09:00,BMS-01,70.23694922005141,27.245883122540942
2026-01-01T09:55:00+09:00,BMS-01,39.52503849455111,28.339448825080634
2026-01-01T10:00:00+09:00,BMS-01,70.55081765818925,27.469721090919705
2026-01-01T10:05:00+09:00,BMS-01,63.9993935436452,29.54044688025549
2026-01-01T10:10:00+09:00,BMS-01,21.06059159682553,29.154258716628334
2026-01-01T10:15:00+09:00,BMS-01,74.15533972674265,31.348027457123145
2026-01-01T10:20:00+09:00,BMS-01,74.8724158741927,24.424657676627856
2026-01-01T10:25:00+09:00,BMS-01,55.57528437045563,31.235409750151923
2026-01-01T10:30:00+09:00,BMS-01,77.13485255768346,28.12579386536027
2026-01-01T10:35:00+09:00,BMS-01,44.008475069626996,26.905953345811177
2026-01-01T10:40:00+09:00,BMS-01,34.5222410356169,29.06688899232696
2026-01-01T10:45:00+09:00,BMS-01,41.312630758441415,28.45850846626855
2026-01-01T10:50:00+09:00,BMS-01,49.54644963640232,29.173680944589826
2026-01-01T10:55:00+09:00,BMS-01,28.673132463066423,30.66073019417729
2026-01-01T11:00:00+09:00,BMS-01,68.29239451941643,31.633929172178036
2026-01-01T11:05:00+09:00,BMS-01,58.07006911086502,32.07132818916295
2026-01-01T11:10:00+09:00,BMS-01,77.15045004710012,28.745902905664362
2026-01-01T11:15:00+09:00,BMS-01,50.58869695102491,28.532268013505004
2026-01-01T11:20:00+09:00,BMS-01,76.23524613198133,27.288303872367788
2026-01-01T11:25:00+09:00,BMS-01,30.80808017709241,29.338679167109305
2026-01-01T11:30:00+09:00,BMS-01,26.460998709571122,27.54206501879867
2026-01-01T11:35:00+09:00,BMS-01,26.621122002569003,27.512656891405108
2026-01-01T11:40:00+09:00,BMS-01,87.67122971597139,29.19910302930705
2026-01-01T11:45:00+09:00,BMS-01,61.68747820212539,31.077703939788535
2026-01-01T11:50:00+09:00,BMS-01,29.886065839154323,30.86566143448484
2026-01-01T11:55:00+09:00,BMS-01,36.33042784262693,29.8902156053713
2026-01-01T12:00:00+09:00,BMS-01,63.67098806579832,31.72008514043226
2026-01-01T12:05:00+09:00,BMS-01,86.76964270041127,30.074403452377325
2026-01-01T12:10:00+09:00,BMS-01,69.68777528589314,28.014514483320163
2026-01-01T12:15:00+09:00,BMS-01,53.705230470273776,28.863544160153484
2026-01-01T12:20:00+09:00,BMS-01,69.27408892451106,30.45530113904838
2026-01-01T12:25:00+09:00,BMS-01,67.31739364142415,30.29403595761722
2026-01-01T12:30:00+09:00,BMS-01,59.706351621860485,28.6659659017063
2026-01-01T12:35:00+09:00,BMS-01,86.71188188894261,30.278674985295773
2026-01-01T12:40:00+09:00,BMS-01,60.27328747616624,26.201286548458356
2026-01-01T12:45:00+09:00,BMS-01,43.9075639682852,26.483568571240035
2026-01-01T12:50:00+09:00,BMS-01,40.262966693810746,28.100887322703116
2026-01-01T12:55:00+09:00,BMS-01,45.31375778556393,28.5985008945827
2026-01-01T13:00:00+09:00,BMS-01,59.50752752612179,29.936551582773163
2026-01-01T13:05:00+09:00,BMS-01,71.65718126900747,30.67727953088722
2026-01-01T13:10:00+09:00,BMS-01,56.55177308690814,30.202604266728613
2026-01-01T13:15:00+09:00,BMS-01,21.771004898902888,29.65280507414413
2026-01-01T13:20:00+09:00,BMS-01,48.08784150217997,26.017521461061193
2026-01-01T13:25:00+09:00,BMS-01,68.25110767688518,29.52780122124149
2026-01-01T13:30:00+09:00,BMS-01,56.30630217901622,30.544685138017194
2026-01-01T13:35:00+09:00,BMS-01,20.278008963300536,28.357694733825063
2026-01-01T13:40:00+09:00,BMS-01,49.89941773138937,26.032907830438536
2026-01-01T13:45:00+09:00,BMS-01,45.137084206665484,29.102768849888655
2026-01-01T13:50:00+09:00,BMS-01,63.751766979118976,30.3142373287563
2026-01-01T13:55:00+09:00,BMS-01,63.995273819612315,27.877224403709896
2026-01-01T14:00:00+09:00,BMS-01,53.51721821343187,24.166432875977392
2026-01-01T14:05:00+09:00,BMS-01,44.42698244983826,24.6033129038621
2026-01-01T14:10:00+09:00,BMS-01,65.20757543840735,26.50048853977726
2026-01-01T14:15:00+09:00,BMS-01,51.87386825766019,28.8822902404728
2026-01-01T14:20:00+09:00,BMS-01,61.0578918794103,27.191205649579757
2026-01-01T14:25:00+09:00,BMS-01,20.748902516159472,31.727773813491513
2026-01-01T14:30:00+09:00,BMS-01,59.58138204767547,29.289499808505486
2026-01-01T14:35:00+09:00,BMS-01,66.53101975310673,30.263790866700493
2026-01-01T14:40:00+09:00,BMS-01,75.35110938891613,27.454361342215986
2026-01-01T14:45:00+09:00,BMS-01,51.671808084495915,31.072679068546194
2026-01-01T14:50:00+09:00,BMS-01,46.90194938244134,27.586946821345826
2026-01-01T14:55:00+09:00,BMS-01,41.38630022652173,28.35198441143731
2026-01-01T15:00:00+09:00,BMS-01,58.41851758447681,30.054868229578005
2026-01-01T15:05:00+09:00,BMS-01,40.45313498531552,26.85074143571328
2026-01-01T15:10:00+09:00,BMS-01,50.4093041173932,29.068149110505576
2026-01-01T15:15:00+09:00,BMS-01,57.563869546983035,28.461784358580452
2026-01-01T15:20:00+09:00,BMS-01,88.04790792017943,29.802576564301155
2026-01-01T15:25:00+09:00,BMS-01,54.22032726611927,27.422161636277266
2026-01-01T15:30:00+09:00,BMS-01,71.93657986790038,25.513308287774834
2026-01-01T15:35:00+09:00,BMS-01,44.482063099984934,27.744497363174897
2026-01-01T15:40:00+09:00,BMS-01,42.80534482818088,31.753465349552055
2026-01-01T15:45:00+09:00,BMS-01,85.92504026244735,29.689688212620702
2026-01-01T15:50:00+09:00,BMS-01,81.98509783218616,27.99905142242563
2026-01-01T15:55:00+09:00,BMS-01,51.64073221917792,26.837106912647265
2026-01-01T16:00:00+09:00,BMS-01,32.68885093398435,30.329945751955737
2026-01-01T16:05:00+09:00,BMS-01,33.51420583348372,25.305451919279825
2026-01-01T16:10:00+09:00,BMS-01,76.10602230989548,31.384252973219752
2026-01-01T16:15:00+09:00,BMS-01,46.14061756097141,28.6018986974022
2026-01-01T16:20:00+09:00,BMS-01,31.97526728114746,28.929598195237666
2026-01-01T16:25:00+09:00,BMS-01,68.10751634872575,27.502745754477576
2026-01-01T16:30:00+09:00,BMS-01,80.43235520466845,32.82092443075232
2026-01-01T16:35:00+09:00,BMS-01,29.157620698865436,27.022458707154854
2026-01-01T16:40:00+09:00,BMS-01,74.68237870141384,26.5500294759627
2026-01-01T16:45:00+09:00,BMS-01,34.69954027195287,25.607819085154723
2026-01-01T16:50:00+09:00,BMS-01,79.21172620987986,30.650624386478313
2026-01-01T16:55:00+09:00,BMS-01,69.2367222733771,32.80987713880233
2026-01-01T17:00:00+09:00,BMS-01,23.580303110725524,25.340014634925083
2026-01-01T17:05:00+09:00,BMS-01,76.62703840211286,28.840502666237946
2026-01-01T17:10:00+09:00,BMS-01,45.0945637080127,30.90479031823945
2026-01-01T17:15:00+09:00,BMS-01,39.10784244694593,27.28058134926537
2026-01-01T17:20:00+09:00,BMS-01,77.85154846943898,30.045383291034966
2026-01-01T17:25:00+09:00,BMS-01,33.92971107207739,32.603125531420304
2026-01-01T17:30:00+09:00,BMS-01,64.65064690476486,29.634055267890044
2026-01-01T17:35:00+09:00,BMS-01,81.00494753898678,32.00179555253784
2026-01-01T17:40:00+09:00,BMS-01,76.33133721733985,25.861141529568158
2026-01-01T17:45:00+09:00,BMS-01,63.50219155598474,27.363803745150232
2026-01-01T17:50:00+09:00,BMS-01,33.871920555671366,26.728402104515045
2026-01-01T17:55:00+09:00,BMS-01,20.649214144516638,30.806999437926162
2026-01-01T18:00:00+09:00,BMS-01,21.51182028944616,31.038219907321327
2026-01-01T18:05:00+09:00,BMS-01,72.70018014315548,31.177223066188567
2026-01-01T18:10:00+09:00,BMS-01,71.41738345918648,29.348967719188675
2026-01-01T18:15:00+09:00,BMS-01,45.303700204456206,29.447832772804993
2026-01-01T18:20:00+09:00,BMS-01,62.99457044899835,27.116793635920757
2026-01-01T18:25:00+09:00,BMS-01,33.503335693487124,28.31196223168834
2026-01-01T18:30:00+09:00,BMS-01,33.038499219844724,29.09801814802551
2026-01-01T18:35:00+09:00,BMS-01,40.859565458338814,29.62951176704434
2026-01-01T18:40:00+09:00,BMS-01,56.80358390033722,28.96556264459555
2026-01-01T18:45:00+09:00,BMS-01,82.96849936504518,31.308706369791118
2026-01-01T18:50:00+09:00,BMS-01,43.1724103111668,27.270208744691093
2026-01-01T18:55:00+09:00,BMS-01,22.64839993037378,30.9676457652174
2026-01-01T19:00:00+09:00,BMS-01,87.2452201494429,32.108167815887036
2026-01-01T19:05:00+09:00,BMS-01,41.70367556278349,32.39679003975215
2026-01-01T19:10:00+09:00,BMS-01,65.0424534505583,28.431636175003295
2026-01-01T19:15:00+09:00,BMS-01,86.21284834477757,26.230356871582686
2026-01-01T19:20:00+09:00,BMS-01,39.69746593863325,29.406327499407467
2026-01-01T19:25:00+09:00,BMS-01,41.315376820259964,31.861915367955653
2026-01-01T19:30:00+09:00,BMS-01,49.09179931299077,25.885912071229924
2026-01-01T19:35:00+09:00,BMS-01,88.19957786016943,31.198643204960888
2026-01-01T19:40:00+09:00,BMS-01,51.08264404590387,33.14542794486363
2026-01-01T19:45:00+09:00,BMS-01,65.96428612806783,29.429788491111818
2026-01-01T19:50:00+09:00,BMS-01,68.02794274842319,28.98284833784361
2026-01-01T19:55:00+09:00,BMS-01,67.30979197837706,28.394883445182074
2026-01-01T20:00:00+09:00,BMS-01,70.82913780438982,31.30907279035664
2026-01-01T20:05:00+09:00,BMS-01,60.94059509209782,30.58088844722218
2026-01-01T20:10:00+09:00,BMS-01,31.806674198830958,26.96203558515485
2026-01-01T20:15:00+09:00,BMS-01,41.827114865591184,31.104624879752155
2026-01-01T20:20:00+09:00,BMS-01,62.1228838538413,34.61961389650989
2026-01-01T20:25:00+09:00,BMS-01,70.87666078876862,30.48940776789619
2026-01-01T20:30:00+09:00,BMS-01,26.844656707116556,29.127290365749644
2026-01-01T20:35:00+09:00,BMS-01,54.836492521366786,33.645112373419536
2026-01-01T20:40:00+09:00,BMS-01,82.54629738020473,28.84080688457926
2026-01-01T20:45:00+09:00,BMS-01,29.782359628461407,28.892601151188774
2026-01-01T20:50:00+09:00,BMS-01,38.91371847735209,29.989275945600298
2026-01-01T20:55:00+09:00,BMS-01,53.09540520683095,28.898021267636015
2026-01-01T21:00:00+09:00,BMS-01,75.41790364588391,29.951074265199665
2026-01-01T21:05:00+09:00,BMS-01,36.74353527938976,28.6837478444406
2026-01-01T21:10:00+09:00,BMS-01,64.7379879991565,30.556516717264273
2026-01-01T21:15:00+09:00,BMS-01,25.595390599454483,28.00166825359413
2026-01-01T21:20:00+09:00,BMS-01,37.67531813615764,27.671803785385187
2026-01-01T21:25:00+09:00,BMS-01,34.85970732965714,29.75096673187012
2026-01-01T21:30:00+09:00,BMS-01,50.525122456732994,32.391625803850026
2026-01-01T21:35:00+09:00,BMS-01,44.49963490846796,30.207039303315202
2026-01-01T21:40:00+09:00,BMS-01,80.92366774760139,25.90832403386254
2026-01-01T21:45:00+09:00,BMS-01,39.17192763364894,33.838929547328384
2026-01-01T21:50:00+09:00,BMS-01,84.87869342931705,30.91882504312892
2026-01-01T21:55:00+09:00,BMS-01,22.666255437341835,27.980688372992184
2026-01-01T22:00:00+09:00,BMS-01,70.28748907024992,30.179131003753476
2026-01-01T22:05:00+09:00,BMS-01,25.11502638512918,28.208667603535336
2026-01-01T22:10:00+09:00,BMS-01,33.73055148200048,27.98384644887246
2026-01-01T22:15:00+09:00,BMS-01,57.282003270651906,26.302123963086892
2026-01-01T22:20:00+09:00,BMS-01,60.374401042456356,24.75730934101186
2026-01-01T22:25:00+09:00,BMS-01,44.64113924445417,28.78622132377975
2026-01-01T22:30:00+09:00,BMS-01,43.581272812255996,28.017074408299514
2026-01-01T22:35:00+09:00,BMS-01,49.195391795907014,27.569723656382855
2026-01-01T22:40:00+09:00,BMS-01,79.69142019431462,28.922363818274665
2026-01-01T22:45:00+09:00,BMS-01,71.89959301638599,30.058280613026305
2026-01-01T22:50:00+09:00,BMS-01,31.094950582170455,28.592734690447795
2026-01-01T22:55:00+09:00,BMS-01,26.51302099868981,24.893565481546972
2026-01-01T23:00:00+09:00,BMS-01,65.96892483921067,28.964136069358887
2026-01-01T23:05:00+09:00,BMS-01,57.701795672848235,28.7069690634632
2026-01-01T23:10:00+09:00,BMS-01,55.386715801901495,32.36621326537415
2026-01-01T23:15:00+09:00,BMS-01,56.98168574648038,27.458668269816688
2026-01-01T23:20:00+09:00,BMS-01,48.77666542996438,33.427596026431374
2026-01-01T23:25:00+09:00,BMS-01,43.32767325518282,32.15742113533871
2026-01-01T23:30:00+09:00,BMS-01,53.45439672090534,28.388809795863356
2026-01-01T23:35:00+09:00,BMS-01,31.116711148599254,28.678310373909863
2026-01-01T23:40:00+09:00,BMS-01,42.51523661436219,29.15521175584973
2026-01-01T23:45:00+09:00,BMS-01,71.41858980243165,28.17094320739952
2026-01-01T23:50:00+09:00,BMS-01,72.4035581451742,31.635442084471492
2026-01-01T23:55:00+09:00,BMS-01,79.92941810931386,27.93402032908517
2026-01-02T00:00:00+09:00,BMS-01,77.17998693128644,31.456936218559658
2026-01-02T00:05:00+09:00,BMS-01,45.85971051052381,29.45030588274267
2026-01-02T00:10:00+09:00,BMS-01,29.416265158902213,27.541944552484882
2026-01-02T00:15:00+09:00,BMS-01,65.85887575106241,27.843462806869162
2026-01-02T00:20:00+09:00,BMS-01,69.16387764821486,30.339801353487967
2026-01-02T00:25:00+09:00,BMS-01,63.10676226107546,30.699466581321033
2026-01-02T00:30:00+09:00,BMS-01,72.84044693368169,28.627228411011917
2026-01-02T00:35:00+09:00,BMS-01,55.688548491037245,30.037740020027794
2026-01-02T00:40:00+09:00,BMS-01,65.05773249851073,25.212909987444583
2026-01-02T00:45:00+09:00,BMS-01,76.29079598555256,27.98888308483048
2026-01-02T00:50:00+09:00,BMS-01,23.36027041028654,28.299946177613087
2026-01-02T00:55:00+09:00,BMS-01,56.4753932244999,26.810812849493207
2026-01-02T01:00:00+09:00,BMS-01,55.22579284900099,28.989392881491487
2026-01-02T01:05:00+09:00,BMS-01,72.56565843452718,27.649301928783007
2026-01-02T01:10:00+09:00,BMS-01,48.551962841938085,27.641748576519003
2026-01-02T01:15:00+09:00,BMS-01,54.175052102508516,27.454517723050223
2026-01-02T01:20:00+09:00,BMS-01,36.220441582479424,30.194945255826887
2026-01-02T01:25:00+09:00,BMS-01,35.569871742991594,30.382626754480537
2026-01-02T01:30:00+09:00,BMS-01,66.58685140743752,29.123122648710922
2026-01-02T01:35:00+09:00,BMS-01,74.74006980389848,29.54565498057378
2026-01-02T01:40:00+09:00,BMS-01,63.311371461956995,30.882344921408436
2026-01-02T01:45:00+09:00,BMS-01,41.358371505244925,28.277544855298324
2026-01-02T01:50:00+09:00,BMS-01,60.7248410816051,32.12358307012344
2026-01-02T01:55:00+09:00,BMS-01,39.25581899573898,30.274167300945333
2026-01-02T02:00:00+09:00,BMS-01,83.68748963431786,25.299155130434894
2026-01-02T02:05:00+09:00,BMS-01,70.32677165560922,27.743613846066992
2026-01-02T02:10:00+09:00,BMS-01,82.06955720839434,25.19558832534959
2026-01-02T02:15:00+09:00,BMS-01,46.94846089671094,25.830574909868215
2026-01-02T02:20:00+09:00,BMS-01,28.05203204772569,28.604529020086517
2026-01-02T02:25:00+09:00,BMS-01,34.34053215969107,29.379160898533502
2026-01-02T02:30:00+09:00,BMS-01,47.354022930492796,28.956007640523072
2026-01-02T02:35:00+09:00,BMS-01,21.352489305676833,30.785650547250544
2026-01-02T02:40:00+09:00,BMS-01,35.22008419202321,26.879701549930147
2026-01-02T02:45:00+09:00,BMS-01,26.071801947321756,30.405357243170943
2026-01-02T02:50:00+09:00,BMS-01,73.74847931798881,28.840562441830794
2026-01-02T02:55:00+09:00,BMS-01,47.15533014588467,31.530274309793498
2026-01-02T03:00:00+09:00,BMS-01,28.528187904211272,26.684322774638833
2026-01-02T03:05:00+09:00,BMS-01,79.0120200606304,30.200585749440812
2026-01-02T03:10:00+09:00,BMS-01,41.49206014603818,29.05128758432021
2026-01-02T03:15:00+09:00,BMS-01,35.699641520475545,28.35652853119403
2026-01-02T03:20:00+09:00,BMS-01,83.99359433823487,29.0971974554416
2026-01-02T03:25:00+09:00,BMS-01,72.45138313030823,31.676733598839068
2026-01-02T03:30:00+09:00,BMS-01,21.71285998523429,29.370488262693232
2026-01-02T03:35:00+09:00,BMS-01,74.02960476899818,26.851123917336206
2026-01-02T03:40:00+09:00,BMS-01,79.32063043839811,27.01284714309193
2026-01-02T03:45:00+09:00,BMS-01,28.206478178485444,31.10084397544788
2026-01-02T03:50:00+09:00,BMS-01,49.789580560068664,31.535956021909165
2026-01-02T03:55:00+09:00,BMS-01,62.7329076277918,31.501109659649877
2026-01-02T04:00:00+09:00,BMS-01,44.92877756147994,30.0770581799373
2026-01-02T04:05:00+09:00,BMS-01,20.384204349674878,30.86581961046796
2026-01-02T04:10:00+09:00,BMS-01,78.37851151855091,29.674949277173507
2026-01-02T04:15:00+09:00,BMS-01,73.75960427718618,29.611117265476288
2026-01-02T04:20:00+09:00,BMS-01,45.21844460596889,30.399917028084243
2026-01-02T04:25:00+09:00,BMS-01,72.00883511064343,28.33693414726159
2026-01-02T04:30:00+09:00,BMS-01,30.54845131121581,34.97064453846966
2026-01-02T04:35:00+09:00,BMS-01,87.36562749569919,29.15967385055675
2026-01-02T04:40:00+09:00,BMS-01,41.222957723320626,30.872811811397597
2026-01-02T04:45:00+09:00,BMS-01,47.3816060301286,27.264565572169253
2026-01-02T04:50:00+09:00,BMS-01,34.7824617964289,28.85426072837445
2026-01-02T04:55:00+09:00,BMS-01,63.872401005928,25.647653204993464
2026-01-02T05:00:00+09:00,BMS-01,24.65539051355521,26.72507699583788
2026-01-02T05:05:00+09:00,BMS-01,60.74960733702553,32.95034110573362
2026-01-02T05:10:00+09:00,BMS-01,66.97860046204558,26.960792193777618
2026-01-02T05:15:00+09:00,BMS-01,22.520592214389474,32.549744680006036
2026-01-02T05:20:00+09:00,BMS-01,75.52999828874245,31.554335130678936
2026-01-02T05:25:00+09:00,BMS-01,69.34630816112204,31.811960947700488
2026-01-02T05:30:00+09:00,BMS-01,45.91689346083067,28.77724279858488
2026-01-02T05:35:00+09:00,BMS-01,76.02774717930494,28.43100108385086
2026-01-02T05:40:00+09:00,BMS-01,75.4002337318342,29.38264256879104
2026-01-02T05:45:00+09:00,BMS-01,59.09070426189724,27.383881952124487
2026-01-02T05:50:00+09:00,BMS-01,50.189895742038416,28.49144121083522
2026-01-02T05:55:00+09:00,BMS-01,41.3615997603507,29.14528705045178
2026-01-02T06:00:00+09:00,BMS-01,45.608364593648545,32.53547503503391
2026-01-02T06:05:00+09:00,BMS-01,73.30398219354471,33.41711202319627
2026-01-02T06:10:00+09:00,BMS-01,25.070000064955405,29.15613323906367
2026-01-02T06:15:00+09:00,BMS-01,73.97381054243931,27.14058045463382
2026-01-02T06:20:00+09:00,BMS-01,79.22644649560998,26.573772926822535
2026-01-02T06:25:00+09:00,BMS-01,39.895744355685814,27.982158564177226
2026-01-02T06:30:00+09:00,BMS-01,83.78646729281249,31.145472014750684
2026-01-02T06:35:00+09:00,BMS-01,21.83213247765981,29.949766237170167
2026-01-02T06:40:00+09:00,BMS-01,73.63375918931528,29.012459480090783
2026-01-02T06:45:00+09:00,BMS-01,33.97390708016919,29.89422980685281
2026-01-02T06:50:00+09:00,BMS-01,65.24889246759952,28.075250127600277
2026-01-02T06:55:00+09:00,BMS-01,79.82471812710907,27.886728086419012
2026-01-02T07:00:00+09:00,BMS-01,61.046594291924734,27.004813135850327
2026-01-02T07:05:00+09:00,BMS-01,58.803120968297286,29.853874574004898
2026-01-02T07:10:00+09:00,BMS-01,72.45366717430397,31.460290755849552
2026-01-02T07:15:00+09:00,BMS-01,66.52157120446033,28.861707458743837
2026-01-02T07:20:00+09:00,BMS-01,40.55185990225988,30.144831167896758
2026-01-02T07:25:00+09:00,BMS-01,40.654302814003714,31.978627716160744
2026-01-02T07:30:00+09:00,BMS-01,27.550739037890658,29.316090761504615
2026-01-02T07:35:00+09:00,BMS-01,60.96524413603689,29.09934039554327
2026-01-02T07:40:00+09:00,BMS-01,73.2510804791494,28.10364857274532
2026-01-02T07:45:00+09:00,BMS-01,25.741825253937325,27.76818673102022
2026-01-02T07:50:00+09:00,BMS-01,65.716839181746,28.591398581168338
2026-01-02T07:55:00+09:00,BMS-01,23.777621512596706,29.636687230639115
2026-01-02T08:00:00+09:00,BMS-01,59.58566719001764,26.7000597849099
2026-01-02T08:05:00+09:00,BMS-01,44.453585946031296,30.914702109076863
2026-01-02T08:10:00+09:00,BMS-01,31.010672571876245,31.734078417598163
2026-01-02T08:15:00+09:00,BMS-01,30.074431199340182,27.648890462195617
2026-01-02T08:20:00+09:00,BMS-01,52.79532126020054,28.170854102113804
2026-01-02T08:25:00+09:00,BMS-01,28.652381514345617,28.286487643796924
2026-01-02T08:30:00+09:00,BMS-01,85.54107061329775,27.695526489557068
2026-01-02T08:35:00+09:00,BMS-01,53.700449651520145,29.26553782147239
2026-01-02T08:40:00+09:00,BMS-01,68.35021574829997,27.171563179612722
2026-01-02T08:45:00+09:00,BMS-01,70.690487368039,30.991571286891713
2026-01-02T08:50:00+09:00,BMS-01,78.94263613578894,28.057290653965524
2026-01-02T08:55:00+09:00,BMS-01,84.21923697924571,29.97724404654772
2026-01-02T09:00:00+09:00,BMS-01,85.49402275331818,26.579194611691136
2026-01-02T09:05:00+09:00,BMS-01,58.97731057692214,31.2196890925999
2026-01-02T09:10:00+09:00,BMS-01,53.34037004374183,31.677470044284178
2026-01-02T09:15:00+09:00,BMS-01,56.39284591823103,27.967143656830977
2026-01-02T09:20:00+09:00,BMS-01,20.909072545811334,30.367807432077978
2026-01-02T09:25:00+09:00,BMS-01,67.29785350389793,29.99202621030625
2026-01-02T09:30:00+09:00,BMS-01,86.38602543267658,28.775604413547644
2026-01-02T09:35:00+09:00,BMS-01,81.55587817251977,30.159800072153107
2026-01-02T09:40:00+09:00,BMS-01,78.45339244902328,30.67829136910753
2026-01-02T09:45:00+09:00,BMS-01,40.5004084749911,30.913301878588697
2026-01-02T09:50:00+09:00,BMS-01,67.22664184123636,29.88189387298978
2026-01-02T09:55:00+09:00,BMS-01,37.37224594949233,28.72020306585759
2026-01-02T10:00:00+09:00,BMS-01,78.78620561677435,29.1255099253869
2026-01-02T10:05:00+09:00,BMS-01,25.546719464864847,27.51616533932856
2026-01-02T10:10:00+09:00,BMS-01,29.16156332967165,29.081187248960962
2026-01-02T10:15:00+09:00,BMS-01,64.38262732434384,29.70340798630695
2026-01-02T10:20:00+09:00,BMS-01,38.71078541573083,30.722849818597332
2026-01-02T10:25:00+09:00,BMS-01,56.02037469644057,31.356532867840375
2026-01-02T10:30:00+09:00,BMS-01,32.03663204400456,29.738652621184766
2026-01-02T10:35:00+09:00,BMS-01,45.960199780277605,29.54490691805606
2026-01-02T10:40:00+09:00,BMS-01,55.27582307583276,26.49350130289116
2026-01-02T10:45:00+09:00,BMS-01,75.42138091203643,31.24734341306411
2026-01-02T10:50:00+09:00,BMS-01,69.10174043913578,31.634307956586362
2026-01-02T10:55:00+09:00,BMS-01,32.34651885765307,31.080369863012304
2026-01-02T11:00:00+09:00,BMS-01,37.4934225118654,28.289161799585614
2026-01-02T11:05:00+09:00,BMS-01,22.241885513712564,31.253408705774618
2026-01-02T11:10:00+09:00,BMS-01,75.07564063604745,26.33446766450725
2026-01-02T11:15:00+09:00,BMS-01,33.41544220144476,24.6977014763248
2026-01-02T11:20:00+09:00,BMS-01,69.50733846026688,30.534052461584512
2026-01-02T11:25:00+09:00,BMS-01,73.47821547348109,28.16034999993291
2026-01-02T11:30:00+09:00,BMS-01,62.56791135570237,29.38730371597863
2026-01-02T11:35:00+09:00,BMS-01,21.561925696309142,25.44841589456517
2026-01-02T11:40:00+09:00,BMS-01,57.37534410824604,30.285876893793162
2026-01-02T11:45:00+09:00,BMS-01,38.696488586990505,29.956956174827372
2026-01-02T11:50:00+09:00,BMS-01,24.775848117627934,29.0595334491633
2026-01-02T11:55:00+09:00,BMS-01,49.21250559382159,30.467713222578723
2026-01-02T12:00:00+09:00,BMS-01,47.305852903299765,29.30584178934524
2026-01-02T12:05:00+09:00,BMS-01,60.72915653650014,27.904769468835923
2026-01-02T12:10:00+09:00,BMS-01,23.14999284001157,25.583706747857498
2026-01-02T12:15:00+09:00,BMS-01,25.37119561860017,27.26100260910704
2026-01-02T12:20:00+09:00,BMS-01,68.10098221888475,29.99318015899418
2026-01-02T12:25:00+09:00,BMS-01,34.35949294504112,25.5871976609084
2026-01-02T12:30:00+09:00,BMS-01,28.57258294657626,30.78001648992432
2026-01-02T12:35:00+09:00,BMS-01,47.09337831940797,31.059944913906353
2026-01-02T12:40:00+09:00,BMS-01,23.60389444558518,30.338470702508513
2026-01-02T12:45:00+09:00,BMS-01,37.662389332191225,30.521605143710936
2026-01-02T12:50:00+09:00,BMS-01,44.981687308798314,28.92425776824474
2026-01-02T12:55:00+09:00,BMS-01,44.92210700773569,26.603795746826304
2026-01-02T13:00:00+09:00,BMS-01,23.857588310783942,30.04693683215606
2026-01-02T13:05:00+09:00,BMS-01,45.30495525341174,28.936541081871756
2026-01-02T13:10:00+09:00,BMS-01,30.249004086814686,24.999858949445855
2026-01-02T13:15:00+09:00,BMS-01,38.20700140967791,30.004914446475027
2026-01-02T13:20:00+09:00,BMS-01,20.474334932307535,26.87135054045936
2026-01-02T13:25:00+09:00,BMS-01,56.70249700137864,27.229025269140543
2026-01-02T13:30:00+09:00,BMS-01,41.894699334169516,27.611717412374727
2026-01-02T13:35:00+09:00,BMS-01,68.04592772359582,32.41217826890941
2026-01-02T13:40:00+09:00,BMS-01,21.209230146699415,27.60801366607792
2026-01-02T13:45:00+09:00,BMS-01,87.84257668350641,33.54033669702948
2026-01-02T13:50:00+09:00,BMS-01,71.42404466789594,30.246239952837957
2026-01-02T13:55:00+09:00,BMS-01,38.397682655528186,26.40881131506441
2026-01-02T14:00:00+09:00,BMS-01,60.49280246954293,31.638645450512904
2026-01-02T14:05:00+09:00,BMS-01,46.18453509717656,28.560276599628335
2026-01-02T14:10:00+09:00,BMS-01,24.754043573741146,24.35608212483
2026-01-02T14:15:00+09:00,BMS-01,63.434290970160575,26.356539354410167
2026-01-02T14:20:00+09:00,BMS-01,34.56011381104599,27.585353678625392
2026-01-02T14:25:00+09:00,BMS-01,71.05027648735111,27.155432092403743
2026-01-02T14:30:00+09:00,BMS-01,75.10389200401478,29.172954067218555
2026-01-02T14:35:00+09:00,BMS-01,88.06410957207217,25.780309604032055
2026-01-02T14:40:00+09:00,BMS-01,37.369144628245415,28.714742543876106
2026-01-02T14:45:00+09:00,BMS-01,24.820524776990602,27.088120204101184
2026-01-02T14:50:00+09:00,BMS-01,25.56521457736664,29.673196986290986
2026-01-02T14:55:00+09:00,BMS-01,30.755348093968532,28.081576697891755
2026-01-02T15:00:00+09:00,BMS-01,24.0652444684959,31.411834387426946
2026-01-02T15:05:00+09:00,BMS-01,84.93759232808097,27.167140524898628
2026-01-02T15:10:00+09:00,BMS-01,56.17028701128706,31.200762563238793
2026-01-02T15:15:00+09:00,BMS-01,89.33894456927703,27.099754116364302
2026-01-02T15:20:00+09:00,BMS-01,52.017160646569764,32.690945980932845
2026-01-02T15:25:00+09:00,BMS-01,58.28739965933844,27.839400814891604
2026-01-02T15:30:00+09:00,BMS-01,33.217462730307,27.034071315760784
2026-01-02T15:35:00+09:00,BMS-01,42.67085959850758,25.81351605988641
2026-01-02T15:40:00+09:00,BMS-01,42.053361601958,31.9843928065129
2026-01-02T15:45:00+09:00,BMS-01,27.779259325717426,31.08135414149319
2026-01-02T15:50:00+09:00,BMS-01,68.47653713940318,32.11476654593009
2026-01-02T15:55:00+09:00,BMS-01,21.78601472462188,33.17822563325324
2026-01-02T16:00:00+09:00,BMS-01,47.1130678223722,29.601698985067998
2026-01-02T16:05:00+09:00,BMS-01,81.88102119193697,26.306103987280316
2026-01-02T16:10:00+09:00,BMS-01,38.65835775334759,29.984887038784155
2026-01-02T16:15:00+09:00,BMS-01,34.36321472595696,28.72135092074781
2026-01-02T16:20:00+09:00,BMS-01,20.670499892313906,28.406017766199835
2026-01-02T16:25:00+09:00,BMS-01,38.53559293035691,29.86892156185954
2026-01-02T16:30:00+09:00,BMS-01,77.79993616415969,31.842837673782576
2026-01-02T16:35:00+09:00,BMS-01,23.724042849212637,27.308866241757148
2026-01-02T16:40:00+09:00,BMS-01,70.23371907246519,27.887360180004297
2026-01-02T16:45:00+09:00,BMS-01,84.00250236903294,28.94708893048301
2026-01-02T16:50:00+09:00,BMS-01,37.56597872311112,31.22143314869075
2026-01-02T16:55:00+09:00,BMS-01,45.544960236189425,29.028362931088576
2026-01-02T17:00:00+09:00,BMS-01,36.06330428593752,30.446179397949827
2026-01-02T17:05:00+09:00,BMS-01,83.84597602178984,30.120676288321203
2026-01-02T17:10:00+09:00,BMS-01,46.01477139064605,30.87979248801762
2026-01-02T17:15:00+09:00,BMS-01,29.818764580540392,27.65831808323379
2026-01-02T17:20:00+09:00,BMS-01,80.3649075542081,30.63860757883479
2026-01-02T17:25:00+09:00,BMS-01,51.40102349377842,29.80190543538613
2026-01-02T17:30:00+09:00,BMS-01,62.184488336868064,28.512946589560492
2026-01-02T17:35:00+09:00,BMS-01,23.428647525221564,28.62537769272412
2026-01-02T17:40:00+09:00,BMS-01,21.08922981214835,26.810872905757574
2026-01-02T17:45:00+09:00,BMS-01,80.15281847712762,26.708879200967917
2026-01-02T17:50:00+09:00,BMS-01,25.379849236882485,25.851449452370876
2026-01-02T17:55:00+09:00,BMS-01,50.714170965556505,28.565526525468755
2026-01-02T18:00:00+09:00,BMS-01,80.74175097678521,31.592438365180257
2026-01-02T18:05:00+09:00,BMS-01,83.0109023207949,27.68494933191534
2026-01-02T18:10:00+09:00,BMS-01,78.35767802506687,26.563319393373874
2026-01-02T18:15:00+09:00,BMS-01,36.19377617997037,28.864338324019673
2026-01-02T18:20:00+09:00,BMS-01,65.15568118937051,31.38946953153711
2026-01-02T18:25:00+09:00,BMS-01,30.79156923541551,28.290703020924095
2026-01-02T18:30:00+09:00,BMS-01,26.039027960426548,28.595124804627794
2026-01-02T18:35:00+09:00,BMS-01,67.85853633366877,29.49598532997242
2026-01-02T18:40:00+09:00,BMS-01,41.68350824288344,27.931464591580095
2026-01-02T18:45:00+09:00,BMS-01,52.18878712592506,28.48002552427221
2026-01-02T18:50:00+09:00,BMS-01,30.156717856943327,26.622344012371677
2026-01-02T18:55:00+09:00,BMS-01,59.106000193842505,29.975224376960128
2026-01-02T19:00:00+09:00,BMS-01,68.14671805087877,33.0260670961782
2026-01-02T19:05:00+09:00,BMS-01,27.885046838030423,26.990931261322608
2026-01-02T19:10:00+09:00,BMS-01,76.00717455723372,27.94164450106838
2026-01-02T19:15:00+09:00,BMS-01,87.57821337779798,31.173134399821524
2026-01-02T19:20:00+09:00,BMS-01,66.95825521889694,26.503790427726194
2026-01-02T19:25:00+09:00,BMS-01,65.44567651577721,28.798946632176033
2026-01-02T19:30:00+09:00,BMS-01,35.1210305313283,28.712147928951254
2026-01-02T19:35:00+09:00,BMS-01,57.559643774591166,27.741285355635693
2026-01-02T19:40:00+09:00,BMS-01,32.40489002116957,27.053233732784435
2026-01-02T19:45:00+09:00,BMS-01,60.878153200697824,31.239192905370068
2026-01-02T19:50:00+09:00,BMS-01,77.56795353401576,30.05464101744513
2026-01-02T19:55:00+09:00,BMS-01,25.57488872558515,29.108194098436723
2026-01-02T20:00:00+09:00,BMS-01,43.842201056551865,32.43993755293336
2026-01-02T20:05:00+09:00,BMS-01,27.053026650674592,29.82732080476022
2026-01-02T20:10:00+09:00,BMS-01,76.95396426464204,29.660828155576343
2026-01-02T20:15:00+09:00,BMS-01,42.88224281130536,24.139306869850344
2026-01-02T20:20:00+09:00,BMS-01,41.89686000541959,32.40749204722652
2026-01-02T20:25:00+09:00,BMS-01,61.670121252397664,30.063513790701517
2026-01-02T20:30:00+09:00,BMS-01,22.547945060938844,30.165671700410204
2026-01-02T20:35:00+09:00,BMS-01,89.26658382421236,27.845155193377867
2026-01-02T20:40:00+09:00,BMS-01,34.15186794085989,29.89886708281298
2026-01-02T20:45:00+09:00,BMS-01,49.17876390543185,27.486110634000887
2026-01-02T20:50:00+09:00,BMS-01,80.00280207872264,27.4427167809021
2026-01-02T20:55:00+09:00,BMS-01,55.54211599797854,30.98862192644276
2026-01-02T21:00:00+09:00,BMS-01,76.19617340952348,23.650108322428892
2026-01-02T21:05:00+09:00,BMS-01,74.76958674380737,25.578253430416122
2026-01-02T21:10:00+09:00,BMS-01,61.19396646167553,31.192406710973188
2026-01-02T21:15:00+09:00,BMS-01,66.18636447860365,28.30524958418798
2026-01-02T21:20:00+09:00,BMS-01,23.180800945642066,29.677647606481397
2026-01-02T21:25:00+09:00,BMS-01,37.28058339858993,30.819075221954492
2026-01-02T21:30:00+09:00,BMS-01,30.821906485377166,28.100025345364916
2026-01-02T21:35:00+09:00,BMS-01,81.17857470147801,31.90444356042846
2026-01-02T21:40:00+09:00,BMS-01,30.746689639127272,31.42810223247234
2026-01-02T21:45:00+09:00,BMS-01,34.49617168529956,28.91919603927511
2026-01-02T21:50:00+09:00,BMS-01,62.33939553812179,26.457309616473932
2026-01-02T21:55:00+09:00,BMS-01,33.39081192627164,28.72369976980559
2026-01-02T22:00:00+09:00,BMS-01,76.80119093112066,27.48862642283942
2026-01-02T22:05:00+09:00,BMS-01,66.84275951554511,30.966905150066403
2026-01-02T22:10:00+09:00,BMS-01,72.81645190591809,29.373338326181354
2026-01-02T22:15:00+09:00,BMS-01,38.02476939596774,32.129755599535116
2026-01-02T22:20:00+09:00,BMS-01,70.1536307917589,29.64386774901997
2026-01-02T22:25:00+09:00,BMS-01,39.28184517168865,23.620930924693628
2026-01-02T22:30:00+09:00,BMS-01,63.79000385603633,25.473361738805416
2026-01-02T22:35:00+09:00,BMS-01,34.67413771335691,30.173728002779676
2026-01-02T22:40:00+09:00,BMS-01,74.8895962611095,27.338695786599303
2026-01-02T22:45:00+09:00,BMS-01,72.19580112388442,28.475668301062072
2026-01-02T22:50:00+09:00,BMS-01,59.9023000186646,26.573445183983104
2026-01-02T22:55:00+09:00,BMS-01,58.61620967347401,25.49473835205321
2026-01-02T23:00:00+09:00,BMS-01,26.23977071688958,28.819345950305145
2026-01-02T23:05:00+09:00,BMS-01,54.76632250453129,31.955210777311418
2026-01-02T23:10:00+09:00,BMS-01,68.35996757533124,30.34855812120862
2026-01-02T23:15:00+09:00,BMS-01,43.30198226803086,30.238525546683288
2026-01-02T23:20:00+09:00,BMS-01,33.074942189068516,28.589971760436747
2026-01-02T23:25:00+09:00,BMS-01,37.29795920307683,27.24937116930375
2026-01-02T23:30:00+09:00,BMS-01,49.87962737759222,30.600166457890698
2026-01-02T23:35:00+09:00,BMS-01,24.096272906460058,29.5672768082133
2026-01-02T23:40:00+09:00,BMS-01,84.77004189840025,27.70606018157682
2026-01-02T23:45:00+09:00,BMS-01,46.90504732152428,30.93724824959168
2026-01-02T23:50:00+09:00,BMS-01,75.97482190011827,30.144502227679524
2026-01-02T23:55:00+09:00,BMS-01,57.467279558106405,28.57445319672347
2026-01-03T00:00:00+09:00,BMS-01,89.69159208695658,28.098915625297156
2026-01-03T00:05:00+09:00,BMS-01,40.81976774496491,27.289498050450206
2026-01-03T00:10:00+09:00,BMS-01,70.14143862709551,28.339742579291244
2026-01-03T00:15:00+09:00,BMS-01,74.50570325769367,29.88552693997355
2026-01-03T00:20:00+09:00,BMS-01,43.83865356074843,35.11686719194978
2026-01-03T00:25:00+09:00,BMS-01,87.03147435071772,34.5167622471549
2026-01-03T00:30:00+09:00,BMS-01,23.44222258410735,31.653645741366024
2026-01-03T00:35:00+09:00,BMS-01,88.21571626133344,26.422119078748544
2026-01-03T00:40:00+09:00,BMS-01,22.15189808112642,30.231004142424325
2026-01-03T00:45:00+09:00,BMS-01,30.57549400655737,28.82785718342089
2026-01-03T00:50:00+09:00,BMS-01,38.857014182329905,27.299513746407882
2026-01-03T00:55:00+09:00,BMS-01,77.13381778811004,26.558251106533064
2026-01-03T01:00:00+09:00,BMS-01,27.88634856394352,26.867143718949833
2026-01-03T01:05:00+09:00,BMS-01,75.0003664950406,29.54282304975702
2026-01-03T01:10:00+09:00,BMS-01,39.73244166164785,28.887759220161083
2026-01-03T01:15:00+09:00,BMS-01,73.81966582702134,29.286328945016866
2026-01-03T01:20:00+09:00,BMS-01,28.61950365158998,25.964076763732088
2026-01-03T01:25:00+09:00,BMS-01,85.18654641624832,28.964860024985175
2026-01-03T01:30:00+09:00,BMS-01,83.45720370847556,26.498570494771315
2026-01-03T01:35:00+09:00,BMS-01,54.69175996340858,28.585071553274314
2026-01-03T01:40:00+09:00,BMS-01,64.9378795889275,29.414224097008237
2026-01-03T01:45:00+09:00,BMS-01,72.16239458872056,31.68526137439086
2026-01-03T01:50:00+09:00,BMS-01,36.982643264369514,29.68224017541818
2026-01-03T01:55:00+09:00,BMS-01,76.15155182941918,29.47365040448365
2026-01-03T02:00:00+09:00,BMS-01,28.465151400858932,27.803005412967
2026-01-03T02:05:00+09:00,BMS-01,27.02727389386799,30.40085320405781
2026-01-03T02:10:00+09:00,BMS-01,81.98071543397154,28.443188953401044
2026-01-03T02:15:00+09:00,BMS-01,29.16824917870888,30.44174934135298
2026-01-03T02:20:00+09:00,BMS-01,48.14539000363005,30.374206955931434
2026-01-03T02:25:00+09:00,BMS-01,89.32408379551562,28.352283090607134
2026-01-03T02:30:00+09:00,BMS-01,60.4384333824992,23.021779357325176
2026-01-03T02:35:00+09:00,BMS-01,21.796768339839385,24.547628930529253
2026-01-03T02:40:00+09:00,BMS-01,63.21880007156251,27.22177553041571
2026-01-03T02:45:00+09:00,BMS-01,59.769411893230206,32.16347426713099
2026-01-03T02:50:00+09:00,BMS-01,24.037132629654213,30.385229821293184
2026-01-03T02:55:00+09:00,BMS-01,69.5123175330088,31.40671823518628
2026-01-03T03:00:00+09:00,BMS-01,81.32794428405374,24.925389784032454
2026-01-03T03:05:00+09:00,BMS-01,57.816906894484745,31.537963547844626
2026-01-03T03:10:00+09:00,BMS-01,26.572971237741317,31.6889103489778
2026-01-03T03:15:00+09:00,BMS-01,84.39574634185765,28.293928612113767
2026-01-03T03:20:00+09:00,BMS-01,60.2346731474262,31.834972079690083
2026-01-03T03:25:00+09:00,BMS-01,58.6349934137189,30.509927720972854
2026-01-03T03:30:00+09:00,BMS-01,70.32364169627536,28.081269030669237
2026-01-03T03:35:00+09:00,BMS-01,35.6146627333659,28.833153843814205
2026-01-03T03:40:00+09:00,BMS-01,84.12278871177158,32.363454546498474
2026-01-03T03:45:00+09:00,BMS-01,28.397818633271534,27.655255436936418
2026-01-03T03:50:00+09:00,BMS-01,27.107599982404782,29.34657500069146
2026-01-03T03:55:00+09:00,BMS-01,74.66309907362941,26.956286429763427
2026-01-03T04:00:00+09:00,BMS-01,72.60433758010025,30.810501206851843
2026-01-03T04:05:00+09:00,BMS-01,39.41822516583517,31.1539481290086
2026-01-03T04:10:00+09:00,BMS-01,71.7256804108028,28.02905900268595
2026-01-03T04:15:00+09:00,BMS-01,67.61569668010759,27.05727004705878
2026-01-03T04:20:00+09:00,BMS-01,55.30123853609455,28.510053852590566
2026-01-03T04:25:00+09:00,BMS-01,69.48191490078733,27.28108805867629
2026-01-03T04:30:00+09:00,BMS-01,24.74818176907381,29.91785724237163
2026-01-03T04:35:00+09:00,BMS-01,32.411445712153345,29.54373987919178
2026-01-03T04:40:00+09:00,BMS-01,80.04062028809601,31.570371873814352
2026-01-03T04:45:00+09:00,BMS-01,81.11109201994947,32.41731336619389
2026-01-03T04:50:00+09:00,BMS-01,22.72862816436975,26.309713491291287
2026-01-03T04:55:00+09:00,BMS-01,21.15028264362374,30.557934876617697
2026-01-03T05:00:00+09:00,BMS-01,62.1650736183244,26.387792561347467
2026-01-03T05:05:00+09:00,BMS-01,74.04657023475903,28.135316054199883
2026-01-03T05:10:00+09:00,BMS-01,55.41139128472368,31.99886171817777
2026-01-03T05:15:00+09:00,BMS-01,34.141697453614185,30.842154907199184
2026-01-03T05:20:00+09:00,BMS-01,82.52150015633543,31.884192386102367
2026-01-03T05:25:00+09:00,BMS-01,80.20312052160561,27.76178013981765
2026-01-03T05:30:00+09:00,BMS-01,30.92543705392816,31.005242791239247
2026-01-03T05:35:00+09:00,BMS-01,38.645073001631474,28.53956222588547
2026-01-03T05:40:00+09:00,BMS-01,52.512340233346514,30.39403070533747
2026-01-03T05:45:00+09:00,BMS-01,29.21473134204935,27.568885022835342
2026-01-03T05:50:00+09:00,BMS-01,79.04909700550849,27.851845929238728
2026-01-03T05:55:00+09:00,BMS-01,78.62825200282323,27.911191146643933
2026-01-03T06:00:00+09:00,BMS-01,36.399671632051906,28.79428037616872
2026-01-03T06:05:00+09:00,BMS-01,37.55388924977728,29.145414531533415
2026-01-03T06:10:00+09:00,BMS-01,33.78964960804538,28.872322254046754
2026-01-03T06:15:00+09:00,BMS-01,81.83716522867924,30.593507073922815
2026-01-03T06:20:00+09:00,BMS-01,88.00376257714377,27.709083837466956
2026-01-03T06:25:00+09:00,BMS-01,29.93648181597018,29.151635941787177
2026-01-03T06:30:00+09:00,BMS-01,58.37205291632606,27.397095194969307
2026-01-03T06:35:00+09:00,BMS-01,38.16768957559224,30.19623399964404
2026-01-03T06:40:00+09:00,BMS-01,21.670683997907616,27.900306057868043
2026-01-03T06:45:00+09:00,BMS-01,61.74363336273756,28.012608165927833
2026-01-03T06:50:00+09:00,BMS-01,74.52929638981954,29.625101441328244
2026-01-03T06:55:00+09:00,BMS-01,51.34195027311724,25.24191980432662
2026-01-03T07:00:00+09:00,BMS-01,62.0987568787983,31.951367540733678
2026-01-03T07:05:00+09:00,BMS-01,79.01766778102404,26.921540430992316
2026-01-03T07:10:00+09:00,BMS-01,27.601962385616744,29.913688515173963
2026-01-03T07:15:00+09:00,BMS-01,45.11208967635303,28.46185511502078
2026-01-03T07:20:00+09:00,BMS-01,39.549982771866624,30.18708621025841
2026-01-03T07:25:00+09:00,BMS-01,28.13220177914198,29.758800868007828
2026-01-03T07:30:00+09:00,BMS-01,51.08334530263403,31.917657892410663
2026-01-03T07:35:00+09:00,BMS-01,55.17831547994887,31.908131736804478
2026-01-03T07:40:00+09:00,BMS-01,48.74054859174548,27.489374583171973
2026-01-03T07:45:00+09:00,BMS-01,89.23343461159382,25.855418391039795
2026-01-03T07:50:00+09:00,BMS-01,79.71909808717243,30.28370309964536
2026-01-03T07:55:00+09:00,BMS-01,74.48781511548127,31.04462590286611
2026-01-03T08:00:00+09:00,BMS-01,32.61814885912568,31.39006752713479
2026-01-03T08:05:00+09:00,BMS-01,38.61531186988722,29.193444237728023
2026-01-03T08:10:00+09:00,BMS-01,51.19623596948428,30.11452700226831
2026-01-03T08:15:00+09:00,BMS-01,23.040196880145672,23.242849321431585
2026-01-03T08:20:00+09:00,BMS-01,33.0544505304101,30.145952891726917
2026-01-03T08:25:00+09:00,BMS-01,81.13307758145325,27.390002094186247
2026-01-03T08:30:00+09:00,BMS-01,22.956944525691235,30.117864025402234
2026-01-03T08:35:00+09:00,BMS-01,25.92596682314022,29.22465956419553
2026-01-03T08:40:00+09:00,BMS-01,38.6229811377241,25.648366058233336
2026-01-03T08:45:00+09:00,BMS-01,25.307701814795706,26.02300562358512
2026-01-03T08:50:00+09:00,BMS-01,28.1365137316982,31.32033011518152
2026-01-03T08:55:00+09:00,BMS-01,71.92657626984654,27.004061054290073
2026-01-03T09:00:00+09:00,BMS-01,26.38364369054097,28.767150551495135
2026-01-03T09:05:00+09:00,BMS-01,28.958624964323477,28.89564399635597
2026-01-03T09:10:00+09:00,BMS-01,31.968230732766727,30.39547044882153
2026-01-03T09:15:00+09:00,BMS-01,62.46237305250417,29.939181764642136
2026-01-03T09:20:00+09:00,BMS-01,60.15426541654072,29.035910022541678
2026-01-03T09:25:00+09:00,BMS-01,29.016712974634626,29.619934366883225
2026-01-03T09:30:00+09:00,BMS-01,60.9087855731205,29.969492595692586
2026-01-03T09:35:00+09:00,BMS-01,80.48863456655775,29.284617158151434
2026-01-03T09:40:00+09:00,BMS-01,21.089981655968888,28.89263787433862
2026-01-03T09:45:00+09:00,BMS-01,26.069432187642484,28.584716548767418
2026-01-03T09:50:00+09:00,BMS-01,40.04351614191328,27.390086259292296
2026-01-03T09:55:00+09:00,BMS-01,23.086200498738666,25.483426644502682
2026-01-03T10:00:00+09:00,BMS-01,22.36232411172921,23.977564982303083
2026-01-03T10:05:00+09:00,BMS-01,76.54115795315924,30.641584432654618
2026-01-03T10:10:00+09:00,BMS-01,63.26367564675689,28.437853592344936
2026-01-03T10:15:00+09:00,BMS-01,73.6011844816775,27.3140687206793
2026-01-03T10:20:00+09:00,BMS-01,34.85206452302846,28.0130310930877
2026-01-03T10:25:00+09:00,BMS-01,29.35286952794993,26.12246818530177
2026-01-03T10:30:00+09:00,BMS-01,76.3479666902471,28.49865292115095
2026-01-03T10:35:00+09:00,BMS-01,49.75047573979839,28.032201783905958
2026-01-03T10:40:00+09:00,BMS-01,86.58846984592381,27.933411422878137
2026-01-03T10:45:00+09:00,BMS-01,35.040357284630595,29.009784104444314
2026-01-03T10:50:00+09:00,BMS-01,64.28426689927547,28.47645352489455
2026-01-03T10:55:00+09:00,BMS-01,51.50971601864854,27.98518593109811
2026-01-03T11:00:00+09:00,BMS-01,30.418005861583946,29.17806201199202
2026-01-03T11:05:00+09:00,BMS-01,61.65190619096371,29.219676412241178
2026-01-03T11:10:00+09:00,BMS-01,49.51713546131969,30.62882801036201
2026-01-03T11:15:00+09:00,BMS-01,78.76787986651972,26.846815240206293
2026-01-03T11:20:00+09:00,BMS-01,37.78407139815775,26.358505284361517
2026-01-03T11:25:00+09:00,BMS-01,70.57445955321565,30.05301081557425
2026-01-03T11:30:00+09:00,BMS-01,31.058908982811296,28.73567952336478
2026-01-03T11:35:00+09:00,BMS-01,63.59577207618286,30.446625229643924
2026-01-03T11:40:00+09:00,BMS-01,40.141712261542786,30.32631894066868
2026-01-03T11:45:00+09:00,BMS-01,28.51602549364005,27.275738620396922
2026-01-03T11:50:00+09:00,BMS-01,59.69885922322829,28.1131079344151
2026-01-03T11:55:00+09:00,BMS-01,32.32210053584799,29.04803443242523
2026-01-03T12:00:00+09:00,BMS-01,60.76848138656053,28.918856606202546
2026-01-03T12:05:00+09:00,BMS-01,56.765555733076646,26.905183770396544
2026-01-03T12:10:00+09:00,BMS-01,27.641177067708437,27.262210752674235
2026-01-03T12:15:00+09:00,BMS-01,28.068843842435122,31.804288421285328
2026-01-03T12:20:00+09:00,BMS-01,39.96555785714031,29.595032530833965
2026-01-03T12:25:00+09:00,BMS-01,59.89449950419403,30.037489845424528
2026-01-03T12:30:00+09:00,BMS-01,45.67982517841277,29.202986070935257
2026-01-03T12:35:00+09:00,BMS-01,26.213823791489585,31.086498341313764
2026-01-03T12:40:00+09:00,BMS-01,41.169929062881955,29.270101837862537
2026-01-03T12:45:00+09:00,BMS-01,34.20281404890531,27.382156891943527
2026-01-03T12:50:00+09:00,BMS-01,44.43705300244048,26.444304377290266
2026-01-03T12:55:00+09:00,BMS-01,81.75213863674259,30.8461101784064
2026-01-03T13:00:00+09:00,BMS-01,80.30988909264022,31.574613577980532
2026-01-03T13:05:00+09:00,BMS-01,33.54476807644109,27.917253601485633
2026-01-03T13:10:00+09:00,BMS-01,76.38294198678291,28.28015294959173
2026-01-03T13:15:00+09:00,BMS-01,63.05528518625374,26.665209698008514
2026-01-03T13:20:00+09:00,BMS-01,85.37546720935921,28.235622600514933
2026-01-03T13:25:00+09:00,BMS-01,34.81705626206258,31.320788878453502
2026-01-03T13:30:00+09:00,BMS-01,67.94922202196943,29.101373552182874
2026-01-03T13:35:00+09:00,BMS-01,41.00753746160452,25.949373996756908
2026-01-03T13:40:00+09:00,BMS-01,42.07548503004968,28.81689556421014
2026-01-03T13:45:00+09:00,BMS-01,81.9241853574199,27.126598630643265
2026-01-03T13:50:00+09:00,BMS-01,37.40379291123741,27.50343995875187
2026-01-03T13:55:00+09:00,BMS-01,58.78815871257056,28.389978541234257
2026-01-03T14:00:00+09:00,BMS-01,48.182428469252464,26.31584878710361
2026-01-03T14:05:00+09:00,BMS-01,30.017329086922658,30.096543321856004
2026-01-03T14:10:00+09:00,BMS-01,88.1482156664832,29.51579097938912
2026-01-03T14:15:00+09:00,BMS-01,86.7916095095997,28.384928266364206
2026-01-03T14:20:00+09:00,BMS-01,26.14114750363595,31.279316969138915
2026-01-03T14:25:00+09:00,BMS-01,21.723373468905052,29.625935116127547
2026-01-03T14:30:00+09:00,BMS-01,28.434135638191993,27.131213231887493
2026-01-03T14:35:00+09:00,BMS-01,64.65725482386709,31.197735563271817
2026-01-03T14:40:00+09:00,BMS-01,77.92932206441219,25.62027610510381
2026-01-03T14:45:00+09:00,BMS-01,43.3069915487073,27.55151644550289
2026-01-03T14:50:00+09:00,BMS-01,77.36922846560378,33.924401591356734
2026-01-03T14:55:00+09:00,BMS-01,89.31230766401193,31.079436340726012
2026-01-03T15:00:00+09:00,BMS-01,46.19816843648001,27.064150449132693
2026-01-03T15:05:00+09:00,BMS-01,42.252288704952996,26.051693362264512
2026-01-03T15:10:00+09:00,BMS-01,21.63728455045149,29.29047397151645
2026-01-03T15:15:00+09:00,BMS-01,35.06883887601343,26.98369477903629
2026-01-03T15:20:00+09:00,BMS-01,29.34502868031498,35.5756924423351
2026-01-03T15:25:00+09:00,BMS-01,88.93131034500998,28.286149455121738
2026-01-03T15:30:00+09:00,BMS-01,58.34602246241132,27.61381514797713
2026-01-03T15:35:00+09:00,BMS-01,73.49007895588812,26.258858347439514
2026-01-03T15:40:00+09:00,BMS-01,88.27404427848492,29.724712969228463
2026-01-03T15:45:00+09:00,BMS-01,61.549831188451904,32.07536814837507
2026-01-03T15:50:00+09:00,BMS-01,73.70083996487502,32.805665561886045
2026-01-03T15:55:00+09:00,BMS-01,58.73915436141233,29.31474657718639
2026-01-03T16:00:00+09:00,BMS-01,77.59697026773355,29.602063149250856
2026-01-03T16:05:00+09:00,BMS-01,52.7354283687493,27.78260427117657
2026-01-03T16:10:00+09:00,BMS-01,75.28649440435899,28.41571515919694
2026-01-03T16:15:00+09:00,BMS-01,34.56722596098352,27.50456468120259
2026-01-03T16:20:00+09:00,BMS-01,89.60562347606842,31.89847622247177
2026-01-03T16:25:00+09:00,BMS-01,78.61433881939095,27.159521387333402
2026-01-03T16:30:00+09:00,BMS-01,62.8332920594658,28.887591070685918
2026-01-03T16:35:00+09:00,BMS-01,86.96141245730155,24.690677870898245
2026-01-03T16:40:00+09:00,BMS-01,71.91776037206509,29.878319355059332
2026-01-03T16:45:00+09:00,BMS-01,37.5120722725648,28.62799660699883
2026-01-03T16:50:00+09:00,BMS-01,25.184910966888594,27.883943994768348
2026-01-03T16:55:00+09:00,BMS-01,43.24278643414986,27.895153002523134
2026-01-03T17:00:00+09:00,BMS-01,28.302559133436514,30.941611467625524
2026-01-03T17:05:00+09:00,BMS-01,49.44608783007182,27.90165134911885
2026-01-03T17:10:00+09:00,BMS-01,55.45765041849591,32.704458021462365
2026-01-03T17:15:00+09:00,BMS-01,87.52911672531633,27.61550140184726
2026-01-03T17:20:00+09:00,BMS-01,58.67198771220483,28.34992377388033
2026-01-03T17:25:00+09:00,BMS-01,74.78107860009591,31.899384558249096
2026-01-03T17:30:00+09:00,BMS-01,52.403476662076194,27.668853999585004
2026-01-03T17:35:00+09:00,BMS-01,88.98669950923866,27.680510081689523
2026-01-03T17:40:00+09:00,BMS-01,57.18558738239151,27.024536533170387
2026-01-03T17:45:00+09:00,BMS-01,53.23352237254163,30.116861264417373
2026-01-03T17:50:00+09:00,BMS-01,41.686877250728124,29.925395006654625
2026-01-03T17:55:00+09:00,BMS-01,33.05394006503365,26.05672663592849
2026-01-03T18:00:00+09:00,BMS-01,67.18323043489279,30.640136261753625
2026-01-03T18:05:00+09:00,BMS-01,68.3455673461144,27.286447573233957
2026-01-03T18:10:00+09:00,BMS-01,66.23124364364743,27.126152068407364
2026-01-03T18:15:00+09:00,BMS-01,89.20364231867813,31.1964919301822
2026-01-03T18:20:00+09:00,BMS-01,66.46716236359998,26.58349721291368
2026-01-03T18:25:00+09:00,BMS-01,39.161397530388584,28.871808182170966
2026-01-03T18:30:00+09:00,BMS-01,81.62522701026258,28.826198068115524
2026-01-03T18:35:00+09:00,BMS-01,30.227380580356854,27.44771101520365
2026-01-03T18:40:00+09:00,BMS-01,53.033454479639076,30.231563443778974
2026-01-03T18:45:00+09:00,BMS-01,87.42043666865071,27.873443102497323
2026-01-03T18:50:00+09:00,BMS-01,69.42062238961239,27.642850357814538
2026-01-03T18:55:00+09:00,BMS-01,25.814853799269862,25.94807228152813
2026-01-03T19:00:00+09:00,BMS-01,60.706152406771174,28.642055873611056
2026-01-03T19:05:00+09:00,BMS-01,29.686879550307175,30.729875060136784
2026-01-03T19:10:00+09:00,BMS-01,70.06695333120227,27.811226394106434
2026-01-03T19:15:00+09:00,BMS-01,54.26351965677019,31.6183784933915
2026-01-03T19:20:00+09:00,BMS-01,53.74999033428976,28.35415376519387
2026-01-03T19:25:00+09:00,BMS-01,85.71753564365176,29.499322671535943
2026-01-03T19:30:00+09:00,BMS-01,39.18843365967876,30.13908891168579
2026-01-03T19:35:00+09:00,BMS-01,50.50426050641208,26.650589544579375
2026-01-03T19:40:00+09:00,BMS-01,86.49659575330087,23.81659752921287
2026-01-03T19:45:00+09:00,BMS-01,63.12515880555893,26.99480071081078
2026-01-03T19:50:00+09:00,BMS-01,31.33698451964699,27.6143192593088
2026-01-03T19:55:00+09:00,BMS-01,43.74135294878581,27.65881211810895
2026-01-03T20:00:00+09:00,BMS-01,38.595924746403334,30.522857288909083
2026-01-03T20:05:00+09:00,BMS-01,33.38989810656724,29.31074929962072
2026-01-03T20:10:00+09:00,BMS-01,77.034033709143,27.36127226857851
2026-01-03T20:15:00+09:00,BMS-01,33.08780376527663,31.632267674499655
2026-01-03T20:20:00+09:00,BMS-01,48.563544944949946,28.758439662009796
2026-01-03T20:25:00+09:00,BMS-01,29.26549369957079,31.685850850609604
2026-01-03T20:30:00+09:00,BMS-01,83.71360587164521,26.05925673762482
2026-01-03T20:35:00+09:00,BMS-01,62.4615444756354,29.895103463943762
2026-01-03T20:40:00+09:00,BMS-01,84.29190129704428,28.62907138229426
2026-01-03T20:45:00+09:00,BMS-01,31.945868475617715,29.87733485059937
2026-01-03T20:50:00+09:00,BMS-01,66.18986579221334,30.07958801064157
2026-01-03T20:55:00+09:00,BMS-01,50.55361463545405,28.05397252904512
2026-01-03T21:00:00+09:00,BMS-01,56.992740670627654,28.38512682192972
2026-01-03T21:05:00+09:00,BMS-01,69.29363469276223,27.602231326218686
2026-01-03T21:10:00+09:00,BMS-01,24.76117108613917,27.11133117958093
2026-01-03T21:15:00+09:00,BMS-01,59.08657408598842,28.768199589378277
2026-01-03T21:20:00+09:00,BMS-01,86.01394686074231,31.616886927310187
2026-01-03T21:25:00+09:00,BMS-01,73.88866499348241,28.659891852203156
2026-01-03T21:30:00+09:00,BMS-01,25.97459871444176,29.512831766668278
2026-01-03T21:35:00+09:00,BMS-01,83.82547896489491,27.408469814651223
2026-01-03T21:40:00+09:00,BMS-01,22.80926953196649,31.19065980678228
2026-01-03T21:45:00+09:00,BMS-01,55.49215741815494,30.172912658888176
2026-01-03T21:50:00+09:00,BMS-01,27.80929679587694,29.156828203819952
2026-01-03T21:55:00+09:00,BMS-01,58.517715995361634,29.670434381011003
2026-01-03T22:00:00+09:00,BMS-01,23.297221594897746,27.123940833291496
2026-01-03T22:05:00+09:00,BMS-01,79.1279018933948,29.05916240399638
2026-01-03T22:10:00+09:00,BMS-01,74.30829759609257,31.085584812231033
2026-01-03T22:15:00+09:00,BMS-01,27.574302133670606,27.68918507647854
2026-01-03T22:20:00+09:00,BMS-01,30.578199098651808,25.854781102844495
2026-01-03T22:25:00+09:00,BMS-01,55.928435281301326,31.55651471634843
2026-01-03T22:30:00+09:00,BMS-01,23.82381683704428,30.606657813723718
2026-01-03T22:35:00+09:00,BMS-01,30.341563395539783,29.487274269352778
2026-01-03T22:40:00+09:00,BMS-01,34.423792343332465,31.230957834974276
2026-01-03T22:45:00+09:00,BMS-01,73.9392909608782,31.278092171927064
2026-01-03T22:50:00+09:00,BMS-01,39.458838957568574,30.29341043100126
2026-01-03T22:55:00+09:00,BMS-01,34.490313932251986,28.15869283424302
2026-01-03T23:00:00+09:00,BMS-01,33.611080109623316,29.441748593998398
2026-01-03T23:05:00+09:00,BMS-01,68.67306450606242,29.230668600705137
2026-01-03T23:10:00+09:00,BMS-01,62.23297986200023,24.69497770683882
2026-01-03T23:15:00+09:00,BMS-01,63.90975147715849,32.23731805989219
2026-01-03T23:20:00+09:00,BMS-01,72.79521978262467,29.440945735503675
2026-01-03T23:25:00+09:00,BMS-01,35.08266095447799,27.60766636033622
2026-01-03T23:30:00+09:00,BMS-01,39.95017111059537,27.150797907164304
2026-01-03T23:35:00+09:00,BMS-01,32.81926197708669,28.09464667240924
2026-01-03T23:40:00+09:00,BMS-01,68.58824395496505,28.750988813670084
2026-01-03T23:45:00+09:00,BMS-01,43.68419982957276,25.86131295540922
2026-01-03T23:50:00+09:00,BMS-01,63.54298803913951,28.019057013844172
2026-01-03T23:55:00+09:00,BMS-01,85.88813072722039,30.76466221160334
2026-01-04T00:00:00+09:00,BMS-01,70.54652844638858,26.587867960416595
2026-01-04T00:05:00+09:00,BMS-01,46.79010029680254,28.648870818587433
2026-01-04T00:10:00+09:00,BMS-01,23.66581947521302,29.39960623146704
2026-01-04T00:15:00+09:00,BMS-01,88.28942682683754,27.020083811154763
2026-01-04T00:20:00+09:00,BMS-01,84.03802053228156,29.224155745770116
2026-01-04T00:25:00+09:00,BMS-01,70.56592357955819,32.07017156363811
2026-01-04T00:30:00+09:00,BMS-01,68.24100620100675,29.764478390502372
2026-01-04T00:35:00+09:00,BMS-01,74.68873537320411,29.45193703520341
2026-01-04T00:40:00+09:00,BMS-01,32.33670129798397,30.733817247538955
2026-01-04T00:45:00+09:00,BMS-01,74.3385924250632,32.70053618428834
2026-01-04T00:50:00+09:00,BMS-01,69.03616094367479,31.544593367566865
2026-01-04T00:55:00+09:00,BMS-01,22.925224692169813,28.188769998397433
2026-01-04T01:00:00+09:00,BMS-01,21.515422454369126,26.21503973978249
2026-01-04T01:05:00+09:00,BMS-01,76.09105148847489,29.11572683770983
2026-01-04T01:10:00+09:00,BMS-01,29.959606025778776,29.943595240534563
2026-01-04T01:15:00+09:00,BMS-01,58.38363037748521,29.4946627165145
2026-01-04T01:20:00+09:00,BMS-01,69.22397444777314,27.148830185352583
2026-01-04T01:25:00+09:00,BMS-01,29.738442879541022,30.805404126119416
2026-01-04T01:30:00+09:00,BMS-01,63.04868530879894,28.65940692562875
2026-01-04T01:35:00+09:00,BMS-01,24.18420893583862,30.124095784665293
2026-01-04T01:40:00+09:00,BMS-01,52.28900049446627,30.914912238178047
2026-01-04T01:45:00+09:00,BMS-01,40.27530078624261,31.67770321358804
2026-01-04T01:50:00+09:00,BMS-01,73.48299326032823,27.72185162015646
2026-01-04T01:55:00+09:00,BMS-01,70.35676297906191,26.26676773803488
2026-01-04T02:00:00+09:00,BMS-01,59.94025694443769,25.73354242029222
2026-01-04T02:05:00+09:00,BMS-01,35.84775048472413,28.446464243567817
2026-01-04T02:10:00+09:00,BMS-01,57.22015401177113,30.655761592287917
2026-01-04T02:15:00+09:00,BMS-01,62.05100100480811,32.5714463681326
2026-01-04T02:20:00+09:00,BMS-01,65.29941985276082,29.668026915849982
2026-01-04T02:25:00+09:00,BMS-01,46.2089618303886,26.381734724751905
2026-01-04T02:30:00+09:00,BMS-01,40.30636594561394,25.738471434948845
2026-01-04T02:35:00+09:00,BMS-01,41.44917132696711,26.351891954707135
2026-01-04T02:40:00+09:00,BMS-01,51.25742546199503,28.797847703654103
2026-01-04T02:45:00+09:00,BMS-01,31.723122375846057,25.83111388287809
2026-01-04T02:50:00+09:00,BMS-01,65.22815788149511,26.99823162698576
2026-01-04T02:55:00+09:00,BMS-01,88.38529403040619,29.597016480752067
2026-01-04T03:00:00+09:00,BMS-01,36.41390633370679,29.724305171255306
2026-01-04T03:05:00+09:00,BMS-01,38.0715094260084,29.692049237635068
2026-01-04T03:10:00+09:00,BMS-01,41.07552125913211,31.970250523960548
2026-01-04T03:15:00+09:00,BMS-01,87.73146419377622,30.112573860373807
2026-01-04T03:20:00+09:00,BMS-01,71.67711406596005,29.77655040029431
2026-01-04T03:25:00+09:00,BMS-01,54.116213905020864,27.59491069011149
2026-01-04T03:30:00+09:00,BMS-01,45.035777947761005,26.688012820581292
2026-01-04T03:35:00+09:00,BMS-01,61.25054177397635,28.514981794606086
2026-01-04T03:40:00+09:00,BMS-01,44.615075820319184,27.636580218855194
2026-01-04T03:45:00+09:00,BMS-01,54.78186767981855,27.880731927626893
2026-01-04T03:50:00+09:00,BMS-01,76.20292480142692,31.86418542714172
2026-01-04T03:55:00+09:00,BMS-01,58.29276171551777,27.376589662891476
2026-01-04T04:00:00+09:00,BMS-01,84.24668263578177,31.342677754189808
2026-01-04T04:05:00+09:00,BMS-01,55.51851873818018,29.574189218265023
2026-01-04T04:10:00+09:00,BMS-01,79.7454725232841,28.272950113099007
2026-01-04T04:15:00+09:00,BMS-01,79.93582369468685,32.27642454134208
2026-01-04T04:20:00+09:00,BMS-01,40.0426506666348,29.310810939977692
2026-01-04T04:25:00+09:00,BMS-01,83.54222374434396,30.4524049576326
2026-01-04T04:30:00+09:00,BMS-01,52.310140935937504,29.09183525723114
2026-01-04T04:35:00+09:00,BMS-01,73.56713496487623,28.058782541313565
2026-01-04T04:40:00+09:00,BMS-01,37.56240286175781,30.354057784055353
2026-01-04T04:45:00+09:00,BMS-01,60.18572466015328,28.08410643801127
2026-01-04T04:50:00+09:00,BMS-01,43.77514339371072,29.070707781671373
2026-01-04T04:55:00+09:00,BMS-01,89.88021990843806,24.816030295443195
2026-01-04T05:00:00+09:00,BMS-01,43.2030677462868,26.822819770127683
2026-01-04T05:05:00+09:00,BMS-01,87.05936303729892,31.391414636671925
2026-01-04T05:10:00+09:00,BMS-01,77.27235942229348,28.36676911292682
2026-01-04T05:15:00+09:00,BMS-01,28.576319224769893,29.783179329800493
2026-01-04T05:20:00+09:00,BMS-01,58.376799123676825,28.90094671405091
2026-01-04T05:25:00+09:00,BMS-01,74.02997651595682,26.86952353813718
2026-01-04T05:30:00+09:00,BMS-01,55.543800043684335,28.9285308290158
2026-01-04T05:35:00+09:00,BMS-01,88.9957095985057,27.059641371976138
2026-01-04T05:40:00+09:00,BMS-01,32.90841505810075,29.864448645553335
2026-01-04T05:45:00+09:00,BMS-01,24.11060496178886,28.497328517321986
2026-01-04T05:50:00+09:00,BMS-01,32.16981416964855,27.538901431029412
2026-01-04T05:55:00+09:00,BMS-01,73.73988034989145,29.696198718251985
2026-01-04T06:00:00+09:00,BMS-01,53.671607475801174,31.11983741231251
2026-01-04T06:05:00+09:00,BMS-01,23.740861342922617,29.882702599326645
2026-01-04T06:10:00+09:00,BMS-01,42.93052124499096,32.40008938607821
2026-01-04T06:15:00+09:00,BMS-01,89.58388759938305,31.776208438883017
2026-01-04T06:20:00+09:00,BMS-01,40.74749722808377,26.757211453770374
2026-01-04T06:25:00+09:00,BMS-01,41.80890218800578,31.102796357925694
2026-01-04T06:30:00+09:00,BMS-01,30.287259238610336,25.808969757662112
2026-01-04T06:35:00+09:00,BMS-01,83.96761896384709,30.751446305259833
2026-01-04T06:40:00+09:00,BMS-01,67.93052990474371,28.75485695150497
2026-01-04T06:45:00+09:00,BMS-01,53.41727604954496,25.70664589053197
2026-01-04T06:50:00+09:00,BMS-01,39.941136213632,28.794803042454546
2026-01-04T06:55:00+09:00,BMS-01,71.82922897359735,33.08121479121917
2026-01-04T07:00:00+09:00,BMS-01,57.77747151735894,25.410768052094593
2026-01-04T07:05:00+09:00,BMS-01,35.00669778581187,29.587408946549086
2026-01-04T07:10:00+09:00,BMS-01,30.474218637835303,30.11413688599549
2026-01-04T07:15:00+09:00,BMS-01,68.87862484207781,29.70510744755669
2026-01-04T07:20:00+09:00,BMS-01,72.97132730388017,29.50897864145514
2026-01-04T07:25:00+09:00,BMS-01,85.22702518297882,29.130780248836746
2026-01-04T07:30:00+09:00,BMS-01,76.71849803961395,28.22524976551843
2026-01-04T07:35:00+09:00,BMS-01,73.7618540633391,27.4143857225852
2026-01-04T07:40:00+09:00,BMS-01,34.524090030846274,26.84019237393418
2026-01-04T07:45:00+09:00,BMS-01,61.27987346802172,29.958988365501934
2026-01-04T07:50:00+09:00,BMS-01,35.73683153745096,26.687850342345754
2026-01-04T07:55:00+09:00,BMS-01,42.98904138591378,28.601530860503043
2026-01-04T08:00:00+09:00,BMS-01,32.981974455539074,27.496919987338188
2026-01-04T08:05:00+09:00,BMS-01,73.73870789187299,27.950649338070384
2026-01-04T08:10:00+09:00,BMS-01,55.11225234174439,32.78915368234565
2026-01-04T08:15:00+09:00,BMS-01,58.19600139667324,28.460198602164105
2026-01-04T08:20:00+09:00,BMS-01,65.76751782156258,29.94638876525732
2026-01-04T08:25:00+09:00,BMS-01,86.74820065890937,29.046780859552943
2026-01-04T08:30:00+09:00,BMS-01,24.974414971318406,28.475402419971253
2026-01-04T08:35:00+09:00,BMS-01,50.12146915151053,26.45459733440647
2026-01-04T08:40:00+09:00,BMS-01,37.92627236543392,27.44540752544417
2026-01-04T08:45:00+09:00,BMS-01,76.39646563064314,25.818856150436524
2026-01-04T08:50:00+09:00,BMS-01,55.54310217118953,27.525752264251793
2026-01-04T08:55:00+09:00,BMS-01,34.86391679037214,26.724914104615394
2026-01-04T09:00:00+09:00,BMS-01,37.28529958073796,28.9086918008151
2026-01-04T09:05:00+09:00,BMS-01,64.32880884359304,25.693938593803733
2026-01-04T09:10:00+09:00,BMS-01,89.3838007845454,26.727077384127902
2026-01-04T09:15:00+09:00,BMS-01,34.75146513040883,28.173866954689892
2026-01-04T09:20:00+09:00,BMS-01,33.62422790159853,28.31726610824921
2026-01-04T09:25:00+09:00,BMS-01,36.16308285513939,23.95000181341392
2026-01-04T09:30:00+09:00,BMS-01,20.751042518092277,29.356170409956633
2026-01-04T09:35:00+09:00,BMS-01,62.3223044488211,32.37018130380089
2026-01-04T09:40:00+09:00,BMS-01,62.94570334137945,29.532332194636695
2026-01-04T09:45:00+09:00,BMS-01,47.98427728531962,32.2250665241665
2026-01-04T09:50:00+09:00,BMS-01,56.13940441234277,28.369561973510464
2026-01-04T09:55:00+09:00,BMS-01,41.033235028707956,26.723965695119258
2026-01-04T10:00:00+09:00,BMS-01,70.74130524353251,25.230702850888964
2026-01-04T10:05:00+09:00,BMS-01,41.639697544384845,30.77704971410328
2026-01-04T10:10:00+09:00,BMS-01,26.780691475816237,30.33913761872573
2026-01-04T10:15:00+09:00,BMS-01,81.70472379607153,27.63998248575602
2026-01-04T10:20:00+09:00,BMS-01,43.35028188820141,27.298541661928347
2026-01-04T10:25:00+09:00,BMS-01,62.017339687677726,29.142529214875193
2026-01-04T10:30:00+09:00,BMS-01,27.672897205859304,27.46598732901184
2026-01-04T10:35:00+09:00,BMS-01,66.30557537208885,30.673069729942434
2026-01-04T10:40:00+09:00,BMS-01,50.2327054084951,27.564202908372778
2026-01-04T10:45:00+09:00,BMS-01,23.46495822180027,29.065367205348544
2026-01-04T10:50:00+09:00,BMS-01,28.385477708774356,31.284204410161678
2026-01-04T10:55:00+09:00,BMS-01,24.520967534060215,31.53391601267638
2026-01-04T11:00:00+09:00,BMS-01,73.54996360149997,27.97684552508042
2026-01-04T11:05:00+09:00,BMS-01,39.30407442855509,24.866657699370357
2026-01-04T11:10:00+09:00,BMS-01,75.55331455079023,29.308478384692545
2026-01-04T11:15:00+09:00,BMS-01,85.4934763024401,24.653641061155717
2026-01-04T11:20:00+09:00,BMS-01,64.25722472846576,30.111117355867194
2026-01-04T11:25:00+09:00,BMS-01,82.06082969461977,31.02853364774383
2026-01-04T11:30:00+09:00,BMS-01,47.927123582825935,30.23683018547023
2026-01-04T11:35:00+09:00,BMS-01,65.23488017130946,29.489529424513908
2026-01-04T11:40:00+09:00,BMS-01,43.45416782610787,28.463000997258312
2026-01-04T11:45:00+09:00,BMS-01,57.92848645154494,31.0615667787426
2026-01-04T11:50:00+09:00,BMS-01,86.76605961973404,22.204732233171562
2026-01-04T11:55:00+09:00,BMS-01,27.344668636074033,28.267240528988236
2026-01-04T12:00:00+09:00,BMS-01,28.799934493371335,26.574903723167775
2026-01-04T12:05:00+09:00,BMS-01,24.345825928301675,28.913243107836912
2026-01-04T12:10:00+09:00,BMS-01,29.161733386443437,27.193726849400203
2026-01-04T12:15:00+09:00,BMS-01,25.26539469851055,25.668434786702
2026-01-04T12:20:00+09:00,BMS-01,70.78402029713696,27.88977892715789
2026-01-04T12:25:00+09:00,BMS-01,27.79756779193112,27.10922994186605
2026-01-04T12:30:00+09:00,BMS-01,27.380073061956455,30.67457747411031
2026-01-04T12:35:00+09:00,BMS-01,46.457431068178174,30.97509543397877
2026-01-04T12:40:00+09:00,BMS-01,79.02984682427848,27.527853846921058
2026-01-04T12:45:00+09:00,BMS-01,28.946755361656827,26.845005535726475
2026-01-04T12:50:00+09:00,BMS-01,67.47957257029027,25.172490903133514
2026-01-04T12:55:00+09:00,BMS-01,21.578649020893916,30.253779453690402
2026-01-04T13:00:00+09:00,BMS-01,84.63099802506089,26.606427753879938
2026-01-04T13:05:00+09:00,BMS-01,21.83168693609699,27.916075368600442
2026-01-04T13:10:00+09:00,BMS-01,22.527255921227315,30.17255219174355
2026-01-04T13:15:00+09:00,BMS-01,43.845519882232644,27.45976956968821
2026-01-04T13:20:00+09:00,BMS-01,52.64782093092211,30.676047435184532
2026-01-04T13:25:00+09:00,BMS-01,26.192094778282527,27.285265290242744
2026-01-04T13:30:00+09:00,BMS-01,59.18150932717197,31.58614952976823
2026-01-04T13:35:00+09:00,BMS-01,33.3179925415323,28.304436924031155
2026-01-04T13:40:00+09:00,BMS-01,61.709264133506885,28.1119105350347
2026-01-04T13:45:00+09:00,BMS-01,76.28223545634535,30.50317539543911
2026-01-04T13:50:00+09:00,BMS-01,21.15661216498946,31.613742788590834
2026-01-04T13:55:00+09:00,BMS-01,23.50199801269233,27.73327153247894
2026-01-04T14:00:00+09:00,BMS-01,79.94970602126811,29.276194590990272
2026-01-04T14:05:00+09:00,BMS-01,56.3336148645098,28.642726572785097
2026-01-04T14:10:00+09:00,BMS-01,88.90209520857132,30.00998015544143
2026-01-04T14:15:00+09:00,BMS-01,53.94310805881636,29.543035262720757
2026-01-04T14:20:00+09:00,BMS-01,51.56959267733477,24.091121388490237
2026-01-04T14:25:00+09:00,BMS-01,53.88542958832429,31.330251775721052
2026-01-04T14:30:00+09:00,BMS-01,31.90391706800705,27.335317707644485
2026-01-04T14:35:00+09:00,BMS-01,33.46409612804865,28.45384656855628
2026-01-04T14:40:00+09:00,BMS-01,89.60804713782706,34.64767348713932
2026-01-04T14:45:00+09:00,BMS-01,26.809299328792555,28.30879615015638
2026-01-04T14:50:00+09:00,BMS-01,85.58921154662065,30.136406227577837
2026-01-04T14:55:00+09:00,BMS-01,27.25196355555889,30.80870039097583
2026-01-04T15:00:00+09:00,BMS-01,52.741457557642306,32.001957793915984
2026-01-04T15:05:00+09:00,BMS-01,46.472202990572974,28.317111647754203
2026-01-04T15:10:00+09:00,BMS-01,34.64655537147518,26.561179738936907
2026-01-04T15:15:00+09:00,BMS-01,21.35741377167525,25.65795286909676
2026-01-04T15:20:00+09:00,BMS-01,40.404998978880904,29.614556446130855
2026-01-04T15:25:00+09:00,BMS-01,26.839494090719434,26.78029686338031
2026-01-04T15:30:00+09:00,BMS-01,21.325919886680065,28.784380928551087
2026-01-04T15:35:00+09:00,BMS-01,30.471706088533363,24.558811954502524
2026-01-04T15:40:00+09:00,BMS-01,63.23107157791817,28.546508845620817
2026-01-04T15:45:00+09:00,BMS-01,70.09387863352211,30.212516607148316
2026-01-04T15:50:00+09:00,BMS-01,64.73077759665004,27.25899454229615
2026-01-04T15:55:00+09:00,BMS-01,22.536159889522835,26.312673903391094
2026-01-04T16:00:00+09:00,BMS-01,54.094258536489335,27.241991455359752
2026-01-04T16:05:00+09:00,BMS-01,20.034206521967008,31.224600164224533
2026-01-04T16:10:00+09:00,BMS-01,84.17756128624073,27.12874931742754
2026-01-04T16:15:00+09:00,BMS-01,22.36228940808303,30.80283183020376
2026-01-04T16:20:00+09:00,BMS-01,82.22057823397512,29.46929848685145
2026-01-04T16:25:00+09:00,BMS-01,52.80035208373886,28.050387128292122
2026-01-04T16:30:00+09:00,BMS-01,51.934966535177026,29.98249116020994
2026-01-04T16:35:00+09:00,BMS-01,28.918843076643793,28.510094272826482
2026-01-04T16:40:00+09:00,BMS-01,57.867632276149976,28.871610411443758
2026-01-04T16:45:00+09:00,BMS-01,79.75392758284701,27.053287931419636
2026-01-04T16:50:00+09:00,BMS-01,28.76249854129926,28.180121558097987
2026-01-04T16:55:00+09:00,BMS-01,52.84831692823767,26.742650738797277
2026-01-04T17:00:00+09:00,BMS-01,64.51869859587549,24.436511945760188
2026-01-04T17:05:00+09:00,BMS-01,89.64429544276345,30.563008655052784
2026-01-04T17:10:00+09:00,BMS-01,20.11507860139676,29.072752354148474
2026-01-04T17:15:00+09:00,BMS-01,74.92139919252493,30.479656488044647
2026-01-04T17:20:00+09:00,BMS-01,54.16706769064749,25.96491846279615
2026-01-04T17:25:00+09:00,BMS-01,49.11140170152181,29.302733004912632
2026-01-04T17:30:00+09:00,BMS-01,33.645055174269345,27.32454708356748
2026-01-04T17:35:00+09:00,BMS-01,59.254649958788335,27.37721485449905
2026-01-04T17:40:00+09:00,BMS-01,84.23992868970181,26.269028126508022
2026-01-04T17:45:00+09:00,BMS-01,20.920018824630382,30.76129845781801
2026-01-04T17:50:00+09:00,BMS-01,82.1571074782466,27.541908634474364
2026-01-04T17:55:00+09:00,BMS-01,37.64544984766638,24.66785861430466
2026-01-04T18:00:00+09:00,BMS-01,66.3350493115774,29.881600081099396
2026-01-04T18:05:00+09:00,BMS-01,83.87892202411413,31.636229505154063
2026-01-04T18:10:00+09:00,BMS-01,60.45968256812279,27.416811302996706
2026-01-04T18:15:00+09:00,BMS-01,31.844836599030184,30.434013859886946
2026-01-04T18:20:00+09:00,BMS-01,51.538657343409405,27.624516706788985
2026-01-04T18:25:00+09:00,BMS-01,75.84683451317485,26.251041513718377
2026-01-04T18:30:00+09:00,BMS-01,47.89699766415147,28.17339925071098
2026-01-04T18:35:00+09:00,BMS-01,81.83584306172534,27.58508184292383
2026-01-04T18:40:00+09:00,BMS-01,85.53541478917185,28.790677685010714
2026-01-04T18:45:00+09:00,BMS-01,37.61834346554277,31.31412522215876
2026-01-04T18:50:00+09:00,BMS-01,20.86782091446534,26.871754219710432
2026-01-04T18:55:00+09:00,BMS-01,71.5017402676163,28.82729885157506
2026-01-04T19:00:00+09:00,BMS-01,89.41067249039548,29.880013582591236
2026-01-04T19:05:00+09:00,BMS-01,70.58756111307997,29.107425144858304
2026-01-04T19:10:00+09:00,BMS-01,22.150360596680933,30.75657095597538
2026-01-04T19:15:00+09:00,BMS-01,50.88706458939921,28.78010570533022
2026-01-04T19:20:00+09:00,BMS-01,36.64853378403829,28.411719239163393
2026-01-04T19:25:00+09:00,BMS-01,50.12089642144309,29.892612606358675
2026-01-04T19:30:00+09:00,BMS-01,61.70391740128771,26.75032766414401
2026-01-04T19:35:00+09:00,BMS-01,43.481837254202276,29.592582955348043
2026-01-04T19:40:00+09:00,BMS-01,47.37790808616845,29.61497299030665
2026-01-04T19:45:00+09:00,BMS-01,75.22586895322831,29.26327293098394
2026-01-04T19:50:00+09:00,BMS-01,44.33050486050105,26.751098187568036
2026-01-04T19:55:00+09:00,BMS-01,27.117684943872604,28.233806314845275
2026-01-04T20:00:00+09:00,BMS-01,20.659332129828915,27.63439588468034
2026-01-04T20:05:00+09:00,BMS-01,59.76037296289663,29.36636761683858
2026-01-04T20:10:00+09:00,BMS-01,41.16361367657065,30.91383736439235
2026-01-04T20:15:00+09:00,BMS-01,81.46339778981645,27.038958778683327
2026-01-04T20:20:00+09:00,BMS-01,80.37600887292538,27.41094770000163
2026-01-04T20:25:00+09:00,BMS-01,62.11881294298003,31.222977841694032
2026-01-04T20:30:00+09:00,BMS-01,28.621844728238248,29.557976861034902
2026-01-04T20:35:00+09:00,BMS-01,84.21304818567893,28.626890109823346
2026-01-04T20:40:00+09:00,BMS-01,88.25311058088461,28.542066422295047
2026-01-04T20:45:00+09:00,BMS-01,34.248681593439656,27.73990959692853
2026-01-04T20:50:00+09:00,BMS-01,63.49207710327069,27.606491635062945
2026-01-04T20:55:00+09:00,BMS-01,64.19737147118546,28.498166863622387
2026-01-04T21:00:00+09:00,BMS-01,89.08396834688348,31.573845220766845
2026-01-04T21:05:00+09:00,BMS-01,43.422456758301706,29.624688016677673
2026-01-04T21:10:00+09:00,BMS-01,40.98453514024829,27.023990358564085
2026-01-04T21:15:00+09:00,BMS-01,35.583755165561094,27.023697039419055
2026-01-04T21:20:00+09:00,BMS-01,67.93070797540578,27.34017434227069
2026-01-04T21:25:00+09:00,BMS-01,88.47431358848901,27.73780671855197
2026-01-04T21:30:00+09:00,BMS-01,32.26562989646709,30.98690894493233
2026-01-04T21:35:00+09:00,BMS-01,81.95586152700027,32.25171696154503
2026-01-04T21:40:00+09:00,BMS-01,79.30050490197199,30.059427817083197
2026-01-04T21:45:00+09:00,BMS-01,36.29105704501167,29.96738064934815
2026-01-04T21:50:00+09:00,BMS-01,51.63934706711689,30.539534347213227
2026-01-04T21:55:00+09:00,BMS-01,33.55836925719379,28.856980983143483
2026-01-04T22:00:00+09:00,BMS-01,49.96859101912279,28.480705145957653
2026-01-04T22:05:00+09:00,BMS-01,55.28857881815098,31.670793179672746
2026-01-04T22:10:00+09:00,BMS-01,70.77432831268801,26.590436963552015
2026-01-04T22:15:00+09:00,BMS-01,65.75574214409174,27.181914832699476
2026-01-04T22:20:00+09:00,BMS-01,20.626270503261804,30.284429326184142
2026-01-04T22:25:00+09:00,BMS-01,63.983820731191976,26.50466243947011
2026-01-04T22:30:00+09:00,BMS-01,63.43871924776268,29.66873354624705
2026-01-04T22:35:00+09:00,BMS-01,51.49673017103579,33.24541023107053
2026-01-04T22:40:00+09:00,BMS-01,71.74985420247059,28.57142256862541
2026-01-04T22:45:00+09:00,BMS-01,67.6460760584055,32.156471817290075
2026-01-04T22:50:00+09:00,BMS-01,66.62649155504812,26.97422454030561
2026-01-04T22:55:00+09:00,BMS-01,33.17855804786117,27.012973006419386
2026-01-04T23:00:00+09:00,BMS-01,80.08415057279976,30.71493043051551
2026-01-04T23:05:00+09:00,BMS-01,87.75914646237497,27.384090564881
2026-01-04T23:10:00+09:00,BMS-01,62.35487346698899,29.852242308615345
2026-01-04T23:15:00+09:00,BMS-01,53.24477638211381,31.019655633929574
2026-01-04T23:20:00+09:00,BMS-01,50.63893463939359,28.60038655337217
2026-01-04T23:25:00+09:00,BMS-01,63.101319502606856,28.80701882397768
2026-01-04T23:30:00+09:00,BMS-01,89.58217709219792,31.073567396098557
2026-01-04T23:35:00+09:00,BMS-01,26.869896463750813,27.54442680511235
2026-01-04T23:40:00+09:00,BMS-01,67.9691824099114,26.280564611005463
2026-01-04T23:45:00+09:00,BMS-01,37.36652998624087,29.565292540102785
2026-01-04T23:50:00+09:00,BMS-01,85.46807026193586,27.33195556157317
2026-01-04T23:55:00+09:00,BMS-01,33.738560834757095,30.959813985202974
2026-01-05T00:00:00+09:00,BMS-01,53.26629942893018,29.837488482416244
2026-01-05T00:05:00+09:00,BMS-01,38.99465928135721,29.956816843433447
2026-01-05T00:10:00+09:00,BMS-01,67.25352684301077,31.505679179993408
2026-01-05T00:15:00+09:00,BMS-01,68.09027913747859,31.023032641977995
2026-01-05T00:20:00+09:00,BMS-01,37.47218774890218,29.61975623121274
2026-01-05T00:25:00+09:00,BMS-01,27.705544080823284,30.584519197742935
2026-01-05T00:30:00+09:00,BMS-01,68.59799102846206,27.322346231842772
2026-01-05T00:35:00+09:00,BMS-01,57.60221947525349,28.976665903626948
2026-01-05T00:40:00+09:00,BMS-01,46.46684224354856,29.6225212555541
2026-01-05T00:45:00+09:00,BMS-01,48.083938976040926,30.31673330207538
2026-01-05T00:50:00+09:00,BMS-01,28.442158474764405,31.17848473187973
2026-01-05T00:55:00+09:00,BMS-01,73.93307263670175,29.98232260437047
2026-01-05T01:00:00+09:00,BMS-01,29.461527997245334,29.191282819407192
2026-01-05T01:05:00+09:00,BMS-01,84.64444820325113,32.12723055239647
2026-01-05T01:10:00+09:00,BMS-01,74.23516605604377,29.7151251888276
2026-01-05T01:15:00+09:00,BMS-01,48.92434152867842,30.780325051673756
2026-01-05T01:20:00+09:00,BMS-01,38.80783495327212,26.01428504024975
2026-01-05T01:25:00+09:00,BMS-01,48.074083769220785,25.987763989895317
2026-01-05T01:30:00+09:00,BMS-01,63.597653639174275,29.0873199659125
2026-01-05T01:35:00+09:00,BMS-01,25.472323712034594,25.522144618498775
2026-01-05T01:40:00+09:00,BMS-01,44.81556406812854,30.03058356327428
2026-01-05T01:45:00+09:00,BMS-01,26.984303822499097,31.726897301545513
2026-01-05T01:50:00+09:00,BMS-01,55.04691898718107,26.671286068192774
2026-01-05T01:55:00+09:00,BMS-01,65.03404368926424,30.022350068721806
2026-01-05T02:00:00+09:00,BMS-01,40.45098474840004,30.95703016805038
2026-01-05T02:05:00+09:00,BMS-01,39.28708587429788,32.594718873805974
2026-01-05T02:10:00+09:00,BMS-01,22.153756967163666,28.636978745250982
2026-01-05T02:15:00+09:00,BMS-01,48.70177563520952,29.525137616720897
2026-01-05T02:20:00+09:00,BMS-01,53.510014077193496,27.194473013466517
2026-01-05T02:25:00+09:00,BMS-01,20.38403459192914,29.421399548341718
2026-01-05T02:30:00+09:00,BMS-01,65.09738087083244,31.748871887430795
2026-01-05T02:35:00+09:00,BMS-01,56.117951312117,29.18573085946841
2026-01-05T02:40:00+09:00,BMS-01,79.03863262990066,28.932408003442593
2026-01-05T02:45:00+09:00,BMS-01,33.569225303465664,31.607160438998473
2026-01-05T02:50:00+09:00,BMS-01,55.33660934068786,28.596322554137153
2026-01-05T02:55:00+09:00,BMS-01,44.36685127160037,30.67417810094011
2026-01-05T03:00:00+09:00,BMS-01,39.73080182482727,29.180990823674865
2026-01-05T03:05:00+09:00,BMS-01,56.49310509417909,27.28299105631241
2026-01-05T03:10:00+09:00,BMS-01,23.300122816782274,29.78648580352033
2026-01-05T03:15:00+09:00,BMS-01,60.828212791849786,27.65619494568887
2026-01-05T03:20:00+09:00,BMS-01,79.15139073979205,30.26741968343947
2026-01-05T03:25:00+09:00,BMS-01,81.74277200970076,29.530274335178973
2026-01-05T03:30:00+09:00,BMS-01,75.62573133178142,27.197593574023887
2026-01-05T03:35:00+09:00,BMS-01,55.01931326382584,30.108546359639636
2026-01-05T03:40:00+09:00,BMS-01,40.92768566143269,29.109807989556295
2026-01-05T03:45:00+09:00,BMS-01,78.33739990499303,30.93477916079888
2026-01-05T03:50:00+09:00,BMS-01,45.77297406683821,27.491815464671543
2026-01-05T03:55:00+09:00,BMS-01,56.96702732009196,27.027925167446163
2026-01-05T04:00:00+09:00,BMS-01,35.48619785711462,30.501055563988732
2026-01-05T04:05:00+09:00,BMS-01,37.79936033035468,24.243863172201774
2026-01-05T04:10:00+09:00,BMS-01,38.88672568131842,26.973705114523646
2026-01-05T04:15:00+09:00,BMS-01,46.12712867224044,25.369160890064514
2026-01-05T04:20:00+09:00,BMS-01,54.42180217952881,29.436027463373726
2026-01-05T04:25:00+09:00,BMS-01,52.96070335219851,30.278990217441347
2026-01-05T04:30:00+09:00,BMS-01,69.84028348986209,31.08065430596209
2026-01-05T04:35:00+09:00,BMS-01,30.04341333277466,32.00332840596633
2026-01-05T04:40:00+09:00,BMS-01,62.71045967936778,27.5241515564399
2026-01-05T04:45:00+09:00,BMS-01,44.60683737225287,27.55859053716592
2026-01-05T04:50:00+09:00,BMS-01,20.921398234033276,29.663672767825982
2026-01-05T04:55:00+09:00,BMS-01,83.2013779715539,30.198708669932035
2026-01-05T05:00:00+09:00,BMS-01,51.60849401792875,30.73230351620608
2026-01-05T05:05:00+09:00,BMS-01,27.452626184886373,29.46997488284701
2026-01-05T05:10:00+09:00,BMS-01,84.38417200118177,28.70954953791056
2026-01-05T05:15:00+09:00,BMS-01,30.288670520209866,29.562992830494213
2026-01-05T05:20:00+09:00,BMS-01,37.28374659170592,31.089005143229187
2026-01-05T05:25:00+09:00,BMS-01,88.6931006376731,30.222078146982447
2026-01-05T05:30:00+09:00,BMS-01,81.95906273179253,31.002768024177524
2026-01-05T05:35:00+09:00,BMS-01,39.47643715350732,29.222192513070024
2026-01-05T05:40:00+09:00,BMS-01,81.49030653669865,29.02706436142056
2026-01-05T05:45:00+09:00,BMS-01,61.16827752304971,26.038460065655585
2026-01-05T05:50:00+09:00,BMS-01,59.45716403118595,30.337227424375776
2026-01-05T05:55:00+09:00,BMS-01,50.04788903973976,28.57177565546215
2026-01-05T06:00:00+09:00,BMS-01,40.998984434892726,29.485333032677758
2026-01-05T06:05:00+09:00,BMS-01,23.791728823054548,26.598138322718665
2026-01-05T06:10:00+09:00,BMS-01,20.37739941253181,31.94165652389478
2026-01-05T06:15:00+09:00,BMS-01,37.38861258686563,27.90260258629034
2026-01-05T06:20:00+09:00,BMS-01,39.28763923249593,25.86705645577981
2026-01-05T06:25:00+09:00,BMS-01,29.845887577100655,27.596324138890594
2026-01-05T06:30:00+09:00,BMS-01,42.4313233126229,25.35281273315744
2026-01-05T06:35:00+09:00,BMS-01,51.51797276173739,28.171893872854017
2026-01-05T06:40:00+09:00,BMS-01,28.677138279126677,26.291946200343006
2026-01-05T06:45:00+09:00,BMS-01,21.109320718228297,28.440674672941412
2026-01-05T06:50:00+09:00,BMS-01,57.185396028282824,28.00458479202121
2026-01-05T06:55:00+09:00,BMS-01,31.895757058492133,26.694980110128007
2026-01-05T07:00:00+09:00,BMS-01,21.12522167914615,29.78156105072004
2026-01-05T07:05:00+09:00,BMS-01,76.41752920725406,31.08804676555277
2026-01-05T07:10:00+09:00,BMS-01,80.84240717902195,27.769230388701587
2026-01-05T07:15:00+09:00,BMS-01,39.525138807824526,28.785327037558634
2026-01-05T07:20:00+09:00,BMS-01,32.28716001155314,31.648585834581503
2026-01-05T07:25:00+09:00,BMS-01,42.40818826675052,29.210626051399018
2026-01-05T07:30:00+09:00,BMS-01,24.276320577762622,29.664503631891037
2026-01-05T07:35:00+09:00,BMS-01,82.68211846545799,33.02870464112006
2026-01-05T07:40:00+09:00,BMS-01,73.37351911399068,29.62728136001001
2026-01-05T07:45:00+09:00,BMS-01,21.948045019479945,32.76624708270353
2026-01-05T07:50:00+09:00,BMS-01,69.80339786945942,32.09936737276872
2026-01-05T07:55:00+09:00,BMS-01,50.670904098141115,28.59827871189023
2026-01-05T08:00:00+09:00,BMS-01,28.102288207702056,28.181441617389115
2026-01-05T08:05:00+09:00,BMS-01,47.1243839399808,32.78266033162735
2026-01-05T08:10:00+09:00,BMS-01,25.377283284296343,27.187064313713314
2026-01-05T08:15:00+09:00,BMS-01,20.10613251696364,26.732236071950705
2026-01-05T08:20:00+09:00,BMS-01,22.641692407744348,27.069946384189805
2026-01-05T08:25:00+09:00,BMS-01,53.68105197397192,29.67958169887819
2026-01-05T08:30:00+09:00,BMS-01,79.2948033139142,31.298680918237523
2026-01-05T08:35:00+09:00,BMS-01,68.86949171762099,29.526059978289346
2026-01-05T08:40:00+09:00,BMS-01,32.05485690554957,31.70172926543722
2026-01-05T08:45:00+09:00,BMS-01,37.307096650886116,29.249477547318925
2026-01-05T08:50:00+09:00,BMS-01,20.09535003514715,29.193141697084048
2026-01-05T08:55:00+09:00,BMS-01,24.33129641972996,27.96613933675872
2026-01-05T09:00:00+09:00,BMS-01,86.97028875998015,30.930832953465714
2026-01-05T09:05:00+09:00,BMS-01,60.78978909338118,29.868970704653037
2026-01-05T09:10:00+09:00,BMS-01,81.6305409685934,30.332328873719398
2026-01-05T09:15:00+09:00,BMS-01,24.086944358837837,30.473880558221268
2026-01-05T09:20:00+09:00,BMS-01,76.41042120658574,29.453484303286267
2026-01-05T09:25:00+09:00,BMS-01,26.868149498513862,32.095308158037035
2026-01-05T09:30:00+09:00,BMS-01,72.4762625322906,28.76594910355824
2026-01-05T09:35:00+09:00,BMS-01,79.55112141442316,26.068697710459663
2026-01-05T09:40:00+09:00,BMS-01,63.064527334448286,29.905323349825846
2026-01-05T09:45:00+09:00,BMS-01,28.85950636141006,32.20892617581244
2026-01-05T09:50:00+09:00,BMS-01,87.99915397464913,28.56620444859706
2026-01-05T09:55:00+09:00,BMS-01,33.11994483529219,31.14846133973591
2026-01-05T10:00:00+09:00,BMS-01,41.718088294492425,32.353112285163796
2026-01-05T10:05:00+09:00,BMS-01,88.86130050734691,25.814709447522283
2026-01-05T10:10:00+09:00,BMS-01,61.08535955850964,25.798661121575204
2026-01-05T10:15:00+09:00,BMS-01,67.72851461532679,28.014254011104043
2026-01-05T10:20:00+09:00,BMS-01,42.26753209736472,26.728548156131843
2026-01-05T10:25:00+09:00,BMS-01,61.45193443192802,28.383557725446007
2026-01-05T10:30:00+09:00,BMS-01,32.946786498428345,25.18467395669991
2026-01-05T10:35:00+09:00,BMS-01,82.79154740825322,28.83513023916106
2026-01-05T10:40:00+09:00,BMS-01,81.71591383097866,26.897966158411457
2026-01-05T10:45:00+09:00,BMS-01,46.1853271422917,28.563983900942702
2026-01-05T10:50:00+09:00,BMS-01,87.87695258975268,30.653254678415028
2026-01-05T10:55:00+09:00,BMS-01,59.72233453818446,28.204194144986705
2026-01-05T11:00:00+09:00,BMS-01,46.67657620264893,29.369779600137683
2026-01-05T11:05:00+09:00,BMS-01,77.97970293408898,25.87165112616949
2026-01-05T11:10:00+09:00,BMS-01,79.79299586843318,32.013378208661884
2026-01-05T11:15:00+09:00,BMS-01,52.30602255026375,26.13311664182924
2026-01-05T11:20:00+09:00,BMS-01,27.49963744047202,28.942502393519387
2026-01-05T11:25:00+09:00,BMS-01,28.978180640388754,31.77180977915429
2026-01-05T11:30:00+09:00,BMS-01,70.5926230454034,28.754015614255934
2026-01-05T11:35:00+09:00,BMS-01,42.75151706049073,26.817683667018027
2026-01-05T11:40:00+09:00,BMS-01,58.071643239325425,30.61947670732047
2026-01-05T11:45:00+09:00,BMS-01,44.6423117984225,26.748296437055146
2026-01-05T11:50:00+09:00,BMS-01,57.9431417133567,27.92905630551524
2026-01-05T11:55:00+09:00,BMS-01,81.88923258485109,29.006439647840764
2026-01-05T12:00:00+09:00,BMS-01,89.81625891945289,29.621659033536204
2026-01-05T12:05:00+09:00,BMS-01,67.79493375697483,28.287709654637222
2026-01-05T12:10:00+09:00,BMS-01,62.70963202757207,29.610109348999284
2026-01-05T12:15:00+09:00,BMS-01,45.67278453076088,35.02621976622848
2026-01-05T12:20:00+09:00,BMS-01,50.61753797423903,28.263346372640015
2026-01-05T12:25:00+09:00,BMS-01,81.74513119353718,31.416271862515536
2026-01-05T12:30:00+09:00,BMS-01,44.78229633960816,26.535052078376967
2026-01-05T12:35:00+09:00,BMS-01,66.48793796293694,29.806457259298547
2026-01-05T12:40:00+09:00,BMS-01,24.576626401237537,26.38120757510351
2026-01-05T12:45:00+09:00,BMS-01,60.635838462064214,30.99064081308651
2026-01-05T12:50:00+09:00,BMS-01,50.55689237342405,28.320173123446306
2026-01-05T12:55:00+09:00,BMS-01,55.938340999442225,30.630367189832086
2026-01-05T13:00:00+09:00,BMS-01,87.99867137899986,29.854633512822716
2026-01-05T13:05:00+09:00,BMS-01,72.82114814624265,30.22368424187677
2026-01-05T13:10:00+09:00,BMS-01,71.38918644469945,28.059338544377532
2026-01-05T13:15:00+09:00,BMS-01,49.376120006628824,25.83082113683403
2026-01-05T13:20:00+09:00,BMS-01,50.46786705219201,28.25808962011801
2026-01-05T13:25:00+09:00,BMS-01,80.89926119962303,28.130936499960217
2026-01-05T13:30:00+09:00,BMS-01,38.22078302872861,26.61201017640429
2026-01-05T13:35:00+09:00,BMS-01,76.99507364952176,27.491854883154133
2026-01-05T13:40:00+09:00,BMS-01,20.460154395834003,27.667087702074824
2026-01-05T13:45:00+09:00,BMS-01,80.04232667969352,29.2631394881026
2026-01-05T13:50:00+09:00,BMS-01,38.57410168458258,26.320580860435804
2026-01-05T13:55:00+09:00,BMS-01,76.21618467335051,28.2349106559924
2026-01-05T14:00:00+09:00,BMS-01,57.00912491858824,26.210528062942352
2026-01-05T14:05:00+09:00,BMS-01,25.486999803185135,29.005422505696615
2026-01-05T14:10:00+09:00,BMS-01,56.72777680341807,28.333357748014308
2026-01-05T14:15:00+09:00,BMS-01,53.03835012880618,31.749194015031843
2026-01-05T14:20:00+09:00,BMS-01,84.93814340241342,27.72933765418169
2026-01-05T14:25:00+09:00,BMS-01,62.08970936961402,28.57448527037354
2026-01-05T14:30:00+09:00,BMS-01,43.160315380370456,27.5720884628481
2026-01-05T14:35:00+09:00,BMS-01,24.582118639186398,31.08097206872788
2026-01-05T14:40:00+09:00,BMS-01,64.66358321161519,31.03252012491508
2026-01-05T14:45:00+09:00,BMS-01,50.78996221557084,30.348866047846602
2026-01-05T14:50:00+09:00,BMS-01,66.82367440890556,26.574802338231006
2026-01-05T14:55:00+09:00,BMS-01,73.79729384898482,26.138818840664808
2026-01-05T15:00:00+09:00,BMS-01,33.857521955119005,27.465062021203032
2026-01-05T15:05:00+09:00,BMS-01,44.845980490722134,30.59138284829929
2026-01-05T15:10:00+09:00,BMS-01,56.51250136223186,30.13054684082766
2026-01-05T15:15:00+09:00,BMS-01,34.55092953173151,30.337471745662526
2026-01-05T15:20:00+09:00,BMS-01,88.48550363170934,28.070655102556188
2026-01-05T15:25:00+09:00,BMS-01,46.9012171023364,26.369764635027263
2026-01-05T15:30:00+09:00,BMS-01,30.675305899935438,26.61549239605566
2026-01-05T15:35:00+09:00,BMS-01,58.24445435655433,28.20255966277155
2026-01-05T15:40:00+09:00,BMS-01,53.7504815934545,29.119323838695017
2026-01-05T15:45:00+09:00,BMS-01,86.64007806433101,29.480898404441177
2026-01-05T15:50:00+09:00,BMS-01,23.601076290206173,27.891695397289816
2026-01-05T15:55:00+09:00,BMS-01,64.5653440216729,24.42632407632868
2026-01-05T16:00:00+09:00,BMS-01,63.429848169004856,26.14313547328016
2026-01-05T16:05:00+09:00,BMS-01,73.18478682912276,29.041761587801357
2026-01-05T16:10:00+09:00,BMS-01,62.33403118985059,30.12403132057314
2026-01-05T16:15:00+09:00,BMS-01,32.17913102513715,28.229032885570696
2026-01-05T16:20:00+09:00,BMS-01,23.111564994224366,31.232105685460613
2026-01-05T16:25:00+09:00,BMS-01,25.75247667976124,26.33475026842738
2026-01-05T16:30:00+09:00,BMS-01,34.14212716288254,28.629617848267323
2026-01-05T16:35:00+09:00,BMS-01,73.53864452568172,27.6670718596072
2026-01-05T16:40:00+09:00,BMS-01,57.60251566767983,27.611035511863058
2026-01-05T16:45:00+09:00,BMS-01,42.51008052008062,34.94777254649144
2026-01-05T16:50:00+09:00,BMS-01,34.71024856475453,29.4719727589397
2026-01-05T16:55:00+09:00,BMS-01,27.267817766402334,30.570418650332748
2026-01-05T17:00:00+09:00,BMS-01,32.76099498022448,28.357564966989504
2026-01-05T17:05:00+09:00,BMS-01,68.23472521314625,28.006054003460424
2026-01-05T17:10:00+09:00,BMS-01,21.70341312987952,27.027412985903034
2026-01-05T17:15:00+09:00,BMS-01,69.14634374814968,29.639228448274313
2026-01-05T17:20:00+09:00,BMS-01,36.979954442572186,30.34506479102165
2026-01-05T17:25:00+09:00,BMS-01,44.38105277135642,27.957039661786986
2026-01-05T17:30:00+09:00,BMS-01,85.6046626100164,28.007256762960083
2026-01-05T17:35:00+09:00,BMS-01,46.6572011164315,28.243961501052627
2026-01-05T17:40:00+09:00,BMS-01,36.37600623982625,28.917006877693588
2026-01-05T17:45:00+09:00,BMS-01,56.27067531738139,29.449318347983127
2026-01-05T17:50:00+09:00,BMS-01,70.76719759571529,29.001098090076024
2026-01-05T17:55:00+09:00,BMS-01,65.01135822236293,23.17567463972926
2026-01-05T18:00:00+09:00,BMS-01,78.06803411847389,27.622611511440656
2026-01-05T18:05:00+09:00,BMS-01,28.168836527444203,29.791372759250134
2026-01-05T18:10:00+09:00,BMS-01,42.420003658854476,30.349651540664098
2026-01-05T18:15:00+09:00,BMS-01,47.52413227967415,29.696176427366087
2026-01-05T18:20:00+09:00,BMS-01,21.461500748486905,31.537259278231062
2026-01-05T18:25:00+09:00,BMS-01,33.57225739511719,26.445057548062255
2026-01-05T18:30:00+09:00,BMS-01,42.33726006846862,27.238255422260327
2026-01-05T18:35:00+09:00,BMS-01,68.80141242587973,25.20002558644968
2026-01-05T18:40:00+09:00,BMS-01,31.52942327652785,26.330716384618874
2026-01-05T18:45:00+09:00,BMS-01,77.20468194402,28.34762451848585
2026-01-05T18:50:00+09:00,BMS-01,87.00857269837267,29.643970390103124
2026-01-05T18:55:00+09:00,BMS-01,71.04038077923182,29.189841140343223
2026-01-05T19:00:00+09:00,BMS-01,88.15931687764436,29.23382290117321
2026-01-05T19:05:00+09:00,BMS-01,39.531114910195626,25.91595508927579
2026-01-05T19:10:00+09:00,BMS-01,71.38388096829489,28.955492070446955
2026-01-05T19:15:00+09:00,BMS-01,40.60176300388393,29.09520004641812
2026-01-05T19:20:00+09:00,BMS-01,32.98419440510644,30.940279459906847
2026-01-05T19:25:00+09:00,BMS-01,78.2749320014017,28.796702025229123
2026-01-05T19:30:00+09:00,BMS-01,30.000030574925837,26.958136885602123
2026-01-05T19:35:00+09:00,BMS-01,52.488873709280476,26.906300926805468
2026-01-05T19:40:00+09:00,BMS-01,47.33113337340777,28.38290526238689
2026-01-05T19:45:00+09:00,BMS-01,71.2267040852646,29.340045260863647
2026-01-05T19:50:00+09:00,BMS-01,22.565806367871097,29.85029255667319
2026-01-05T19:55:00+09:00,BMS-01,30.686809977192574,28.255674332796723
2026-01-05T20:00:00+09:00,BMS-01,48.77767824366287,29.32433249117837
2026-01-05T20:05:00+09:00,BMS-01,48.826569215318024,30.480622989958288
2026-01-05T20:10:00+09:00,BMS-01,57.78613448875004,30.523945811283397
2026-01-05T20:15:00+09:00,BMS-01,37.83994937102533,27.142046538349188
2026-01-05T20:20:00+09:00,BMS-01,25.913654354919018,27.157014706956357
2026-01-05T20:25:00+09:00,BMS-01,84.59628281571725,29.801528190708968
2026-01-05T20:30:00+09:00,BMS-01,63.732294653246,29.22520400275388
2026-01-05T20:35:00+09:00,BMS-01,49.86945031835487,31.168731817673226
2026-01-05T20:40:00+09:00,BMS-01,70.73744645767172,31.683681181655718
2026-01-05T20:45:00+09:00,BMS-01,27.994895357571707,29.848367147402165
2026-01-05T20:50:00+09:00,BMS-01,66.42144236132914,27.519880441186928
2026-01-05T20:55:00+09:00,BMS-01,20.638491314550876,28.31020042324363
2026-01-05T21:00:00+09:00,BMS-01,24.77291877666819,31.221292190190294
2026-01-05T21:05:00+09:00,BMS-01,79.50206057659,32.96820877121853
2026-01-05T21:10:00+09:00,BMS-01,61.641259992845725,32.29326190296261
2026-01-05T21:15:00+09:00,BMS-01,22.40801446343521,28.47549874168688
2026-01-05T21:20:00+09:00,BMS-01,86.38127344581834,23.991947053757986
2026-01-05T21:25:00+09:00,BMS-01,34.82678587603975,30.225262990454492
2026-01-05T21:30:00+09:00,BMS-01,27.518547324386684,29.999842001041902
2026-01-05T21:35:00+09:00,BMS-01,74.92584195534602,27.637935181677058
2026-01-05T21:40:00+09:00,BMS-01,63.99471494609129,27.81029794945462
2026-01-05T21:45:00+09:00,BMS-01,76.92873710018125,29.82274346548414
2026-01-05T21:50:00+09:00,BMS-01,50.333622612137354,27.41810321831433
2026-01-05T21:55:00+09:00,BMS-01,35.91901235122616,27.899799163143637
2026-01-05T22:00:00+09:00,BMS-01,46.04486859846366,26.21186904852944
2026-01-05T22:05:00+09:00,BMS-01,42.45496768291654,30.73941555515635
2026-01-05T22:10:00+09:00,BMS-01,26.085762094282977,31.753451495412552
2026-01-05T22:15:00+09:00,BMS-01,86.34064299772994,28.530311510584998
2026-01-05T22:20:00+09:00,BMS-01,74.49208301961899,26.930813843962902
2026-01-05T22:25:00+09:00,BMS-01,89.3828231551169,28.882868294105027
2026-01-05T22:30:00+09:00,BMS-01,24.413334353906098,29.282716576607395
2026-01-05T22:35:00+09:00,BMS-01,76.69320312589744,30.69570177656663
2026-01-05T22:40:00+09:00,BMS-01,25.102088851254212,27.10081206260791
2026-01-05T22:45:00+09:00,BMS-01,36.53233383072068,26.216130441334865
2026-01-05T22:50:00+09:00,BMS-01,79.92457652100626,26.214523153612
2026-01-05T22:55:00+09:00,BMS-01,38.304299567092635,30.887000123085926
2026-01-05T23:00:00+09:00,BMS-01,40.90868885409776,27.21875832036122
2026-01-05T23:05:00+09:00,BMS-01,46.20125010829276,28.453738956089776
2026-01-05T23:10:00+09:00,BMS-01,88.10555282218522,30.211640653141593
2026-01-05T23:15:00+09:00,BMS-01,28.303915112545354,26.57227423715523
2026-01-05T23:20:00+09:00,BMS-01,46.32899228712252,26.67886901730719
2026-01-05T23:25:00+09:00,BMS-01,27.742990480754642,32.02030722720452
2026-01-05T23:30:00+09:00,BMS-01,89.71131614664702,27.869252868232106
2026-01-05T23:35:00+09:00,BMS-01,72.03486420111037,30.02214312471527
2026-01-05T23:40:00+09:00,BMS-01,74.70637121349014,27.301316099220635
2026-01-05T23:45:00+09:00,BMS-01,28.15393856907476,29.99602898521445
2026-01-05T23:50:00+09:00,BMS-01,82.7295906911812,26.23403993954384
2026-01-05T23:55:00+09:00,BMS-01,29.70068398415467,28.775682239019943
2026-01-06T00:00:00+09:00,BMS-01,65.91185036118888,29.91599991205577
2026-01-06T00:05:00+09:00,BMS-01,20.894644395037158,29.343708487015356
2026-01-06T00:10:00+09:00,BMS-01,65.5475460253426,28.543423706231582
2026-01-06T00:15:00+09:00,BMS-01,84.7434583118445,28.044376539594243
2026-01-06T00:20:00+09:00,BMS-01,23.391159193333298,28.854249348256225
2026-01-06T00:25:00+09:00,BMS-01,64.1957870412318,27.944443173064787
2026-01-06T00:30:00+09:00,BMS-01,85.40005809329543,28.278711651403878
2026-01-06T00:35:00+09:00,BMS-01,63.87740077660813,27.54284349062279
2026-01-06T00:40:00+09:00,BMS-01,55.748115948055,27.479447020915977
2026-01-06T00:45:00+09:00,BMS-01,73.62441685551167,30.759045662925207
2026-01-06T00:50:00+09:00,BMS-01,86.08375835940629,32.388409604068556
2026-01-06T00:55:00+09:00,BMS-01,47.031853989875074,24.87744024906399
2026-01-06T01:00:00+09:00,BMS-01,79.7283030919642,30.14406337150497
2026-01-06T01:05:00+09:00,BMS-01,48.90258888599864,32.618673787099546
2026-01-06T01:10:00+09:00,BMS-01,35.055894952105966,26.928245666505205
2026-01-06T01:15:00+09:00,BMS-01,30.101368160390876,31.038521217823842
2026-01-06T01:20:00+09:00,BMS-01,28.82969846053867,28.73154185887263
2026-01-06T01:25:00+09:00,BMS-01,47.96128505575282,27.921402407460796
2026-01-06T01:30:00+09:00,BMS-01,78.78209194816023,35.14522712945674
2026-01-06T01:35:00+09:00,BMS-01,71.84310776917717,30.814663302740207
2026-01-06T01:40:00+09:00,BMS-01,24.63024373967889,28.339592660026558
2026-01-06T01:45:00+09:00,BMS-01,60.76332611486131,27.027789156637017
2026-01-06T01:50:00+09:00,BMS-01,42.41385351598327,28.52712788217703
2026-01-06T01:55:00+09:00,BMS-01,54.59528176890603,27.488022946559163
2026-01-06T02:00:00+09:00,BMS-01,23.07334304893803,27.744454340710256
2026-01-06T02:05:00+09:00,BMS-01,47.29374290773913,32.10440475409373
2026-01-06T02:10:00+09:00,BMS-01,59.155521777018286,30.097869924461584
2026-01-06T02:15:00+09:00,BMS-01,68.2716918552429,27.91447256015789
2026-01-06T02:20:00+09:00,BMS-01,32.902544319847784,31.474984842603583
2026-01-06T02:25:00+09:00,BMS-01,71.83324217373405,31.525090171428918
2026-01-06T02:30:00+09:00,BMS-01,75.87238327347305,28.316463532435087
2026-01-06T02:35:00+09:00,BMS-01,84.6180216196582,28.22951556459245
2026-01-06T02:40:00+09:00,BMS-01,57.987380181628446,28.877505959311705
2026-01-06T02:45:00+09:00,BMS-01,86.18222914463021,27.28357409742411
2026-01-06T02:50:00+09:00,BMS-01,55.504709644439174,24.581987685139236
2026-01-06T02:55:00+09:00,BMS-01,36.43439964090041,33.07622424678273
2026-01-06T03:00:00+09:00,BMS-01,25.3032540171622,32.92337960966878
2026-01-06T03:05:00+09:00,BMS-01,84.42659704694901,32.84516078957234
2026-01-06T03:10:00+09:00,BMS-01,34.48889581622382,28.61023862634951
2026-01-06T03:15:00+09:00,BMS-01,79.04551388982792,31.01107761908988
2026-01-06T03:20:00+09:00,BMS-01,85.63081074618685,31.41170214535758
2026-01-06T03:25:00+09:00,BMS-01,20.79455134148897,30.07842232147065
2026-01-06T03:30:00+09:00,BMS-01,60.34877429512576,29.05513431216292
2026-01-06T03:35:00+09:00,BMS-01,36.21545841734422,29.012121226909247
2026-01-06T03:40:00+09:00,BMS-01,55.13579872826706,28.49207016875874
2026-01-06T03:45:00+09:00,BMS-01,59.507071571024916,25.393572447348138
2026-01-06T03:50:00+09:00,BMS-01,66.66613365628149,26.77864643073925
2026-01-06T03:55:00+09:00,BMS-01,77.62421443387645,31.12252655105189
2026-01-06T04:00:00+09:00,BMS-01,27.66326419079346,30.096163387028188
2026-01-06T04:05:00+09:00,BMS-01,46.9788805302667,27.072295501035214
2026-01-06T04:10:00+09:00,BMS-01,73.4787588089537,30.877431343649523
2026-01-06T04:15:00+09:00,BMS-01,67.59793659102567,28.999395994379718
2026-01-06T04:20:00+09:00,BMS-01,63.94817752286774,29.285721449243795
2026-01-06T04:25:00+09:00,BMS-01,58.548446055667,27.011403474612766
2026-01-06T04:30:00+09:00,BMS-01,26.011986432699267,30.90261602589407
2026-01-06T04:35:00+09:00,BMS-01,44.14545400718479,29.429618962626037
2026-01-06T04:40:00+09:00,BMS-01,22.13281024788863,29.278094187535086
2026-01-06T04:45:00+09:00,BMS-01,48.83845833744051,32.003624815615
2026-01-06T04:50:00+09:00,BMS-01,71.21834284462585,29.98005506880506
2026-01-06T04:55:00+09:00,BMS-01,37.87399941965881,30.73933714311402
2026-01-06T05:00:00+09:00,BMS-01,47.666160573271775,31.5147973158668
2026-01-06T05:05:00+09:00,BMS-01,80.03103192655688,30.153546224015088
2026-01-06T05:10:00+09:00,BMS-01,81.61094564476895,28.64860681563516
2026-01-06T05:15:00+09:00,BMS-01,88.98465116415882,26.180579121648165
2026-01-06T05:20:00+09:00,BMS-01,40.86997334619371,29.710775758283344
2026-01-06T05:25:00+09:00,BMS-01,55.73360732204138,32.895926946971635
2026-01-06T05:30:00+09:00,BMS-01,51.689926802366514,31.224055001011124
2026-01-06T05:35:00+09:00,BMS-01,74.07578645829066,28.892755486746353
2026-01-06T05:40:00+09:00,BMS-01,48.88606775984848,28.37620206130273
2026-01-06T05:45:00+09:00,BMS-01,75.15885545295895,29.544292030583062
2026-01-06T05:50:00+09:00,BMS-01,23.39103878435108,29.0829552045418
2026-01-06T05:55:00+09:00,BMS-01,60.33860141167487,30.64606041876706
2026-01-06T06:00:00+09:00,BMS-01,44.30219163332617,29.386229993036853
2026-01-06T06:05:00+09:00,BMS-01,40.713135605789205,30.64948131324838
2026-01-06T06:10:00+09:00,BMS-01,88.25168471217619,32.06213656013756
2026-01-06T06:15:00+09:00,BMS-01,71.74142745444472,30.018048905867808
2026-01-06T06:20:00+09:00,BMS-01,27.215757286510424,28.011353390594167
2026-01-06T06:25:00+09:00,BMS-01,42.20578283032765,28.818546723002395
2026-01-06T06:30:00+09:00,BMS-01,86.8487083012068,26.600692348885705
2026-01-06T06:35:00+09:00,BMS-01,87.26040163757693,26.785128919944764
2026-01-06T06:40:00+09:00,BMS-01,34.654681819320544,27.56888038936619
2026-01-06T06:45:00+09:00,BMS-01,27.757144117441435,28.864567528793266
2026-01-06T06:50:00+09:00,BMS-01,68.71101850986251,28.580092655398253
2026-01-06T06:55:00+09:00,BMS-01,58.876160658785366,27.281584462374447
2026-01-06T07:00:00+09:00,BMS-01,50.85206108012669,28.941874671741342
2026-01-06T07:05:00+09:00,BMS-01,82.17397217147608,27.355478303373715
2026-01-06T07:10:00+09:00,BMS-01,60.13809249416677,30.927464981593353
2026-01-06T07:15:00+09:00,BMS-01,59.10456409342005,28.25319807879881
2026-01-06T07:20:00+09:00,BMS-01,24.74486161639397,29.997723838312968
2026-01-06T07:25:00+09:00,BMS-01,78.70976958243864,29.683174678737807
2026-01-06T07:30:00+09:00,BMS-01,30.032134714498977,27.675918401772748
2026-01-06T07:35:00+09:00,BMS-01,51.061173719153345,30.30102224094863
2026-01-06T07:40:00+09:00,BMS-01,60.65525279484827,25.56583879641761
2026-01-06T07:45:00+09:00,BMS-01,20.090624265338104,28.4175970181611
2026-01-06T07:50:00+09:00,BMS-01,51.8697395889175,30.423431275801537
2026-01-06T07:55:00+09:00,BMS-01,44.73365981515121,31.858111637099988
2026-01-06T08:00:00+09:00,BMS-01,46.16971127234471,29.468001232125314
2026-01-06T08:05:00+09:00,BMS-01,47.62404326857207,31.945170261153795
2026-01-06T08:10:00+09:00,BMS-01,78.56880871458085,26.708087717057563
2026-01-06T08:15:00+09:00,BMS-01,83.54366170526114,31.994592501570335
2026-01-06T08:20:00+09:00,BMS-01,59.144780731576624,29.883505352501547
2026-01-06T08:25:00+09:00,BMS-01,20.78338861961561,28.246273841479898
2026-01-06T08:30:00+09:00,BMS-01,74.06931719785108,30.2845079963159
2026-01-06T08:35:00+09:00,BMS-01,77.575681249147,29.725131163239816
2026-01-06T08:40:00+09:00,BMS-01,66.03657278438361,28.165599484055065
2026-01-06T08:45:00+09:00,BMS-01,27.922133262687574,29.104182877016477
2026-01-06T08:50:00+09:00,BMS-01,41.27256860537594,27.858660623913718
2026-01-06T08:55:00+09:00,BMS-01,28.988700614132817,28.92230076745092
2026-01-06T09:00:00+09:00,BMS-01,68.64475606990014,29.05943155095344
2026-01-06T09:05:00+09:00,BMS-01,87.26036001951242,29.095510643430725
2026-01-06T09:10:00+09:00,BMS-01,39.215568460305114,29.59317863394924
2026-01-06T09:15:00+09:00,BMS-01,87.86604480372554,27.636180357776006
2026-01-06T09:20:00+09:00,BMS-01,51.12590141885656,29.20238746609027
2026-01-06T09:25:00+09:00,BMS-01,89.72949747483173,28.43443139178967
2026-01-06T09:30:00+09:00,BMS-01,33.248491197170715,28.427916551763854
2026-01-06T09:35:00+09:00,BMS-01,48.63684406903932,27.367027251721918
2026-01-06T09:40:00+09:00,BMS-01,46.555998420071724,30.238296173649136
2026-01-06T09:45:00+09:00,BMS-01,41.671968207451435,31.007618860249934
2026-01-06T09:50:00+09:00,BMS-01,26.781575869422202,30.097294473616383
2026-01-06T09:55:00+09:00,BMS-01,47.63996771884198,27.967717295118568
2026-01-06T10:00:00+09:00,BMS-01,74.88156904992277,28.945145193055584
2026-01-06T10:05:00+09:00,BMS-01,56.33358633792611,31.928141315449775
2026-01-06T10:10:00+09:00,BMS-01,88.96339660975543,26.945271211652987
2026-01-06T10:15:00+09:00,BMS-01,46.87509646382402,27.704727303476016
2026-01-06T10:20:00+09:00,BMS-01,43.45837759598286,27.4859460822939
2026-01-06T10:25:00+09:00,BMS-01,67.6292821043407,29.449556376696513
2026-01-06T10:30:00+09:00,BMS-01,33.625631217104235,26.39019703745655
2026-01-06T10:35:00+09:00,BMS-01,40.533287659266236,30.047556501130565
2026-01-06T10:40:00+09:00,BMS-01,86.22104587666759,29.225069352487456
2026-01-06T10:45:00+09:00,BMS-01,56.01373170019656,27.212733787920858
2026-01-06T10:50:00+09:00,BMS-01,62.88468929098051,30.906331587961386
2026-01-06T10:55:00+09:00,BMS-01,72.64801094939833,28.66278123496679
2026-01-06T11:00:00+09:00,BMS-01,40.279551081718246,30.132931185375508
2026-01-06T11:05:00+09:00,BMS-01,60.185824835618696,31.002799994408107
2026-01-06T11:10:00+09:00,BMS-01,25.44777602927619,27.813028149730314
2026-01-06T11:15:00+09:00,BMS-01,57.070582679794555,27.85599311366061
2026-01-06T11:20:00+09:00,BMS-01,65.17176007155018,28.34942181212754
2026-01-06T11:25:00+09:00,BMS-01,86.09484824292929,28.797090775769647
2026-01-06T11:30:00+09:00,BMS-01,78.27714715653191,28.09955273952015
2026-01-06T11:35:00+09:00,BMS-01,38.264281273472264,29.608675184648185
2026-01-06T11:40:00+09:00,BMS-01,41.16668825344548,28.412434453546393
2026-01-06T11:45:00+09:00,BMS-01,47.543451323811695,29.34527104224924
2026-01-06T11:50:00+09:00,BMS-01,57.15655300220625,29.250380342222442
2026-01-06T11:55:00+09:00,BMS-01,51.28668619854532,33.39289384948352
2026-01-06T12:00:00+09:00,BMS-01,74.48356538866753,27.89007305881144
2026-01-06T12:05:00+09:00,BMS-01,31.52691775387156,25.41737635266834
2026-01-06T12:10:00+09:00,BMS-01,68.25850586557637,25.319586819190103
2026-01-06T12:15:00+09:00,BMS-01,40.68287605550892,27.987918031673203
2026-01-06T12:20:00+09:00,BMS-01,86.97340012346037,28.588829788704693
2026-01-06T12:25:00+09:00,BMS-01,64.15262455072096,26.770357906692254
2026-01-06T12:30:00+09:00,BMS-01,31.000545930963597,30.696437644451617
2026-01-06T12:35:00+09:00,BMS-01,49.81052849562141,27.489851717316483
2026-01-06T12:40:00+09:00,BMS-01,38.67214161277029,34.2003349932263
2026-01-06T12:45:00+09:00,BMS-01,70.9359986305604,25.095869732306085
2026-01-06T12:50:00+09:00,BMS-01,79.84561580234916,31.12463965191033
2026-01-06T12:55:00+09:00,BMS-01,23.543349768458377,29.718069229205764
2026-01-06T13:00:00+09:00,BMS-01,76.09093303764722,30.059482297165648
2026-01-06T13:05:00+09:00,BMS-01,73.67767568828211,23.68976261938188
2026-01-06T13:10:00+09:00,BMS-01,70.09377054852503,27.581073548590407
2026-01-06T13:15:00+09:00,BMS-01,24.994046330343924,29.84819937967401
2026-01-06T13:20:00+09:00,BMS-01,20.202127374333845,33.726283437270226
2026-01-06T13:25:00+09:00,BMS-01,69.86731858705994,28.743056218401808
2026-01-06T13:30:00+09:00,BMS-01,27.833204544551506,29.042649593634774
2026-01-06T13:35:00+09:00,BMS-01,29.942396319760938,27.70040290086517
2026-01-06T13:40:00+09:00,BMS-01,60.82187160654635,28.968032245483016
2026-01-06T13:45:00+09:00,BMS-01,33.27143763784057,28.478655327605935
2026-01-06T13:50:00+09:00,BMS-01,85.68802032582992,29.35550425297431
2026-01-06T13:55:00+09:00,BMS-01,73.56463651141635,28.077762594055994
2026-01-06T14:00:00+09:00,BMS-01,70.98840718322265,28.4929647160669
2026-01-06T14:05:00+09:00,BMS-01,52.559594015796755,28.009885826477554
2026-01-06T14:10:00+09:00,BMS-01,77.20761410565581,27.13054400714692
2026-01-06T14:15:00+09:00,BMS-01,23.482730184558896,31.228055462104884
2026-01-06T14:20:00+09:00,BMS-01,80.23539492366201,25.207528541028047
2026-01-06T14:25:00+09:00,BMS-01,72.44183759921263,32.46150953785488
2026-01-06T14:30:00+09:00,BMS-01,30.57154902856652,27.197293909884102
2026-01-06T14:35:00+09:00,BMS-01,23.276183980523008,29.471531556436272
2026-01-06T14:40:00+09:00,BMS-01,25.241126119513396,26.795001192705413
2026-01-06T14:45:00+09:00,BMS-01,88.98626584453314,26.66853338975202
2026-01-06T14:50:00+09:00,BMS-01,59.77271048687225,28.32317354784289
2026-01-06T14:55:00+09:00,BMS-01,60.437871008324024,28.795126477625043
2026-01-06T15:00:00+09:00,BMS-01,47.37293187692242,26.67580142060808
2026-01-06T15:05:00+09:00,BMS-01,47.92710821224597,28.216418032876636
2026-01-06T15:10:00+09:00,BMS-01,48.736714026066124,27.661691269494526
2026-01-06T15:15:00+09:00,BMS-01,38.00333009998382,25.93843012494284
2026-01-06T15:20:00+09:00,BMS-01,32.48101278942652,31.911258511251475
2026-01-06T15:25:00+09:00,BMS-01,83.00330525661825,31.8599970806517
2026-01-06T15:30:00+09:00,BMS-01,71.37662099810979,27.134518750978035
2026-01-06T15:35:00+09:00,BMS-01,79.92082267262008,29.076945839363123
2026-01-06T15:40:00+09:00,BMS-01,31.07313929741593,25.20891319103922
2026-01-06T15:45:00+09:00,BMS-01,76.14552146028053,28.475427507668286
2026-01-06T15:50:00+09:00,BMS-01,42.40805053458628,30.903125308742762
2026-01-06T15:55:00+09:00,BMS-01,86.58795964094026,29.944879602926
2026-01-06T16:00:00+09:00,BMS-01,33.89276826734195,27.762393376931353
2026-01-06T16:05:00+09:00,BMS-01,39.210697297214175,30.465805934813314
2026-01-06T16:10:00+09:00,BMS-01,34.55317359836362,27.44631463308182
2026-01-06T16:15:00+09:00,BMS-01,80.13016588234827,29.36243350048139
2026-01-06T16:20:00+09:00,BMS-01,51.91129197287022,30.388156571364135
2026-01-06T16:25:00+09:00,BMS-01,30.01577497406473,29.676325286111798
2026-01-06T16:30:00+09:00,BMS-01,69.41812247028538,28.77213711852705
2026-01-06T16:35:00+09:00,BMS-01,26.296462519870637,25.078940111440204
2026-01-06T16:40:00+09:00,BMS-01,36.291027618173125,30.762534358327468
2026-01-06T16:45:00+09:00,BMS-01,21.341322312774114,29.14656323366951
2026-01-06T16:50:00+09:00,BMS-01,47.769865039209115,28.808831988147478
2026-01-06T16:55:00+09:00,BMS-01,69.75154358622726,30.704950204718454
2026-01-06T17:00:00+09:00,BMS-01,47.67682732137589,30.41028428688579
2026-01-06T17:05:00+09:00,BMS-01,56.371583323117655,27.451955846315787
2026-01-06T17:10:00+09:00,BMS-01,38.06854034389825,32.17847272366244
2026-01-06T17:15:00+09:00,BMS-01,86.36138567464127,31.447790579581355
2026-01-06T17:20:00+09:00,BMS-01,46.141606836838676,30.64365978324145
2026-01-06T17:25:00+09:00,BMS-01,74.41987150484286,30.43436233181004
2026-01-06T17:30:00+09:00,BMS-01,58.263353201323376,29.01822318106402
2026-01-06T17:35:00+09:00,BMS-01,65.39817084504301,30.06669662093591
2026-01-06T17:40:00+09:00,BMS-01,41.793607264291666,29.980532625622963
2026-01-06T17:45:00+09:00,BMS-01,27.05368527626653,29.41762994077736
2026-01-06T17:50:00+09:00,BMS-01,37.52635106706833,30.397559030045578
2026-01-06T17:55:00+09:00,BMS-01,34.95214725458714,26.35031562817882
2026-01-06T18:00:00+09:00,BMS-01,39.9128706655161,28.385581454658283
2026-01-06T18:05:00+09:00,BMS-01,77.11347483243611,28.5750537793439
2026-01-06T18:10:00+09:00,BMS-01,39.641271996845944,31.356555106819005
2026-01-06T18:15:00+09:00,BMS-01,49.848647338918624,30.704950595496086
2026-01-06T18:20:00+09:00,BMS-01,44.96666114005252,25.696911180662546
2026-01-06T18:25:00+09:00,BMS-01,72.33957881911192,28.018402237721812
2026-01-06T18:30:00+09:00,BMS-01,74.49474738696352,29.59410367417441
2026-01-06T18:35:00+09:00,BMS-01,60.91272302888168,25.762352980115146
2026-01-06T18:40:00+09:00,BMS-01,55.375990910846994,28.76475559960171
2026-01-06T18:45:00+09:00,BMS-01,47.337719515842686,28.126684830566333
2026-01-06T18:50:00+09:00,BMS-01,42.1824370560358,23.954835390393008
2026-01-06T18:55:00+09:00,BMS-01,36.41534095621004,30.803088029146664
2026-01-06T19:00:00+09:00,BMS-01,56.12062534669168,27.46638818698463
2026-01-06T19:05:00+09:00,BMS-01,89.41639931799533,24.710773532412702
2026-01-06T19:10:00+09:00,BMS-01,44.484114347485026,29.424108313965462
2026-01-06T19:15:00+09:00,BMS-01,68.25091803167815,27.80873654491974
2026-01-06T19:20:00+09:00,BMS-01,47.89809224775199,28.784903878197056
2026-01-06T19:25:00+09:00,BMS-01,66.93935169482067,28.91334395677624
2026-01-06T19:30:00+09:00,BMS-01,29.57703416299274,27.275319930898256
2026-01-06T19:35:00+09:00,BMS-01,89.84584734238928,31.224489805342465
2026-01-06T19:40:00+09:00,BMS-01,34.76999084617889,29.616442702546973
2026-01-06T19:45:00+09:00,BMS-01,42.96413518559159,29.4304976628932
2026-01-06T19:50:00+09:00,BMS-01,72.29574740176348,29.826634401325748
2026-01-06T19:55:00+09:00,BMS-01,75.71273871858628,28.568131764838427
2026-01-06T20:00:00+09:00,BMS-01,87.51889329022026,27.781671646209052
2026-01-06T20:05:00+09:00,BMS-01,73.88782518066468,29.281814214277894
2026-01-06T20:10:00+09:00,BMS-01,33.24947501407634,27.81972245173566
2026-01-06T20:15:00+09:00,BMS-01,89.18672074788198,26.915904733478264
2026-01-06T20:20:00+09:00,BMS-01,77.92836637665403,27.257391617795776
2026-01-06T20:25:00+09:00,BMS-01,45.80140972336229,29.502579697175527
2026-01-06T20:30:00+09:00,BMS-01,70.06681234131992,35.05116853782524
2026-01-06T20:35:00+09:00,BMS-01,38.59510065522584,27.80193013783411
2026-01-06T20:40:00+09:00,BMS-01,35.38723217635324,30.643752989237964
2026-01-06T20:45:00+09:00,BMS-01,59.47981282885601,26.496562852327127
2026-01-06T20:50:00+09:00,BMS-01,24.304474617346674,25.868772404475067
2026-01-06T20:55:00+09:00,BMS-01,25.0890310408836,29.84980157854143
2026-01-06T21:00:00+09:00,BMS-01,77.15847271544021,32.08842312260782
2026-01-06T21:05:00+09:00,BMS-01,28.031971924390785,29.71906213194819
2026-01-06T21:10:00+09:00,BMS-01,85.98171497043188,28.291718641254075
2026-01-06T21:15:00+09:00,BMS-01,33.46962949848951,30.632329416184433
2026-01-06T21:20:00+09:00,BMS-01,46.49250620621822,29.387391586367944
2026-01-06T21:25:00+09:00,BMS-01,77.0979009488436,31.33349149782491
2026-01-06T21:30:00+09:00,BMS-01,87.78766562592145,32.292982973113965
2026-01-06T21:35:00+09:00,BMS-01,63.19017072688659,29.200268448245545
2026-01-06T21:40:00+09:00,BMS-01,64.06873990516507,28.76210715574355
2026-01-06T21:45:00+09:00,BMS-01,24.99146785340046,26.910264208934866
2026-01-06T21:50:00+09:00,BMS-01,22.929360736296815,24.330797597670145
2026-01-06T21:55:00+09:00,BMS-01,83.5412421430643,29.028847021881283
2026-01-06T22:00:00+09:00,BMS-01,80.95742805140726,30.55028255639085
2026-01-06T22:05:00+09:00,BMS-01,72.36859944665385,28.575242708973892
2026-01-06T22:10:00+09:00,BMS-01,68.24040463289496,31.900292131975533
2026-01-06T22:15:00+09:00,BMS-01,52.181617825320394,27.984011164228804
2026-01-06T22:20:00+09:00,BMS-01,50.906867759105424,31.09855415606813
2026-01-06T22:25:00+09:00,BMS-01,40.98731321066321,29.935085867996982
2026-01-06T22:30:00+09:00,BMS-01,58.60705883274501,31.940498466680154
2026-01-06T22:35:00+09:00,BMS-01,28.577877448813073,29.916149452307273
2026-01-06T22:40:00+09:00,BMS-01,37.92981449581449,27.956077012945045
2026-01-06T22:45:00+09:00,BMS-01,86.91684609078943,26.582576586215737
2026-01-06T22:50:00+09:00,BMS-01,51.99389260781525,29.524371031577644
2026-01-06T22:55:00+09:00,BMS-01,54.36991197966408,28.191506396713674
2026-01-06T23:00:00+09:00,BMS-01,66.39437057546886,23.452679948365315
2026-01-06T23:05:00+09:00,BMS-01,69.83218353671623,32.10057063246363
2026-01-06T23:10:00+09:00,BMS-01,70.03568823090042,29.76086014966163
2026-01-06T23:15:00+09:00,BMS-01,27.95668540413122,30.478125897272598
2026-01-06T23:20:00+09:00,BMS-01,55.05578167570557,29.19724955912391
2026-01-06T23:25:00+09:00,BMS-01,83.12104257833997,31.081433995172063
2026-01-06T23:30:00+09:00,BMS-01,30.903222766950485,28.13549461309155
2026-01-06T23:35:00+09:00,BMS-01,41.43938599331314,28.950247940074263
2026-01-06T23:40:00+09:00,BMS-01,85.09576510664863,30.476749191331155
2026-01-06T23:45:00+09:00,BMS-01,45.07993128041092,25.5607864684293
2026-01-06T23:50:00+09:00,BMS-01,70.42427936553003,25.42469219932341
2026-01-06T23:55:00+09:00,BMS-01,77.39880592537004,29.447277744476455
2026-01-07T00:00:00+09:00,BMS-01,28.176699064282623,29.02821788555648
2026-01-07T00:05:00+09:00,BMS-01,23.76481971700465,26.46556658075143
2026-01-07T00:10:00+09:00,BMS-01,42.802917434434534,29.90379310351027
2026-01-07T00:15:00+09:00,BMS-01,60.6768086484458,28.717087495983414
2026-01-07T00:20:00+09:00,BMS-01,48.31290239987019,28.842471410973403
2026-01-07T00:25:00+09:00,BMS-01,30.50305328354913,31.810963593561905
2026-01-07T00:30:00+09:00,BMS-01,70.76380896790208,30.14198269091159
2026-01-07T00:35:00+09:00,BMS-01,56.347829566643846,31.351920425662847
2026-01-07T00:40:00+09:00,BMS-01,41.48107333169748,28.437702291665335
2026-01-07T00:45:00+09:00,BMS-01,56.96838522771633,31.56976641316925
2026-01-07T00:50:00+09:00,BMS-01,82.29997932558689,29.645243574579744
2026-01-07T00:55:00+09:00,BMS-01,85.48092309667223,26.492380418356422
2026-01-07T01:00:00+09:00,BMS-01,78.68271904118087,31.804986588808408
2026-01-07T01:05:00+09:00,BMS-01,51.49638610240212,32.083948522508656
2026-01-07T01:10:00+09:00,BMS-01,76.8568170502271,29.917231306951365
2026-01-07T01:15:00+09:00,BMS-01,85.67057932398492,28.34868270492439
2026-01-07T01:20:00+09:00,BMS-01,71.61074604640379,29.907249082341878
2026-01-07T01:25:00+09:00,BMS-01,61.62359136349917,33.26707327699444
2026-01-07T01:30:00+09:00,BMS-01,40.191148708305896,31.03070885536441
2026-01-07T01:35:00+09:00,BMS-01,24.27871854389166,29.8599882554059
2026-01-07T01:40:00+09:00,BMS-01,38.34994988923921,28.89921633971274
2026-01-07T01:45:00+09:00,BMS-01,34.50945336952962,30.048983524847145
2026-01-07T01:50:00+09:00,BMS-01,62.89210575715079,31.556385977942416
2026-01-07T01:55:00+09:00,BMS-01,44.3331300803485,29.67323875418131
2026-01-07T02:00:00+09:00,BMS-01,22.828294587201484,28.082773027713337
2026-01-07T02:05:00+09:00,BMS-01,41.43790850067129,26.850894761694562
2026-01-07T02:10:00+09:00,BMS-01,85.9061360319065,26.73824925654494
2026-01-07T02:15:00+09:00,BMS-01,64.86259442226789,28.541333185460587
2026-01-07T02:20:00+09:00,BMS-01,46.90242671672563,25.00251312206426
2026-01-07T02:25:00+09:00,BMS-01,48.488211675852455,30.080171509467405
2026-01-07T02:30:00+09:00,BMS-01,64.95479835875756,28.94204099996686
2026-01-07T02:35:00+09:00,BMS-01,81.82719435297957,27.261401686348464
2026-01-07T02:40:00+09:00,BMS-01,71.30137327838845,31.360714715910394
2026-01-07T02:45:00+09:00,BMS-01,21.29414171735703,25.962027629470832
2026-01-07T02:50:00+09:00,BMS-01,75.61877892868249,29.94311154514343
2026-01-07T02:55:00+09:00,BMS-01,84.08123983401545,27.558696655294266
2026-01-07T03:00:00+09:00,BMS-01,57.9477683030007,30.724612132344255
2026-01-07T03:05:00+09:00,BMS-01,84.95500097073416,29.104217444882934
2026-01-07T03:10:00+09:00,BMS-01,66.2011891940177,27.46330620885237
2026-01-07T03:15:00+09:00,BMS-01,50.7332552552213,28.03145651579589
2026-01-07T03:20:00+09:00,BMS-01,69.7997371503229,32.33586489675072
2026-01-07T03:25:00+09:00,BMS-01,44.161707319461115,32.632926981888204
2026-01-07T03:30:00+09:00,BMS-01,69.91631699788151,32.831762913805605
2026-01-07T03:35:00+09:00,BMS-01,60.33017682620739,30.77402974276153
2026-01-07T03:40:00+09:00,BMS-01,25.359730974900103,26.549899964085455
2026-01-07T03:45:00+09:00,BMS-01,55.21446292366623,32.67767759918593
2026-01-07T03:50:00+09:00,BMS-01,59.76246318511809,25.887889753844476
2026-01-07T03:55:00+09:00,BMS-01,76.41270725978171,28.865055946270843
2026-01-07T04:00:00+09:00,BMS-01,89.22434430723284,29.008389108239065
2026-01-07T04:05:00+09:00,BMS-01,36.64947274497835,29.248890322663133
2026-01-07T04:10:00+09:00,BMS-01,77.26849467866202,25.883308574603916
2026-01-07T04:15:00+09:00,BMS-01,43.32422261806253,30.223448794058736
2026-01-07T04:20:00+09:00,BMS-01,27.125680283932965,28.596960530312064
2026-01-07T04:25:00+09:00,BMS-01,21.711346287324325,29.942020532151947
2026-01-07T04:30:00+09:00,BMS-01,65.57759505362264,29.94602232147615
2026-01-07T04:35:00+09:00,BMS-01,27.10178924948128,27.30868459717421
2026-01-07T04:40:00+09:00,BMS-01,84.82949063248402,28.437096427754454
2026-01-07T04:45:00+09:00,BMS-01,49.95280606216397,26.83042484238185
2026-01-07T04:50:00+09:00,BMS-01,21.523646625059296,33.68911495115172
2026-01-07T04:55:00+09:00,BMS-01,24.204407713455684,28.351720162048604
2026-01-07T05:00:00+09:00,BMS-01,45.88476432376466,30.55853687057655
2026-01-07T05:05:00+09:00,BMS-01,72.2874365426344,32.079808669310225
2026-01-07T05:10:00+09:00,BMS-01,58.315647966589324,29.49796232453632
2026-01-07T05:15:00+09:00,BMS-01,81.14644433491925,29.69249089526915
2026-01-07T05:20:00+09:00,BMS-01,51.969668607409005,30.747495781829755
2026-01-07T05:25:00+09:00,BMS-01,30.066111994786198,29.79785049590775
2026-01-07T05:30:00+09:00,BMS-01,77.6712152143584,30.74976554796008
2026-01-07T05:35:00+09:00,BMS-01,60.7246626635787,30.39819398858029
2026-01-07T05:40:00+09:00,BMS-01,79.06344221206844,30.317549182718906
2026-01-07T05:45:00+09:00,BMS-01,88.20736791108911,27.52465036013674
2026-01-07T05:50:00+09:00,BMS-01,52.82656634688713,27.507329653895873
2026-01-07T05:55:00+09:00,BMS-01,80.05564651992519,30.84862081345168
2026-01-07T06:00:00+09:00,BMS-01,70.66579318309947,27.789739780468413
2026-01-07T06:05:00+09:00,BMS-01,65.1277580024252,28.220154128916494
2026-01-07T06:10:00+09:00,BMS-01,70.77749048640679,25.154580931368866
2026-01-07T06:15:00+09:00,BMS-01,64.71161393145454,28.196688246308025
2026-01-07T06:20:00+09:00,BMS-01,63.035006837400594,29.558188002486034
2026-01-07T06:25:00+09:00,BMS-01,79.30545454737027,29.95200926928406
2026-01-07T06:30:00+09:00,BMS-01,29.95370910413974,27.58532100181151
2026-01-07T06:35:00+09:00,BMS-01,31.974277547045464,30.151906873450145
2026-01-07T06:40:00+09:00,BMS-01,54.71862847717272,29.06706322523122
2026-01-07T06:45:00+09:00,BMS-01,34.76881647454013,28.72582628790828
2026-01-07T06:50:00+09:00,BMS-01,54.138108012363055,32.38307121196267
2026-01-07T06:55:00+09:00,BMS-01,89.8194151458844,30.0497917758322
2026-01-07T07:00:00+09:00,BMS-01,34.68603345411024,28.817458346625454
2026-01-07T07:05:00+09:00,BMS-01,28.30694845752476,31.3483832095527
2026-01-07T07:10:00+09:00,BMS-01,45.980434115836424,29.678911682117207
2026-01-07T07:15:00+09:00,BMS-01,71.32450160488108,31.173796628140924
2026-01-07T07:20:00+09:00,BMS-01,84.94084690642063,31.294078694007972
2026-01-07T07:25:00+09:00,BMS-01,72.2903382719453,28.20102930492879
2026-01-07T07:30:00+09:00,BMS-01,27.69647603266931,28.504893151196285
2026-01-07T07:35:00+09:00,BMS-01,64.00585094398491,31.005207006097425
2026-01-07T07:40:00+09:00,BMS-01,76.1243696284703,28.835861891038594
2026-01-07T07:45:00+09:00,BMS-01,76.07570097118806,27.63791294382538
2026-01-07T07:50:00+09:00,BMS-01,55.73105801236117,26.888171696501917
2026-01-07T07:55:00+09:00,BMS-01,67.7325378340866,29.362598680533434
2026-01-07T08:00:00+09:00,BMS-01,74.42780004806384,27.764584049891518
2026-01-07T08:05:00+09:00,BMS-01,53.031580899656504,31.817074462046357
2026-01-07T08:10:00+09:00,BMS-01,51.106123428168225,32.2165703033927
2026-01-07T08:15:00+09:00,BMS-01,85.21074034859068,26.82030042283206
2026-01-07T08:20:00+09:00,BMS-01,89.9976293716852,27.992363823992992
2026-01-07T08:25:00+09:00,BMS-01,68.71832662437875,31.003623954194936
2026-01-07T08:30:00+09:00,BMS-01,37.01400600188071,29.372964377900622
2026-01-07T08:35:00+09:00,BMS-01,89.23361051089577,31.73713241604834
2026-01-07T08:40:00+09:00,BMS-01,22.753839653291923,28.378352943418843
2026-01-07T08:45:00+09:00,BMS-01,45.054351642667434,30.67337760830288
2026-01-07T08:50:00+09:00,BMS-01,43.511058333449974,31.026475596183616
2026-01-07T08:55:00+09:00,BMS-01,22.260493173346095,25.836201291227454
2026-01-07T09:00:00+09:00,BMS-01,38.17713663840118,29.21023287724817
2026-01-07T09:05:00+09:00,BMS-01,45.39161748074523,26.35820813264465
2026-01-07T09:10:00+09:00,BMS-01,24.81732648771328,29.81396712315571
2026-01-07T09:15:00+09:00,BMS-01,56.27444781237922,30.033674152344094
2026-01-07T09:20:00+09:00,BMS-01,60.37029191368302,29.0126370131461
2026-01-07T09:25:00+09:00,BMS-01,49.05702488794179,32.067627614601406
2026-01-07T09:30:00+09:00,BMS-01,79.3631230091318,30.543345919468315
2026-01-07T09:35:00+09:00,BMS-01,35.03839000572296,30.790197548517
2026-01-07T09:40:00+09:00,BMS-01,51.70428173910161,34.04535223618393
2026-01-07T09:45:00+09:00,BMS-01,28.726092499711477,31.398291584366184
2026-01-07T09:50:00+09:00,BMS-01,37.40013482187392,28.94150838688152
2026-01-07T09:55:00+09:00,BMS-01,71.27496511025461,25.78471942290903
2026-01-07T10:00:00+09:00,BMS-01,49.82179958250357,27.93445703368459
2026-01-07T10:05:00+09:00,BMS-01,66.78805485914819,29.017496884981224
2026-01-07T10:10:00+09:00,BMS-01,38.67474420806329,29.89418421059554
2026-01-07T10:15:00+09:00,BMS-01,20.574371920316775,28.274936286896175
2026-01-07T10:20:00+09:00,BMS-01,62.58910281256212,31.224592995767143
2026-01-07T10:25:00+09:00,BMS-01,37.30243802600714,30.818370022046473
2026-01-07T10:30:00+09:00,BMS-01,51.83001771824048,28.979593740698505
2026-01-07T10:35:00+09:00,BMS-01,65.67524535555492,25.52937898343615
2026-01-07T10:40:00+09:00,BMS-01,84.41502987193152,28.411570120238014
2026-01-07T10:45:00+09:00,BMS-01,85.75572294266063,30.941439244231915
2026-01-07T10:50:00+09:00,BMS-01,74.68469322429644,29.37829185094925
2026-01-07T10:55:00+09:00,BMS-01,22.245477747116695,32.366549728138494
2026-01-07T11:00:00+09:00,BMS-01,33.37220765514877,30.214650233256755
2026-01-07T11:05:00+09:00,BMS-01,33.05858469132856,31.33081760273874
2026-01-07T11:10:00+09:00,BMS-01,78.16338499811395,29.936873500285405
2026-01-07T11:15:00+09:00,BMS-01,26.370123633183837,29.59309719733965
2026-01-07T11:20:00+09:00,BMS-01,67.52974599665346,26.298407408540204
2026-01-07T11:25:00+09:00,BMS-01,56.32692154525417,31.270878528158715
2026-01-07T11:30:00+09:00,BMS-01,86.63623484187241,30.134601790039113
2026-01-07T11:35:00+09:00,BMS-01,24.683228782738073,29.775534781586675
2026-01-07T11:40:00+09:00,BMS-01,21.785516409820975,31.152952377297307
2026-01-07T11:45:00+09:00,BMS-01,71.13957499443018,31.68280226056315
2026-01-07T11:50:00+09:00,BMS-01,56.714770939829364,34.29547445491146
2026-01-07T11:55:00+09:00,BMS-01,23.93670933595988,30.976328318088626
2026-01-07T12:00:00+09:00,BMS-01,54.50413425984104,27.796069534093903
2026-01-07T12:05:00+09:00,BMS-01,56.078218247881466,28.019444712602553
2026-01-07T12:10:00+09:00,BMS-01,86.85272873398077,30.434528679297205
2026-01-07T12:15:00+09:00,BMS-01,67.57138064886031,27.031645687329526
2026-01-07T12:20:00+09:00,BMS-01,33.93763295874091,31.3052242162966
2026-01-07T12:25:00+09:00,BMS-01,43.71910437714278,29.304690876928813
2026-01-07T12:30:00+09:00,BMS-01,70.09223666897013,29.366845427726588
2026-01-07T12:35:00+09:00,BMS-01,40.48862767549005,26.348916320017302
2026-01-07T12:40:00+09:00,BMS-01,53.86888405201064,30.363931280487733
2026-01-07T12:45:00+09:00,BMS-01,64.5671216079854,28.09832163811569
2026-01-07T12:50:00+09:00,BMS-01,80.31280020910371,31.904828672890545
2026-01-07T12:55:00+09:00,BMS-01,84.92204085437265,31.232763971623342
2026-01-07T13:00:00+09:00,BMS-01,53.2227671672902,24.081536258480835
2026-01-07T13:05:00+09:00,BMS-01,51.79767976024209,26.513575789955482
2026-01-07T13:10:00+09:00,BMS-01,70.13548053325644,28.676880332292168
2026-01-07T13:15:00+09:00,BMS-01,45.411360778901575,30.448028853037815
2026-01-07T13:20:00+09:00,BMS-01,55.26581115352728,30.255519836097893
2026-01-07T13:25:00+09:00,BMS-01,69.75086742267682,27.702846946607718
2026-01-07T13:30:00+09:00,BMS-01,81.68358996068218,28.79086817254895
2026-01-07T13:35:00+09:00,BMS-01,28.500786980210332,27.96126940578437
2026-01-07T13:40:00+09:00,BMS-01,76.63342148696537,31.213047563874373
2026-01-07T13:45:00+09:00,BMS-01,40.69892527099644,30.60874182724276
2026-01-07T13:50:00+09:00,BMS-01,87.03291907207556,25.072627276954897
2026-01-07T13:55:00+09:00,BMS-01,80.17138216494448,31.338024736202467
2026-01-07T14:00:00+09:00,BMS-01,51.468940781418304,28.891057451878336
2026-01-07T14:05:00+09:00,BMS-01,85.4710362288972,27.240440503087555
2026-01-07T14:10:00+09:00,BMS-01,60.962346241189685,27.32783413563208
2026-01-07T14:15:00+09:00,BMS-01,36.876216670699584,29.783170986288926
2026-01-07T14:20:00+09:00,BMS-01,20.161628164680657,28.3465803414568
2026-01-07T14:25:00+09:00,BMS-01,65.93986891809301,28.493076022827957
2026-01-07T14:30:00+09:00,BMS-01,73.77796297710451,27.62005448807812
2026-01-07T14:35:00+09:00,BMS-01,80.74385977246632,29.008953849365625
2026-01-07T14:40:00+09:00,BMS-01,21.66964851879911,27.5371554198272
2026-01-07T14:45:00+09:00,BMS-01,37.3212510603509,33.08129054435758
2026-01-07T14:50:00+09:00,BMS-01,68.91943175779515,30.691676142189596
2026-01-07T14:55:00+09:00,BMS-01,50.365887309656344,28.659306924798962
2026-01-07T15:00:00+09:00,BMS-01,49.46737897039787,27.435476019142595
2026-01-07T15:05:00+09:00,BMS-01,63.28091408485249,29.58840729035108
2026-01-07T15:10:00+09:00,BMS-01,32.090842681504,27.19692237305842
2026-01-07T15:15:00+09:00,BMS-01,57.19866392455069,28.47553651361803
2026-01-07T15:20:00+09:00,BMS-01,52.33018061795414,26.33756399323577
2026-01-07T15:25:00+09:00,BMS-01,73.29915948931837,31.880853473592126
2026-01-07T15:30:00+09:00,BMS-01,82.32593888976848,33.20610313584936
2026-01-07T15:35:00+09:00,BMS-01,61.20915659309322,30.32172395416621
2026-01-07T15:40:00+09:00,BMS-01,20.820557148436865,28.741317710259654
2026-01-07T15:45:00+09:00,BMS-01,53.14328512785798,29.260264426947938
2026-01-07T15:50:00+09:00,BMS-01,76.3567904563186,28.9702062676493
2026-01-07T15:55:00+09:00,BMS-01,49.02729588070967,25.27459647044777
2026-01-07T16:00:00+09:00,BMS-01,21.625031723819614,30.343379730649573
2026-01-07T16:05:00+09:00,BMS-01,84.31632971041321,28.902861417108927
2026-01-07T16:10:00+09:00,BMS-01,37.683766104329486,24.85524046151856
2026-01-07T16:15:00+09:00,BMS-01,53.67406074127553,27.9281556484718
2026-01-07T16:20:00+09:00,BMS-01,37.583476238761364,28.96171203301591
2026-01-07T16:25:00+09:00,BMS-01,27.337111371944818,28.31826422878685
2026-01-07T16:30:00+09:00,BMS-01,22.079881384468425,29.459567254630667
2026-01-07T16:35:00+09:00,BMS-01,87.07693818137602,29.11773987478654
2026-01-07T16:40:00+09:00,BMS-01,21.999128976851637,28.764234528881566
2026-01-07T16:45:00+09:00,BMS-01,25.862630408622422,30.641465483038402
2026-01-07T16:50:00+09:00,BMS-01,53.05674912390715,28.476430534141667
2026-01-07T16:55:00+09:00,BMS-01,46.833636500942006,28.27801666244833
2026-01-07T17:00:00+09:00,BMS-01,76.33998669342557,28.147549084201415
2026-01-07T17:05:00+09:00,BMS-01,60.2621024383997,29.41296981338683
2026-01-07T17:10:00+09:00,BMS-01,32.74365791438065,31.01999906820856
2026-01-07T17:15:00+09:00,BMS-01,46.27862015447731,26.62609096251535
2026-01-07T17:20:00+09:00,BMS-01,41.0558241976171,27.194182504105193
2026-01-07T17:25:00+09:00,BMS-01,56.37801279551928,29.398044812626583
2026-01-07T17:30:00+09:00,BMS-01,39.84810075371327,29.706618392781294
2026-01-07T17:35:00+09:00,BMS-01,42.99179010063507,28.37800142854776
2026-01-07T17:40:00+09:00,BMS-01,76.31047746161877,29.153170954936865
2026-01-07T17:45:00+09:00,BMS-01,41.15371026752586,31.201210500748864
2026-01-07T17:50:00+09:00,BMS-01,64.24468221245324,33.43566342997556
2026-01-07T17:55:00+09:00,BMS-01,81.65288061510851,28.76679746374382
2026-01-07T18:00:00+09:00,BMS-01,36.273784239189595,24.534169695736015
2026-01-07T18:05:00+09:00,BMS-01,69.54716995022396,27.105883215765438
2026-01-07T18:10:00+09:00,BMS-01,24.274419844162683,29.240251391642968
2026-01-07T18:15:00+09:00,BMS-01,32.189306050120074,31.763376020638937
2026-01-07T18:20:00+09:00,BMS-01,56.2297572241469,28.996574344055887
2026-01-07T18:25:00+09:00,BMS-01,53.50781265676955,27.92454434628941
2026-01-07T18:30:00+09:00,BMS-01,40.14264343000805,28.194185097755074
2026-01-07T18:35:00+09:00,BMS-01,60.119301266367174,29.16420650582311
2026-01-07T18:40:00+09:00,BMS-01,80.05919936086764,28.44050935406919
2026-01-07T18:45:00+09:00,BMS-01,87.93249375018873,30.75597658482933
2026-01-07T18:50:00+09:00,BMS-01,42.743298433282355,32.130595976233934
2026-01-07T18:55:00+09:00,BMS-01,50.77662017393162,28.465355124609573
2026-01-07T19:00:00+09:00,BMS-01,71.58586605207326,29.777974803611677
2026-01-07T19:05:00+09:00,BMS-01,23.790659349683644,32.15407425737154
2026-01-07T19:10:00+09:00,BMS-01,26.321701417249688,28.459138484378855
2026-01-07T19:15:00+09:00,BMS-01,79.13855141811688,26.61058901734781
2026-01-07T19:20:00+09:00,BMS-01,24.150398013212158,30.480324371715277
2026-01-07T19:25:00+09:00,BMS-01,59.72072105104376,27.440127796929158
2026-01-07T19:30:00+09:00,BMS-01,34.60272095953865,29.80546473477526
2026-01-07T19:35:00+09:00,BMS-01,76.92067250800973,30.448205486235466
2026-01-07T19:40:00+09:00,BMS-01,63.73615392186937,28.85441827495478
2026-01-07T19:45:00+09:00,BMS-01,24.03340810032586,33.13369607616116
2026-01-07T19:50:00+09:00,BMS-01,54.72890463902114,28.23036928131084
2026-01-07T19:55:00+09:00,BMS-01,23.945205561623915,25.783936702253637
2026-01-07T20:00:00+09:00,BMS-01,80.44826553023391,29.15584546952309
2026-01-07T20:05:00+09:00,BMS-01,37.66643476926365,29.375216595658856
2026-01-07T20:10:00+09:00,BMS-01,25.69183749609891,26.3959709831426
2026-01-07T20:15:00+09:00,BMS-01,42.59557341096984,27.935506895199943
2026-01-07T20:20:00+09:00,BMS-01,30.57662411505798,27.44603205207421
2026-01-07T20:25:00+09:00,BMS-01,58.911603862764196,30.314019988821755
2026-01-07T20:30:00+09:00,BMS-01,29.638000865567964,32.65809563926888
2026-01-07T20:35:00+09:00,BMS-01,83.43899338756731,29.29595237884437
2026-01-07T20:40:00+09:00,BMS-01,46.48101821844254,26.460667159403414
2026-01-07T20:45:00+09:00,BMS-01,56.435135513395316,30.526138132152226
2026-01-07T20:50:00+09:00,BMS-01,51.21892234503075,29.951739659066398
2026-01-07T20:55:00+09:00,BMS-01,26.701785766672774,33.93648839044364
2026-01-07T21:00:00+09:00,BMS-01,53.48955539171714,29.0330466555778
2026-01-07T21:05:00+09:00,BMS-01,76.1907349864327,30.38122300025183
2026-01-07T21:10:00+09:00,BMS-01,34.022872608799055,30.85305956762687
2026-01-07T21:15:00+09:00,BMS-01,76.30293232919225,29.809548488331675
2026-01-07T21:20:00+09:00,BMS-01,57.60943075826007,29.019255302404904
2026-01-07T21:25:00+09:00,BMS-01,86.23040307941538,30.58682913842221
2026-01-07T21:30:00+09:00,BMS-01,61.43472690138101,30.105196784299075
2026-01-07T21:35:00+09:00,BMS-01,38.999468677710205,29.747372090154688
2026-01-07T21:40:00+09:00,BMS-01,31.692525384282277,32.192302762971515
2026-01-07T21:45:00+09:00,BMS-01,33.29790332000594,28.972119013990298
2026-01-07T21:50:00+09:00,BMS-01,63.42136760076703,29.001171844812788
2026-01-07T21:55:00+09:00,BMS-01,83.82413026083596,22.94223981142229
2026-01-07T22:00:00+09:00,BMS-01,26.205422848420675,30.19391479324106
2026-01-07T22:05:00+09:00,BMS-01,31.233883904155306,28.27841736979043
2026-01-07T22:10:00+09:00,BMS-01,40.858593025422024,32.389212715112635
2026-01-07T22:15:00+09:00,BMS-01,75.93235890992223,32.423051457504705
2026-01-07T22:20:00+09:00,BMS-01,77.20042958961209,28.250028675307362
2026-01-07T22:25:00+09:00,BMS-01,82.11968874957054,25.822548474113397
2026-01-07T22:30:00+09:00,BMS-01,78.35333977355963,30.37346471852483
2026-01-07T22:35:00+09:00,BMS-01,74.39335418649094,25.364921357233005
2026-01-07T22:40:00+09:00,BMS-01,53.10626199664947,31.242506872965855
2026-01-07T22:45:00+09:00,BMS-01,75.95410135155606,26.9326782555328
2026-01-07T22:50:00+09:00,BMS-01,89.34701851572264,28.11613023037552
2026-01-07T22:55:00+09:00,BMS-01,25.95582374794956,24.184160562761633
2026-01-07T23:00:00+09:00,BMS-01,39.69264557497668,29.779421286685512
2026-01-07T23:05:00+09:00,BMS-01,62.991274504839915,27.923145472250855
2026-01-07T23:10:00+09:00,BMS-01,31.305375269715366,28.984794556319976
2026-01-07T23:15:00+09:00,BMS-01,80.18985024649193,33.31991016897049
2026-01-07T23:20:00+09:00,BMS-01,32.975795519437376,31.289026997325355
2026-01-07T23:25:00+09:00,BMS-01,49.65052900312002,29.214787319978477
2026-01-07T23:30:00+09:00,BMS-01,43.953999545415186,30.114492001389383
2026-01-07T23:35:00+09:00,BMS-01,89.36675286147297,30.38748835464769
2026-01-07T23:40:00+09:00,BMS-01,44.69511525993116,26.34033834349021
2026-01-07T23:45:00+09:00,BMS-01,68.38729958414683,26.23141008716745
2026-01-07T23:50:00+09:00,BMS-01,47.414788910137524,31.123382993486977
2026-01-07T23:55:00+09:00,BMS-01,65.78173314600562,29.251985283634173
2026-01-08T00:00:00+09:00,BMS-01,43.40380917816281,27.52741570018231
2026-01-08T00:05:00+09:00,BMS-01,77.3430231182535,30.04806480899661
2026-01-08T00:10:00+09:00,BMS-01,80.69068145525411,27.67236416980819
2026-01-08T00:15:00+09:00,BMS-01,20.37820404053647,24.485752985662216
2026-01-08T00:20:00+09:00,BMS-01,86.11040992954361,27.65030894192389
2026-01-08T00:25:00+09:00,BMS-01,86.1491218513418,29.687988833685324
2026-01-08T00:30:00+09:00,BMS-01,43.139192998767534,27.771449664845164
2026-01-08T00:35:00+09:00,BMS-01,36.29105905929673,27.717888358271512
2026-01-08T00:40:00+09:00,BMS-01,81.35832785949363,29.828745704403858
2026-01-08T00:45:00+09:00,BMS-01,56.064113813061006,25.59972853457145
2026-01-08T00:50:00+09:00,BMS-01,60.19278624027062,35.36214325610406
2026-01-08T00:55:00+09:00,BMS-01,75.2802030473126,32.46829109115337
2026-01-08T01:00:00+09:00,BMS-01,55.27488103848216,30.908034821442136
2026-01-08T01:05:00+09:00,BMS-01,43.32055508077439,29.722361166641864
2026-01-08T01:10:00+09:00,BMS-01,88.69107713605696,28.64643207711839
2026-01-08T01:15:00+09:00,BMS-01,37.61417142927983,26.578501009306255
2026-01-08T01:20:00+09:00,BMS-01,35.68507200398331,29.46369777178167
2026-01-08T01:25:00+09:00,BMS-01,28.472248038225004,28.199575400542642
2026-01-08T01:30:00+09:00,BMS-01,26.938929873286988,30.440864517910907
2026-01-08T01:35:00+09:00,BMS-01,41.19943391066962,31.162611668743104
2026-01-08T01:40:00+09:00,BMS-01,86.07448016508597,31.705317626971517
2026-01-08T01:45:00+09:00,BMS-01,27.76049040700589,33.2807229094433
2026-01-08T01:50:00+09:00,BMS-01,48.511642416310664,26.541787800247675
2026-01-08T01:55:00+09:00,BMS-01,88.3285799439692,31.881836020583343
2026-01-08T02:00:00+09:00,BMS-01,21.179264452145272,28.047198908647886
2026-01-08T02:05:00+09:00,BMS-01,44.9655505731861,29.187351938666822
2026-01-08T02:10:00+09:00,BMS-01,77.93076137720755,27.633614426471823
2026-01-08T02:15:00+09:00,BMS-01,66.88081422305369,28.081405157222324
2026-01-08T02:20:00+09:00,BMS-01,79.38613449540422,31.122584532229794
2026-01-08T02:25:00+09:00,BMS-01,69.41633410579277,23.98448938262368
2026-01-08T02:30:00+09:00,BMS-01,66.02424602221178,31.401293127413354
2026-01-08T02:35:00+09:00,BMS-01,31.31472080945329,29.008546066643785
2026-01-08T02:40:00+09:00,BMS-01,40.10813490486785,28.966180493575685
2026-01-08T02:45:00+09:00,BMS-01,55.520338134097365,29.575566609392453
2026-01-08T02:50:00+09:00,BMS-01,74.70945380369248,27.31889703993524
2026-01-08T02:55:00+09:00,BMS-01,67.57361248600738,29.20988713980077
2026-01-08T03:00:00+09:00,BMS-01,69.34985383430569,28.81925484953141
2026-01-08T03:05:00+09:00,BMS-01,81.83080326420293,27.45291513023028
2026-01-08T03:10:00+09:00,BMS-01,77.67225911690085,27.42661787562404
2026-01-08T03:15:00+09:00,BMS-01,44.72452869202837,30.334199603400528
2026-01-08T03:20:00+09:00,BMS-01,81.13295594315203,29.677920650767195
2026-01-08T03:25:00+09:00,BMS-01,78.29473233552905,31.3589225701492
2026-01-08T03:30:00+09:00,BMS-01,37.76297049156465,32.178913316648874
2026-01-08T03:35:00+09:00,BMS-01,26.903819192566143,27.3196692113745
2026-01-08T03:40:00+09:00,BMS-01,60.10995876618292,27.42951515921383
2026-01-08T03:45:00+09:00,BMS-01,33.13645575248076,24.216537385901738
2026-01-08T03:50:00+09:00,BMS-01,85.69708306960848,31.670791367040874
2026-01-08T03:55:00+09:00,BMS-01,62.61162067700372,31.668013841637244
2026-01-08T04:00:00+09:00,BMS-01,35.77632067314104,27.018174043523793
2026-01-08T04:05:00+09:00,BMS-01,53.632502676743904,25.42124020709672
2026-01-08T04:10:00+09:00,BMS-01,50.296721791791725,27.560458723074547
2026-01-08T04:15:00+09:00,BMS-01,89.03566038012569,28.206747656064117
2026-01-08T04:20:00+09:00,BMS-01,34.56508983730597,26.774124297797286
2026-01-08T04:25:00+09:00,BMS-01,86.02979004893584,31.321554110577225
2026-01-08T04:30:00+09:00,BMS-01,79.39430200871075,29.566327854981097
2026-01-08T04:35:00+09:00,BMS-01,49.70853797282251,30.61075922531356
2026-01-08T04:40:00+09:00,BMS-01,76.23447918486343,29.153335827677274
2026-01-08T04:45:00+09:00,BMS-01,33.141700224289195,24.307130183688844
2026-01-08T04:50:00+09:00,BMS-01,21.40895070855415,29.125811167626793
2026-01-08T04:55:00+09:00,BMS-01,37.46456755344492,28.520569841740294
2026-01-08T05:00:00+09:00,BMS-01,46.64832065731556,27.21952775580763
2026-01-08T05:05:00+09:00,BMS-01,56.52269686337437,30.95187321116369
2026-01-08T05:10:00+09:00,BMS-01,44.04534420628669,29.48686237601584
2026-01-08T05:15:00+09:00,BMS-01,74.74973583843932,32.47629117788529
2026-01-08T05:20:00+09:00,BMS-01,21.65748808950717,29.426350299273572
2026-01-08T05:25:00+09:00,BMS-01,69.12214770987002,32.114950653466124
2026-01-08T05:30:00+09:00,BMS-01,71.86699886258806,32.73592290768773
2026-01-08T05:35:00+09:00,BMS-01,58.34918993305524,30.22042841157249
2026-01-08T05:40:00+09:00,BMS-01,50.054806506319395,25.32848361561015
2026-01-08T05:45:00+09:00,BMS-01,80.43300617204845,29.410935662711953
2026-01-08T05:50:00+09:00,BMS-01,84.4077692727986,30.149486564491202
2026-01-08T05:55:00+09:00,BMS-01,56.753074660689634,33.29749468652585
2026-01-08T06:00:00+09:00,BMS-01,31.263826789967222,31.625814286794693
2026-01-08T06:05:00+09:00,BMS-01,24.85108468083687,30.23996157250272
2026-01-08T06:10:00+09:00,BMS-01,58.91236734273171,29.087716768192458
2026-01-08T06:15:00+09:00,BMS-01,29.218287559506813,27.142486837154344
2026-01-08T06:20:00+09:00,BMS-01,33.01857535344542,30.4937025309287
2026-01-08T06:25:00+09:00,BMS-01,89.8694211201334,29.4629286682948
2026-01-08T06:30:00+09:00,BMS-01,57.17856106080461,26.375616530289978
2026-01-08T06:35:00+09:00,BMS-01,43.699710466170046,26.91152216744659
2026-01-08T06:40:00+09:00,BMS-01,29.78587794503462,25.56783256897558
2026-01-08T06:45:00+09:00,BMS-01,43.96089713914687,28.542579931632954
2026-01-08T06:50:00+09:00,BMS-01,73.6675561462486,27.2500099029972
2026-01-08T06:55:00+09:00,BMS-01,22.235106351865458,29.75893576688508
2026-01-08T07:00:00+09:00,BMS-01,74.98005393990438,28.69965657968899
2026-01-08T07:05:00+09:00,BMS-01,31.161764565438187,27.98160559055389
2026-01-08T07:10:00+09:00,BMS-01,22.445553276221485,26.936003056720324
2026-01-08T07:15:00+09:00,BMS-01,48.038330749184524,30.881040214473824
2026-01-08T07:20:00+09:00,BMS-01,25.936746841825432,30.19202458647122
2026-01-08T07:25:00+09:00,BMS-01,22.266853522342167,32.473263329628985
2026-01-08T07:30:00+09:00,BMS-01,30.153847028134486,29.171885726491134
2026-01-08T07:35:00+09:00,BMS-01,27.170334079640156,30.15003028772839
2026-01-08T07:40:00+09:00,BMS-01,62.89680040958301,28.420839544760238
2026-01-08T07:45:00+09:00,BMS-01,54.1844564466639,29.526618995167574
2026-01-08T07:50:00+09:00,BMS-01,81.48403955409222,28.65860649312174
2026-01-08T07:55:00+09:00,BMS-01,76.50254103296035,30.53278785672386
2026-01-08T08:00:00+09:00,BMS-01,85.52971451562325,29.12459916557744
2026-01-08T08:05:00+09:00,BMS-01,73.04003760740248,29.41826857437678
2026-01-08T08:10:00+09:00,BMS-01,71.76809993712145,24.754324581319608
2026-01-08T08:15:00+09:00,BMS-01,31.825226084504045,27.12497794138863
2026-01-08T08:20:00+09:00,BMS-01,55.88676434617761,31.366479259673564
2026-01-08T08:25:00+09:00,BMS-01,56.837479602138906,29.03096532881648
2026-01-08T08:30:00+09:00,BMS-01,87.5155255950448,25.376649682902524
2026-01-08T08:35:00+09:00,BMS-01,30.151986924279345,27.738735683308906
2026-01-08T08:40:00+09:00,BMS-01,41.68665892531958,29.078962016256973
2026-01-08T08:45:00+09:00,BMS-01,84.73756896609436,26.282938126234594
2026-01-08T08:50:00+09:00,BMS-01,39.29523813545895,30.274943577968205
2026-01-08T08:55:00+09:00,BMS-01,43.96705884071969,30.848023481103553
2026-01-08T09:00:00+09:00,BMS-01,59.53092677719587,26.147054455589476
2026-01-08T09:05:00+09:00,BMS-01,45.50370661451961,30.18610038781244
2026-01-08T09:10:00+09:00,BMS-01,66.35835305554832,28.388472659450198
2026-01-08T09:15:00+09:00,BMS-01,37.76019087828789,28.38106728440398
2026-01-08T09:20:00+09:00,BMS-01,84.61510764505657,30.056092230682605
2026-01-08T09:25:00+09:00,BMS-01,24.431459999852752,28.801521132170816
2026-01-08T09:30:00+09:00,BMS-01,55.43595346865175,27.64522296801904
2026-01-08T09:35:00+09:00,BMS-01,79.08052698624117,27.083478753174646
2026-01-08T09:40:00+09:00,BMS-01,20.589554902175532,25.74256970234544
2026-01-08T09:45:00+09:00,BMS-01,54.58351848536695,30.050367798783995
2026-01-08T09:50:00+09:00,BMS-01,72.19491803697187,33.177456284908715
2026-01-08T09:55:00+09:00,BMS-01,38.1408146267791,26.17606129087868
2026-01-08T10:00:00+09:00,BMS-01,60.69227588974807,32.10356227993211
2026-01-08T10:05:00+09:00,BMS-01,41.895632392922884,29.63033159283065
2026-01-08T10:10:00+09:00,BMS-01,23.886324648313668,29.27432287530541
2026-01-08T10:15:00+09:00,BMS-01,25.50115964679033,28.762239912499023
2026-01-08T10:20:00+09:00,BMS-01,63.638491090393345,34.401470870379704
2026-01-08T10:25:00+09:00,BMS-01,34.06579320365379,28.310216303627836
2026-01-08T10:30:00+09:00,BMS-01,72.57496125478552,29.194555281904492
2026-01-08T10:35:00+09:00,BMS-01,77.30718573152849,27.88998188237857
2026-01-08T10:40:00+09:00,BMS-01,79.35396078287545,32.80975388900988
2026-01-08T10:45:00+09:00,BMS-01,63.10081396241184,31.329838403153847
2026-01-08T10:50:00+09:00,BMS-01,43.6428324391714,31.821229151682655
2026-01-08T10:55:00+09:00,BMS-01,28.367082343412097,30.19452503966341
2026-01-08T11:00:00+09:00,BMS-01,29.256698872125646,29.69364171168189
2026-01-08T11:05:00+09:00,BMS-01,32.40708847644845,30.175719462177764
2026-01-08T11:10:00+09:00,BMS-01,27.35628124220921,27.831258205739786
2026-01-08T11:15:00+09:00,BMS-01,50.736576371323004,25.94794902298382
2026-01-08T11:20:00+09:00,BMS-01,66.20611990010129,27.47394358455986
2026-01-08T11:25:00+09:00,BMS-01,36.73565781900977,30.867729078961048
2026-01-08T11:30:00+09:00,BMS-01,54.29867735384646,31.12810513807985
2026-01-08T11:35:00+09:00,BMS-01,77.39026965818535,28.61094456148519
2026-01-08T11:40:00+09:00,BMS-01,85.88466533552275,29.598464916416265
2026-01-08T11:45:00+09:00,BMS-01,53.549178553925366,31.56366698713788
2026-01-08T11:50:00+09:00,BMS-01,49.20732630501046,28.08557043708815
2026-01-08T11:55:00+09:00,BMS-01,31.92955589911954,28.37102057695962
2026-01-08T12:00:00+09:00,BMS-01,75.362069511433,29.771485240240743
2026-01-08T12:05:00+09:00,BMS-01,83.10945813867622,29.895829230451383
2026-01-08T12:10:00+09:00,BMS-01,69.05150161355834,29.346728974750302
2026-01-08T12:15:00+09:00,BMS-01,58.421677375390104,30.509393843587063
2026-01-08T12:20:00+09:00,BMS-01,58.65421542500655,29.41089625989464
2026-01-08T12:25:00+09:00,BMS-01,40.745034500666364,28.845461831973033
2026-01-08T12:30:00+09:00,BMS-01,21.059280534898118,28.301217261112143
2026-01-08T12:35:00+09:00,BMS-01,26.50897055464449,28.16017271143213
2026-01-08T12:40:00+09:00,BMS-01,27.509970222163584,26.65383020838779
2026-01-08T12:45:00+09:00,BMS-01,39.66254499759982,26.127091790498632
2026-01-08T12:50:00+09:00,BMS-01,23.608375936886087,28.89239344130833
2026-01-08T12:55:00+09:00,BMS-01,47.46267704162465,27.982481099887544
2026-01-08T13:00:00+09:00,BMS-01,22.029708689511722,27.79304098805139
2026-01-08T13:05:00+09:00,BMS-01,31.62838306118836,27.38539074147015
2026-01-08T13:10:00+09:00,BMS-01,29.968981817117463,29.021322259469297
2026-01-08T13:15:00+09:00,BMS-01,21.06657081376647,29.040463224021515
2026-01-08T13:20:00+09:00,BMS-01,88.27513007395015,27.163310576503093
2026-01-08T13:25:00+09:00,BMS-01,80.49568664359714,25.929497722447053
2026-01-08T13:30:00+09:00,BMS-01,22.585678904428168,32.08269972034323
2026-01-08T13:35:00+09:00,BMS-01,44.90533820022975,30.262122475854724
2026-01-08T13:40:00+09:00,BMS-01,66.55085994255991,29.35575657782954
2026-01-08T13:45:00+09:00,BMS-01,79.74248082702627,29.189737702432687
2026-01-08T13:50:00+09:00,BMS-01,63.009087640657356,27.80733665219668
2026-01-08T13:55:00+09:00,BMS-01,54.38902136972573,28.45531595648137
2026-01-08T14:00:00+09:00,BMS-01,20.664408436867678,29.394694813721255
2026-01-08T14:05:00+09:00,BMS-01,38.19396301816532,28.09683250991719
2026-01-08T14:10:00+09:00,BMS-01,38.05118374956539,27.82762374068444
2026-01-08T14:15:00+09:00,BMS-01,64.72443904018523,25.594129961777398
2026-01-08T14:20:00+09:00,BMS-01,81.82716293927749,30.519133473456666
2026-01-08T14:25:00+09:00,BMS-01,56.12329048771972,30.90583036752655
2026-01-08T14:30:00+09:00,BMS-01,62.571554988973595,30.200494769500583
2026-01-08T14:35:00+09:00,BMS-01,45.751121651191895,32.68314425740763
2026-01-08T14:40:00+09:00,BMS-01,40.03993770607938,27.397163522629647
2026-01-08T14:45:00+09:00,BMS-01,43.84473180591456,27.588527729610394
2026-01-08T14:50:00+09:00,BMS-01,71.99478328966794,27.65835581849468
2026-01-08T14:55:00+09:00,BMS-01,37.58262487456708,26.835971503517268
2026-01-08T15:00:00+09:00,BMS-01,34.20177135477197,26.723753223116965
2026-01-08T15:05:00+09:00,BMS-01,24.437563052522307,27.843842050857532
2026-01-08T15:10:00+09:00,BMS-01,42.30033066952,26.713336034323383
2026-01-08T15:15:00+09:00,BMS-01,38.997683815436176,31.471712832268707
2026-01-08T15:20:00+09:00,BMS-01,61.618092852425995,31.138811862485333
2026-01-08T15:25:00+09:00,BMS-01,73.76364880418525,30.091761757059743
2026-01-08T15:30:00+09:00,BMS-01,59.00179108318495,26.233415790403576
2026-01-08T15:35:00+09:00,BMS-01,81.95426230020367,29.07231089578263
2026-01-08T15:40:00+09:00,BMS-01,21.476975130035456,30.742870424429878
2026-01-08T15:45:00+09:00,BMS-01,37.91481806766175,25.226215317965682
2026-01-08T15:50:00+09:00,BMS-01,76.62785223295897,28.307707796632407
2026-01-08T15:55:00+09:00,BMS-01,89.6235685355876,26.324958925957876
2026-01-08T16:00:00+09:00,BMS-01,44.76084412133619,31.71602482471855
2026-01-08T16:05:00+09:00,BMS-01,61.98345092941578,29.938457714465816
2026-01-08T16:10:00+09:00,BMS-01,57.298933729924116,27.714257353636185
2026-01-08T16:15:00+09:00,BMS-01,31.311214337919097,29.09680900377376
2026-01-08T16:20:00+09:00,BMS-01,34.97925018416911,23.855619314098607
2026-01-08T16:25:00+09:00,BMS-01,22.395830182153425,29.0371029761933
2026-01-08T16:30:00+09:00,BMS-01,42.60651912735463,23.93052679393912
2026-01-08T16:35:00+09:00,BMS-01,89.2264352973588,27.029582637207525
2026-01-08T16:40:00+09:00,BMS-01,64.67112752518179,26.25341165743901
2026-01-08T16:45:00+09:00,BMS-01,42.76259134334525,29.387021895154398
2026-01-08T16:50:00+09:00,BMS-01,57.54503113580019,25.06240333225709
2026-01-08T16:55:00+09:00,BMS-01,42.27400669417303,27.663544119017686
2026-01-08T17:00:00+09:00,BMS-01,82.07344287068301,30.729863583358245
2026-01-08T17:05:00+09:00,BMS-01,46.210114847187675,29.991241223318266
2026-01-08T17:10:00+09:00,BMS-01,65.13777329370033,21.510356872106865
2026-01-08T17:15:00+09:00,BMS-01,43.43561009804386,30.04273396417795
2026-01-08T17:20:00+09:00,BMS-01,70.02239331776052,31.235000259563453
2026-01-08T17:25:00+09:00,BMS-01,87.60972573932385,26.556962860296956
2026-01-08T17:30:00+09:00,BMS-01,53.648483668480104,30.96838032870869
2026-01-08T17:35:00+09:00,BMS-01,85.23968526053942,31.038459861066684
2026-01-08T17:40:00+09:00,BMS-01,53.79881598769346,28.43168976273899
2026-01-08T17:45:00+09:00,BMS-01,39.1607353624689,27.988137827859003
2026-01-08T17:50:00+09:00,BMS-01,46.21074113272534,27.478537259849638
2026-01-08T17:55:00+09:00,BMS-01,84.65222121077178,28.831330307879078
2026-01-08T18:00:00+09:00,BMS-01,30.946847329822404,25.98144707530924
2026-01-08T18:05:00+09:00,BMS-01,50.16563257317769,30.632253144315378
2026-01-08T18:10:00+09:00,BMS-01,77.32480960853992,30.232360081377614
2026-01-08T18:15:00+09:00,BMS-01,68.544742378182,29.19016163956541
2026-01-08T18:20:00+09:00,BMS-01,67.67471994475437,26.975453530892292
2026-01-08T18:25:00+09:00,BMS-01,81.4321526153315,31.433304064685338
2026-01-08T18:30:00+09:00,BMS-01,75.2380200022904,28.63488170395345
2026-01-08T18:35:00+09:00,BMS-01,88.00112640246564,30.102693706236913
2026-01-08T18:40:00+09:00,BMS-01,37.98181593145225,27.64865783773319
2026-01-08T18:45:00+09:00,BMS-01,44.733622293802675,34.428288860855915
2026-01-08T18:50:00+09:00,BMS-01,36.70701416889321,29.8970216818036
2026-01-08T18:55:00+09:00,BMS-01,20.0018789934063,26.94782836091455
2026-01-08T19:00:00+09:00,BMS-01,76.98284950778485,26.013461280682957
2026-01-08T19:05:00+09:00,BMS-01,36.55277044568197,27.929635931377153
2026-01-08T19:10:00+09:00,BMS-01,80.82376826949466,30.20943030077644
2026-01-08T19:15:00+09:00,BMS-01,83.7468652595841,32.042408818187084
2026-01-08T19:20:00+09:00,BMS-01,59.4267835150944,30.569977226209563
2026-01-08T19:25:00+09:00,BMS-01,44.492700560272084,31.951732716061727
2026-01-08T19:30:00+09:00,BMS-01,69.39812430866951,26.756777848971204
2026-01-08T19:35:00+09:00,BMS-01,62.63678573474593,26.801305708334198
2026-01-08T19:40:00+09:00,BMS-01,44.531329508568135,26.163255306097156
2026-01-08T19:45:00+09:00,BMS-01,42.345866973988954,28.789893668640172
2026-01-08T19:50:00+09:00,BMS-01,49.59396427927527,28.063499379560973
2026-01-08T19:55:00+09:00,BMS-01,86.63397536172606,30.086859451367868
2026-01-08T20:00:00+09:00,BMS-01,61.15485043472829,26.370043581636047
2026-01-08T20:05:00+09:00,BMS-01,70.23538604011702,29.978828773730648
2026-01-08T20:10:00+09:00,BMS-01,25.13231949315929,28.02966065342859
2026-01-08T20:15:00+09:00,BMS-01,78.81059153320999,27.327846609850162
2026-01-08T20:20:00+09:00,BMS-01,23.775940684751816,28.201419887359826
2026-01-08T20:25:00+09:00,BMS-01,47.1389751352827,28.580429007738843
2026-01-08T20:30:00+09:00,BMS-01,56.83769425285134,27.099834529607403
2026-01-08T20:35:00+09:00,BMS-01,81.4760237096917,30.432921548768444
2026-01-08T20:40:00+09:00,BMS-01,78.53645850689051,27.180851123730793
2026-01-08T20:45:00+09:00,BMS-01,22.354173113147723,28.670565618018156
2026-01-08T20:50:00+09:00,BMS-01,64.12923356213683,30.44908068609218
2026-01-08T20:55:00+09:00,BMS-01,20.251223954860286,29.222460396907618
2026-01-08T21:00:00+09:00,BMS-01,51.43561484180141,31.47740486450861
2026-01-08T21:05:00+09:00,BMS-01,65.06955614616716,26.046215857230546
2026-01-08T21:10:00+09:00,BMS-01,64.97458018464457,32.62207699952983
2026-01-08T21:15:00+09:00,BMS-01,80.27144961731155,26.23597887953563
2026-01-08T21:20:00+09:00,BMS-01,73.42203343490677,25.96918429282657
2026-01-08T21:25:00+09:00,BMS-01,52.26779171217337,30.14656034834189
2026-01-08T21:30:00+09:00,BMS-01,40.59614178954282,31.378515869836306
2026-01-08T21:35:00+09:00,BMS-01,72.46936798876888,28.09588163326017
2026-01-08T21:40:00+09:00,BMS-01,80.56141276496867,27.83223605840202
2026-01-08T21:45:00+09:00,BMS-01,83.69918102286586,30.45693276993821
2026-01-08T21:50:00+09:00,BMS-01,85.26040791722556,30.21828261571176
2026-01-08T21:55:00+09:00,BMS-01,85.56557369313379,28.717623699378656
2026-01-08T22:00:00+09:00,BMS-01,57.30324348904512,28.231132777058466
2026-01-08T22:05:00+09:00,BMS-01,59.549450767263636,27.55938766739665
2026-01-08T22:10:00+09:00,BMS-01,85.70772448144801,26.970822002060338
2026-01-08T22:15:00+09:00,BMS-01,56.99048425080479,30.38905836024791
2026-01-08T22:20:00+09:00,BMS-01,66.60833687681685,27.888262482454824
2026-01-08T22:25:00+09:00,BMS-01,34.44182871221798,30.303450897995024
2026-01-08T22:30:00+09:00,BMS-01,71.05406961679925,32.883932932532396
2026-01-08T22:35:00+09:00,BMS-01,68.1562587671871,30.92684143089415
2026-01-08T22:40:00+09:00,BMS-01,75.14092011008974,30.191726044008565
2026-01-08T22:45:00+09:00,BMS-01,28.73686807989776,25.643942990961822
2026-01-08T22:50:00+09:00,BMS-01,71.64670014124977,26.80546976581884
2026-01-08T22:55:00+09:00,BMS-01,73.87209261157986,28.367268420951763
2026-01-08T23:00:00+09:00,BMS-01,62.70693502423891,32.94912377851262
2026-01-08T23:05:00+09:00,BMS-01,20.886598548837654,31.036526570089023
2026-01-08T23:10:00+09:00,BMS-01,88.56473258563467,28.13173922543258
2026-01-08T23:15:00+09:00,BMS-01,45.23970714289207,30.21497299963005
2026-01-08T23:20:00+09:00,BMS-01,67.32827573642959,28.178827941230747
2026-01-08T23:25:00+09:00,BMS-01,26.516918722231342,27.240386098297073
2026-01-08T23:30:00+09:00,BMS-01,75.5077315445847,30.297597646532125
2026-01-08T23:35:00+09:00,BMS-01,21.828261877879868,25.527987283945325
2026-01-08T23:40:00+09:00,BMS-01,72.02087627497573,25.383268470532897
2026-01-08T23:45:00+09:00,BMS-01,43.84215362467806,32.48712034637284
2026-01-08T23:50:00+09:00,BMS-01,39.0392959541738,26.97288764906422
2026-01-08T23:55:00+09:00,BMS-01,37.885224071016914,28.43595581611439
2026-01-09T00:00:00+09:00,BMS-01,52.99593905400662,28.852384183072306
2026-01-09T00:05:00+09:00,BMS-01,76.60998297789602,27.17857650159339
2026-01-09T00:10:00+09:00,BMS-01,50.35249247392465,27.930736506470943
2026-01-09T00:15:00+09:00,BMS-01,32.02168780199386,28.707827343271475
2026-01-09T00:20:00+09:00,BMS-01,67.0591283472767,27.460265302826013
2026-01-09T00:25:00+09:00,BMS-01,23.48025772063237,24.521421102536316
2026-01-09T00:30:00+09:00,BMS-01,85.61309854222532,28.145125050378915
2026-01-09T00:35:00+09:00,BMS-01,41.42749011609111,31.204888294612726
2026-01-09T00:40:00+09:00,BMS-01,55.773694647442106,27.98900653915185
2026-01-09T00:45:00+09:00,BMS-01,56.53280877281876,31.734617629838517
2026-01-09T00:50:00+09:00,BMS-01,43.55431487549036,30.52542197951862
2026-01-09T00:55:00+09:00,BMS-01,87.55365889780764,29.188832310025283
2026-01-09T01:00:00+09:00,BMS-01,59.67321635757164,27.763993003775983
2026-01-09T01:05:00+09:00,BMS-01,28.788762523809048,27.97597658552133
2026-01-09T01:10:00+09:00,BMS-01,71.88223353569681,28.49725147914625
2026-01-09T01:15:00+09:00,BMS-01,81.8646403576502,31.186599347852425
2026-01-09T01:20:00+09:00,BMS-01,81.86450276213192,28.384103871491288
2026-01-09T01:25:00+09:00,BMS-01,34.841650136550506,28.167930803708668
2026-01-09T01:30:00+09:00,BMS-01,64.1308421916478,28.80023003401852
2026-01-09T01:35:00+09:00,BMS-01,77.67982310713218,26.124274162286056
2026-01-09T01:40:00+09:00,BMS-01,75.63818815181541,27.806117420825313
2026-01-09T01:45:00+09:00,BMS-01,45.523814267869966,30.121982690684444
2026-01-09T01:50:00+09:00,BMS-01,20.17955254913661,28.997032792903823
2026-01-09T01:55:00+09:00,BMS-01,44.254882301641416,26.036125380633187
2026-01-09T02:00:00+09:00,BMS-01,23.739763749738568,28.14822852883828
2026-01-09T02:05:00+09:00,BMS-01,51.94818688459659,29.591587422664386
2026-01-09T02:10:00+09:00,BMS-01,37.995678717162775,28.01839056006785
2026-01-09T02:15:00+09:00,BMS-01,67.9879932469151,31.477618725915082
2026-01-09T02:20:00+09:00,BMS-01,61.88011832685251,30.95286037294955
2026-01-09T02:25:00+09:00,BMS-01,23.23731348760565,26.798611489241793
2026-01-09T02:30:00+09:00,BMS-01,86.24275478597241,28.114745123146626
2026-01-09T02:35:00+09:00,BMS-01,38.41272585640125,22.722592894102785
2026-01-09T02:40:00+09:00,BMS-01,51.93468850551273,31.1864673196476
2026-01-09T02:45:00+09:00,BMS-01,78.12197050927598,29.475768498266394
2026-01-09T02:50:00+09:00,BMS-01,66.78752488404638,30.129936618786463
2026-01-09T02:55:00+09:00,BMS-01,63.36439457517624,28.455489008347758
2026-01-09T03:00:00+09:00,BMS-01,48.842730952174854,25.189965796116706
2026-01-09T03:05:00+09:00,BMS-01,26.527026230486737,28.131397404322847
2026-01-09T03:10:00+09:00,BMS-01,58.37301316476429,28.458306517149644
2026-01-09T03:15:00+09:00,BMS-01,31.80544026786239,31.027762135584837
2026-01-09T03:20:00+09:00,BMS-01,21.074896237347723,26.998052802297984
2026-01-09T03:25:00+09:00,BMS-01,36.346338508800585,32.08443170243588
2026-01-09T03:30:00+09:00,BMS-01,89.20797385609701,30.997789973174353
2026-01-09T03:35:00+09:00,BMS-01,74.55547687850158,33.90082874141791
2026-01-09T03:40:00+09:00,BMS-01,50.691661211963705,30.465180194964177
2026-01-09T03:45:00+09:00,BMS-01,56.957171567808096,30.220700139255925
2026-01-09T03:50:00+09:00,BMS-01,86.25477054855229,26.763755255121964
2026-01-09T03:55:00+09:00,BMS-01,37.34378891250579,28.479834170201634
2026-01-09T04:00:00+09:00,BMS-01,25.28494304955043,29.460060606091538
2026-01-09T04:05:00+09:00,BMS-01,34.184146912289016,24.267389247116107
2026-01-09T04:10:00+09:00,BMS-01,53.0250174081374,25.101196258134177
2026-01-09T04:15:00+09:00,BMS-01,69.97558635696448,30.743423824456087
2026-01-09T04:20:00+09:00,BMS-01,75.97349395918461,29.276023639365338
2026-01-09T04:25:00+09:00,BMS-01,35.94629898213814,25.176599824913286
2026-01-09T04:30:00+09:00,BMS-01,38.702121567983454,29.014545092903113
2026-01-09T04:35:00+09:00,BMS-01,53.51977753866426,28.21093751643994
2026-01-09T04:40:00+09:00,BMS-01,58.343279156946856,29.894582579796662
2026-01-09T04:45:00+09:00,BMS-01,54.47096833487838,30.696088586302245
2026-01-09T04:50:00+09:00,BMS-01,59.37000043668669,29.4355732762893
2026-01-09T04:55:00+09:00,BMS-01,40.54517170893222,26.59243034831725
2026-01-09T05:00:00+09:00,BMS-01,56.13734118636595,28.949802453162118
2026-01-09T05:05:00+09:00,BMS-01,75.81291327808106,29.21372673055636
2026-01-09T05:10:00+09:00,BMS-01,22.154896282759115,30.160995929071383
2026-01-09T05:15:00+09:00,BMS-01,58.772081486786504,29.068487345557326
2026-01-09T05:20:00+09:00,BMS-01,61.25449595265411,27.915071193399932
2026-01-09T05:25:00+09:00,BMS-01,62.34469882869244,30.20843403186156
2026-01-09T05:30:00+09:00,BMS-01,87.59298446665498,29.964073021704092
2026-01-09T05:35:00+09:00,BMS-01,20.76210289230433,28.27374819651524
2026-01-09T05:40:00+09:00,BMS-01,20.55926500543452,29.3413605376902
2026-01-09T05:45:00+09:00,BMS-01,64.42756277653865,26.58395881727709
2026-01-09T05:50:00+09:00,BMS-01,65.47008591580224,27.52788290951901
2026-01-09T05:55:00+09:00,BMS-01,41.33245475355083,27.95151423842689
2026-01-09T06:00:00+09:00,BMS-01,71.29873041544303,30.909882920140035
2026-01-09T06:05:00+09:00,BMS-01,74.98290573391502,28.934644058248715
2026-01-09T06:10:00+09:00,BMS-01,76.07120863615562,26.7212444178245
2026-01-09T06:15:00+09:00,BMS-01,46.219714239291754,28.55826792295455
2026-01-09T06:20:00+09:00,BMS-01,71.66052937594837,31.310454060990633
2026-01-09T06:25:00+09:00,BMS-01,32.357686907305954,27.77661685195342
2026-01-09T06:30:00+09:00,BMS-01,51.03170053384093,28.224204223122204
2026-01-09T06:35:00+09:00,BMS-01,31.195773916582272,35.497448815722834
2026-01-09T06:40:00+09:00,BMS-01,46.207849020527036,29.94046053020836
2026-01-09T06:45:00+09:00,BMS-01,69.39699427065139,31.879066821189248
2026-01-09T06:50:00+09:00,BMS-01,21.854755433832295,27.033681475905226
2026-01-09T06:55:00+09:00,BMS-01,47.8627141863174,31.094649036702883
2026-01-09T07:00:00+09:00,BMS-01,86.71397742625794,26.973976312623574
2026-01-09T07:05:00+09:00,BMS-01,50.7261075780919,29.288669089414906
2026-01-09T07:10:00+09:00,BMS-01,54.33783081552766,28.82962078638964
2026-01-09T07:15:00+09:00,BMS-01,31.42346075986238,29.295586119350844
2026-01-09T07:20:00+09:00,BMS-01,25.34262127276436,27.777288604017777
2026-01-09T07:25:00+09:00,BMS-01,52.50989437089686,28.046260147005032
2026-01-09T07:30:00+09:00,BMS-01,67.19099859540798,25.568884652860454
2026-01-09T07:35:00+09:00,BMS-01,45.490729752862315,28.902435254965756
2026-01-09T07:40:00+09:00,BMS-01,56.209636771886515,28.643539455037924
2026-01-09T07:45:00+09:00,BMS-01,36.33733807911087,29.934619959541408
2026-01-09T07:50:00+09:00,BMS-01,71.73224295288568,31.88974807667662
2026-01-09T07:55:00+09:00,BMS-01,50.018180370156884,28.10195254129161
2026-01-09T08:00:00+09:00,BMS-01,70.47646412724808,28.587506195837012
2026-01-09T08:05:00+09:00,BMS-01,23.632858810528525,31.040377573148586
2026-01-09T08:10:00+09:00,BMS-01,79.25726985657458,28.054554582462437
2026-01-09T08:15:00+09:00,BMS-01,69.70947576688911,30.18151713319824
2026-01-09T08:20:00+09:00,BMS-01,22.593819428552898,27.591496114330365
2026-01-09T08:25:00+09:00,BMS-01,34.591338775426436,28.54889604777391
2026-01-09T08:30:00+09:00,BMS-01,24.36019575489422,28.624307759976713
2026-01-09T08:35:00+09:00,BMS-01,77.03327416143567,28.98174390981744
2026-01-09T08:40:00+09:00,BMS-01,59.56687056360202,26.628793489919943
2026-01-09T08:45:00+09:00,BMS-01,42.276001572710705,31.47769137105825
2026-01-09T08:50:00+09:00,BMS-01,63.4563077355865,31.293674066749425
2026-01-09T08:55:00+09:00,BMS-01,22.13597724992564,29.82387787527575
2026-01-09T09:00:00+09:00,BMS-01,20.359976195405892,26.418947675101506
2026-01-09T09:05:00+09:00,BMS-01,50.213041939678256,31.07167968980306
2026-01-09T09:10:00+09:00,BMS-01,37.530406423471014,31.493364612759002
2026-01-09T09:15:00+09:00,BMS-01,75.2901467116413,25.91219013999632
2026-01-09T09:20:00+09:00,BMS-01,85.09946000453024,29.531697660620285
2026-01-09T09:25:00+09:00,BMS-01,79.8037331728592,29.435105038448427
2026-01-09T09:30:00+09:00,BMS-01,80.09667983149988,28.982967034973466
2026-01-09T09:35:00+09:00,BMS-01,50.00979134705851,31.84551508213857
2026-01-09T09:40:00+09:00,BMS-01,24.786390460356813,28.655415917219972
2026-01-09T09:45:00+09:00,BMS-01,66.70763007930356,27.453827062899123
2026-01-09T09:50:00+09:00,BMS-01,35.41233506739209,28.807412240434495
2026-01-09T09:55:00+09:00,BMS-01,32.97136804755106,27.73565695671223
2026-01-09T10:00:00+09:00,BMS-01,61.06642679133785,27.701882627207
2026-01-09T10:05:00+09:00,BMS-01,51.44069634134763,27.736199047926643
2026-01-09T10:10:00+09:00,BMS-01,76.45640086038439,29.045580713330853
2026-01-09T10:15:00+09:00,BMS-01,34.90292699635975,27.06779021017053
2026-01-09T10:20:00+09:00,BMS-01,41.57777659231884,26.41320653096551
2026-01-09T10:25:00+09:00,BMS-01,50.372461272894746,28.83794896966966
2026-01-09T10:30:00+09:00,BMS-01,64.5091128545988,29.025806957733117
2026-01-09T10:35:00+09:00,BMS-01,66.2949004182899,28.5102206660116
2026-01-09T10:40:00+09:00,BMS-01,66.01067721619089,29.250672070991076
2026-01-09T10:45:00+09:00,BMS-01,54.69473080433515,28.621044558228213
2026-01-09T10:50:00+09:00,BMS-01,65.51126645463403,28.105709531964546
2026-01-09T10:55:00+09:00,BMS-01,52.30791349020117,28.484667355492178
2026-01-09T11:00:00+09:00,BMS-01,58.3904948381135,27.319387904794706
2026-01-09T11:05:00+09:00,BMS-01,25.764100364243625,30.408926971442295
2026-01-09T11:10:00+09:00,BMS-01,77.34770816719663,31.040900239339514
2026-01-09T11:15:00+09:00,BMS-01,68.49055129618941,30.019191070396207
2026-01-09T11:20:00+09:00,BMS-01,53.10319618909169,27.493084644494225
2026-01-09T11:25:00+09:00,BMS-01,28.854090062801305,31.27017717011728
2026-01-09T11:30:00+09:00,BMS-01,76.41430533834158,29.021352208221074
2026-01-09T11:35:00+09:00,BMS-01,52.89774211229668,31.25333439339898
2026-01-09T11:40:00+09:00,BMS-01,88.95500541455557,32.49371731746521
2026-01-09T11:45:00+09:00,BMS-01,31.31945214254501,27.768476498625738
2026-01-09T11:50:00+09:00,BMS-01,57.45756309146284,28.249395893108098
2026-01-09T11:55:00+09:00,BMS-01,87.33989538809611,25.822386840927585
2026-01-09T12:00:00+09:00,BMS-01,26.609643425158804,30.43445607625968
2026-01-09T12:05:00+09:00,BMS-01,77.09610324826735,26.840738404295447
2026-01-09T12:10:00+09:00,BMS-01,75.74427638006209,28.3682757983482
2026-01-09T12:15:00+09:00,BMS-01,30.43787648696222,28.63165158151512
2026-01-09T12:20:00+09:00,BMS-01,52.91884925237981,31.3778622102984
2026-01-09T12:25:00+09:00,BMS-01,81.97515133033579,29.361597301546613
2026-01-09T12:30:00+09:00,BMS-01,89.59394476730309,31.806116590843537
2026-01-09T12:35:00+09:00,BMS-01,20.826870727023294,26.675911814299084
2026-01-09T12:40:00+09:00,BMS-01,38.88689685973283,27.670611060480695
2026-01-09T12:45:00+09:00,BMS-01,53.89377957718139,27.54536717834488
2026-01-09T12:50:00+09:00,BMS-01,40.439170040493444,28.087374557317183
2026-01-09T12:55:00+09:00,BMS-01,76.92981663109335,28.39980347411636
2026-01-09T13:00:00+09:00,BMS-01,76.80246472785721,27.32020859161802
2026-01-09T13:05:00+09:00,BMS-01,21.78154341817162,27.304364923376472
2026-01-09T13:10:00+09:00,BMS-01,27.75241907109703,30.535745496364477
2026-01-09T13:15:00+09:00,BMS-01,88.00534066579876,23.881020810150613
2026-01-09T13:20:00+09:00,BMS-01,79.93275613511803,31.63314749556247
2026-01-09T13:25:00+09:00,BMS-01,87.81797418799836,25.364738215697937
2026-01-09T13:30:00+09:00,BMS-01,29.05460539614349,30.11148829146003
2026-01-09T13:35:00+09:00,BMS-01,58.834687141299526,28.363572116269044
2026-01-09T13:40:00+09:00,BMS-01,31.515246002713504,28.33007390498902
2026-01-09T13:45:00+09:00,BMS-01,39.40866063695427,29.266285813488864
2026-01-09T13:50:00+09:00,BMS-01,32.30956249367473,31.930032291363318
2026-01-09T13:55:00+09:00,BMS-01,83.71511362427266,26.56989549287941
2026-01-09T14:00:00+09:00,BMS-01,74.22564606655834,26.74367148160254
2026-01-09T14:05:00+09:00,BMS-01,62.09551796315058,29.0848054437353
2026-01-09T14:10:00+09:00,BMS-01,30.939011521012972,28.670884016310293
2026-01-09T14:15:00+09:00,BMS-01,34.450125115061184,31.29905582576667
2026-01-09T14:20:00+09:00,BMS-01,83.47567489282864,27.218835307404465
2026-01-09T14:25:00+09:00,BMS-01,24.27806962102428,25.923396015230118
2026-01-09T14:30:00+09:00,BMS-01,31.955298825729457,28.900647158814145
2026-01-09T14:35:00+09:00,BMS-01,76.47208493122247,30.1144871976671
2026-01-09T14:40:00+09:00,BMS-01,50.41010821036351,30.222647601080645
2026-01-09T14:45:00+09:00,BMS-01,59.692791575497395,29.29391818361053
2026-01-09T14:50:00+09:00,BMS-01,67.88653921429339,28.216404119059987
2026-01-09T14:55:00+09:00,BMS-01,22.715641311967982,28.71557709301341
2026-01-09T15:00:00+09:00,BMS-01,76.99130301921303,28.623971270288557
2026-01-09T15:05:00+09:00,BMS-01,84.52450372105159,30.091205087702697
2026-01-09T15:10:00+09:00,BMS-01,66.45720333745278,30.27186014380843
2026-01-09T15:15:00+09:00,BMS-01,43.08363026326183,31.35700518979612
2026-01-09T15:20:00+09:00,BMS-01,27.10302504808216,26.86452192908597
2026-01-09T15:25:00+09:00,BMS-01,89.54519589804572,27.799071603299414
2026-01-09T15:30:00+09:00,BMS-01,89.19570056568742,30.2393424691971
2026-01-09T15:35:00+09:00,BMS-01,55.64023228321819,28.60052801897041
2026-01-09T15:40:00+09:00,BMS-01,44.34244567806225,28.64329384410636
2026-01-09T15:45:00+09:00,BMS-01,45.42662140241702,29.176944092663575
2026-01-09T15:50:00+09:00,BMS-01,50.54464051948559,31.223893700857275
2026-01-09T15:55:00+09:00,BMS-01,35.67411948129251,28.375217849916552
2026-01-09T16:00:00+09:00,BMS-01,36.41436579984365,29.827597799969727
2026-01-09T16:05:00+09:00,BMS-01,31.442310397773657,27.30118062163738
2026-01-09T16:10:00+09:00,BMS-01,50.11133821382349,31.968967653531493
2026-01-09T16:15:00+09:00,BMS-01,39.35610139395858,30.926500435584508
2026-01-09T16:20:00+09:00,BMS-01,43.31126385854663,27.952653970364373
2026-01-09T16:25:00+09:00,BMS-01,49.7363401336851,27.623751109769707
2026-01-09T16:30:00+09:00,BMS-01,44.99574039219578,32.672978552431346
2026-01-09T16:35:00+09:00,BMS-01,60.6301524472954,30.702221465296226
2026-01-09T16:40:00+09:00,BMS-01,71.68285711699488,30.988686743949653
2026-01-09T16:45:00+09:00,BMS-01,65.10528814309882,26.266058209311417
2026-01-09T16:50:00+09:00,BMS-01,60.75097360303782,32.99473408321917
2026-01-09T16:55:00+09:00,BMS-01,59.869858538954155,26.395235145776446
2026-01-09T17:00:00+09:00,BMS-01,34.321052303265404,31.489888003302227
2026-01-09T17:05:00+09:00,BMS-01,54.400012502118926,27.43368274216878
2026-01-09T17:10:00+09:00,BMS-01,32.742191400525094,27.73007226270486
2026-01-09T17:15:00+09:00,BMS-01,72.84944580022938,32.00770963203662
2026-01-09T17:20:00+09:00,BMS-01,36.194235731405314,30.009889173076974
2026-01-09T17:25:00+09:00,BMS-01,74.00087528047005,31.641303701294174
2026-01-09T17:30:00+09:00,BMS-01,46.230636877434044,31.857930623406606
2026-01-09T17:35:00+09:00,BMS-01,75.13225309866309,28.234779766887865
2026-01-09T17:40:00+09:00,BMS-01,59.82482743461502,28.36312313455175
2026-01-09T17:45:00+09:00,BMS-01,41.52856844858571,31.02345180445174
2026-01-09T17:50:00+09:00,BMS-01,57.82447549580679,29.93204001205807
2026-01-09T17:55:00+09:00,BMS-01,81.53142825277138,27.94728065367411
2026-01-09T18:00:00+09:00,BMS-01,24.698576210953384,30.25567075336868
2026-01-09T18:05:00+09:00,BMS-01,43.92364298920448,28.412801958633896
2026-01-09T18:10:00+09:00,BMS-01,24.196750056039612,27.15327450206145
2026-01-09T18:15:00+09:00,BMS-01,46.23386820711341,28.220699447654273
2026-01-09T18:20:00+09:00,BMS-01,71.01579078904172,26.73752393323935
2026-01-09T18:25:00+09:00,BMS-01,25.674215170855106,24.50753935772378
2026-01-09T18:30:00+09:00,BMS-01,56.713796852634,29.385027923663444
2026-01-09T18:35:00+09:00,BMS-01,39.00605118140694,28.306719500526555
2026-01-09T18:40:00+09:00,BMS-01,21.377455592919457,28.496416459479605
2026-01-09T18:45:00+09:00,BMS-01,30.483646811316074,27.431239825780068
2026-01-09T18:50:00+09:00,BMS-01,43.71419763231081,25.906592066412447
2026-01-09T18:55:00+09:00,BMS-01,33.64885585559688,28.820603473487633
2026-01-09T19:00:00+09:00,BMS-01,23.528444470819533,26.984926620325567
2026-01-09T19:05:00+09:00,BMS-01,40.63543716348618,29.787016596946945
2026-01-09T19:10:00+09:00,BMS-01,52.06942044495032,30.563700596473282
2026-01-09T19:15:00+09:00,BMS-01,51.08950471373883,29.21355831731195
2026-01-09T19:20:00+09:00,BMS-01,60.43934735618009,29.883670996282135
2026-01-09T19:25:00+09:00,BMS-01,74.69003248374844,28.625318614477443
2026-01-09T19:30:00+09:00,BMS-01,40.18321490769861,29.746641446913905
2026-01-09T19:35:00+09:00,BMS-01,65.44752172798792,30.212901658042338
2026-01-09T19:40:00+09:00,BMS-01,27.27098112749845,27.349742772957807
2026-01-09T19:45:00+09:00,BMS-01,60.60616700432492,28.58448409821278
2026-01-09T19:50:00+09:00,BMS-01,24.738186049854495,29.961087795457342
2026-01-09T19:55:00+09:00,BMS-01,22.472965234922807,28.96934294454582
2026-01-09T20:00:00+09:00,BMS-01,59.21139476220204,27.353557255600858
2026-01-09T20:05:00+09:00,BMS-01,44.09305954275992,26.810563911921744
2026-01-09T20:10:00+09:00,BMS-01,80.94086020561863,27.415267627218615
2026-01-09T20:15:00+09:00,BMS-01,24.35789755624041,30.92581455876166
2026-01-09T20:20:00+09:00,BMS-01,68.0740186944632,30.131420139679392
2026-01-09T20:25:00+09:00,BMS-01,79.49726350290263,30.36297892807998
2026-01-09T20:30:00+09:00,BMS-01,37.39534348103797,31.44274437051252
2026-01-09T20:35:00+09:00,BMS-01,31.949126017216596,31.356387062262076
2026-01-09T20:40:00+09:00,BMS-01,46.973352962081314,30.29587303616131
2026-01-09T20:45:00+09:00,BMS-01,61.52358627335568,31.969521683554785
2026-01-09T20:50:00+09:00,BMS-01,45.104246014984895,27.81320592619554
2026-01-09T20:55:00+09:00,BMS-01,60.603859546020765,25.815939748576426
2026-01-09T21:00:00+09:00,BMS-01,84.70437498416575,27.109086258245757
2026-01-09T21:05:00+09:00,BMS-01,76.56055414812862,28.079678078558025
2026-01-09T21:10:00+09:00,BMS-01,64.60192818145048,26.05139797947033
2026-01-09T21:15:00+09:00,BMS-01,73.72365470772604,31.325167344161848
2026-01-09T21:20:00+09:00,BMS-01,32.260465280450376,30.29795178034388
2026-01-09T21:25:00+09:00,BMS-01,49.10661454567983,31.71451844666273
2026-01-09T21:30:00+09:00,BMS-01,50.160887146350696,27.31928291724309
2026-01-09T21:35:00+09:00,BMS-01,66.54530789684104,27.965575172353333
2026-01-09T21:40:00+09:00,BMS-01,27.74722178898293,30.300686658620307
2026-01-09T21:45:00+09:00,BMS-01,69.04527252829494,31.553368458024234
2026-01-09T21:50:00+09:00,BMS-01,23.670685813128156,28.936202284013998
2026-01-09T21:55:00+09:00,BMS-01,71.21256804482032,27.45293299650112
2026-01-09T22:00:00+09:00,BMS-01,51.76977412730383,27.32509154328534
2026-01-09T22:05:00+09:00,BMS-01,42.33578426956487,28.729317832991057
2026-01-09T22:10:00+09:00,BMS-01,66.30986218900637,30.688292552656797
2026-01-09T22:15:00+09:00,BMS-01,70.02185913644395,31.2687169431032
2026-01-09T22:20:00+09:00,BMS-01,64.89417159748932,30.95415954298661
2026-01-09T22:25:00+09:00,BMS-01,28.633144916120255,29.10196492188294
2026-01-09T22:30:00+09:00,BMS-01,87.40619549234748,29.42901199914348
2026-01-09T22:35:00+09:00,BMS-01,33.030611780118335,28.747039541327453
2026-01-09T22:40:00+09:00,BMS-01,44.10094436592831,26.2526693101021
2026-01-09T22:45:00+09:00,BMS-01,85.67460206687859,26.735273990775344
2026-01-09T22:50:00+09:00,BMS-01,51.242281081356595,30.915664359131526
2026-01-09T22:55:00+09:00,BMS-01,83.66052554261968,28.403610205024577
2026-01-09T23:00:00+09:00,BMS-01,33.493461149846944,30.012531449493615
2026-01-09T23:05:00+09:00,BMS-01,44.996153990968814,27.977165200007285
2026-01-09T23:10:00+09:00,BMS-01,69.54135910492077,25.773389777270612
2026-01-09T23:15:00+09:00,BMS-01,33.16130119649882,26.389355023619252
2026-01-09T23:20:00+09:00,BMS-01,49.014343355199266,32.65439144545526
2026-01-09T23:25:00+09:00,BMS-01,67.95867034252625,28.844140488988888
2026-01-09T23:30:00+09:00,BMS-01,48.90170743350287,33.28403117532217
2026-01-09T23:35:00+09:00,BMS-01,83.1726705134837,31.094021336914967
2026-01-09T23:40:00+09:00,BMS-01,84.66489663632778,26.03215991132388
2026-01-09T23:45:00+09:00,BMS-01,56.09300888640867,28.677992038148926
2026-01-09T23:50:00+09:00,BMS-01,20.6407129777724,22.315662267604914
2026-01-09T23:55:00+09:00,BMS-01,31.03861903863388,30.462868150804614
2026-01-10T00:00:00+09:00,BMS-01,62.304410622678596,29.902196938130963
2026-01-10T00:05:00+09:00,BMS-01,29.82085529512522,28.125905763683228
2026-01-10T00:10:00+09:00,BMS-01,29.113751923900118,28.048056492060564
2026-01-10T00:15:00+09:00,BMS-01,48.27683842950784,32.370302436545444
2026-01-10T00:20:00+09:00,BMS-01,67.0147648682,29.54023845359889
2026-01-10T00:25:00+09:00,BMS-01,71.3674674180079,33.28727869220398
2026-01-10T00:30:00+09:00,BMS-01,80.78372263092588,28.345788543893512
2026-01-10T00:35:00+09:00,BMS-01,51.73964674732485,28.815768995896363
2026-01-10T00:40:00+09:00,BMS-01,69.41012108386016,30.28124489917892
2026-01-10T00:45:00+09:00,BMS-01,83.48049059859333,30.273500823953192
2026-01-10T00:50:00+09:00,BMS-01,42.78532195776515,27.538882534582083
2026-01-10T00:55:00+09:00,BMS-01,27.38291343116262,30.253185120502252
2026-01-10T01:00:00+09:00,BMS-01,68.01377023379605,29.28314977544872
2026-01-10T01:05:00+09:00,BMS-01,64.06673704312357,31.377684049511327
2026-01-10T01:10:00+09:00,BMS-01,20.88377533141794,29.52418745642211
2026-01-10T01:15:00+09:00,BMS-01,66.90337372741357,29.298160585001973
2026-01-10T01:20:00+09:00,BMS-01,25.01099385328917,27.314116952222584
2026-01-10T01:25:00+09:00,BMS-01,65.92141770664048,30.57264906194294
2026-01-10T01:30:00+09:00,BMS-01,74.94899483291447,25.72763919722581
2026-01-10T01:35:00+09:00,BMS-01,66.75969557687132,26.76133727171972
2026-01-10T01:40:00+09:00,BMS-01,85.64723965006107,28.062527995095515
2026-01-10T01:45:00+09:00,BMS-01,69.47327509248447,30.0929373010855
2026-01-10T01:50:00+09:00,BMS-01,58.664444589958755,27.84756988983258
2026-01-10T01:55:00+09:00,BMS-01,59.39784799159977,30.33899050154807
2026-01-10T02:00:00+09:00,BMS-01,46.16716181752028,26.209073202028822
2026-01-10T02:05:00+09:00,BMS-01,71.42836891750906,26.006668158024837
2026-01-10T02:10:00+09:00,BMS-01,41.12890951833364,28.860293326008808
2026-01-10T02:15:00+09:00,BMS-01,36.32808573714065,29.73326432513455
2026-01-10T02:20:00+09:00,BMS-01,45.29533746134392,29.158187247845174
2026-01-10T02:25:00+09:00,BMS-01,28.3296847826357,26.95666842795452
2026-01-10T02:30:00+09:00,BMS-01,49.01486775234682,29.45902025152385
2026-01-10T02:35:00+09:00,BMS-01,84.98025898470586,30.248073571513803
2026-01-10T02:40:00+09:00,BMS-01,80.24675072209533,33.35525540930756
2026-01-10T02:45:00+09:00,BMS-01,71.72943789427957,27.950587512331094
2026-01-10T02:50:00+09:00,BMS-01,68.24499200081696,26.672062545458715
2026-01-10T02:55:00+09:00,BMS-01,76.98607408231504,28.537713075830432
2026-01-10T03:00:00+09:00,BMS-01,21.228966190206606,29.427019755920195
2026-01-10T03:05:00+09:00,BMS-01,80.5357109623349,31.33124822005609
2026-01-10T03:10:00+09:00,BMS-01,53.82518656960741,24.325688574705325
2026-01-10T03:15:00+09:00,BMS-01,88.888441413734,28.595648591397026
2026-01-10T03:20:00+09:00,BMS-01,55.8946401169145,26.40966635993714
2026-01-10T03:25:00+09:00,BMS-01,56.13143178428827,27.47738800650655
2026-01-10T03:30:00+09:00,BMS-01,54.165620037381494,31.038782234792635
2026-01-10T03:35:00+09:00,BMS-01,83.15835273502609,28.059174113313386
2026-01-10T03:40:00+09:00,BMS-01,79.9845216394659,29.900465107538707
2026-01-10T03:45:00+09:00,BMS-01,60.852878509857035,29.88900515348364
2026-01-10T03:50:00+09:00,BMS-01,79.01702746434157,27.57337277063985
2026-01-10T03:55:00+09:00,BMS-01,38.85977940385154,28.93066309037146
2026-01-10T04:00:00+09:00,BMS-01,74.38325892486361,32.66677257640979
2026-01-10T04:05:00+09:00,BMS-01,53.581192860323924,30.94028857366065
2026-01-10T04:10:00+09:00,BMS-01,62.551195277765395,29.102209310956773
2026-01-10T04:15:00+09:00,BMS-01,32.663318228681646,31.2603609163925
2026-01-10T04:20:00+09:00,BMS-01,56.94077092679332,29.785287908558747
2026-01-10T04:25:00+09:00,BMS-01,59.60257638372681,26.863631604367338
2026-01-10T04:30:00+09:00,BMS-01,36.01938706353327,33.35496880864171
2026-01-10T04:35:00+09:00,BMS-01,25.59228672546953,31.277644624726573
2026-01-10T04:40:00+09:00,BMS-01,42.69795395038488,31.002756763617377
2026-01-10T04:45:00+09:00,BMS-01,78.93292314434703,28.26210111831375
2026-01-10T04:50:00+09:00,BMS-01,35.46908298430924,30.49918897210808
2026-01-10T04:55:00+09:00,BMS-01,24.2611672134856,26.706023545990845
2026-01-10T05:00:00+09:00,BMS-01,70.27201114912084,24.858048710736806
2026-01-10T05:05:00+09:00,BMS-01,80.58322706696433,29.031097562466474
2026-01-10T05:10:00+09:00,BMS-01,29.347823391117466,29.365150428486633
2026-01-10T05:15:00+09:00,BMS-01,46.098377269324914,26.912108175862617
2026-01-10T05:20:00+09:00,BMS-01,56.89196582077786,28.808731696122788
2026-01-10T05:25:00+09:00,BMS-01,37.459276528570385,30.061688687599943
2026-01-10T05:30:00+09:00,BMS-01,49.505672460596685,32.72459003002073
2026-01-10T05:35:00+09:00,BMS-01,35.37297192029124,29.283316556747863
2026-01-10T05:40:00+09:00,BMS-01,58.35752575399659,28.706259268863796
2026-01-10T05:45:00+09:00,BMS-01,32.77118768387538,29.496266519881072
2026-01-10T05:50:00+09:00,BMS-01,20.20090344731922,25.523304431603364
2026-01-10T05:55:00+09:00,BMS-01,77.24202465736711,26.53352081856196
2026-01-10T06:00:00+09:00,BMS-01,73.58726798710671,29.156508866088807
2026-01-10T06:05:00+09:00,BMS-01,62.656893288270815,29.31227154172687
2026-01-10T06:10:00+09:00,BMS-01,73.43081323885707,29.999185552739856
2026-01-10T06:15:00+09:00,BMS-01,49.75505519752305,29.658282445187847
2026-01-10T06:20:00+09:00,BMS-01,46.88775136898563,29.088625047742347
2026-01-10T06:25:00+09:00,BMS-01,88.22977976577316,29.01611561029538
2026-01-10T06:30:00+09:00,BMS-01,55.31341859974323,27.359382186624167
2026-01-10T06:35:00+09:00,BMS-01,47.875116299171594,26.134549267087234
2026-01-10T06:40:00+09:00,BMS-01,66.39852997070344,29.155451233713393
2026-01-10T06:45:00+09:00,BMS-01,50.41117547477297,25.850885517175318
2026-01-10T06:50:00+09:00,BMS-01,52.9525516807783,25.60304097676748
2026-01-10T06:55:00+09:00,BMS-01,47.45733508315126,31.3174521815225
2026-01-10T07:00:00+09:00,BMS-01,42.31109614890208,30.881806284617962
2026-01-10T07:05:00+09:00,BMS-01,61.653217361878966,29.09950458186051
2026-01-10T07:10:00+09:00,BMS-01,43.01370783240079,32.59447576478413
2026-01-10T07:15:00+09:00,BMS-01,83.36532070314682,27.437830725127327
2026-01-10T07:20:00+09:00,BMS-01,80.42433482504097,29.10314587170469
2026-01-10T07:25:00+09:00,BMS-01,53.66853546121012,27.046189516854668
2026-01-10T07:30:00+09:00,BMS-01,68.08806253034034,32.00876212320049
2026-01-10T07:35:00+09:00,BMS-01,32.13506712562611,27.1141375588674
2026-01-10T07:40:00+09:00,BMS-01,47.6700146986023,27.512862738383454
2026-01-10T07:45:00+09:00,BMS-01,36.13997005779021,29.85603042545835
2026-01-10T07:50:00+09:00,BMS-01,40.271916006364094,29.309945639703155
2026-01-10T07:55:00+09:00,BMS-01,85.14785829264704,27.043503128897413
2026-01-10T08:00:00+09:00,BMS-01,73.48153014654515,27.181248993669204
2026-01-10T08:05:00+09:00,BMS-01,77.85936139372832,29.528388940819635
2026-01-10T08:10:00+09:00,BMS-01,29.77371169816348,31.346719314620948
2026-01-10T08:15:00+09:00,BMS-01,89.03050673488968,27.015244602832777
2026-01-10T08:20:00+09:00,BMS-01,73.4918643119061,31.70773700491022
2026-01-10T08:25:00+09:00,BMS-01,54.875065322147506,26.339136508051247
2026-01-10T08:30:00+09:00,BMS-01,69.29305182302673,25.95844841438781
2026-01-10T08:35:00+09:00,BMS-01,60.0667311403572,31.11355045754575
2026-01-10T08:40:00+09:00,BMS-01,70.08951571972885,28.391480207238722
2026-01-10T08:45:00+09:00,BMS-01,56.22484453392429,29.505752835809982
2026-01-10T08:50:00+09:00,BMS-01,83.60735679695628,28.109569251704357
2026-01-10T08:55:00+09:00,BMS-01,24.874121474866847,29.718674074049417
2026-01-10T09:00:00+09:00,BMS-01,35.04584753998671,31.033630944763654
2026-01-10T09:05:00+09:00,BMS-01,83.621887888726,23.84713720325481
2026-01-10T09:10:00+09:00,BMS-01,63.87175997829384,30.69374087765622
2026-01-10T09:15:00+09:00,BMS-01,82.26791731245541,27.394946607430445
2026-01-10T09:20:00+09:00,BMS-01,65.4740441791942,28.85416325170087
2026-01-10T09:25:00+09:00,BMS-01,62.80477177086924,32.1096318983213
2026-01-10T09:30:00+09:00,BMS-01,54.69882365453923,27.158494149865746
2026-01-10T09:35:00+09:00,BMS-01,52.73964867332712,24.14150455382673
2026-01-10T09:40:00+09:00,BMS-01,79.39448418750433,28.51267019732884
2026-01-10T09:45:00+09:00,BMS-01,37.85442318641801,29.03619334579552
2026-01-10T09:50:00+09:00,BMS-01,76.2338822457259,27.66902448152554
2026-01-10T09:55:00+09:00,BMS-01,58.70084024576584,27.87604539795164
2026-01-10T10:00:00+09:00,BMS-01,53.14012789637757,29.596202121262433
2026-01-10T10:05:00+09:00,BMS-01,80.3395703985731,29.097654795353385
2026-01-10T10:10:00+09:00,BMS-01,38.378569798406595,30.123298690433597
2026-01-10T10:15:00+09:00,BMS-01,33.429455427224134,30.304206109418335
2026-01-10T10:20:00+09:00,BMS-01,81.30346525267653,31.24331035745087
2026-01-10T10:25:00+09:00,BMS-01,41.00250824846207,28.388413191379907
2026-01-10T10:30:00+09:00,BMS-01,86.70934349805859,28.80528405365926
2026-01-10T10:35:00+09:00,BMS-01,23.416332660815577,26.66793841999047
2026-01-10T10:40:00+09:00,BMS-01,59.099691741957514,30.562051553486967
2026-01-10T10:45:00+09:00,BMS-01,77.83699195817611,29.159808135045914
2026-01-10T10:50:00+09:00,BMS-01,69.50245861967785,28.099709577079455
2026-01-10T10:55:00+09:00,BMS-01,37.06969118076181,26.335893647797764
2026-01-10T11:00:00+09:00,BMS-01,72.62230580279339,30.481455616179705
2026-01-10T11:05:00+09:00,BMS-01,77.08116370253938,31.040377814272645
2026-01-10T11:10:00+09:00,BMS-01,30.455988712442654,27.85704593677953
2026-01-10T11:15:00+09:00,BMS-01,63.901985826499136,29.50904547740705
2026-01-10T11:20:00+09:00,BMS-01,26.0696277031219,28.425973088404344
2026-01-10T11:25:00+09:00,BMS-01,35.68701542628653,29.57048599881514
2026-01-10T11:30:00+09:00,BMS-01,38.26917671937282,33.60478365770613
2026-01-10T11:35:00+09:00,BMS-01,76.50726444671291,27.378905618981566
2026-01-10T11:40:00+09:00,BMS-01,56.646824183038156,28.14282842114938
2026-01-10T11:45:00+09:00,BMS-01,70.34767124142432,27.77890259158596
2026-01-10T11:50:00+09:00,BMS-01,89.64519284487913,29.084154938611125
2026-01-10T11:55:00+09:00,BMS-01,26.09620322371163,27.761449606313082
2026-01-10T12:00:00+09:00,BMS-01,67.0340160771369,25.904430851042648
2026-01-10T12:05:00+09:00,BMS-01,84.36442654956383,27.542198582449952
2026-01-10T12:10:00+09:00,BMS-01,49.12810386193027,27.91594529141663
2026-01-10T12:15:00+09:00,BMS-01,70.57168033296298,27.049514537525454
2026-01-10T12:20:00+09:00,BMS-01,30.340276763414288,27.17646857936192
2026-01-10T12:25:00+09:00,BMS-01,53.89315780976153,30.488271887112273
2026-01-10T12:30:00+09:00,BMS-01,66.10371218820701,31.39149182452765
2026-01-10T12:35:00+09:00,BMS-01,70.00739970113642,29.570657052359305
2026-01-10T12:40:00+09:00,BMS-01,68.69762714453793,30.920413037870723
2026-01-10T12:45:00+09:00,BMS-01,43.7600488350406,27.085550188785394
2026-01-10T12:50:00+09:00,BMS-01,61.86966625633961,29.558195748707384
2026-01-10T12:55:00+09:00,BMS-01,50.31109045476347,30.42741216094903
2026-01-10T13:00:00+09:00,BMS-01,62.79778947691507,27.8279330840708
2026-01-10T13:05:00+09:00,BMS-01,87.42983648413365,31.719321900793357
2026-01-10T13:10:00+09:00,BMS-01,67.73613031433594,29.768340993326813
2026-01-10T13:15:00+09:00,BMS-01,62.588272324744445,32.31142613062456
2026-01-10T13:20:00+09:00,BMS-01,53.000740663555426,26.70662282291148
2026-01-10T13:25:00+09:00,BMS-01,63.08521868447053,27.298264107159188
2026-01-10T13:30:00+09:00,BMS-01,67.20034536200093,28.46760058073967
2026-01-10T13:35:00+09:00,BMS-01,86.25683510874681,30.6471737022444
2026-01-10T13:40:00+09:00,BMS-01,26.331526141494244,28.47277967184962
2026-01-10T13:45:00+09:00,BMS-01,72.9938039767546,29.602301387547246
2026-01-10T13:50:00+09:00,BMS-01,63.711684576768796,32.60175299162467
2026-01-10T13:55:00+09:00,BMS-01,67.52426763863467,30.412582496682358
2026-01-10T14:00:00+09:00,BMS-01,34.049618033760645,25.89525980085405
2026-01-10T14:05:00+09:00,BMS-01,27.312711521014144,25.9771329784253
2026-01-10T14:10:00+09:00,BMS-01,54.86507177002379,33.89328677883292
2026-01-10T14:15:00+09:00,BMS-01,51.9993657461004,26.635209695860954
2026-01-10T14:20:00+09:00,BMS-01,51.34368193140072,25.301245695811044
2026-01-10T14:25:00+09:00,BMS-01,58.03475045194652,29.021783398334343
2026-01-10T14:30:00+09:00,BMS-01,26.147896078521388,31.322787261831483
2026-01-10T14:35:00+09:00,BMS-01,74.62993114111484,27.215570371511063
2026-01-10T14:40:00+09:00,BMS-01,88.83589255232827,29.091574958579564
2026-01-10T14:45:00+09:00,BMS-01,77.6464039673164,30.751705697378164
2026-01-10T14:50:00+09:00,BMS-01,58.83539385880264,22.21344582009278
2026-01-10T14:55:00+09:00,BMS-01,49.222461631560265,30.7120399832475
2026-01-10T15:00:00+09:00,BMS-01,33.06559286471876,31.049418614559624
2026-01-10T15:05:00+09:00,BMS-01,29.365678272071694,29.487023595214882
2026-01-10T15:10:00+09:00,BMS-01,81.16489472744652,28.287413848976716
2026-01-10T15:15:00+09:00,BMS-01,41.75397432325078,29.04249456538541
2026-01-10T15:20:00+09:00,BMS-01,25.083613321823837,28.389450653246143
2026-01-10T15:25:00+09:00,BMS-01,49.49974355201877,28.42897789774672
2026-01-10T15:30:00+09:00,BMS-01,41.24724215736653,28.4972429194445
2026-01-10T15:35:00+09:00,BMS-01,22.94318721094976,28.355194060721765
2026-01-10T15:40:00+09:00,BMS-01,51.55721052809593,29.23137889430884
2026-01-10T15:45:00+09:00,BMS-01,81.24799027754801,27.277362001486114
2026-01-10T15:50:00+09:00,BMS-01,47.86524750383682,27.722745693634145
2026-01-10T15:55:00+09:00,BMS-01,36.854112537772714,30.043084450334035
2026-01-10T16:00:00+09:00,BMS-01,34.683243936550284,25.566961663068593
2026-01-10T16:05:00+09:00,BMS-01,79.32418983827358,27.639651883943706
2026-01-10T16:10:00+09:00,BMS-01,85.32976747959239,28.373877591955022
2026-01-10T16:15:00+09:00,BMS-01,78.45168843349576,24.738676176253854
2026-01-10T16:20:00+09:00,BMS-01,52.06416702204932,30.676175220029034
2026-01-10T16:25:00+09:00,BMS-01,63.49257794865062,33.3038472968222
2026-01-10T16:30:00+09:00,BMS-01,71.40241256747358,25.89989853624872
2026-01-10T16:35:00+09:00,BMS-01,88.18077656042308,31.657993670802135
2026-01-10T16:40:00+09:00,BMS-01,72.2340107535913,29.672292511721842
2026-01-10T16:45:00+09:00,BMS-01,82.46786654372382,28.707100627152187
2026-01-10T16:50:00+09:00,BMS-01,83.14476444520925,27.27539816516973
2026-01-10T16:55:00+09:00,BMS-01,40.66224871320825,27.91914694427761
2026-01-10T17:00:00+09:00,BMS-01,73.11225809996354,29.66756349395993
2026-01-10T17:05:00+09:00,BMS-01,77.65532346676179,31.414274562627014
2026-01-10T17:10:00+09:00,BMS-01,24.587432174487358,26.538659077759224
2026-01-10T17:15:00+09:00,BMS-01,37.521978434297765,27.662926440690228
2026-01-10T17:20:00+09:00,BMS-01,67.7143890124344,29.51732036018589
2026-01-10T17:25:00+09:00,BMS-01,46.672455095728246,28.811537675078462
2026-01-10T17:30:00+09:00,BMS-01,20.234171831868334,27.37936791243407
2026-01-10T17:35:00+09:00,BMS-01,51.05108840873911,28.96196394930369
2026-01-10T17:40:00+09:00,BMS-01,40.268522716341224,28.426261181495427
2026-01-10T17:45:00+09:00,BMS-01,84.80075841058682,29.184425618049918
2026-01-10T17:50:00+09:00,BMS-01,76.12722147673047,26.175354130561974
2026-01-10T17:55:00+09:00,BMS-01,52.52886243559685,32.181162672935436
2026-01-10T18:00:00+09:00,BMS-01,49.87697127092851,29.61676900439112
2026-01-10T18:05:00+09:00,BMS-01,39.12241384343245,31.607689557054965
2026-01-10T18:10:00+09:00,BMS-01,22.14468618803415,28.78716154743181
2026-01-10T18:15:00+09:00,BMS-01,87.73308920424557,28.0027296327497
2026-01-10T18:20:00+09:00,BMS-01,57.204545797728144,31.620355709542423
2026-01-10T18:25:00+09:00,BMS-01,66.4711190801396,29.90498471229025
2026-01-10T18:30:00+09:00,BMS-01,71.29189636978313,28.776948109836244
2026-01-10T18:35:00+09:00,BMS-01,20.933292825983674,29.98772893058074
2026-01-10T18:40:00+09:00,BMS-01,62.45876884459955,28.414703320639806
2026-01-10T18:45:00+09:00,BMS-01,59.59686652076529,31.359857747125123
2026-01-10T18:50:00+09:00,BMS-01,38.66278709074226,29.708653303351866
2026-01-10T18:55:00+09:00,BMS-01,86.44028167924118,27.86500030763122
2026-01-10T19:00:00+09:00,BMS-01,54.37022368304197,31.95220034082681
2026-01-10T19:05:00+09:00,BMS-01,74.8972788646971,29.752628902896177
2026-01-10T19:10:00+09:00,BMS-01,89.71554831118424,26.756126369714558
2026-01-10T19:15:00+09:00,BMS-01,25.485552589550544,27.799195763231108
2026-01-10T19:20:00+09:00,BMS-01,87.57509853775088,28.608942847991706
2026-01-10T19:25:00+09:00,BMS-01,41.77369596734845,28.217933779328906
2026-01-10T19:30:00+09:00,BMS-01,31.709773583520864,29.331527816669865
2026-01-10T19:35:00+09:00,BMS-01,34.88812082668168,25.250511721751444
2026-01-10T19:40:00+09:00,BMS-01,65.79534547292566,28.37003628576212
2026-01-10T19:45:00+09:00,BMS-01,70.72864021641908,30.998429597667077
2026-01-10T19:50:00+09:00,BMS-01,31.24478874345453,31.729470714279255
2026-01-10T19:55:00+09:00,BMS-01,79.98533424007654,29.424775123249002
2026-01-10T20:00:00+09:00,BMS-01,79.36112640581294,28.007848468510772
2026-01-10T20:05:00+09:00,BMS-01,51.84472129621332,28.092937323646357
2026-01-10T20:10:00+09:00,BMS-01,36.53425237030885,27.804900436127888
2026-01-10T20:15:00+09:00,BMS-01,39.781147856581875,31.623408179676716
2026-01-10T20:20:00+09:00,BMS-01,70.31194380178624,27.258787783578224
2026-01-10T20:25:00+09:00,BMS-01,84.04514986361335,29.652688280760838
2026-01-10T20:30:00+09:00,BMS-01,76.56678832396017,29.991771983333813
2026-01-10T20:35:00+09:00,BMS-01,77.66387685277105,31.01056975019482
2026-01-10T20:40:00+09:00,BMS-01,49.152101578453696,28.026667785533782
2026-01-10T20:45:00+09:00,BMS-01,73.2454717031944,30.360121290670563
2026-01-10T20:50:00+09:00,BMS-01,35.63416565545457,32.89766049840249
2026-01-10T20:55:00+09:00,BMS-01,79.65920602995789,29.222023718645634
2026-01-10T21:00:00+09:00,BMS-01,41.36090850412652,30.867358142427726
2026-01-10T21:05:00+09:00,BMS-01,68.37418848728312,26.24259164794514
2026-01-10T21:10:00+09:00,BMS-01,84.83474692065533,32.04150177770359
2026-01-10T21:15:00+09:00,BMS-01,28.49921421123434,30.05239134588624
2026-01-10T21:20:00+09:00,BMS-01,60.35564331989162,25.954934336024195
2026-01-10T21:25:00+09:00,BMS-01,34.75489785973901,28.53638725781499
2026-01-10T21:30:00+09:00,BMS-01,44.67001999428489,29.884449179378564
2026-01-10T21:35:00+09:00,BMS-01,43.159793713468005,27.689705548936633
2026-01-10T21:40:00+09:00,BMS-01,65.2711747215472,29.01456038061651
2026-01-10T21:45:00+09:00,BMS-01,75.93212310559935,23.461928391633272
2026-01-10T21:50:00+09:00,BMS-01,42.72611980181648,25.606200096566397
2026-01-10T21:55:00+09:00,BMS-01,81.6356329445825,31.264425477879627
2026-01-10T22:00:00+09:00,BMS-01,60.993425588655526,28.119094871164524
2026-01-10T22:05:00+09:00,BMS-01,21.716518206584958,29.191703923744086
2026-01-10T22:10:00+09:00,BMS-01,76.39478427805798,29.158618461668453
2026-01-10T22:15:00+09:00,BMS-01,41.442066183682606,30.212465526068815
2026-01-10T22:20:00+09:00,BMS-01,77.68054205934197,28.78387284790776
2026-01-10T22:25:00+09:00,BMS-01,53.83175024321422,28.350352913546846
2026-01-10T22:30:00+09:00,BMS-01,41.15210183135176,30.04617239668616
2026-01-10T22:35:00+09:00,BMS-01,36.125177314924606,30.696610212849933
2026-01-10T22:40:00+09:00,BMS-01,26.030439690839835,26.7550807525541
2026-01-10T22:45:00+09:00,BMS-01,39.66899897227043,25.6729427731485
2026-01-10T22:50:00+09:00,BMS-01,40.68877732529351,28.544612824642872
2026-01-10T22:55:00+09:00,BMS-01,55.83373747144966,28.20227651527181
2026-01-10T23:00:00+09:00,BMS-01,79.9750443902695,31.09791401045948
2026-01-10T23:05:00+09:00,BMS-01,53.421282004408766,31.51048494962265
2026-01-10T23:10:00+09:00,BMS-01,49.65349951656511,29.380398834653235
2026-01-10T23:15:00+09:00,BMS-01,40.72908373470443,32.8222877015867
2026-01-10T23:20:00+09:00,BMS-01,81.19602917073806,27.127617458991665
2026-01-10T23:25:00+09:00,BMS-01,60.044769673606304,29.27031329553862
2026-01-10T23:30:00+09:00,BMS-01,71.23879120662576,33.26701406630745
2026-01-10T23:35:00+09:00,BMS-01,89.10837229096354,28.21861938076502
2026-01-10T23:40:00+09:00,BMS-01,60.06127190349465,26.399089693083393
2026-01-10T23:45:00+09:00,BMS-01,84.3072615754363,28.60424877979125
2026-01-10T23:50:00+09:00,BMS-01,47.5716071747876,27.505404408852016
2026-01-10T23:55:00+09:00,BMS-01,48.55066494641655,35.24005759355829
2026-01-11T00:00:00+09:00,BMS-01,40.15311494096263,27.6742124981581
2026-01-11T00:05:00+09:00,BMS-01,26.299627851094197,29.794019073773715
2026-01-11T00:10:00+09:00,BMS-01,83.49559435777861,26.098587342498263
2026-01-11T00:15:00+09:00,BMS-01,80.01031022943006,29.097334303491802
2026-01-11T00:20:00+09:00,BMS-01,34.512603846454816,32.3296936226341
2026-01-11T00:25:00+09:00,BMS-01,69.65190713149556,29.163110679599285
2026-01-11T00:30:00+09:00,BMS-01,86.80931542222876,30.450079325604328
2026-01-11T00:35:00+09:00,BMS-01,71.93134737431834,27.178282289954748
2026-01-11T00:40:00+09:00,BMS-01,78.49097012075057,27.938528841170225
2026-01-11T00:45:00+09:00,BMS-01,68.67524487093497,27.40108951703418
2026-01-11T00:50:00+09:00,BMS-01,24.27773666089068,26.540106348689598
2026-01-11T00:55:00+09:00,BMS-01,79.98144692422886,26.546256274314885
2026-01-11T01:00:00+09:00,BMS-01,89.17180620821385,28.33626957349301
2026-01-11T01:05:00+09:00,BMS-01,88.16623737125263,33.76054564034228
2026-01-11T01:10:00+09:00,BMS-01,35.08311016597977,24.76741621251779
2026-01-11T01:15:00+09:00,BMS-01,74.86389373684906,24.589125473869398
2026-01-11T01:20:00+09:00,BMS-01,22.389146251384922,27.231272785184444
2026-01-11T01:25:00+09:00,BMS-01,37.082362177454755,31.63302318050063
2026-01-11T01:30:00+09:00,BMS-01,41.52595840969707,30.436453052247654
2026-01-11T01:35:00+09:00,BMS-01,87.12565995468782,27.746109433992093
2026-01-11T01:40:00+09:00,BMS-01,71.2714451554862,28.117833128509364
2026-01-11T01:45:00+09:00,BMS-01,43.859499662036875,30.06698928675866
2026-01-11T01:50:00+09:00,BMS-01,59.63827549038545,31.323298469851714
2026-01-11T01:55:00+09:00,BMS-01,39.791500835365184,30.448053705669675
2026-01-11T02:00:00+09:00,BMS-01,82.21545520204754,27.852947910859783
2026-01-11T02:05:00+09:00,BMS-01,61.317777076411176,27.512338141924918
2026-01-11T02:10:00+09:00,BMS-01,38.27888408139932,29.734218400342424
2026-01-11T02:15:00+09:00,BMS-01,35.62124922753197,26.901442193437322
2026-01-11T02:20:00+09:00,BMS-01,70.15135370699603,31.391198430502513
2026-01-11T02:25:00+09:00,BMS-01,50.85017986687543,31.18332562806953
2026-01-11T02:30:00+09:00,BMS-01,47.79681680313843,29.132549143764614
2026-01-11T02:35:00+09:00,BMS-01,55.712143773474125,29.89760613049698
2026-01-11T02:40:00+09:00,BMS-01,30.71651490259781,29.334707579968224
2026-01-11T02:45:00+09:00,BMS-01,24.032065513125403,32.94754903554088
2026-01-11T02:50:00+09:00,BMS-01,45.23112677549287,30.33760374046654
2026-01-11T02:55:00+09:00,BMS-01,83.7861507370996,29.223868207534604
2026-01-11T03:00:00+09:00,BMS-01,68.73554266841077,27.346577964294
2026-01-11T03:05:00+09:00,BMS-01,62.128111610660724,27.279386558719608
2026-01-11T03:10:00+09:00,BMS-01,37.946988192912904,28.291844103507383
2026-01-11T03:15:00+09:00,BMS-01,24.4638341916681,29.730013179382617
2026-01-11T03:20:00+09:00,BMS-01,35.14037304567395,28.142872768320927
2026-01-11T03:25:00+09:00,BMS-01,66.09892306926706,28.04752244853625
2026-01-11T03:30:00+09:00,BMS-01,33.881358717172844,25.843426245140236
2026-01-11T03:35:00+09:00,BMS-01,61.61371342630773,27.907407002230862
2026-01-11T03:40:00+09:00,BMS-01,78.60679048458894,30.775715901621037
2026-01-11T03:45:00+09:00,BMS-01,45.384277127932634,30.507493189307457
2026-01-11T03:50:00+09:00,BMS-01,89.12266835781844,29.273959284087475
2026-01-11T03:55:00+09:00,BMS-01,68.21742928203255,28.060222473331375
2026-01-11T04:00:00+09:00,BMS-01,34.995236835443315,27.364918552587092
2026-01-11T04:05:00+09:00,BMS-01,74.00925778967762,27.565981592705207
2026-01-11T04:10:00+09:00,BMS-01,28.763076442569073,26.928853965176515
2026-01-11T04:15:00+09:00,BMS-01,22.108081122292088,29.477365186218467
2026-01-11T04:20:00+09:00,BMS-01,61.21835299764769,28.775677248807153
2026-01-11T04:25:00+09:00,BMS-01,23.277753685720132,28.304064258673748
2026-01-11T04:30:00+09:00,BMS-01,82.06091564775865,24.561481701996264
2026-01-11T04:35:00+09:00,BMS-01,38.432668811979376,25.955930774037217
2026-01-11T04:40:00+09:00,BMS-01,42.80428876653291,28.372191196068343
2026-01-11T04:45:00+09:00,BMS-01,87.42165574149108,27.444886870593493
2026-01-11T04:50:00+09:00,BMS-01,57.10070229268286,33.31099786730533
2026-01-11T04:55:00+09:00,BMS-01,86.31937666132842,28.514178505281617
2026-01-11T05:00:00+09:00,BMS-01,41.361610332636104,27.344041079170406
2026-01-11T05:05:00+09:00,BMS-01,68.01502004641887,31.856221420890748
2026-01-11T05:10:00+09:00,BMS-01,72.46366693309314,30.512193125057642
2026-01-11T05:15:00+09:00,BMS-01,46.468029231811364,30.597960024760933
2026-01-11T05:20:00+09:00,BMS-01,81.23916979164636,30.666670267881383
2026-01-11T05:25:00+09:00,BMS-01,29.304579563280488,30.040858269555624
2026-01-11T05:30:00+09:00,BMS-01,58.70991133234132,27.945370950532933
2026-01-11T05:35:00+09:00,BMS-01,45.452728247183956,29.575202563173693
2026-01-11T05:40:00+09:00,BMS-01,38.33340472801086,28.424935594544507
2026-01-11T05:45:00+09:00,BMS-01,37.9248386349326,28.76219192639127
2026-01-11T05:50:00+09:00,BMS-01,33.63014533603762,32.9076746480614
2026-01-11T05:55:00+09:00,BMS-01,29.532041498848994,30.035159806357562
2026-01-11T06:00:00+09:00,BMS-01,84.88791280142453,28.538395247908593
2026-01-11T06:05:00+09:00,BMS-01,31.905744687693925,29.953065904685253
2026-01-11T06:10:00+09:00,BMS-01,37.830911122685485,30.87594516142157
2026-01-11T06:15:00+09:00,BMS-01,37.05706459989472,30.810795800926652
2026-01-11T06:20:00+09:00,BMS-01,88.62310557255543,30.25817024272446
2026-01-11T06:25:00+09:00,BMS-01,82.7892853341218,29.141064106798797
2026-01-11T06:30:00+09:00,BMS-01,21.671551008498323,32.03602088564011
2026-01-11T06:35:00+09:00,BMS-01,81.71391790660297,31.08448571751572
2026-01-11T06:40:00+09:00,BMS-01,81.81946045789421,28.16067518961461
2026-01-11T06:45:00+09:00,BMS-01,36.00359933827829,33.3495454130351
2026-01-11T06:50:00+09:00,BMS-01,69.3994004475982,27.26260096444345
2026-01-11T06:55:00+09:00,BMS-01,55.11947225583391,26.432528946365824
2026-01-11T07:00:00+09:00,BMS-01,47.398059801284084,31.915713811540495
2026-01-11T07:05:00+09:00,BMS-01,42.576716083017004,25.50225809194317
2026-01-11T07:10:00+09:00,BMS-01,63.27605813967629,27.194037842868234
2026-01-11T07:15:00+09:00,BMS-01,82.44038492388401,30.365588438913363
2026-01-11T07:20:00+09:00,BMS-01,35.79882541632046,29.277963780444054
2026-01-11T07:25:00+09:00,BMS-01,61.706711388334654,29.983052410126966
2026-01-11T07:30:00+09:00,BMS-01,38.95199669177755,29.017926645307927
2026-01-11T07:35:00+09:00,BMS-01,72.3494540218979,30.763367369792476
2026-01-11T07:40:00+09:00,BMS-01,51.8336326102616,29.414626441582065
2026-01-11T07:45:00+09:00,BMS-01,31.363236364762066,30.06520270351404
2026-01-11T07:50:00+09:00,BMS-01,63.97414006202092,28.143853597516475
2026-01-11T07:55:00+09:00,BMS-01,66.94175427768229,29.77521345519243
2026-01-11T08:00:00+09:00,BMS-01,32.81015510427926,29.072219882533773
2026-01-11T08:05:00+09:00,BMS-01,58.41970030744047,31.393178260471885
2026-01-11T08:10:00+09:00,BMS-01,64.50968003682415,28.047440625676227
2026-01-11T08:15:00+09:00,BMS-01,29.884448721980913,28.611815743929373
2026-01-11T08:20:00+09:00,BMS-01,37.235624322500975,29.058543424394134
2026-01-11T08:25:00+09:00,BMS-01,53.348575694349584,30.997953136655582
2026-01-11T08:30:00+09:00,BMS-01,52.559614620195674,31.64469253215296
2026-01-11T08:35:00+09:00,BMS-01,31.683956184075313,32.030016359878886
2026-01-11T08:40:00+09:00,BMS-01,79.31696834039796,29.157924166201163
2026-01-11T08:45:00+09:00,BMS-01,20.547255195344153,27.211216638983075
2026-01-11T08:50:00+09:00,BMS-01,64.31706953158161,25.20862644277823
2026-01-11T08:55:00+09:00,BMS-01,67.67706899199521,26.51345967557173
2026-01-11T09:00:00+09:00,BMS-01,48.16858901954536,27.400146111676214
2026-01-11T09:05:00+09:00,BMS-01,35.31352861793165,29.14686467754927
2026-01-11T09:10:00+09:00,BMS-01,78.53108556358113,27.113409021216437
2026-01-11T09:15:00+09:00,BMS-01,25.816121912928477,31.978022859847446
2026-01-11T09:20:00+09:00,BMS-01,52.00667124280283,30.96055937260252
2026-01-11T09:25:00+09:00,BMS-01,78.8297951000879,28.880670110864237
2026-01-11T09:30:00+09:00,BMS-01,69.39515719062722,31.28238334198914
2026-01-11T09:35:00+09:00,BMS-01,39.11952019466464,31.0809951644132
2026-01-11T09:40:00+09:00,BMS-01,58.845390477953615,25.570473242439093
2026-01-11T09:45:00+09:00,BMS-01,65.02453490105414,31.994425496190363
2026-01-11T09:50:00+09:00,BMS-01,64.43735565700547,25.88230960113263
2026-01-11T09:55:00+09:00,BMS-01,65.15330567402489,27.417016079736914
2026-01-11T10:00:00+09:00,BMS-01,77.84099389464309,30.38191996206671
2026-01-11T10:05:00+09:00,BMS-01,71.0896142179254,30.67049127532904
2026-01-11T10:10:00+09:00,BMS-01,88.09469157073566,27.055118798755057
2026-01-11T10:15:00+09:00,BMS-01,69.46208464743627,27.299300182481222
2026-01-11T10:20:00+09:00,BMS-01,52.241009286068135,27.800802063653563
2026-01-11T10:25:00+09:00,BMS-01,86.40484281180241,29.503907432132955
2026-01-11T10:30:00+09:00,BMS-01,34.90645668339667,26.718102387442613
2026-01-11T10:35:00+09:00,BMS-01,55.96515339413195,30.657906899169173
2026-01-11T10:40:00+09:00,BMS-01,24.351881784597836,31.513675544474456
2026-01-11T10:45:00+09:00,BMS-01,55.68792958349506,30.59851005424093
2026-01-11T10:50:00+09:00,BMS-01,83.20573981179385,28.89822571448598
2026-01-11T10:55:00+09:00,BMS-01,33.175089812984254,29.888083876066396
2026-01-11T11:00:00+09:00,BMS-01,57.64725379957472,31.916796805393286
2026-01-11T11:05:00+09:00,BMS-01,63.22860511040294,23.193350322637883
2026-01-11T11:10:00+09:00,BMS-01,76.02374836770198,32.20605243121665
2026-01-11T11:15:00+09:00,BMS-01,88.08046641058466,31.86542501010234
2026-01-11T11:20:00+09:00,BMS-01,80.69759924550236,28.261009278606572
2026-01-11T11:25:00+09:00,BMS-01,56.35848726693474,27.16714439409514
2026-01-11T11:30:00+09:00,BMS-01,64.51853181077541,30.32070999124842
2026-01-11T11:35:00+09:00,BMS-01,33.89756805984265,32.27431071772439
2026-01-11T11:40:00+09:00,BMS-01,84.73147666664144,30.989815595303945
2026-01-11T11:45:00+09:00,BMS-01,44.74888298762472,29.969005107963227
2026-01-11T11:50:00+09:00,BMS-01,53.77451788888378,24.90418104911265
2026-01-11T11:55:00+09:00,BMS-01,58.10909992366206,28.678211820722098
2026-01-11T12:00:00+09:00,BMS-01,40.49067654600833,26.38278046129819
2026-01-11T12:05:00+09:00,BMS-01,37.95551359621408,26.818356343231446
2026-01-11T12:10:00+09:00,BMS-01,65.29580950212764,32.38985585149445
2026-01-11T12:15:00+09:00,BMS-01,36.497709939171315,27.447441686252546
2026-01-11T12:20:00+09:00,BMS-01,82.98761007152346,30.22734908452482
2026-01-11T12:25:00+09:00,BMS-01,64.5535354757927,28.065921901104183
2026-01-11T12:30:00+09:00,BMS-01,74.9594194430187,24.672936551581515
2026-01-11T12:35:00+09:00,BMS-01,60.368485539367136,31.17253820695425
2026-01-11T12:40:00+09:00,BMS-01,41.944626467090856,28.72822820112582
2026-01-11T12:45:00+09:00,BMS-01,45.057305128450956,29.425521398361443
2026-01-11T12:50:00+09:00,BMS-01,58.50176541405538,27.230648751041628
2026-01-11T12:55:00+09:00,BMS-01,86.43710486853153,31.68660721748576
2026-01-11T13:00:00+09:00,BMS-01,42.71554862752832,27.949267237774848
2026-01-11T13:05:00+09:00,BMS-01,25.0536597035338,31.73434362728644
2026-01-11T13:10:00+09:00,BMS-01,65.34753233329174,33.64303328023319
2026-01-11T13:15:00+09:00,BMS-01,22.491902337156983,30.032910479085007
2026-01-11T13:20:00+09:00,BMS-01,29.308138326626292,25.074720030498188
2026-01-11T13:25:00+09:00,BMS-01,34.4610265499278,25.86792135167023
2026-01-11T13:30:00+09:00,BMS-01,76.78863967136306,31.407975521146767
2026-01-11T13:35:00+09:00,BMS-01,41.05860989495173,27.724919857632898
2026-01-11T13:40:00+09:00,BMS-01,37.90035935706217,29.201311826726617
2026-01-11T13:45:00+09:00,BMS-01,20.63683865827194,29.153132693583846
2026-01-11T13:50:00+09:00,BMS-01,23.915441245782837,30.987744357591964
2026-01-11T13:55:00+09:00,BMS-01,35.14409347692911,27.378833214961052
2026-01-11T14:00:00+09:00,BMS-01,31.547070213204908,26.774410352351275
2026-01-11T14:05:00+09:00,BMS-01,63.42943989212367,28.81849002178122
2026-01-11T14:10:00+09:00,BMS-01,79.44719247358431,29.06085533864728
2026-01-11T14:15:00+09:00,BMS-01,72.82454175542499,30.066334645543307
2026-01-11T14:20:00+09:00,BMS-01,78.72412627867936,30.541954181288947
2026-01-11T14:25:00+09:00,BMS-01,55.67002283945294,28.499072098446653
2026-01-11T14:30:00+09:00,BMS-01,54.37680244099861,27.650953508610502
2026-01-11T14:35:00+09:00,BMS-01,81.80180641271929,31.515029178420903
2026-01-11T14:40:00+09:00,BMS-01,85.72813413618638,30.39804055524825
2026-01-11T14:45:00+09:00,BMS-01,50.36176309176952,27.95550671050322
2026-01-11T14:50:00+09:00,BMS-01,89.8318527076415,29.461983730296126
2026-01-11T14:55:00+09:00,BMS-01,51.55051050859818,27.855510112894223
2026-01-11T15:00:00+09:00,BMS-01,49.43254687215655,27.33391819512549
2026-01-11T15:05:00+09:00,BMS-01,75.39086746984677,30.78239864895576
2026-01-11T15:10:00+09:00,BMS-01,62.260534315637955,27.807878014972214
2026-01-11T15:15:00+09:00,BMS-01,85.5905238442259,29.123490201092185
2026-01-11T15:20:00+09:00,BMS-01,35.29759858766073,29.95647699239308
2026-01-11T15:25:00+09:00,BMS-01,33.20911184990546,27.79324272359085
2026-01-11T15:30:00+09:00,BMS-01,49.12282852168191,30.836606800047726
2026-01-11T15:35:00+09:00,BMS-01,30.244241342468854,31.82122129085607
2026-01-11T15:40:00+09:00,BMS-01,78.01290694539522,26.4118784022548
2026-01-11T15:45:00+09:00,BMS-01,27.595760933158285,28.52550912859144
2026-01-11T15:50:00+09:00,BMS-01,59.58391457447364,30.59268912822687
2026-01-11T15:55:00+09:00,BMS-01,71.94274396758384,27.78620738968931
2026-01-11T16:00:00+09:00,BMS-01,40.25701885459139,31.082322680504014
2026-01-11T16:05:00+09:00,BMS-01,33.75579194980303,27.450546654807688
2026-01-11T16:10:00+09:00,BMS-01,21.768794688737444,30.729540686130555
2026-01-11T16:15:00+09:00,BMS-01,88.69575749990581,31.100998456122888
2026-01-11T16:20:00+09:00,BMS-01,28.431023620894603,27.22508787514649
2026-01-11T16:25:00+09:00,BMS-01,50.431560521469265,30.014574930034247
2026-01-11T16:30:00+09:00,BMS-01,63.31145377293696,26.781019844971656
2026-01-11T16:35:00+09:00,BMS-01,81.3134846078347,27.671346362912217
2026-01-11T16:40:00+09:00,BMS-01,76.52265232909605,32.390528501914346
2026-01-11T16:45:00+09:00,BMS-01,24.802750470943934,33.238831492058004
2026-01-11T16:50:00+09:00,BMS-01,69.0890003927484,28.411337831126065
2026-01-11T16:55:00+09:00,BMS-01,29.617962186178108,31.490517247641943
2026-01-11T17:00:00+09:00,BMS-01,26.435310714176012,28.97155381536033
2026-01-11T17:05:00+09:00,BMS-01,36.84509291569563,29.618226336682483
2026-01-11T17:10:00+09:00,BMS-01,80.08601483842614,28.948292919858673
2026-01-11T17:15:00+09:00,BMS-01,35.52714406728428,31.485887457916082
2026-01-11T17:20:00+09:00,BMS-01,55.29209744020214,29.242575142382528
2026-01-11T17:25:00+09:00,BMS-01,61.633266795042516,27.379835869986415
2026-01-11T17:30:00+09:00,BMS-01,60.16593630103945,29.96199455824696
2026-01-11T17:35:00+09:00,BMS-01,50.392823092151495,26.766175742806034
2026-01-11T17:40:00+09:00,BMS-01,51.105499250265034,30.416508530366826
2026-01-11T17:45:00+09:00,BMS-01,80.73113997270714,31.93530889012171
2026-01-11T17:50:00+09:00,BMS-01,65.16864308874429,29.033553596645177
2026-01-11T17:55:00+09:00,BMS-01,37.00818285880023,30.3631898518765
2026-01-11T18:00:00+09:00,BMS-01,66.50500496960157,26.085491335785697
2026-01-11T18:05:00+09:00,BMS-01,89.08277536608522,29.524339448865607
2026-01-11T18:10:00+09:00,BMS-01,51.80234275505115,30.58850222877938
2026-01-11T18:15:00+09:00,BMS-01,32.08545434394902,28.835793193294013
2026-01-11T18:20:00+09:00,BMS-01,47.29911602138468,25.970353729101376
2026-01-11T18:25:00+09:00,BMS-01,20.24794723800138,27.07013689234702
2026-01-11T18:30:00+09:00,BMS-01,85.47638064377176,30.25551202324223
2026-01-11T18:35:00+09:00,BMS-01,62.49783241022243,32.220969692436626
2026-01-11T18:40:00+09:00,BMS-01,76.2332214887192,27.791642620089338
2026-01-11T18:45:00+09:00,BMS-01,60.33447748566347,25.512830790419134
2026-01-11T18:50:00+09:00,BMS-01,43.53979314013582,31.046906637813905
2026-01-11T18:55:00+09:00,BMS-01,52.26893304869717,28.292794419434514
2026-01-11T19:00:00+09:00,BMS-01,53.44135632771945,29.983889175959646
2026-01-11T19:05:00+09:00,BMS-01,48.72738108552741,32.22324899735888
2026-01-11T19:10:00+09:00,BMS-01,79.8015158151249,29.684290324898047
2026-01-11T19:15:00+09:00,BMS-01,22.303198963455173,30.871802097570217
2026-01-11T19:20:00+09:00,BMS-01,70.10941346853089,30.052261969266727
2026-01-11T19:25:00+09:00,BMS-01,58.33403490764039,26.93482312304404
2026-01-11T19:30:00+09:00,BMS-01,59.57561191684627,27.2757353261294
2026-01-11T19:35:00+09:00,BMS-01,30.3042207686006,30.1569034838139
2026-01-11T19:40:00+09:00,BMS-01,63.60337033631977,29.468013007550574
2026-01-11T19:45:00+09:00,BMS-01,67.39250968101261,26.231279443878567
2026-01-11T19:50:00+09:00,BMS-01,45.46875747315793,30.847404337615238
2026-01-11T19:55:00+09:00,BMS-01,53.15649431818675,28.845472538674656
2026-01-11T20:00:00+09:00,BMS-01,83.27632810519019,30.609348337912703
2026-01-11T20:05:00+09:00,BMS-01,87.53324519842812,26.70226945852849
2026-01-11T20:10:00+09:00,BMS-01,59.976179852980884,27.17410412784221
2026-01-11T20:15:00+09:00,BMS-01,76.18135322782938,30.439035292093653
2026-01-11T20:20:00+09:00,BMS-01,55.192345145338514,28.498308019729095
2026-01-11T20:25:00+09:00,BMS-01,86.95929271073705,27.135685782246604
2026-01-11T20:30:00+09:00,BMS-01,84.60191897345939,30.96438669043364
2026-01-11T20:35:00+09:00,BMS-01,66.27410186074202,27.943661840269133
2026-01-11T20:40:00+09:00,BMS-01,53.73992476599926,32.996859145954005
2026-01-11T20:45:00+09:00,BMS-01,30.828398108720023,30.584221135548496
2026-01-11T20:50:00+09:00,BMS-01,74.36297427825477,24.106436811277188
2026-01-11T20:55:00+09:00,BMS-01,42.417064319713106,28.894143737009678
2026-01-11T21:00:00+09:00,BMS-01,80.97567171788117,27.672211418569663
2026-01-11T21:05:00+09:00,BMS-01,56.34444078259078,26.465309454582776
2026-01-11T21:10:00+09:00,BMS-01,50.42586751972364,28.228206303505083
2026-01-11T21:15:00+09:00,BMS-01,79.71816832735854,30.952735400823
2026-01-11T21:20:00+09:00,BMS-01,45.64418327329362,32.14641780339474
2026-01-11T21:25:00+09:00,BMS-01,68.98447051832719,28.17512664604892
2026-01-11T21:30:00+09:00,BMS-01,56.66169781605471,28.494767905653955
2026-01-11T21:35:00+09:00,BMS-01,25.19460315709372,29.997794100378293
2026-01-11T21:40:00+09:00,BMS-01,48.946810189255864,29.865499714379997
2026-01-11T21:45:00+09:00,BMS-01,59.39418466905511,30.909640086873065
2026-01-11T21:50:00+09:00,BMS-01,72.80912622649466,25.994512388540212
2026-01-11T21:55:00+09:00,BMS-01,67.58717204853026,33.5436962246028
2026-01-11T22:00:00+09:00,BMS-01,25.886424781696082,29.990132522356944
2026-01-11T22:05:00+09:00,BMS-01,69.57480799160147,28.87124891528391
2026-01-11T22:10:00+09:00,BMS-01,87.47040311523867,29.580383616021628
2026-01-11T22:15:00+09:00,BMS-01,69.3657545815681,27.30013682440846
2026-01-11T22:20:00+09:00,BMS-01,76.14861017816808,30.33946664375204
2026-01-11T22:25:00+09:00,BMS-01,30.90590009079066,29.757575583365192
2026-01-11T22:30:00+09:00,BMS-01,23.282620740650152,26.04521292527551
2026-01-11T22:35:00+09:00,BMS-01,88.33282074300179,24.164383933339355
2026-01-11T22:40:00+09:00,BMS-01,50.92315710626048,27.6503049461527
2026-01-11T22:45:00+09:00,BMS-01,30.045372717635008,29.217469953933858
2026-01-11T22:50:00+09:00,BMS-01,26.543982605688658,28.09149496228728
2026-01-11T22:55:00+09:00,BMS-01,48.12825040591813,31.261704954520035
2026-01-11T23:00:00+09:00,BMS-01,84.11203375365893,26.893413176540385
2026-01-11T23:05:00+09:00,BMS-01,49.985969119838366,29.025998733600275
2026-01-11T23:10:00+09:00,BMS-01,63.88715366240753,28.108875326338428
2026-01-11T23:15:00+09:00,BMS-01,49.157929017863395,30.557762857984255
2026-01-11T23:20:00+09:00,BMS-01,75.77806812035776,26.82415445954482
2026-01-11T23:25:00+09:00,BMS-01,24.11121615510037,30.559906950476453
2026-01-11T23:30:00+09:00,BMS-01,21.942050951826836,28.851248143118084
2026-01-11T23:35:00+09:00,BMS-01,30.839806449450975,30.674679488617176
2026-01-11T23:40:00+09:00,BMS-01,83.8593986523761,25.66312541014865
2026-01-11T23:45:00+09:00,BMS-01,34.77910370539652,32.35360460268262
2026-01-11T23:50:00+09:00,BMS-01,74.56177379947937,29.8645706687459
2026-01-11T23:55:00+09:00,BMS-01,40.502117347179535,29.744873470478467
2026-01-12T00:00:00+09:00,BMS-01,24.41216405641632,30.61792736777081
2026-01-12T00:05:00+09:00,BMS-01,58.065882739375475,29.503567406352378
2026-01-12T00:10:00+09:00,BMS-01,82.80055218669872,31.458956420149786
2026-01-12T00:15:00+09:00,BMS-01,83.29658463163639,30.88406864579307
2026-01-12T00:20:00+09:00,BMS-01,37.29036670764534,30.486837197453912
2026-01-12T00:25:00+09:00,BMS-01,25.021887561177806,28.192544623013475
2026-01-12T00:30:00+09:00,BMS-01,54.83372373199458,29.427527967389963
2026-01-12T00:35:00+09:00,BMS-01,52.42089866281587,28.33818678525949
2026-01-12T00:40:00+09:00,BMS-01,63.20116513185573,31.762156141719295
2026-01-12T00:45:00+09:00,BMS-01,57.843409453245386,30.592421552170272
2026-01-12T00:50:00+09:00,BMS-01,74.1719092622312,29.972681571615567
2026-01-12T00:55:00+09:00,BMS-01,31.77735156521206,29.96997234589523
2026-01-12T01:00:00+09:00,BMS-01,64.86285148667469,25.914700659992686
2026-01-12T01:05:00+09:00,BMS-01,30.566302025633608,27.522213580118382
2026-01-12T01:10:00+09:00,BMS-01,23.282264600851686,31.750345580867727
2026-01-12T01:15:00+09:00,BMS-01,56.323411500234336,30.361132911456554
2026-01-12T01:20:00+09:00,BMS-01,20.4087099694295,28.131168378381496
2026-01-12T01:25:00+09:00,BMS-01,33.57962485170006,27.086902241929916
2026-01-12T01:30:00+09:00,BMS-01,54.78527081674595,29.738680890856923
2026-01-12T01:35:00+09:00,BMS-01,70.42938721001444,26.259022260678133
2026-01-12T01:40:00+09:00,BMS-01,38.19255552687572,31.990199964163747
2026-01-12T01:45:00+09:00,BMS-01,88.07473286561799,30.374457900962103
2026-01-12T01:50:00+09:00,BMS-01,59.743133087671126,26.610008408068374
2026-01-12T01:55:00+09:00,BMS-01,51.61984872184627,30.44193085636837
2026-01-12T02:00:00+09:00,BMS-01,68.86951905900489,29.610712071906846
2026-01-12T02:05:00+09:00,BMS-01,26.503342610718185,26.293562263253644
2026-01-12T02:10:00+09:00,BMS-01,87.1786354995407,27.714300170301648
2026-01-12T02:15:00+09:00,BMS-01,32.4644360093704,25.751895221322428
2026-01-12T02:20:00+09:00,BMS-01,61.560010967518146,30.950226770301246
2026-01-12T02:25:00+09:00,BMS-01,67.72032473931539,29.53818654128169
2026-01-12T02:30:00+09:00,BMS-01,59.68070671202392,29.190528155861813
2026-01-12T02:35:00+09:00,BMS-01,87.61445901444307,25.796610371039733
2026-01-12T02:40:00+09:00,BMS-01,84.31706433824428,29.53344803953229
2026-01-12T02:45:00+09:00,BMS-01,45.82388443489906,26.160106424885562
2026-01-12T02:50:00+09:00,BMS-01,63.12042122840493,31.41950852627908
2026-01-12T02:55:00+09:00,BMS-01,25.502172648667422,30.564680072670708
2026-01-12T03:00:00+09:00,BMS-01,69.38737566211384,25.672269777518498
2026-01-12T03:05:00+09:00,BMS-01,50.3550363532586,25.678293777655746
2026-01-12T03:10:00+09:00,BMS-01,71.55926305034146,28.247421155247686
2026-01-12T03:15:00+09:00,BMS-01,61.96850056488069,26.372085038037312
2026-01-12T03:20:00+09:00,BMS-01,61.560364547547906,28.79156425283212
2026-01-12T03:25:00+09:00,BMS-01,73.49408956579292,27.813715445405307
2026-01-12T03:30:00+09:00,BMS-01,62.385093541077474,29.25169693442786
2026-01-12T03:35:00+09:00,BMS-01,72.39048950473044,32.516413972574206
2026-01-12T03:40:00+09:00,BMS-01,40.63770678822894,28.11698760317454
2026-01-12T03:45:00+09:00,BMS-01,20.88587464666064,28.84104684873419
2026-01-12T03:50:00+09:00,BMS-01,87.99065336791257,29.982281940011006
2026-01-12T03:55:00+09:00,BMS-01,80.872151776814,27.99259062868695
2026-01-12T04:00:00+09:00,BMS-01,39.361736080338446,33.69868248203485
2026-01-12T04:05:00+09:00,BMS-01,82.57668897547522,29.042084650634074
2026-01-12T04:10:00+09:00,BMS-01,41.843339657070246,30.30648930186623
2026-01-12T04:15:00+09:00,BMS-01,50.35762069228425,31.687005754076917
2026-01-12T04:20:00+09:00,BMS-01,78.81562250211036,26.962916761011044
2026-01-12T04:25:00+09:00,BMS-01,89.37077243328541,32.26538745964771
2026-01-12T04:30:00+09:00,BMS-01,73.65374768144717,33.288048426483364
2026-01-12T04:35:00+09:00,BMS-01,34.13925024935405,27.515138083373408
2026-01-12T04:40:00+09:00,BMS-01,29.807046214605442,28.47405919675733
2026-01-12T04:45:00+09:00,BMS-01,83.07626017930497,29.035641028716604
2026-01-12T04:50:00+09:00,BMS-01,41.73579721657994,26.64725267920083
2026-01-12T04:55:00+09:00,BMS-01,58.55585750875873,28.41217228103473
2026-01-12T05:00:00+09:00,BMS-01,30.000813588637662,26.58680951360696
2026-01-12T05:05:00+09:00,BMS-01,66.18281073170509,28.021402583518952
2026-01-12T05:10:00+09:00,BMS-01,42.651966771824995,29.446024851441145
2026-01-12T05:15:00+09:00,BMS-01,66.98506094921362,30.352618396158555
2026-01-12T05:20:00+09:00,BMS-01,48.409839293443824,29.511814782538835
2026-01-12T05:25:00+09:00,BMS-01,51.52803850057975,27.463932531328908
2026-01-12T05:30:00+09:00,BMS-01,47.53736204480192,28.914516592780824
2026-01-12T05:35:00+09:00,BMS-01,80.89753266352264,30.640512112077484
2026-01-12T05:40:00+09:00,BMS-01,31.08244500755473,28.231188556820058
2026-01-12T05:45:00+09:00,BMS-01,41.394357784958,28.136728298634065
2026-01-12T05:50:00+09:00,BMS-01,35.18936507113828,30.348518083750438
2026-01-12T05:55:00+09:00,BMS-01,22.394011681658483,28.816719296562802
2026-01-12T06:00:00+09:00,BMS-01,63.14188348102268,29.29249745777639
2026-01-12T06:05:00+09:00,BMS-01,86.22557406295945,29.48096038962053
2026-01-12T06:10:00+09:00,BMS-01,64.48598785124568,29.69581922244054
2026-01-12T06:15:00+09:00,BMS-01,58.6099673129239,31.70023460462828
2026-01-12T06:20:00+09:00,BMS-01,62.125982852619266,29.32114286587514
2026-01-12T06:25:00+09:00,BMS-01,29.699134435100813,26.810342380325505
2026-01-12T06:30:00+09:00,BMS-01,84.82837275237893,27.93206730991759
2026-01-12T06:35:00+09:00,BMS-01,39.66527476898361,28.168867459748473
2026-01-12T06:40:00+09:00,BMS-01,42.53028476125369,26.421739608231125
2026-01-12T06:45:00+09:00,BMS-01,32.324683638010285,25.847708562915113
2026-01-12T06:50:00+09:00,BMS-01,37.48886714315182,29.109187492556195
2026-01-12T06:55:00+09:00,BMS-01,74.43728837854633,27.742485097647336
2026-01-12T07:00:00+09:00,BMS-01,72.8864131845945,23.94622701641965
2026-01-12T07:05:00+09:00,BMS-01,59.6072395426634,26.968306511526343
2026-01-12T07:10:00+09:00,BMS-01,43.19297258010635,27.449182824215438
2026-01-12T07:15:00+09:00,BMS-01,40.139433047483664,25.97756027549004
2026-01-12T07:20:00+09:00,BMS-01,53.065286216907815,29.47672599584577
2026-01-12T07:25:00+09:00,BMS-01,31.428596750090023,29.504896782811905
2026-01-12T07:30:00+09:00,BMS-01,37.444703781675166,30.242157208763892
2026-01-12T07:35:00+09:00,BMS-01,43.380437571073855,25.972011192846132
2026-01-12T07:40:00+09:00,BMS-01,50.59954258532616,27.5482578045452
2026-01-12T07:45:00+09:00,BMS-01,51.024838297938395,32.27438839199481
2026-01-12T07:50:00+09:00,BMS-01,58.494928281724555,32.54901684931992
2026-01-12T07:55:00+09:00,BMS-01,70.09737436273575,30.16647326883047
2026-01-12T08:00:00+09:00,BMS-01,83.74048493167675,29.377567115123565
2026-01-12T08:05:00+09:00,BMS-01,54.2295602569158,26.510728877171278
2026-01-12T08:10:00+09:00,BMS-01,60.842587991803754,28.917328613334345
2026-01-12T08:15:00+09:00,BMS-01,31.127637643617284,29.116237394533616
2026-01-12T08:20:00+09:00,BMS-01,87.14159630211185,32.79020566256297
2026-01-12T08:25:00+09:00,BMS-01,27.82494494331767,28.949591847510927
2026-01-12T08:30:00+09:00,BMS-01,52.18341318970502,27.207906467162804
2026-01-12T08:35:00+09:00,BMS-01,34.18190178806553,27.345296223235046
2026-01-12T08:40:00+09:00,BMS-01,66.14949741221602,31.685731929149256
2026-01-12T08:45:00+09:00,BMS-01,41.8160548929265,30.677632123179556
2026-01-12T08:50:00+09:00,BMS-01,85.14592460306577,30.479591304305
2026-01-12T08:55:00+09:00,BMS-01,83.2943860281445,28.831382514699115
2026-01-12T09:00:00+09:00,BMS-01,82.77085009792154,30.57575962219438
2026-01-12T09:05:00+09:00,BMS-01,71.70295166142098,27.433742561573922
2026-01-12T09:10:00+09:00,BMS-01,48.13883975566989,29.948177443808024
2026-01-12T09:15:00+09:00,BMS-01,24.09196279689331,30.85011295399162
2026-01-12T09:20:00+09:00,BMS-01,36.466897246817716,28.090323852778802
2026-01-12T09:25:00+09:00,BMS-01,34.283682462154786,29.729551596867143
2026-01-12T09:30:00+09:00,BMS-01,22.152629817859715,29.642488688430316
2026-01-12T09:35:00+09:00,BMS-01,81.36144938967084,28.54632836854484
2026-01-12T09:40:00+09:00,BMS-01,21.311581105211026,26.746701481978146
2026-01-12T09:45:00+09:00,BMS-01,83.1195953929277,27.863119548274643
2026-01-12T09:50:00+09:00,BMS-01,21.921399848894477,27.58339336990237
2026-01-12T09:55:00+09:00,BMS-01,56.90904282178695,28.08785288450101
2026-01-12T10:00:00+09:00,BMS-01,34.94001735978513,28.54584566589388
2026-01-12T10:05:00+09:00,BMS-01,59.473379545218094,27.673313795936053
2026-01-12T10:10:00+09:00,BMS-01,40.54889402256657,26.473105869592334
2026-01-12T10:15:00+09:00,BMS-01,27.164964699457457,31.591598349009306
2026-01-12T10:20:00+09:00,BMS-01,63.21588259555854,29.537994946077543
2026-01-12T10:25:00+09:00,BMS-01,85.71488161458278,27.718233068458392
2026-01-12T10:30:00+09:00,BMS-01,45.15350492748363,32.454475355754965
2026-01-12T10:35:00+09:00,BMS-01,85.18428108252535,30.145842814528553
2026-01-12T10:40:00+09:00,BMS-01,40.05299770170354,29.57842919007835
2026-01-12T10:45:00+09:00,BMS-01,69.85601330515307,29.440732161615177
2026-01-12T10:50:00+09:00,BMS-01,66.25000034202935,27.89866412412401
2026-01-12T10:55:00+09:00,BMS-01,81.97125714962483,30.593571218378422
2026-01-12T11:00:00+09:00,BMS-01,45.45178104930355,27.978736810883973
2026-01-12T11:05:00+09:00,BMS-01,26.449693487183318,30.29946644727845
2026-01-12T11:10:00+09:00,BMS-01,66.35348263685157,29.395294930003985
2026-01-12T11:15:00+09:00,BMS-01,71.87870515312717,29.22209727016123
2026-01-12T11:20:00+09:00,BMS-01,81.17669697273728,28.70832068496831
2026-01-12T11:25:00+09:00,BMS-01,65.8351861033145,25.08086778897657
2026-01-12T11:30:00+09:00,BMS-01,78.8234267004741,27.827204247101893
2026-01-12T11:35:00+09:00,BMS-01,24.849151512659446,30.846570307849397
2026-01-12T11:40:00+09:00,BMS-01,57.55785302336918,32.05143128167624
2026-01-12T11:45:00+09:00,BMS-01,77.04967669600926,29.154166442127263
2026-01-12T11:50:00+09:00,BMS-01,27.804247532032004,27.539474911300818
2026-01-12T11:55:00+09:00,BMS-01,33.11150880384253,29.916010650073616
2026-01-12T12:00:00+09:00,BMS-01,54.23595695880623,33.69465848069572
2026-01-12T12:05:00+09:00,BMS-01,33.49992663125497,28.08876161133385
2026-01-12T12:10:00+09:00,BMS-01,32.058387223813675,29.78881405657234
2026-01-12T12:15:00+09:00,BMS-01,78.30577151434699,26.976105578976988
2026-01-12T12:20:00+09:00,BMS-01,40.26793492305715,27.4011547899605
2026-01-12T12:25:00+09:00,BMS-01,32.20445888268469,30.069189046679913
2026-01-12T12:30:00+09:00,BMS-01,53.92256374279085,27.242744212630335
2026-01-12T12:35:00+09:00,BMS-01,56.60124326860755,29.72381625878512
2026-01-12T12:40:00+09:00,BMS-01,43.00879488269319,29.83836676686566
2026-01-12T12:45:00+09:00,BMS-01,87.5441139001493,29.732696088624632
2026-01-12T12:50:00+09:00,BMS-01,76.05030599297051,30.658543867713092
2026-01-12T12:55:00+09:00,BMS-01,29.94619196745907,31.22667765800425
2026-01-12T13:00:00+09:00,BMS-01,26.12975427289011,29.987182365448465
2026-01-12T13:05:00+09:00,BMS-01,50.59877825036578,32.01891781209582
2026-01-12T13:10:00+09:00,BMS-01,36.45631794917662,28.5274254723194
2026-01-12T13:15:00+09:00,BMS-01,85.63278894731661,23.958913880321333
2026-01-12T13:20:00+09:00,BMS-01,67.87133374912287,31.40723315390849
2026-01-12T13:25:00+09:00,BMS-01,42.95832351617975,29.02125416225965
2026-01-12T13:30:00+09:00,BMS-01,32.22347407839285,29.86921516500741
2026-01-12T13:35:00+09:00,BMS-01,68.93766054226988,32.817196476263824
2026-01-12T13:40:00+09:00,BMS-01,30.152443892781548,29.546090908238043
2026-01-12T13:45:00+09:00,BMS-01,84.32990785568971,29.846766184242515
2026-01-12T13:50:00+09:00,BMS-01,68.53600931643676,25.494678054434146
2026-01-12T13:55:00+09:00,BMS-01,48.46977952527659,30.482962988890275
2026-01-12T14:00:00+09:00,BMS-01,45.13124518739376,28.818479961406
2026-01-12T14:05:00+09:00,BMS-01,22.13247627773259,28.996385705742643
2026-01-12T14:10:00+09:00,BMS-01,70.71965356333642,28.14881108640477
2026-01-12T14:15:00+09:00,BMS-01,31.292077935276595,33.434565601555484
2026-01-12T14:20:00+09:00,BMS-01,84.11146865983113,29.55779272937691
2026-01-12T14:25:00+09:00,BMS-01,36.67376832762468,29.6141610676072
2026-01-12T14:30:00+09:00,BMS-01,45.895972924865006,26.856415788521126
2026-01-12T14:35:00+09:00,BMS-01,28.018375781161694,29.27350195504406
2026-01-12T14:40:00+09:00,BMS-01,35.332140102411074,24.830060332137215
2026-01-12T14:45:00+09:00,BMS-01,66.44354527952244,28.24553528572799
2026-01-12T14:50:00+09:00,BMS-01,46.16968532019169,27.608040036168962
2026-01-12T14:55:00+09:00,BMS-01,76.76007811044005,26.68385263361222
2026-01-12T15:00:00+09:00,BMS-01,55.406998636491494,31.722056912505032
2026-01-12T15:05:00+09:00,BMS-01,46.29048003727818,30.37683611707151
2026-01-12T15:10:00+09:00,BMS-01,37.72533870427846,27.046964957239013
2026-01-12T15:15:00+09:00,BMS-01,55.511069409352785,28.933960016465246
2026-01-12T15:20:00+09:00,BMS-01,61.715253651826664,27.368299810956888
2026-01-12T15:25:00+09:00,BMS-01,52.05102004562352,34.04953063056353
2026-01-12T15:30:00+09:00,BMS-01,48.53309294748806,30.338749993772492
2026-01-12T15:35:00+09:00,BMS-01,33.0296616979615,31.055636730376442
2026-01-12T15:40:00+09:00,BMS-01,82.80048335900894,30.755236352889252
2026-01-12T15:45:00+09:00,BMS-01,20.220791414027445,29.67025197032708
2026-01-12T15:50:00+09:00,BMS-01,49.6754036448667,31.556221469842093
2026-01-12T15:55:00+09:00,BMS-01,83.22497450192131,29.421989160270694
2026-01-12T16:00:00+09:00,BMS-01,29.625573114653655,28.75014883281211
2026-01-12T16:05:00+09:00,BMS-01,30.67573314120716,27.889765584088973
2026-01-12T16:10:00+09:00,BMS-01,41.04087654949057,27.81021401663004
2026-01-12T16:15:00+09:00,BMS-01,89.09664792154072,29.047643048064835
2026-01-12T16:20:00+09:00,BMS-01,24.13727379057963,28.608255489949656
2026-01-12T16:25:00+09:00,BMS-01,56.8930335985345,26.919579285234775
2026-01-12T16:30:00+09:00,BMS-01,85.77496835651264,28.481960914222483
2026-01-12T16:35:00+09:00,BMS-01,34.728353440237484,29.0429971745346
2026-01-12T16:40:00+09:00,BMS-01,75.37993092467005,28.224778399834552
2026-01-12T16:45:00+09:00,BMS-01,43.65574631090165,30.46737397831712
2026-01-12T16:50:00+09:00,BMS-01,78.21461929832998,30.16486015632878
2026-01-12T16:55:00+09:00,BMS-01,51.62499197785811,27.828694234439514
2026-01-12T17:00:00+09:00,BMS-01,47.27066936769682,26.88941255779254
2026-01-12T17:05:00+09:00,BMS-01,63.79810881399759,29.510847223473483
2026-01-12T17:10:00+09:00,BMS-01,51.553009227988284,29.917565201327115
2026-01-12T17:15:00+09:00,BMS-01,37.39806036371988,23.964787100266616
2026-01-12T17:20:00+09:00,BMS-01,63.63187594101449,27.67273473166259
2026-01-12T17:25:00+09:00,BMS-01,22.023039700978387,28.635351565404672
2026-01-12T17:30:00+09:00,BMS-01,53.207935257598265,30.1283082398861
2026-01-12T17:35:00+09:00,BMS-01,51.50620506186336,26.372050160698123
2026-01-12T17:40:00+09:00,BMS-01,78.88566124544634,34.15328947172573
2026-01-12T17:45:00+09:00,BMS-01,28.56782717877577,26.417430180577863
2026-01-12T17:50:00+09:00,BMS-01,61.16194223409037,33.0865516391237
2026-01-12T17:55:00+09:00,BMS-01,70.69026992757885,28.92955250877825
2026-01-12T18:00:00+09:00,BMS-01,87.9543293590517,33.315039368874714
2026-01-12T18:05:00+09:00,BMS-01,57.27145067853324,27.540381084513985
2026-01-12T18:10:00+09:00,BMS-01,22.251866490463986,31.16470201283822
2026-01-12T18:15:00+09:00,BMS-01,52.98346401597408,24.01288617603806
2026-01-12T18:20:00+09:00,BMS-01,45.29759361868182,28.134198336148977
2026-01-12T18:25:00+09:00,BMS-01,20.325890570812597,29.294596176342555
2026-01-12T18:30:00+09:00,BMS-01,34.78177272020287,25.052701370333985
2026-01-12T18:35:00+09:00,BMS-01,27.847835543673778,28.14600466106173
2026-01-12T18:40:00+09:00,BMS-01,67.53137020639832,28.245962234293277
2026-01-12T18:45:00+09:00,BMS-01,83.91518663240694,30.42728033142652
2026-01-12T18:50:00+09:00,BMS-01,48.02400351579556,26.79964365100095
2026-01-12T18:55:00+09:00,BMS-01,20.85270647806197,30.560217835918515
2026-01-12T19:00:00+09:00,BMS-01,29.801787703964,29.219610928949507
2026-01-12T19:05:00+09:00,BMS-01,36.46101162251847,30.54071484314894
2026-01-12T19:10:00+09:00,BMS-01,74.51462369022167,31.06411514026689
2026-01-12T19:15:00+09:00,BMS-01,78.8985832065488,26.019749552900038
2026-01-12T19:20:00+09:00,BMS-01,29.025385771078483,29.414762424514723
2026-01-12T19:25:00+09:00,BMS-01,22.907788964274943,26.62014927289514
2026-01-12T19:30:00+09:00,BMS-01,50.054476945364215,27.77555889480525
2026-01-12T19:35:00+09:00,BMS-01,36.28302151425009,25.18105357899246
2026-01-12T19:40:00+09:00,BMS-01,88.60771442721796,28.045759267755216
2026-01-12T19:45:00+09:00,BMS-01,60.57930776910579,27.757921775649383
2026-01-12T19:50:00+09:00,BMS-01,51.88516509410698,31.383520439212234
2026-01-12T19:55:00+09:00,BMS-01,77.32667346956129,28.42839837084646
2026-01-12T20:00:00+09:00,BMS-01,84.30936834505938,30.963216015057494
2026-01-12T20:05:00+09:00,BMS-01,45.21750232016013,27.299894076925263
2026-01-12T20:10:00+09:00,BMS-01,20.88191706840305,29.135495773633632
2026-01-12T20:15:00+09:00,BMS-01,61.90165628148519,27.03999094925511
2026-01-12T20:20:00+09:00,BMS-01,82.37972986842084,28.0559831335436
2026-01-12T20:25:00+09:00,BMS-01,82.3435903153601,27.47477482665596
2026-01-12T20:30:00+09:00,BMS-01,59.69474846909851,28.90336581167228
2026-01-12T20:35:00+09:00,BMS-01,41.43264533137291,28.627572029660836
2026-01-12T20:40:00+09:00,BMS-01,46.932416100156075,32.714889399162
2026-01-12T20:45:00+09:00,BMS-01,68.36594969744398,27.209933179475357
2026-01-12T20:50:00+09:00,BMS-01,41.96001682928756,32.52471261370398
2026-01-12T20:55:00+09:00,BMS-01,47.64948266140317,27.799187373702903
2026-01-12T21:00:00+09:00,BMS-01,38.43478072134694,30.59065971187194
2026-01-12T21:05:00+09:00,BMS-01,69.70731048010094,26.09525628568717
2026-01-12T21:10:00+09:00,BMS-01,68.75446309327,28.133036842636333
2026-01-12T21:15:00+09:00,BMS-01,85.9086284559264,28.182165217463442
2026-01-12T21:20:00+09:00,BMS-01,25.58382584550405,32.681746250301046
2026-01-12T21:25:00+09:00,BMS-01,54.53387325761413,29.64769328276995
2026-01-12T21:30:00+09:00,BMS-01,87.92117450031577,26.771648623028035
2026-01-12T21:35:00+09:00,BMS-01,52.898149675791096,27.71305526800757
2026-01-12T21:40:00+09:00,BMS-01,25.839969672678777,28.990888786914496
2026-01-12T21:45:00+09:00,BMS-01,43.018700914407155,28.54611979653677
2026-01-12T21:50:00+09:00,BMS-01,37.53906685428847,29.08591212787584
2026-01-12T21:55:00+09:00,BMS-01,32.90502044744766,31.34778734358849
2026-01-12T22:00:00+09:00,BMS-01,86.30471967853876,28.82135334260984
2026-01-12T22:05:00+09:00,BMS-01,54.01932822067218,28.175522835511213
2026-01-12T22:10:00+09:00,BMS-01,31.87298038063449,26.8745958663571
2026-01-12T22:15:00+09:00,BMS-01,41.997061626773394,27.775214873056314
2026-01-12T22:20:00+09:00,BMS-01,76.41226963179778,28.967239816520774
2026-01-12T22:25:00+09:00,BMS-01,21.58187522105947,29.760322540240818
2026-01-12T22:30:00+09:00,BMS-01,20.557540340158262,28.822616498919807
2026-01-12T22:35:00+09:00,BMS-01,46.4015148014352,25.399236480912002
2026-01-12T22:40:00+09:00,BMS-01,58.45605420967688,29.497111997873844
2026-01-12T22:45:00+09:00,BMS-01,28.453932594997106,28.603961446359165
2026-01-12T22:50:00+09:00,BMS-01,85.08744891275202,28.86531870706245
2026-01-12T22:55:00+09:00,BMS-01,68.73513634732784,33.67341077176311
2026-01-12T23:00:00+09:00,BMS-01,38.09911252128778,29.734728978568164
2026-01-12T23:05:00+09:00,BMS-01,88.35067615907236,29.662763991238062
2026-01-12T23:10:00+09:00,BMS-01,88.43998795761965,27.137252523806286
2026-01-12T23:15:00+09:00,BMS-01,23.93017515136206,28.79847916198759
2026-01-12T23:20:00+09:00,BMS-01,82.01789977308817,26.730531094390987
2026-01-12T23:25:00+09:00,BMS-01,20.973680924827143,29.175199933211328
2026-01-12T23:30:00+09:00,BMS-01,31.242864719676657,30.175616020097685
2026-01-12T23:35:00+09:00,BMS-01,47.28482173001911,27.19831927662779
2026-01-12T23:40:00+09:00,BMS-01,32.348817689336585,30.378689506977196
2026-01-12T23:45:00+09:00,BMS-01,27.839973965428005,31.573920896449643
2026-01-12T23:50:00+09:00,BMS-01,59.239615858757034,29.08325476300697
2026-01-12T23:55:00+09:00,BMS-01,24.04893344764402,27.299728849661626
2026-01-13T00:00:00+09:00,BMS-01,36.2662773064789,30.41233344206602
2026-01-13T00:05:00+09:00,BMS-01,80.7976420946996,25.168412920127878
2026-01-13T00:10:00+09:00,BMS-01,69.9714172315608,26.878197706312527
2026-01-13T00:15:00+09:00,BMS-01,71.10312369007018,26.539908042208257
2026-01-13T00:20:00+09:00,BMS-01,58.52793475455287,29.751370350789077
2026-01-13T00:25:00+09:00,BMS-01,58.795982004299034,30.610204060441937
2026-01-13T00:30:00+09:00,BMS-01,43.96988575398543,28.28595166461465
2026-01-13T00:35:00+09:00,BMS-01,43.28909079007204,27.823058407857204
2026-01-13T00:40:00+09:00,BMS-01,80.31142926322121,27.48009133501223
2026-01-13T00:45:00+09:00,BMS-01,34.10436377481448,24.09857570666425
2026-01-13T00:50:00+09:00,BMS-01,42.78556372751448,26.03700588399025
2026-01-13T00:55:00+09:00,BMS-01,22.848834774423192,26.38522276352547
2026-01-13T01:00:00+09:00,BMS-01,82.21905097856214,30.079386803765182
2026-01-13T01:05:00+09:00,BMS-01,50.619796658176945,26.58597855845796
2026-01-13T01:10:00+09:00,BMS-01,53.61838383954004,28.195255574725458
2026-01-13T01:15:00+09:00,BMS-01,77.07263880313677,29.20309653128425
2026-01-13T01:20:00+09:00,BMS-01,39.27858367607446,27.532242232544032
2026-01-13T01:25:00+09:00,BMS-01,49.039842186430135,27.36576476209722
2026-01-13T01:30:00+09:00,BMS-01,72.04278701235745,26.98215514763222
2026-01-13T01:35:00+09:00,BMS-01,34.521559721125456,30.114272479095536
2026-01-13T01:40:00+09:00,BMS-01,27.168829056506688,25.441835118338634
2026-01-13T01:45:00+09:00,BMS-01,65.95754600318507,26.828514504299548
2026-01-13T01:50:00+09:00,BMS-01,30.958621451913714,29.269888918373894
2026-01-13T01:55:00+09:00,BMS-01,55.857992896068254,29.22288552706595
2026-01-13T02:00:00+09:00,BMS-01,73.5087654913205,28.118175984595013
2026-01-13T02:05:00+09:00,BMS-01,49.30468123022352,26.134916429192767
2026-01-13T02:10:00+09:00,BMS-01,67.09973557533893,26.342210471902934
2026-01-13T02:15:00+09:00,BMS-01,36.8619832979525,30.22341774277942
2026-01-13T02:20:00+09:00,BMS-01,76.1448772534274,33.62289558005899
2026-01-13T02:25:00+09:00,BMS-01,59.313604577563694,28.26427075333017
2026-01-13T02:30:00+09:00,BMS-01,87.86104635581569,29.170027262956516
2026-01-13T02:35:00+09:00,BMS-01,75.31386949755861,29.144502358075265
2026-01-13T02:40:00+09:00,BMS-01,23.669767823169504,28.869647764399723
2026-01-13T02:45:00+09:00,BMS-01,43.43088659723498,26.68238208978328
2026-01-13T02:50:00+09:00,BMS-01,74.7032004755041,29.13335652606646
2026-01-13T02:55:00+09:00,BMS-01,37.88943251041027,26.49739867182808
2026-01-13T03:00:00+09:00,BMS-01,29.918548514095946,30.698185365480278
2026-01-13T03:05:00+09:00,BMS-01,85.30826552305658,30.555821322511957
2026-01-13T03:10:00+09:00,BMS-01,89.64311894049547,31.744057596098994
2026-01-13T03:15:00+09:00,BMS-01,66.82313072978425,26.094502485310848
2026-01-13T03:20:00+09:00,BMS-01,66.33763543767671,24.901596071295245
2026-01-13T03:25:00+09:00,BMS-01,82.52549895757089,29.66547595331441
2026-01-13T03:30:00+09:00,BMS-01,25.07144949062425,32.71204539798841
2026-01-13T03:35:00+09:00,BMS-01,64.70128302090939,30.494939509475604
2026-01-13T03:40:00+09:00,BMS-01,46.251986700763936,31.04237583276027
2026-01-13T03:45:00+09:00,BMS-01,81.11640100637379,30.358599502368445
2026-01-13T03:50:00+09:00,BMS-01,22.242880179469225,31.51659195764949
2026-01-13T03:55:00+09:00,BMS-01,24.22661762560524,31.152194475914964
2026-01-13T04:00:00+09:00,BMS-01,59.42218069552904,28.419424572766374
2026-01-13T04:05:00+09:00,BMS-01,53.987323581506395,30.187172781674068
2026-01-13T04:10:00+09:00,BMS-01,21.65451917525705,29.54922890180182
2026-01-13T04:15:00+09:00,BMS-01,51.47742385459456,28.111411497382793
2026-01-13T04:20:00+09:00,BMS-01,82.28029341270906,27.17510708549108
2026-01-13T04:25:00+09:00,BMS-01,50.507986671193876,28.171703584580857
2026-01-13T04:30:00+09:00,BMS-01,87.50060107685367,30.44944146094038
2026-01-13T04:35:00+09:00,BMS-01,72.3503519162237,26.938054492266215
2026-01-13T04:40:00+09:00,BMS-01,80.90450825983858,28.111853782192245
2026-01-13T04:45:00+09:00,BMS-01,47.07103037769611,26.45700300610682
2026-01-13T04:50:00+09:00,BMS-01,66.15145860536889,28.12493352761964
2026-01-13T04:55:00+09:00,BMS-01,26.917597781135566,27.327731103127455
2026-01-13T05:00:00+09:00,BMS-01,72.78264150165863,30.385029417281473
2026-01-13T05:05:00+09:00,BMS-01,69.74270260660408,28.00335161751469
2026-01-13T05:10:00+09:00,BMS-01,26.5414186925562,29.986029744393132
2026-01-13T05:15:00+09:00,BMS-01,69.28178686196703,31.584912193689544
2026-01-13T05:20:00+09:00,BMS-01,68.41293511783573,28.800884839803537
2026-01-13T05:25:00+09:00,BMS-01,81.66258914938498,29.77553945365662
2026-01-13T05:30:00+09:00,BMS-01,71.98281294680528,25.284755178180028
2026-01-13T05:35:00+09:00,BMS-01,79.38067269799748,26.833448567526876
2026-01-13T05:40:00+09:00,BMS-01,20.39933490040201,29.905410044471818
2026-01-13T05:45:00+09:00,BMS-01,78.64833954615203,27.729349152023392
2026-01-13T05:50:00+09:00,BMS-01,57.10047842131208,29.31766296298939
2026-01-13T05:55:00+09:00,BMS-01,26.647490903383055,28.03400270769958
2026-01-13T06:00:00+09:00,BMS-01,45.64449011675145,28.750678316835874
2026-01-13T06:05:00+09:00,BMS-01,29.43121134182868,25.100288366728062
2026-01-13T06:10:00+09:00,BMS-01,26.64336316072065,26.991685040587
2026-01-13T06:15:00+09:00,BMS-01,52.743793859889685,30.47485041770653
2026-01-13T06:20:00+09:00,BMS-01,70.26449797115633,30.355559747661008
2026-01-13T06:25:00+09:00,BMS-01,79.13586265195536,28.3426260895503
2026-01-13T06:30:00+09:00,BMS-01,51.30038076771864,28.38749679896432
2026-01-13T06:35:00+09:00,BMS-01,83.33386297613453,26.19884146713306
2026-01-13T06:40:00+09:00,BMS-01,48.033787432576304,31.743274491433624
2026-01-13T06:45:00+09:00,BMS-01,57.229415294914666,29.03569332028573
2026-01-13T06:50:00+09:00,BMS-01,57.94631404018915,30.685457648714287
2026-01-13T06:55:00+09:00,BMS-01,35.003058315494805,26.88124711153217
2026-01-13T07:00:00+09:00,BMS-01,62.3152962381752,30.754797707500558
2026-01-13T07:05:00+09:00,BMS-01,43.321690108283754,28.488475257425797
2026-01-13T07:10:00+09:00,BMS-01,23.18723114422595,28.707075862017785
2026-01-13T07:15:00+09:00,BMS-01,55.91641513603451,31.503511601929073
2026-01-13T07:20:00+09:00,BMS-01,88.28712796817895,32.19856252836878
2026-01-13T07:25:00+09:00,BMS-01,64.6441523356923,27.952990304831097
2026-01-13T07:30:00+09:00,BMS-01,65.1738365817837,29.69950576556173
2026-01-13T07:35:00+09:00,BMS-01,86.25607773496593,25.741301027398343
2026-01-13T07:40:00+09:00,BMS-01,23.038540346346032,29.430591398155464
2026-01-13T07:45:00+09:00,BMS-01,77.85450617753409,29.719988243635882
2026-01-13T07:50:00+09:00,BMS-01,27.440580710945603,30.167989166881302
2026-01-13T07:55:00+09:00,BMS-01,35.26671044576306,28.589770563645516
2026-01-13T08:00:00+09:00,BMS-01,67.44204610600693,28.232161857396196
2026-01-13T08:05:00+09:00,BMS-01,85.70513930796449,29.003030226666358
2026-01-13T08:10:00+09:00,BMS-01,55.35452595861579,27.013909698908492
2026-01-13T08:15:00+09:00,BMS-01,36.849015948529185,29.54548626709961
2026-01-13T08:20:00+09:00,BMS-01,49.53209553975781,28.68846680002321
2026-01-13T08:25:00+09:00,BMS-01,71.09866893759038,27.845643747431794
2026-01-13T08:30:00+09:00,BMS-01,67.8929627158876,26.703104261868265
2026-01-13T08:35:00+09:00,BMS-01,30.80964140257232,32.34784931565259
2026-01-13T08:40:00+09:00,BMS-01,68.11289913225424,26.523548687333943
2026-01-13T08:45:00+09:00,BMS-01,72.6871184189044,31.846675808225886
2026-01-13T08:50:00+09:00,BMS-01,83.85837993529823,32.19605064699332
2026-01-13T08:55:00+09:00,BMS-01,75.58566148834684,28.575240610628853
2026-01-13T09:00:00+09:00,BMS-01,75.62159107015495,27.98243095314277
2026-01-13T09:05:00+09:00,BMS-01,81.99611090105913,26.682476773086687
2026-01-13T09:10:00+09:00,BMS-01,83.66242126432049,27.623837468014106
2026-01-13T09:15:00+09:00,BMS-01,41.59137048868623,27.284594351334952
2026-01-13T09:20:00+09:00,BMS-01,40.54670066478537,27.212402968128565
2026-01-13T09:25:00+09:00,BMS-01,34.731571333874804,24.275874637426643
2026-01-13T09:30:00+09:00,BMS-01,68.82311206043164,27.967687821028903
2026-01-13T09:35:00+09:00,BMS-01,61.82244965511812,28.782644930985455
2026-01-13T09:40:00+09:00,BMS-01,84.15011236452486,27.84822410387746
2026-01-13T09:45:00+09:00,BMS-01,63.102853289109554,24.863932303447132
2026-01-13T09:50:00+09:00,BMS-01,53.81279546299642,30.319022302460603
2026-01-13T09:55:00+09:00,BMS-01,65.06295871281826,29.70149679589998
2026-01-13T10:00:00+09:00,BMS-01,59.23946375536061,31.16110544609187
2026-01-13T10:05:00+09:00,BMS-01,49.031154813575526,27.488404073261794
2026-01-13T10:10:00+09:00,BMS-01,88.17644265106921,32.784893447248734
2026-01-13T10:15:00+09:00,BMS-01,84.04275366333573,28.47145504341756
2026-01-13T10:20:00+09:00,BMS-01,44.60519054217169,30.31124212284482
2026-01-13T10:25:00+09:00,BMS-01,79.53298113539545,28.715565464617086
2026-01-13T10:30:00+09:00,BMS-01,23.888980951600622,27.122767702035276
2026-01-13T10:35:00+09:00,BMS-01,79.58456811514529,28.64708010373094
2026-01-13T10:40:00+09:00,BMS-01,55.06072205321124,27.530299786659686
2026-01-13T10:45:00+09:00,BMS-01,78.48465491595024,28.963479048724814
2026-01-13T10:50:00+09:00,BMS-01,47.60233394597938,28.637177831370522
2026-01-13T10:55:00+09:00,BMS-01,25.538181741852064,30.758005284548357
2026-01-13T11:00:00+09:00,BMS-01,78.62660553917736,28.10356323558284
2026-01-13T11:05:00+09:00,BMS-01,47.83356860518999,25.143182806015197
2026-01-13T11:10:00+09:00,BMS-01,49.71360742050619,26.672152731490055
2026-01-13T11:15:00+09:00,BMS-01,89.98484543466977,28.195814619231243
2026-01-13T11:20:00+09:00,BMS-01,32.433088838780485,28.525491134183945
2026-01-13T11:25:00+09:00,BMS-01,50.62804283578336,26.65326900942831
2026-01-13T11:30:00+09:00,BMS-01,34.532043452822364,27.340286330495623
2026-01-13T11:35:00+09:00,BMS-01,36.16605566891389,30.897767529556145
2026-01-13T11:40:00+09:00,BMS-01,52.82837049584799,31.945068869355516
2026-01-13T11:45:00+09:00,BMS-01,63.81757833578007,28.22907953254731
2026-01-13T11:50:00+09:00,BMS-01,20.43353017087363,31.049333305254397
2026-01-13T11:55:00+09:00,BMS-01,61.10052729394803,31.785297717500782
2026-01-13T12:00:00+09:00,BMS-01,29.402116826493348,30.65126473411152
2026-01-13T12:05:00+09:00,BMS-01,84.84419051011716,30.827150573117613
2026-01-13T12:10:00+09:00,BMS-01,27.851774204049157,30.91895269492466
2026-01-13T12:15:00+09:00,BMS-01,52.18106835621124,29.042164869615664
2026-01-13T12:20:00+09:00,BMS-01,33.53325518404713,31.813075841814474
2026-01-13T12:25:00+09:00,BMS-01,26.954937885128412,29.207923648199092
2026-01-13T12:30:00+09:00,BMS-01,28.263172692199827,30.201015829451144
2026-01-13T12:35:00+09:00,BMS-01,29.93806266604286,30.828961748293047
2026-01-13T12:40:00+09:00,BMS-01,26.85881077297272,30.992102350116912
2026-01-13T12:45:00+09:00,BMS-01,36.38265703917647,28.036836034272103
2026-01-13T12:50:00+09:00,BMS-01,24.62278657368676,27.63057123741523
2026-01-13T12:55:00+09:00,BMS-01,75.70097535566838,29.078699408057556
2026-01-13T13:00:00+09:00,BMS-01,72.42116708561726,26.182765907330417
2026-01-13T13:05:00+09:00,BMS-01,79.53048590536436,28.6283555663703
2026-01-13T13:10:00+09:00,BMS-01,30.08092250576937,32.10841181447307
2026-01-13T13:15:00+09:00,BMS-01,24.226203617615656,29.110863792148287
2026-01-13T13:20:00+09:00,BMS-01,29.975461623683127,31.112161115837186
2026-01-13T13:25:00+09:00,BMS-01,28.69211238443718,25.003276111413292
2026-01-13T13:30:00+09:00,BMS-01,20.650332182723503,29.633303710799932
2026-01-13T13:35:00+09:00,BMS-01,40.629409115439664,28.839214560245246
2026-01-13T13:40:00+09:00,BMS-01,64.34990050075565,31.989301394058234
2026-01-13T13:45:00+09:00,BMS-01,27.277249235702172,27.508346927599725
2026-01-13T13:50:00+09:00,BMS-01,79.5928955857361,30.461240556638643
2026-01-13T13:55:00+09:00,BMS-01,32.72977721860081,27.9948706629415
2026-01-13T14:00:00+09:00,BMS-01,76.5461455173178,27.58609919669012
2026-01-13T14:05:00+09:00,BMS-01,55.61857964848145,31.715632335566333
2026-01-13T14:10:00+09:00,BMS-01,41.16499753274043,31.649146916996685
2026-01-13T14:15:00+09:00,BMS-01,80.9566512057391,29.488741011990616
2026-01-13T14:20:00+09:00,BMS-01,47.49438912602407,31.84431013064524
2026-01-13T14:25:00+09:00,BMS-01,47.75651810898127,28.835415274091154
2026-01-13T14:30:00+09:00,BMS-01,56.59064540191326,26.608623169353663
2026-01-13T14:35:00+09:00,BMS-01,49.91728436850029,32.781274794169406
2026-01-13T14:40:00+09:00,BMS-01,80.5630490264225,31.013062435675312
2026-01-13T14:45:00+09:00,BMS-01,65.87356156915911,27.758417361091688
2026-01-13T14:50:00+09:00,BMS-01,36.41010759401669,27.13552594319799
2026-01-13T14:55:00+09:00,BMS-01,87.41234937952797,29.875449199597536
2026-01-13T15:00:00+09:00,BMS-01,65.49349005525677,27.20230059666089
2026-01-13T15:05:00+09:00,BMS-01,24.746859601247447,28.02053133242816
2026-01-13T15:10:00+09:00,BMS-01,46.2284279887345,27.200609480859974
2026-01-13T15:15:00+09:00,BMS-01,67.02514657150101,28.833053547630506
2026-01-13T15:20:00+09:00,BMS-01,67.75967816105504,28.794160072566523
2026-01-13T15:25:00+09:00,BMS-01,67.48535853342652,34.74386333464124
2026-01-13T15:30:00+09:00,BMS-01,20.594726147335162,27.01443390148035
2026-01-13T15:35:00+09:00,BMS-01,31.810568879545087,28.025938900586848
2026-01-13T15:40:00+09:00,BMS-01,70.50259841013013,27.331849648957377
2026-01-13T15:45:00+09:00,BMS-01,41.27326788876929,29.616878755878307
2026-01-13T15:50:00+09:00,BMS-01,84.19367693169805,28.320215759823203
2026-01-13T15:55:00+09:00,BMS-01,55.92682311627009,28.63824384949389
2026-01-13T16:00:00+09:00,BMS-01,80.21649646044594,28.26530558104118
2026-01-13T16:05:00+09:00,BMS-01,40.58355098134932,26.635952017660188
2026-01-13T16:10:00+09:00,BMS-01,80.26434597606642,28.956060191247886
2026-01-13T16:15:00+09:00,BMS-01,64.5339235474211,32.16891204618729
2026-01-13T16:20:00+09:00,BMS-01,68.9610513329194,29.031815279606743
2026-01-13T16:25:00+09:00,BMS-01,47.58267837587233,27.104488529516548
2026-01-13T16:30:00+09:00,BMS-01,86.73298292845159,29.85344321724488
2026-01-13T16:35:00+09:00,BMS-01,41.330819106563865,26.347803015808925
2026-01-13T16:40:00+09:00,BMS-01,51.89160391747997,26.55823471700223
2026-01-13T16:45:00+09:00,BMS-01,23.61380822162333,33.019337687597044
2026-01-13T16:50:00+09:00,BMS-01,75.8973638876909,28.667237546513597
2026-01-13T16:55:00+09:00,BMS-01,82.22938260820929,29.816611606975123
2026-01-13T17:00:00+09:00,BMS-01,78.06956190781752,26.662588242853623
2026-01-13T17:05:00+09:00,BMS-01,30.053277440625205,29.566669335212495
2026-01-13T17:10:00+09:00,BMS-01,50.399330102164534,29.14692852335511
2026-01-13T17:15:00+09:00,BMS-01,71.7028763642391,26.930562859273714
2026-01-13T17:20:00+09:00,BMS-01,86.37682480961587,31.107946794906187
2026-01-13T17:25:00+09:00,BMS-01,72.8130317127145,30.15313454648638
2026-01-13T17:30:00+09:00,BMS-01,86.4827379039637,29.809331716204067
2026-01-13T17:35:00+09:00,BMS-01,29.937108001557505,29.416063458677492
2026-01-13T17:40:00+09:00,BMS-01,37.704348695516835,28.523836642020324
2026-01-13T17:45:00+09:00,BMS-01,21.567171665265608,28.424980369101526
2026-01-13T17:50:00+09:00,BMS-01,28.459760743387104,27.285336888470813
2026-01-13T17:55:00+09:00,BMS-01,87.45325890429133,27.704045357255055
2026-01-13T18:00:00+09:00,BMS-01,41.42750498307978,29.875526368368
2026-01-13T18:05:00+09:00,BMS-01,23.350422339686073,28.017770843384863
2026-01-13T18:10:00+09:00,BMS-01,60.814659632091725,30.33767725679881
2026-01-13T18:15:00+09:00,BMS-01,35.08830850241658,29.78989415116563
2026-01-13T18:20:00+09:00,BMS-01,24.863169847316847,27.766972315962214
2026-01-13T18:25:00+09:00,BMS-01,40.7132537869202,26.973027432721224
2026-01-13T18:30:00+09:00,BMS-01,38.954209890888684,28.65224142086301
2026-01-13T18:35:00+09:00,BMS-01,89.85592360757677,25.433015574664577
2026-01-13T18:40:00+09:00,BMS-01,79.19148857062852,27.245329775638
2026-01-13T18:45:00+09:00,BMS-01,56.44871681760616,28.4188232942436
2026-01-13T18:50:00+09:00,BMS-01,57.05249517971004,28.63007584642291
2026-01-13T18:55:00+09:00,BMS-01,53.29638875118349,25.736222036915397
2026-01-13T19:00:00+09:00,BMS-01,85.00156476138511,27.75715469459638
2026-01-13T19:05:00+09:00,BMS-01,83.67333921336804,28.863763718252734
2026-01-13T19:10:00+09:00,BMS-01,30.22532919413112,27.304963501199982
2026-01-13T19:15:00+09:00,BMS-01,51.86510262407699,32.85115354884508
2026-01-13T19:20:00+09:00,BMS-01,52.31230774690319,32.99860279793719
2026-01-13T19:25:00+09:00,BMS-01,71.76066966882831,29.892095607213044
2026-01-13T19:30:00+09:00,BMS-01,42.379520540396975,26.744306728224423
2026-01-13T19:35:00+09:00,BMS-01,75.2211124273857,31.169515981986137
2026-01-13T19:40:00+09:00,BMS-01,62.14847584990302,28.093272903179795
2026-01-13T19:45:00+09:00,BMS-01,77.27757443210426,27.622721061041872
2026-01-13T19:50:00+09:00,BMS-01,52.27569705159765,28.16193510806321
2026-01-13T19:55:00+09:00,BMS-01,23.197312441139662,28.294707545296195
2026-01-13T20:00:00+09:00,BMS-01,79.96313411459117,31.028400349570052
2026-01-13T20:05:00+09:00,BMS-01,78.86061576186708,27.168167578723228
2026-01-13T20:10:00+09:00,BMS-01,40.39041546143485,25.203131890080577
2026-01-13T20:15:00+09:00,BMS-01,68.74210603546234,28.16878105503957
2026-01-13T20:20:00+09:00,BMS-01,38.8228685860611,30.581436532540604
2026-01-13T20:25:00+09:00,BMS-01,33.017968642701874,30.890103966567494
2026-01-13T20:30:00+09:00,BMS-01,84.9364059002828,26.897987204482945
2026-01-13T20:35:00+09:00,BMS-01,35.22244480794778,30.777122442361772
2026-01-13T20:40:00+09:00,BMS-01,22.59033672540848,31.129039507083977
2026-01-13T20:45:00+09:00,BMS-01,42.62257256815719,27.652479915665282
2026-01-13T20:50:00+09:00,BMS-01,87.800213412007,28.986687751412223
2026-01-13T20:55:00+09:00,BMS-01,47.02570841382747,23.2510822903989
2026-01-13T21:00:00+09:00,BMS-01,56.92413099620479,31.74383973497617
2026-01-13T21:05:00+09:00,BMS-01,20.339077972554186,30.564437603477582
2026-01-13T21:10:00+09:00,BMS-01,70.05504472845024,32.48120071444767
2026-01-13T21:15:00+09:00,BMS-01,84.25452865622694,28.99423602284062
2026-01-13T21:20:00+09:00,BMS-01,25.08068076307472,27.010915212965326
2026-01-13T21:25:00+09:00,BMS-01,79.17457075042574,29.179742094119984
2026-01-13T21:30:00+09:00,BMS-01,84.5857954761203,26.983151530542607
2026-01-13T21:35:00+09:00,BMS-01,48.84236965103482,31.123565921284097
2026-01-13T21:40:00+09:00,BMS-01,36.55679791979612,28.610988666153506
2026-01-13T21:45:00+09:00,BMS-01,65.32776336172435,29.980558649827948
2026-01-13T21:50:00+09:00,BMS-01,27.05027899092168,28.102670047529884
2026-01-13T21:55:00+09:00,BMS-01,29.24668727218366,29.270197220843432
2026-01-13T22:00:00+09:00,BMS-01,83.29089723470722,30.04369509404766
2026-01-13T22:05:00+09:00,BMS-01,41.9348636517909,27.55184016841198
2026-01-13T22:10:00+09:00,BMS-01,69.9237963700434,29.54391909825035
2026-01-13T22:15:00+09:00,BMS-01,73.52201408606734,29.837094894088423
2026-01-13T22:20:00+09:00,BMS-01,58.849152543148236,26.88052940832986
2026-01-13T22:25:00+09:00,BMS-01,48.683838284452676,27.920230572930056
2026-01-13T22:30:00+09:00,BMS-01,55.40210205810563,31.670236017204186
2026-01-13T22:35:00+09:00,BMS-01,66.12760796006769,29.22874890877848
2026-01-13T22:40:00+09:00,BMS-01,45.54826890111783,30.811049386364203
2026-01-13T22:45:00+09:00,BMS-01,51.381662729567154,29.245011179704633
2026-01-13T22:50:00+09:00,BMS-01,54.01611696524841,25.701440776244425
2026-01-13T22:55:00+09:00,BMS-01,67.30666634480433,29.709866844613995
2026-01-13T23:00:00+09:00,BMS-01,32.23218952490371,26.056862279989616
2026-01-13T23:05:00+09:00,BMS-01,23.169565028505584,33.8717137142832
2026-01-13T23:10:00+09:00,BMS-01,35.52274165772625,26.46222790577757
2026-01-13T23:15:00+09:00,BMS-01,80.82076916913395,29.42208197124811
2026-01-13T23:20:00+09:00,BMS-01,32.84936166203708,29.028475052911702
2026-01-13T23:25:00+09:00,BMS-01,83.72628216158358,27.261185414589825
2026-01-13T23:30:00+09:00,BMS-01,65.5593832412743,26.065047021426164
2026-01-13T23:35:00+09:00,BMS-01,34.84315345329355,26.70833331339977
2026-01-13T23:40:00+09:00,BMS-01,54.91393667453583,25.900892431681186
2026-01-13T23:45:00+09:00,BMS-01,29.115689140189367,28.94643880849725
2026-01-13T23:50:00+09:00,BMS-01,55.789920822457546,31.101249366944913
2026-01-13T23:55:00+09:00,BMS-01,56.70425220815715,32.28984527052149
2026-01-14T00:00:00+09:00,BMS-01,74.3364997388959,31.730372255583887
2026-01-14T00:05:00+09:00,BMS-01,73.52926186372417,29.126675923479063
2026-01-14T00:10:00+09:00,BMS-01,55.08585905342177,29.195507609172825
2026-01-14T00:15:00+09:00,BMS-01,79.08604206634944,30.89418061707376
2026-01-14T00:20:00+09:00,BMS-01,68.70233808623384,28.349111601878338
2026-01-14T00:25:00+09:00,BMS-01,53.780395639661535,29.094973470236084
2026-01-14T00:30:00+09:00,BMS-01,70.60327705553287,25.796290217424563
2026-01-14T00:35:00+09:00,BMS-01,89.5526550262343,30.693313360406716
2026-01-14T00:40:00+09:00,BMS-01,60.99281129061181,26.35447500339928
2026-01-14T00:45:00+09:00,BMS-01,70.95748540633214,27.87282093811803
2026-01-14T00:50:00+09:00,BMS-01,36.47946771670943,31.912733266852413
2026-01-14T00:55:00+09:00,BMS-01,79.96367133444542,31.926347623018692
2026-01-14T01:00:00+09:00,BMS-01,82.74457729649683,31.488249280040502
2026-01-14T01:05:00+09:00,BMS-01,78.5209619047246,25.599783196980688
2026-01-14T01:10:00+09:00,BMS-01,70.76616810521567,27.70065482126642
2026-01-14T01:15:00+09:00,BMS-01,61.27558800275427,28.589436595537965
2026-01-14T01:20:00+09:00,BMS-01,89.11082433364518,29.582530823338992
2026-01-14T01:25:00+09:00,BMS-01,86.74072206376957,28.43724941765286
2026-01-14T01:30:00+09:00,BMS-01,66.18128247805896,31.07656894288159
2026-01-14T01:35:00+09:00,BMS-01,27.323253384510682,33.56906551729524
2026-01-14T01:40:00+09:00,BMS-01,21.43303641658188,34.8091014240977
2026-01-14T01:45:00+09:00,BMS-01,26.597289385506883,27.59590846587506
2026-01-14T01:50:00+09:00,BMS-01,79.71049066848614,24.326817260935393
2026-01-14T01:55:00+09:00,BMS-01,71.21302674371202,27.593605912141552
2026-01-14T02:00:00+09:00,BMS-01,71.0052978897969,26.78286997684806
2026-01-14T02:05:00+09:00,BMS-01,34.025167374011254,26.073040789169003
2026-01-14T02:10:00+09:00,BMS-01,75.73376627915272,29.68105841137229
2026-01-14T02:15:00+09:00,BMS-01,74.81930418583133,25.66923260383397
2026-01-14T02:20:00+09:00,BMS-01,77.03943052641394,28.375923966337815
2026-01-14T02:25:00+09:00,BMS-01,71.389022483348,29.163750196097933
2026-01-14T02:30:00+09:00,BMS-01,87.4337190816061,29.06502051741405
2026-01-14T02:35:00+09:00,BMS-01,64.42100419036811,31.045953025721527
2026-01-14T02:40:00+09:00,BMS-01,31.87778095594714,27.568018812459645
2026-01-14T02:45:00+09:00,BMS-01,51.31996330084947,29.820468324664894
2026-01-14T02:50:00+09:00,BMS-01,46.289475067268825,26.871009843294154
2026-01-14T02:55:00+09:00,BMS-01,26.50864707457877,28.007522352922262
2026-01-14T03:00:00+09:00,BMS-01,58.768829826416514,29.321730086736384
2026-01-14T03:05:00+09:00,BMS-01,30.86142279737341,28.339455434873386
2026-01-14T03:10:00+09:00,BMS-01,65.07442496091365,29.481774028453067
2026-01-14T03:15:00+09:00,BMS-01,39.44451651006977,28.26522606171954
2026-01-14T03:20:00+09:00,BMS-01,45.44378966893364,29.694305989440796
2026-01-14T03:25:00+09:00,BMS-01,40.38031832958395,30.425054916302802
2026-01-14T03:30:00+09:00,BMS-01,65.75064822703727,25.82459327710986
2026-01-14T03:35:00+09:00,BMS-01,31.55906173742683,28.927765625291183
2026-01-14T03:40:00+09:00,BMS-01,70.15880479993655,27.288439264486108
2026-01-14T03:45:00+09:00,BMS-01,27.70718777774109,33.90891940671983
2026-01-14T03:50:00+09:00,BMS-01,43.50830717399258,29.007042412397176
2026-01-14T03:55:00+09:00,BMS-01,85.18268647829534,29.375206862643996
2026-01-14T04:00:00+09:00,BMS-01,52.35399918700859,27.488900899985737
2026-01-14T04:05:00+09:00,BMS-01,73.48070460568557,30.913225635015504
2026-01-14T04:10:00+09:00,BMS-01,65.31304450702021,32.07494616761296
2026-01-14T04:15:00+09:00,BMS-01,50.83491474394662,27.094454366608822
2026-01-14T04:20:00+09:00,BMS-01,36.917747214439366,27.074594744908143
2026-01-14T04:25:00+09:00,BMS-01,82.39826877256763,29.505761119212305
2026-01-14T04:30:00+09:00,BMS-01,62.29367612623611,29.59694814843401
2026-01-14T04:35:00+09:00,BMS-01,27.989607125817265,30.284107128584882
2026-01-14T04:40:00+09:00,BMS-01,70.12612104320067,27.330417101889182
2026-01-14T04:45:00+09:00,BMS-01,60.976367443076356,28.381989527019957
2026-01-14T04:50:00+09:00,BMS-01,86.81477638091629,27.17300115786226
2026-01-14T04:55:00+09:00,BMS-01,44.66658754837401,29.136527649340977
2026-01-14T05:00:00+09:00,BMS-01,65.19616717218938,28.66029560108082
2026-01-14T05:05:00+09:00,BMS-01,23.104716096048076,28.062861235057024
2026-01-14T05:10:00+09:00,BMS-01,89.61599967399054,27.96127840583257
2026-01-14T05:15:00+09:00,BMS-01,74.77968870498728,32.48570854230879
2026-01-14T05:20:00+09:00,BMS-01,51.71630569385423,28.172367183401946
2026-01-14T05:25:00+09:00,BMS-01,52.28417887806361,29.355052318160364
2026-01-14T05:30:00+09:00,BMS-01,60.27277538405766,29.511879943714295
2026-01-14T05:35:00+09:00,BMS-01,33.52171319398099,26.8998646729054
2026-01-14T05:40:00+09:00,BMS-01,61.06947290221865,24.973320979220752
2026-01-14T05:45:00+09:00,BMS-01,72.13791921026392,28.187677160405958
2026-01-14T05:50:00+09:00,BMS-01,70.19604463330849,26.862416733693053
2026-01-14T05:55:00+09:00,BMS-01,82.75271067306579,29.900206906193713
2026-01-14T06:00:00+09:00,BMS-01,71.26053103986722,28.08210179577678
2026-01-14T06:05:00+09:00,BMS-01,23.334979517471865,30.74904443840931
2026-01-14T06:10:00+09:00,BMS-01,37.05713127553634,27.42312101695237
2026-01-14T06:15:00+09:00,BMS-01,66.67899291053659,27.741772056098707
2026-01-14T06:20:00+09:00,BMS-01,40.371991883981345,25.124635233620577
2026-01-14T06:25:00+09:00,BMS-01,22.420169944392534,24.85044766341492
2026-01-14T06:30:00+09:00,BMS-01,40.41799552374218,29.350921280472495
2026-01-14T06:35:00+09:00,BMS-01,71.50102483866667,30.437573100135168
2026-01-14T06:40:00+09:00,BMS-01,32.17275194633536,30.431956557433775
2026-01-14T06:45:00+09:00,BMS-01,69.68362095789169,22.99927962800713
2026-01-14T06:50:00+09:00,BMS-01,86.58431446759208,31.145770356342116
2026-01-14T06:55:00+09:00,BMS-01,84.61223929332314,28.59081034511264
2026-01-14T07:00:00+09:00,BMS-01,83.13809317511834,29.06668104607098
2026-01-14T07:05:00+09:00,BMS-01,74.54077765097846,29.560982210046944
2026-01-14T07:10:00+09:00,BMS-01,81.30703182816269,31.004006511622148
2026-01-14T07:15:00+09:00,BMS-01,67.51094030025516,25.01527698817062
2026-01-14T07:20:00+09:00,BMS-01,53.29906359321274,28.694803904591225
2026-01-14T07:25:00+09:00,BMS-01,74.35510481623704,28.179879544538323
2026-01-14T07:30:00+09:00,BMS-01,60.676731609390544,29.922034403979723
2026-01-14T07:35:00+09:00,BMS-01,89.40416429729032,30.238534021863234
2026-01-14T07:40:00+09:00,BMS-01,77.88476232339035,25.78421690612265
2026-01-14T07:45:00+09:00,BMS-01,62.047913057610444,31.708032721717462
2026-01-14T07:50:00+09:00,BMS-01,89.38380206078462,31.705388803901087
2026-01-14T07:55:00+09:00,BMS-01,81.84305272427662,30.4044833666906
2026-01-14T08:00:00+09:00,BMS-01,66.21803107804328,31.790791031034225
2026-01-14T08:05:00+09:00,BMS-01,59.24273812214778,28.52477786100946
2026-01-14T08:10:00+09:00,BMS-01,79.99459268812166,29.45806671866961
2026-01-14T08:15:00+09:00,BMS-01,48.39583092366467,27.451648857176
2026-01-14T08:20:00+09:00,BMS-01,31.1385555946287,27.468561680977402
2026-01-14T08:25:00+09:00,BMS-01,35.6839943281584,27.277099348550564
2026-01-14T08:30:00+09:00,BMS-01,42.13260706460714,28.785930942999176
2026-01-14T08:35:00+09:00,BMS-01,27.006180649985065,29.70947075203361
2026-01-14T08:40:00+09:00,BMS-01,27.32491998101432,29.579241217878945
2026-01-14T08:45:00+09:00,BMS-01,45.72028970652676,28.119094415672
2026-01-14T08:50:00+09:00,BMS-01,89.11855154676583,25.145080110205694
2026-01-14T08:55:00+09:00,BMS-01,46.66088500201355,29.802760468217315
2026-01-14T09:00:00+09:00,BMS-01,69.96322771410945,28.926352894660756
2026-01-14T09:05:00+09:00,BMS-01,63.511497513225535,30.279241152960456
2026-01-14T09:10:00+09:00,BMS-01,69.36691379320452,30.497734882271057
2026-01-14T09:15:00+09:00,BMS-01,56.04663671860125,31.49358593664546
2026-01-14T09:20:00+09:00,BMS-01,34.82564503559849,25.8288218000338
2026-01-14T09:25:00+09:00,BMS-01,80.61925337986546,26.760924020933118
2026-01-14T09:30:00+09:00,BMS-01,27.82819831408804,27.33899734604492
2026-01-14T09:35:00+09:00,BMS-01,43.304783783440016,24.31197761855783
2026-01-14T09:40:00+09:00,BMS-01,50.52118861010147,27.258572944283763
2026-01-14T09:45:00+09:00,BMS-01,76.99120000222231,25.887195202109258
2026-01-14T09:50:00+09:00,BMS-01,58.17188374949879,28.940585236308326
2026-01-14T09:55:00+09:00,BMS-01,79.9793713706117,30.011939400137535
2026-01-14T10:00:00+09:00,BMS-01,39.497573566650146,29.176274468138228
2026-01-14T10:05:00+09:00,BMS-01,40.4993310702448,29.23862937708397
2026-01-14T10:10:00+09:00,BMS-01,82.59415574884666,25.76903924257148
2026-01-14T10:15:00+09:00,BMS-01,58.226296344033,26.971379855191877
2026-01-14T10:20:00+09:00,BMS-01,53.06988701423126,29.72922089163042
2026-01-14T10:25:00+09:00,BMS-01,30.544447420803014,28.69393967328446
2026-01-14T10:30:00+09:00,BMS-01,41.52861794558557,30.602283654782518
2026-01-14T10:35:00+09:00,BMS-01,62.035575793505075,30.211614565621144
2026-01-14T10:40:00+09:00,BMS-01,87.3445763369262,30.40217167069322
2026-01-14T10:45:00+09:00,BMS-01,32.67572609575642,29.67960198741498
2026-01-14T10:50:00+09:00,BMS-01,33.11395755996596,27.886144701148414
2026-01-14T10:55:00+09:00,BMS-01,74.01407970776403,32.33988083512577
2026-01-14T11:00:00+09:00,BMS-01,58.32321148985363,29.674560466621593
2026-01-14T11:05:00+09:00,BMS-01,31.417775003880028,27.370090515793144
2026-01-14T11:10:00+09:00,BMS-01,51.54203930872567,27.7345685310295
2026-01-14T11:15:00+09:00,BMS-01,79.86423791722059,28.304490357380104
2026-01-14T11:20:00+09:00,BMS-01,39.78552415672882,29.685699393719368
2026-01-14T11:25:00+09:00,BMS-01,61.21521758077533,27.363721837730957
2026-01-14T11:30:00+09:00,BMS-01,75.28258146477494,27.528293391851122
2026-01-14T11:35:00+09:00,BMS-01,71.66071825998523,30.97769261179742
2026-01-14T11:40:00+09:00,BMS-01,76.89573851091326,31.199105483601294
2026-01-14T11:45:00+09:00,BMS-01,67.41728963746502,30.359610100179953
2026-01-14T11:50:00+09:00,BMS-01,80.62337911285421,26.04530255418448
2026-01-14T11:55:00+09:00,BMS-01,63.327401317051375,28.878491320048866
2026-01-14T12:00:00+09:00,BMS-01,86.8442347214556,29.772143241221336
2026-01-14T12:05:00+09:00,BMS-01,33.6003248658823,29.341269408705443
2026-01-14T12:10:00+09:00,BMS-01,76.92917029172102,28.357134492568356
2026-01-14T12:15:00+09:00,BMS-01,69.49383729409324,30.595261671980037
2026-01-14T12:20:00+09:00,BMS-01,85.03644520324026,31.253005719467346
2026-01-14T12:25:00+09:00,BMS-01,31.706500037890812,29.817807281422187
2026-01-14T12:30:00+09:00,BMS-01,34.70270099555768,28.563424375542017
2026-01-14T12:35:00+09:00,BMS-01,69.76693364942047,27.84118044111419
2026-01-14T12:40:00+09:00,BMS-01,53.0312972820444,30.70023521507845
2026-01-14T12:45:00+09:00,BMS-01,20.73970456138538,33.32727517492731
2026-01-14T12:50:00+09:00,BMS-01,42.96378327879772,28.836872635849648
2026-01-14T12:55:00+09:00,BMS-01,51.238528091961896,31.86125174892121
2026-01-14T13:00:00+09:00,BMS-01,54.30400896572595,26.902824778146705
2026-01-14T13:05:00+09:00,BMS-01,65.00214405344266,29.917576563662337
2026-01-14T13:10:00+09:00,BMS-01,79.39037764689553,26.52864444661664
2026-01-14T13:15:00+09:00,BMS-01,82.63617100516385,27.018722336360643
2026-01-14T13:20:00+09:00,BMS-01,78.89249752622831,28.769445761618265
2026-01-14T13:25:00+09:00,BMS-01,86.88703714928505,25.238310681548104
2026-01-14T13:30:00+09:00,BMS-01,58.49439286954177,27.93475227555294
2026-01-14T13:35:00+09:00,BMS-01,67.05701882938891,29.59825542430031
2026-01-14T13:40:00+09:00,BMS-01,46.217025916234384,29.997664326381297
2026-01-14T13:45:00+09:00,BMS-01,61.751288106414634,30.40518884623873
2026-01-14T13:50:00+09:00,BMS-01,75.10993174447803,27.543375356497297
2026-01-14T13:55:00+09:00,BMS-01,47.10227417803008,25.440875133315593
2026-01-14T14:00:00+09:00,BMS-01,32.53565767356159,29.056329724199745
2026-01-14T14:05:00+09:00,BMS-01,45.15061079112288,27.901307035913362
2026-01-14T14:10:00+09:00,BMS-01,48.72947588016571,28.4607317957192
2026-01-14T14:15:00+09:00,BMS-01,73.69892377577904,29.216546283169617
2026-01-14T14:20:00+09:00,BMS-01,25.894563796602572,26.641173826457887
2026-01-14T14:25:00+09:00,BMS-01,59.003028381951275,31.61919740644491
2026-01-14T14:30:00+09:00,BMS-01,40.623843532093446,27.75617450765507
2026-01-14T14:35:00+09:00,BMS-01,79.13198935813539,33.537224601105535
2026-01-14T14:40:00+09:00,BMS-01,44.290165441371954,25.704786098998873
2026-01-14T14:45:00+09:00,BMS-01,51.271833316840635,26.861226406574424
2026-01-14T14:50:00+09:00,BMS-01,47.26170535638016,24.207854414354973
2026-01-14T14:55:00+09:00,BMS-01,89.9346743194847,30.649125051400585
2026-01-14T15:00:00+09:00,BMS-01,32.39467888883749,30.622021012957553
2026-01-14T15:05:00+09:00,BMS-01,85.12020253690886,25.877725168320723
2026-01-14T15:10:00+09:00,BMS-01,75.72260799832686,25.530197230279747
2026-01-14T15:15:00+09:00,BMS-01,83.9207620375679,33.26565691782278
2026-01-14T15:20:00+09:00,BMS-01,32.144573522981965,28.260974524216877
2026-01-14T15:25:00+09:00,BMS-01,20.207934430579726,29.078805132664247
2026-01-14T15:30:00+09:00,BMS-01,50.2819169963955,29.845242268026198
2026-01-14T15:35:00+09:00,BMS-01,86.99474492859179,28.72797011686043
2026-01-14T15:40:00+09:00,BMS-01,37.66246063165811,28.231992484149043
2026-01-14T15:45:00+09:00,BMS-01,41.60812307638006,31.5631568826879
2026-01-14T15:50:00+09:00,BMS-01,52.97445671290656,28.244265094238234
2026-01-14T15:55:00+09:00,BMS-01,38.62390847420542,27.802711284888456
2026-01-14T16:00:00+09:00,BMS-01,47.146610772541244,30.316207326346632
2026-01-14T16:05:00+09:00,BMS-01,58.89661803835795,28.139866254698358
2026-01-14T16:10:00+09:00,BMS-01,75.11745255473073,27.717892130694693
2026-01-14T16:15:00+09:00,BMS-01,72.9350582133413,30.782235063048436
2026-01-14T16:20:00+09:00,BMS-01,50.76583027466609,26.585542696109655
2026-01-14T16:25:00+09:00,BMS-01,72.66727647600486,28.340084432856777
2026-01-14T16:30:00+09:00,BMS-01,43.58997087758307,31.56022796082911
2026-01-14T16:35:00+09:00,BMS-01,82.5702133856024,28.551493769386
2026-01-14T16:40:00+09:00,BMS-01,54.18840604073083,28.8358026058632
2026-01-14T16:45:00+09:00,BMS-01,83.7509894387831,29.518039083951052
2026-01-14T16:50:00+09:00,BMS-01,84.35505509663017,33.47640155810229
2026-01-14T16:55:00+09:00,BMS-01,88.85453364970104,26.647796413404823
2026-01-14T17:00:00+09:00,BMS-01,27.204810968539626,32.760501126374336
2026-01-14T17:05:00+09:00,BMS-01,26.81968150086754,29.291299455327245
2026-01-14T17:10:00+09:00,BMS-01,57.68476565251013,27.876313272473936
2026-01-14T17:15:00+09:00,BMS-01,39.50985568408523,30.26393317547926
2026-01-14T17:20:00+09:00,BMS-01,27.224964770409432,30.801886369042148
2026-01-14T17:25:00+09:00,BMS-01,83.8060472282272,32.55841940345951
2026-01-14T17:30:00+09:00,BMS-01,74.60820727507569,31.277757150405385
2026-01-14T17:35:00+09:00,BMS-01,46.77742445938675,26.015509483775055
2026-01-14T17:40:00+09:00,BMS-01,74.50192590239197,25.721749065426874
2026-01-14T17:45:00+09:00,BMS-01,49.34643191837442,28.667620478066553
2026-01-14T17:50:00+09:00,BMS-01,61.580514379685425,26.24737483761743
2026-01-14T17:55:00+09:00,BMS-01,58.57844472364283,28.158125598863464
2026-01-14T18:00:00+09:00,BMS-01,78.11862918901228,29.34250905514781
2026-01-14T18:05:00+09:00,BMS-01,36.46800940151621,27.546375606312267
2026-01-14T18:10:00+09:00,BMS-01,54.13554212265267,28.234306831190626
2026-01-14T18:15:00+09:00,BMS-01,67.14492224699674,29.102876834446235
2026-01-14T18:20:00+09:00,BMS-01,45.38799138717307,27.587820728626355
2026-01-14T18:25:00+09:00,BMS-01,83.3291223530884,25.641944022326037
2026-01-14T18:30:00+09:00,BMS-01,76.94546875690096,31.482373114300575
2026-01-14T18:35:00+09:00,BMS-01,70.47999456300546,25.269878222582378
2026-01-14T18:40:00+09:00,BMS-01,21.26728089438192,31.197137991245093
2026-01-14T18:45:00+09:00,BMS-01,64.6420607627407,27.2714297787518
2026-01-14T18:50:00+09:00,BMS-01,44.82264692049191,29.456072284423946
2026-01-14T18:55:00+09:00,BMS-01,35.46610267586513,31.19606592021566
2026-01-14T19:00:00+09:00,BMS-01,66.998916200794,30.951525710833252
2026-01-14T19:05:00+09:00,BMS-01,45.58080884424319,28.454766866511243
2026-01-14T19:10:00+09:00,BMS-01,45.585044491881455,30.281119318617677
2026-01-14T19:15:00+09:00,BMS-01,69.34190820488028,29.758568400140962
2026-01-14T19:20:00+09:00,BMS-01,62.81520017806563,28.766421087058227
2026-01-14T19:25:00+09:00,BMS-01,20.804302683644597,28.31283470484303
2026-01-14T19:30:00+09:00,BMS-01,85.56336107983991,31.60854158514887
2026-01-14T19:35:00+09:00,BMS-01,40.170690302016084,29.106146426631167
2026-01-14T19:40:00+09:00,BMS-01,34.12378108005831,30.53158676150477
2026-01-14T19:45:00+09:00,BMS-01,50.213380496767535,30.030707050459462
2026-01-14T19:50:00+09:00,BMS-01,26.230059587086913,27.533595950754677
2026-01-14T19:55:00+09:00,BMS-01,30.304994842478525,29.214357919187748
2026-01-14T20:00:00+09:00,BMS-01,48.089502708331416,24.11965661402267
2026-01-14T20:05:00+09:00,BMS-01,83.08315099030351,25.66936721735386
2026-01-14T20:10:00+09:00,BMS-01,52.44599844135003,29.02912505382323
2026-01-14T20:15:00+09:00,BMS-01,69.12405242876503,23.232419770575092
2026-01-14T20:20:00+09:00,BMS-01,70.07039646473063,26.967718352291943
2026-01-14T20:25:00+09:00,BMS-01,20.85806053153375,26.912755300258294
2026-01-14T20:30:00+09:00,BMS-01,51.041013353417696,27.765555949502968
2026-01-14T20:35:00+09:00,BMS-01,67.82276708352406,25.44444323026788
2026-01-14T20:40:00+09:00,BMS-01,82.06385567461517,27.90385648365425
2026-01-14T20:45:00+09:00,BMS-01,59.89032329806091,28.847005067951194
2026-01-14T20:50:00+09:00,BMS-01,78.97175808391955,28.38919806709699
2026-01-14T20:55:00+09:00,BMS-01,23.34431326161876,27.708234970554827
2026-01-14T21:00:00+09:00,BMS-01,46.47891809206272,25.987223225995134
2026-01-14T21:05:00+09:00,BMS-01,27.017522654868777,27.93440176921916
2026-01-14T21:10:00+09:00,BMS-01,64.63227991889424,27.315072706887346
2026-01-14T21:15:00+09:00,BMS-01,48.99346652161399,29.865753559685796
2026-01-14T21:20:00+09:00,BMS-01,21.593359487385566,26.360833815269512
2026-01-14T21:25:00+09:00,BMS-01,38.94592735790337,28.403058335172883
2026-01-14T21:30:00+09:00,BMS-01,43.22465242853945,28.016047607469055
2026-01-14T21:35:00+09:00,BMS-01,66.03564069836374,27.266742796448632
2026-01-14T21:40:00+09:00,BMS-01,30.06178851026845,31.133130984948096
2026-01-14T21:45:00+09:00,BMS-01,31.67987241705199,27.384384226674566
2026-01-14T21:50:00+09:00,BMS-01,73.45575276739174,29.768915221518817
2026-01-14T21:55:00+09:00,BMS-01,71.05356397692178,30.70544223371328
2026-01-14T22:00:00+09:00,BMS-01,42.00660468184641,25.53582966418705
2026-01-14T22:05:00+09:00,BMS-01,67.81972109618394,26.499680301542465
2026-01-14T22:10:00+09:00,BMS-01,68.4694457353998,26.947728913574714
2026-01-14T22:15:00+09:00,BMS-01,24.46727604164706,29.20264233504132
2026-01-14T22:20:00+09:00,BMS-01,59.20849077093671,26.628184802469214
2026-01-14T22:25:00+09:00,BMS-01,41.28403310861532,31.35703701553483
2026-01-14T22:30:00+09:00,BMS-01,75.75109063619071,28.720349408203617
2026-01-14T22:35:00+09:00,BMS-01,52.50587635449627,30.130105914952356
2026-01-14T22:40:00+09:00,BMS-01,63.33168973474257,23.252112751326553
2026-01-14T22:45:00+09:00,BMS-01,44.911450795737714,29.79574561098747
2026-01-14T22:50:00+09:00,BMS-01,21.625977145300954,26.253648288017335
2026-01-14T22:55:00+09:00,BMS-01,75.26048174704542,27.731332893165252
2026-01-14T23:00:00+09:00,BMS-01,52.27880730820892,26.06187975334825
2026-01-14T23:05:00+09:00,BMS-01,20.05783665549132,29.31006125243028
2026-01-14T23:10:00+09:00,BMS-01,78.03712235420443,29.817896905715386
2026-01-14T23:15:00+09:00,BMS-01,49.78439426084271,25.042355693840648
2026-01-14T23:20:00+09:00,BMS-01,69.86553333299372,27.09508299696327
2026-01-14T23:25:00+09:00,BMS-01,62.85295005510863,28.013700873468462
2026-01-14T23:30:00+09:00,BMS-01,58.18361502736682,30.892232772166068
2026-01-14T23:35:00+09:00,BMS-01,65.0946603337052,27.51941840771671
2026-01-14T23:40:00+09:00,BMS-01,28.72531281754594,29.418743851734682
2026-01-14T23:45:00+09:00,BMS-01,25.826831614934893,28.432629420643817
2026-01-14T23:50:00+09:00,BMS-01,80.35361736520615,30.000314911342677
2026-01-14T23:55:00+09:00,BMS-01,45.306398054373275,27.28674102675309
2026-01-15T00:00:00+09:00,BMS-01,80.32558821739222,29.34347887316902
2026-01-15T00:05:00+09:00,BMS-01,32.979387838204886,28.35821701483561
2026-01-15T00:10:00+09:00,BMS-01,51.61677603839455,28.368484978271333
2026-01-15T00:15:00+09:00,BMS-01,56.336362145464776,31.90995989613366
2026-01-15T00:20:00+09:00,BMS-01,69.29464782800504,30.25851600231719
2026-01-15T00:25:00+09:00,BMS-01,68.13890470442506,32.01720658206633
2026-01-15T00:30:00+09:00,BMS-01,50.91902735463189,31.212630718923094
2026-01-15T00:35:00+09:00,BMS-01,89.65660536894676,29.303964641654417
2026-01-15T00:40:00+09:00,BMS-01,70.84242874423981,31.99821427342356
2026-01-15T00:45:00+09:00,BMS-01,21.181042867902715,29.983534907565968
2026-01-15T00:50:00+09:00,BMS-01,33.235887453655394,32.54922035310833
2026-01-15T00:55:00+09:00,BMS-01,27.47619308822873,27.254308611632293
2026-01-15T01:00:00+09:00,BMS-01,71.83020710926758,27.511350625500548
2026-01-15T01:05:00+09:00,BMS-01,77.64135204648187,28.45757295321927
2026-01-15T01:10:00+09:00,BMS-01,58.251655334244724,27.857065690682543
2026-01-15T01:15:00+09:00,BMS-01,58.091160815161864,30.517428328423435
2026-01-15T01:20:00+09:00,BMS-01,38.4481123445901,32.44980017556424
2026-01-15T01:25:00+09:00,BMS-01,89.64983145713084,28.776932522967254
2026-01-15T01:30:00+09:00,BMS-01,67.38582591805469,32.21360894677685
2026-01-15T01:35:00+09:00,BMS-01,73.8521908379591,29.016570454018588
2026-01-15T01:40:00+09:00,BMS-01,87.89103793072907,27.477929963307062
2026-01-15T01:45:00+09:00,BMS-01,61.68886447959973,31.787937414668956
2026-01-15T01:50:00+09:00,BMS-01,31.6800618708411,30.51565077811779
2026-01-15T01:55:00+09:00,BMS-01,48.715305108271274,29.116341303117988
2026-01-15T02:00:00+09:00,BMS-01,77.66231434980234,28.077325470587738
2026-01-15T02:05:00+09:00,BMS-01,49.870104735764286,26.573675733248443
2026-01-15T02:10:00+09:00,BMS-01,39.644166997673935,26.77686525493568
2026-01-15T02:15:00+09:00,BMS-01,55.261984616761005,27.048929983847714
2026-01-15T02:20:00+09:00,BMS-01,76.68718026155256,26.34802481636994
2026-01-15T02:25:00+09:00,BMS-01,75.11717128726583,26.509989290988095
2026-01-15T02:30:00+09:00,BMS-01,37.27184846073712,30.152178911134303
2026-01-15T02:35:00+09:00,BMS-01,72.94030651015352,28.89268071858308
2026-01-15T02:40:00+09:00,BMS-01,24.401131181882885,30.178496184302425
2026-01-15T02:45:00+09:00,BMS-01,53.20486505875816,24.617668254223933
2026-01-15T02:50:00+09:00,BMS-01,63.59211867355462,29.858965154157474
2026-01-15T02:55:00+09:00,BMS-01,61.63994256266938,30.213764893765354
2026-01-15T03:00:00+09:00,BMS-01,77.13116770317308,27.16168683363655
2026-01-15T03:05:00+09:00,BMS-01,84.66543367491651,28.89310818634556
2026-01-15T03:10:00+09:00,BMS-01,42.31908743900612,30.341916974683347
2026-01-15T03:15:00+09:00,BMS-01,40.30808596709388,31.36147765532346
2026-01-15T03:20:00+09:00,BMS-01,79.43133828897643,24.726390133083676
2026-01-15T03:25:00+09:00,BMS-01,69.12222424028081,32.98011962820978
2026-01-15T03:30:00+09:00,BMS-01,71.96617426772444,29.717290515131012
2026-01-15T03:35:00+09:00,BMS-01,57.5161057714861,29.214425948950893
2026-01-15T03:40:00+09:00,BMS-01,37.67979729208289,27.50291192937298
2026-01-15T03:45:00+09:00,BMS-01,24.2117175717688,31.14058145356007
2026-01-15T03:50:00+09:00,BMS-01,30.956754593971645,31.809018451231843
2026-01-15T03:55:00+09:00,BMS-01,51.00695715134025,29.888804384240274
2026-01-15T04:00:00+09:00,BMS-01,59.57280257625855,30.787502327693062
2026-01-15T04:05:00+09:00,BMS-01,29.35470900034456,29.627956882707984
2026-01-15T04:10:00+09:00,BMS-01,44.42544966702977,27.471153071048196
2026-01-15T04:15:00+09:00,BMS-01,57.404000983682266,25.95024626218837
2026-01-15T04:20:00+09:00,BMS-01,88.15115672103934,27.63130611168264
2026-01-15T04:25:00+09:00,BMS-01,67.30575654208039,32.1478868927582
2026-01-15T04:30:00+09:00,BMS-01,61.95321875411298,29.322824961519387
2026-01-15T04:35:00+09:00,BMS-01,49.82858187860837,30.88018120622639
2026-01-15T04:40:00+09:00,BMS-01,36.24424358956874,27.632100955019066
2026-01-15T04:45:00+09:00,BMS-01,32.78176318522854,26.858020306956497
2026-01-15T04:50:00+09:00,BMS-01,76.1747886458523,27.556875334273563
2026-01-15T04:55:00+09:00,BMS-01,31.8399709530881,30.467865510234635
2026-01-15T05:00:00+09:00,BMS-01,29.18424905036923,27.86621975043842
2026-01-15T05:05:00+09:00,BMS-01,86.97664160014813,28.379669219272714
2026-01-15T05:10:00+09:00,BMS-01,21.15621418056588,29.290786441308295
2026-01-15T05:15:00+09:00,BMS-01,50.949128447470244,29.16577267557292
2026-01-15T05:20:00+09:00,BMS-01,30.603874890209507,32.09996037374617
2026-01-15T05:25:00+09:00,BMS-01,56.4275272214185,33.810226938307174
2026-01-15T05:30:00+09:00,BMS-01,80.80992609966869,29.334265240126655
2026-01-15T05:35:00+09:00,BMS-01,42.87817659998963,29.421322782710288
2026-01-15T05:40:00+09:00,BMS-01,88.50857713515548,28.779426496256466
2026-01-15T05:45:00+09:00,BMS-01,51.71536450243369,30.93022957056114
2026-01-15T05:50:00+09:00,BMS-01,74.1764776928601,29.04881814871669
2026-01-15T05:55:00+09:00,BMS-01,66.25900648145507,29.213977517290285
2026-01-15T06:00:00+09:00,BMS-01,21.272519700439286,30.42168859137654
2026-01-15T06:05:00+09:00,BMS-01,70.99224517342108,28.245311691900657
2026-01-15T06:10:00+09:00,BMS-01,30.43043139118865,30.31128890070348
2026-01-15T06:15:00+09:00,BMS-01,46.67487501896541,31.322337949465805
2026-01-15T06:20:00+09:00,BMS-01,69.68059669472315,28.002613973698598
2026-01-15T06:25:00+09:00,BMS-01,29.173051331402824,31.328588147102522
2026-01-15T06:30:00+09:00,BMS-01,89.22152830912981,29.569167675948908
2026-01-15T06:35:00+09:00,BMS-01,70.56434367296049,29.226118713378256
2026-01-15T06:40:00+09:00,BMS-01,84.16497344765007,27.827904608763944
2026-01-15T06:45:00+09:00,BMS-01,60.688993355518164,27.27991377934667
2026-01-15T06:50:00+09:00,BMS-01,36.87607834406086,32.68712628963142
2026-01-15T06:55:00+09:00,BMS-01,75.56697347175232,26.71362903916494
2026-01-15T07:00:00+09:00,BMS-01,63.29838597148509,27.230124171596067
2026-01-15T07:05:00+09:00,BMS-01,89.07665602185521,28.36804732234805
2026-01-15T07:10:00+09:00,BMS-01,38.65402592645688,27.92144786132067
2026-01-15T07:15:00+09:00,BMS-01,55.81578592301631,30.91100805995562
2026-01-15T07:20:00+09:00,BMS-01,38.804687097546015,28.989536203960952
2026-01-15T07:25:00+09:00,BMS-01,52.835750884604074,29.627940402742286
2026-01-15T07:30:00+09:00,BMS-01,26.31487696560845,31.522060403025982
2026-01-15T07:35:00+09:00,BMS-01,24.662496594416787,31.03986739628732
2026-01-15T07:40:00+09:00,BMS-01,42.246618580487926,30.161475734830667
2026-01-15T07:45:00+09:00,BMS-01,84.56873361143316,24.88694225763453
2026-01-15T07:50:00+09:00,BMS-01,52.01588501380664,29.217707378020886
2026-01-15T07:55:00+09:00,BMS-01,65.87967467937408,29.895140146525186
2026-01-15T08:00:00+09:00,BMS-01,71.74660427543084,26.407568470034416
2026-01-15T08:05:00+09:00,BMS-01,71.97703399789916,27.902297942991098
2026-01-15T08:10:00+09:00,BMS-01,34.84754105099735,30.840367856191857
2026-01-15T08:15:00+09:00,BMS-01,46.58888326411244,28.735370019906618
2026-01-15T08:20:00+09:00,BMS-01,52.58896867733014,32.28714391371121
2026-01-15T08:25:00+09:00,BMS-01,82.55143830575037,30.452963907342365
2026-01-15T08:30:00+09:00,BMS-01,85.81889462395938,28.415374505989497
2026-01-15T08:35:00+09:00,BMS-01,57.44270884796472,27.19552563473118
2026-01-15T08:40:00+09:00,BMS-01,89.08493678135602,28.764922127832133
2026-01-15T08:45:00+09:00,BMS-01,72.7501583753424,29.90799292684408
2026-01-15T08:50:00+09:00,BMS-01,31.487232057992404,30.84122565345461
2026-01-15T08:55:00+09:00,BMS-01,34.42761393028532,28.29282828545999
2026-01-15T09:00:00+09:00,BMS-01,49.29372233648216,31.764957897833007
2026-01-15T09:05:00+09:00,BMS-01,80.28992615415393,30.581974496465026
2026-01-15T09:10:00+09:00,BMS-01,54.707672824839904,27.850453398151608
2026-01-15T09:15:00+09:00,BMS-01,28.94042640434343,30.06303162667448
2026-01-15T09:20:00+09:00,BMS-01,69.94766359084281,31.00832555068072
2026-01-15T09:25:00+09:00,BMS-01,72.74162671156142,27.59615227320113
2026-01-15T09:30:00+09:00,BMS-01,30.793967964850093,30.379396859781963
2026-01-15T09:35:00+09:00,BMS-01,26.955654718410088,30.065043741826482
2026-01-15T09:40:00+09:00,BMS-01,50.249663551816376,27.89415265437115
2026-01-15T09:45:00+09:00,BMS-01,51.06194976962369,27.832776781046075
2026-01-15T09:50:00+09:00,BMS-01,46.01801590717484,29.083274872934695
2026-01-15T09:55:00+09:00,BMS-01,56.30352233739062,29.837387993858425
2026-01-15T10:00:00+09:00,BMS-01,63.02451703314194,28.67975086536512
2026-01-15T10:05:00+09:00,BMS-01,64.49071170758795,28.82268264005003
2026-01-15T10:10:00+09:00,BMS-01,38.2268111390797,28.34904659656814
2026-01-15T10:15:00+09:00,BMS-01,58.70952048223445,28.062479274121685
2026-01-15T10:20:00+09:00,BMS-01,89.91932013636419,27.285430603277625
2026-01-15T10:25:00+09:00,BMS-01,77.62400266021977,30.651904426894763
2026-01-15T10:30:00+09:00,BMS-01,73.82638441127182,24.180733741865865
2026-01-15T10:35:00+09:00,BMS-01,24.303180331670827,27.925457328342368
2026-01-15T10:40:00+09:00,BMS-01,52.31794312904898,26.103033480520242
2026-01-15T10:45:00+09:00,BMS-01,76.42535320733205,30.25228598954067
2026-01-15T10:50:00+09:00,BMS-01,20.938492888661212,28.297486144913037
2026-01-15T10:55:00+09:00,BMS-01,62.27615184314468,28.885326030690955
2026-01-15T11:00:00+09:00,BMS-01,66.60182512523565,31.29154248186761
2026-01-15T11:05:00+09:00,BMS-01,53.150922175388615,31.06055567420826
2026-01-15T11:10:00+09:00,BMS-01,36.653617784407096,27.29412065456375
2026-01-15T11:15:00+09:00,BMS-01,54.0774276733411,32.51084798246045
2026-01-15T11:20:00+09:00,BMS-01,60.680027144072106,23.921519785958893
2026-01-15T11:25:00+09:00,BMS-01,47.08988104813302,27.84634231416643
2026-01-15T11:30:00+09:00,BMS-01,70.58317449474367,30.24074497061054
2026-01-15T11:35:00+09:00,BMS-01,25.016489245924145,31.879921308966974
2026-01-15T11:40:00+09:00,BMS-01,85.2636566332304,30.566384575518686
2026-01-15T11:45:00+09:00,BMS-01,27.1386512554216,30.277089991645166
2026-01-15T11:50:00+09:00,BMS-01,46.24863322021108,25.842392548245215
2026-01-15T11:55:00+09:00,BMS-01,69.52345917190507,30.255000398256772
2026-01-15T12:00:00+09:00,BMS-01,29.53083422348838,29.356535011780785
2026-01-15T12:05:00+09:00,BMS-01,64.30913797798243,29.063348963007975
2026-01-15T12:10:00+09:00,BMS-01,39.35246951744966,31.99642715141745
2026-01-15T12:15:00+09:00,BMS-01,22.727297155555565,28.173762219876096
2026-01-15T12:20:00+09:00,BMS-01,79.85642766776174,26.527816924285965
2026-01-15T12:25:00+09:00,BMS-01,31.100133801909255,27.292567515904135
2026-01-15T12:30:00+09:00,BMS-01,44.24279529916551,25.314879743660534
2026-01-15T12:35:00+09:00,BMS-01,47.173421638153066,31.883837334837924
2026-01-15T12:40:00+09:00,BMS-01,22.481119593549312,29.707462595192165
2026-01-15T12:45:00+09:00,BMS-01,35.26964462398221,26.6405970179159
2026-01-15T12:50:00+09:00,BMS-01,75.33167752564073,28.787920570810133
2026-01-15T12:55:00+09:00,BMS-01,50.84273819470583,28.805287943372964
2026-01-15T13:00:00+09:00,BMS-01,70.03705755634327,31.400711508749833
2026-01-15T13:05:00+09:00,BMS-01,50.88947503793021,31.743633475732654
2026-01-15T13:10:00+09:00,BMS-01,58.738287882296746,30.98035671975172
2026-01-15T13:15:00+09:00,BMS-01,34.499013916386666,28.028071675000668
2026-01-15T13:20:00+09:00,BMS-01,47.93917784078694,27.28753168318137
2026-01-15T13:25:00+09:00,BMS-01,61.40876605615669,31.07715815556177
2026-01-15T13:30:00+09:00,BMS-01,77.08574270879623,28.051468874183143
2026-01-15T13:35:00+09:00,BMS-01,85.96474439270555,29.659071302914157
2026-01-15T13:40:00+09:00,BMS-01,50.24460888397167,28.758903428446796
2026-01-15T13:45:00+09:00,BMS-01,54.104508209629294,27.277194892268266
2026-01-15T13:50:00+09:00,BMS-01,31.674601807344896,29.320637644457197
2026-01-15T13:55:00+09:00,BMS-01,24.91450593400315,27.367711203330632
2026-01-15T14:00:00+09:00,BMS-01,79.15592888244782,28.958927265017433
2026-01-15T14:05:00+09:00,BMS-01,27.123314756757487,33.27812306125514
2026-01-15T14:10:00+09:00,BMS-01,43.933275653244614,28.455829410373358
2026-01-15T14:15:00+09:00,BMS-01,46.24272341500947,24.338967777582717
2026-01-15T14:20:00+09:00,BMS-01,21.07937382209272,31.87171022715427
2026-01-15T14:25:00+09:00,BMS-01,20.05261476048875,27.607490740657845
2026-01-15T14:30:00+09:00,BMS-01,31.45693796351594,29.778393597832135
2026-01-15T14:35:00+09:00,BMS-01,80.29033602913672,30.668990787369864
2026-01-15T14:40:00+09:00,BMS-01,56.7133137783945,27.83880385570887
2026-01-15T14:45:00+09:00,BMS-01,38.44208265484857,31.507629245029516
2026-01-15T14:50:00+09:00,BMS-01,78.93806175517952,29.348204406893267
2026-01-15T14:55:00+09:00,BMS-01,57.1128895267591,25.766471156329924
2026-01-15T15:00:00+09:00,BMS-01,42.609772731811546,29.49768669855958
2026-01-15T15:05:00+09:00,BMS-01,89.0187651163456,30.226959024156777
2026-01-15T15:10:00+09:00,BMS-01,65.54733281930793,29.967324823181585
2026-01-15T15:15:00+09:00,BMS-01,59.630838923280606,29.45296174156327
2026-01-15T15:20:00+09:00,BMS-01,64.24572020874385,29.806474830242717
2026-01-15T15:25:00+09:00,BMS-01,83.476561630918,31.22590173178301
2026-01-15T15:30:00+09:00,BMS-01,60.06430955201329,25.070228457287666
2026-01-15T15:35:00+09:00,BMS-01,78.49087135798038,30.051321934280175
2026-01-15T15:40:00+09:00,BMS-01,42.816036822499825,29.433720569963246
2026-01-15T15:45:00+09:00,BMS-01,50.51425151445911,26.47715122402563
2026-01-15T15:50:00+09:00,BMS-01,32.94806297316933,26.850581216444052
2026-01-15T15:55:00+09:00,BMS-01,20.050911270469204,29.747586765719177
2026-01-15T16:00:00+09:00,BMS-01,20.491035805171236,28.373168074582402
2026-01-15T16:05:00+09:00,BMS-01,70.69094404761708,26.05331163640348
2026-01-15T16:10:00+09:00,BMS-01,73.3625661678285,28.771197295390323
2026-01-15T16:15:00+09:00,BMS-01,39.52886376864039,25.944646980999
2026-01-15T16:20:00+09:00,BMS-01,55.41446351017861,25.869487542850145
2026-01-15T16:25:00+09:00,BMS-01,59.86306506031061,31.71962445946864
2026-01-15T16:30:00+09:00,BMS-01,88.68102992928888,26.2286957503736
2026-01-15T16:35:00+09:00,BMS-01,80.82416662721393,31.354232555201918
2026-01-15T16:40:00+09:00,BMS-01,59.6466019012758,29.643787133758273
2026-01-15T16:45:00+09:00,BMS-01,31.92981511874125,27.99339248652145
2026-01-15T16:50:00+09:00,BMS-01,56.88937607125191,29.12862619153691
2026-01-15T16:55:00+09:00,BMS-01,84.54846476708622,28.262273079358057
2026-01-15T17:00:00+09:00,BMS-01,31.942923515595314,26.460114841556226
2026-01-15T17:05:00+09:00,BMS-01,76.02761858138308,26.536900676965995
2026-01-15T17:10:00+09:00,BMS-01,44.652719259730084,29.58791429303148
2026-01-15T17:15:00+09:00,BMS-01,71.06343374599935,31.523803099711838
2026-01-15T17:20:00+09:00,BMS-01,71.73440123906626,28.922443829600724
2026-01-15T17:25:00+09:00,BMS-01,81.51185949812115,31.007155590204977
2026-01-15T17:30:00+09:00,BMS-01,25.81565451139739,31.441179417407884
2026-01-15T17:35:00+09:00,BMS-01,28.814662093818548,29.702851440606846
2026-01-15T17:40:00+09:00,BMS-01,66.02932035794235,29.43737768851235
2026-01-15T17:45:00+09:00,BMS-01,26.910331441408896,26.49191802856907
2026-01-15T17:50:00+09:00,BMS-01,77.69239451290268,30.80433985935115
2026-01-15T17:55:00+09:00,BMS-01,29.407019061938552,25.302277274824984
2026-01-15T18:00:00+09:00,BMS-01,39.609403242096064,31.6391516807124
2026-01-15T18:05:00+09:00,BMS-01,40.09069956797294,26.69061677529509
2026-01-15T18:10:00+09:00,BMS-01,44.377869884528636,27.658390495026755
2026-01-15T18:15:00+09:00,BMS-01,25.577914290513334,28.621404835702254
2026-01-15T18:20:00+09:00,BMS-01,30.863927503599193,27.84897821209787
2026-01-15T18:25:00+09:00,BMS-01,59.59989392347062,27.392113207826906
2026-01-15T18:30:00+09:00,BMS-01,75.30829927833061,29.618398166886834
2026-01-15T18:35:00+09:00,BMS-01,75.13422164226917,31.62994464249184
2026-01-15T18:40:00+09:00,BMS-01,62.360691673453985,29.284432558738523
2026-01-15T18:45:00+09:00,BMS-01,79.75995203189427,30.716015871914987
2026-01-15T18:50:00+09:00,BMS-01,42.67140812967633,28.447901480309252
2026-01-15T18:55:00+09:00,BMS-01,62.46245212987618,28.851863276848537
2026-01-15T19:00:00+09:00,BMS-01,42.162037239701185,26.99773054952694
2026-01-15T19:05:00+09:00,BMS-01,86.45558581786813,31.40136769838297
2026-01-15T19:10:00+09:00,BMS-01,68.86294985440186,25.377445815303297
2026-01-15T19:15:00+09:00,BMS-01,81.61847595397329,28.01557038007877
2026-01-15T19:20:00+09:00,BMS-01,38.820141769429995,28.972604688671222
2026-01-15T19:25:00+09:00,BMS-01,36.2398073902534,30.724456259949367
2026-01-15T19:30:00+09:00,BMS-01,27.286929933865284,28.971201561635887
2026-01-15T19:35:00+09:00,BMS-01,33.8710576138513,26.012476235258088
2026-01-15T19:40:00+09:00,BMS-01,50.09393215690054,30.327020299868476
2026-01-15T19:45:00+09:00,BMS-01,40.27441675224072,31.71197867452897
2026-01-15T19:50:00+09:00,BMS-01,58.4162428347583,26.050773685356802
2026-01-15T19:55:00+09:00,BMS-01,54.63071119093103,28.98645872636265
2026-01-15T20:00:00+09:00,BMS-01,74.1767289881465,28.630103578773177
2026-01-15T20:05:00+09:00,BMS-01,74.2976911934156,31.7955636047005
2026-01-15T20:10:00+09:00,BMS-01,37.51578836846527,28.485349795644847
2026-01-15T20:15:00+09:00,BMS-01,39.94901699549441,29.020118059452784
2026-01-15T20:20:00+09:00,BMS-01,42.479552812138344,29.19544626293561
2026-01-15T20:25:00+09:00,BMS-01,67.83684607888189,30.036226855903973
2026-01-15T20:30:00+09:00,BMS-01,20.916142592267615,32.04940537788524
2026-01-15T20:35:00+09:00,BMS-01,38.08618345410263,32.040727538982026
2026-01-15T20:40:00+09:00,BMS-01,49.24437260075928,29.812182106123178
2026-01-15T20:45:00+09:00,BMS-01,66.40795614341816,30.229123348885636
2026-01-15T20:50:00+09:00,BMS-01,49.347676304124036,29.442659813507458
2026-01-15T20:55:00+09:00,BMS-01,21.68918000205325,26.63259228734168
2026-01-15T21:00:00+09:00,BMS-01,75.11370225968656,28.015045434126563
2026-01-15T21:05:00+09:00,BMS-01,29.679300186780992,28.39706800443352
2026-01-15T21:10:00+09:00,BMS-01,85.9477256036733,28.079835504957728
2026-01-15T21:15:00+09:00,BMS-01,68.72430893749026,27.609581340960762
2026-01-15T21:20:00+09:00,BMS-01,46.56269069867718,27.758927914529206
2026-01-15T21:25:00+09:00,BMS-01,87.58136859026003,25.419481494659408
2026-01-15T21:30:00+09:00,BMS-01,33.44708182872462,27.566269917086267
2026-01-15T21:35:00+09:00,BMS-01,30.798283822404354,28.344639137348103
2026-01-15T21:40:00+09:00,BMS-01,51.747153104456906,30.222250190613167
2026-01-15T21:45:00+09:00,BMS-01,85.82170455193543,30.4145764469792
2026-01-15T21:50:00+09:00,BMS-01,35.25386692870382,29.40764164926258
2026-01-15T21:55:00+09:00,BMS-01,80.48450341934496,28.798375019799835
2026-01-15T22:00:00+09:00,BMS-01,60.64045222474162,29.26706545047187
2026-01-15T22:05:00+09:00,BMS-01,62.246645035200835,26.233764181889843
2026-01-15T22:10:00+09:00,BMS-01,31.94609519886125,28.63008656512618
2026-01-15T22:15:00+09:00,BMS-01,53.31412407137367,29.646430264436606
2026-01-15T22:20:00+09:00,BMS-01,36.26661995335655,31.993081987879776
2026-01-15T22:25:00+09:00,BMS-01,89.70164113425803,27.189661127026287
2026-01-15T22:30:00+09:00,BMS-01,48.760428055035845,27.66629000911506
2026-01-15T22:35:00+09:00,BMS-01,46.97944233641832,30.407220217570732
2026-01-15T22:40:00+09:00,BMS-01,32.510983134831406,29.57455249286395
2026-01-15T22:45:00+09:00,BMS-01,44.470742943118076,24.09193244043678
2026-01-15T22:50:00+09:00,BMS-01,22.8825879176119,28.050148599871846
2026-01-15T22:55:00+09:00,BMS-01,60.095162160574574,32.83421817234698
2026-01-15T23:00:00+09:00,BMS-01,55.108138252316294,28.146462385188887
2026-01-15T23:05:00+09:00,BMS-01,65.21784559098474,25.887750642163688
2026-01-15T23:10:00+09:00,BMS-01,70.60984935641325,33.00466040362446
2026-01-15T23:15:00+09:00,BMS-01,28.652579892252824,30.00049640545258
2026-01-15T23:20:00+09:00,BMS-01,80.15558673837653,29.70080962955989
2026-01-15T23:25:00+09:00,BMS-01,30.168977700182495,28.129854036729892
2026-01-15T23:30:00+09:00,BMS-01,64.03691408970371,29.715907252707616
2026-01-15T23:35:00+09:00,BMS-01,66.73734988435136,27.852334860903245
2026-01-15T23:40:00+09:00,BMS-01,67.06053220684944,27.045726260667845
2026-01-15T23:45:00+09:00,BMS-01,23.73266130041295,29.06272065167214
2026-01-15T23:50:00+09:00,BMS-01,39.96145752127504,28.243798275935447
2026-01-15T23:55:00+09:00,BMS-01,73.14803715351485,30.21092057013425
2026-01-16T00:00:00+09:00,BMS-01,24.278784149473083,30.9877149003255
2026-01-16T00:05:00+09:00,BMS-01,30.31843415724211,31.723337258618606
2026-01-16T00:10:00+09:00,BMS-01,27.622443611049526,26.07176968238748
2026-01-16T00:15:00+09:00,BMS-01,85.27989435805577,31.710257158413366
2026-01-16T00:20:00+09:00,BMS-01,28.428391361661795,27.296388662300394
2026-01-16T00:25:00+09:00,BMS-01,71.74184801605524,27.212918404494516
2026-01-16T00:30:00+09:00,BMS-01,44.14238348344618,32.31897498369421
2026-01-16T00:35:00+09:00,BMS-01,50.45500988715095,29.927344333758118
2026-01-16T00:40:00+09:00,BMS-01,78.56966132174846,23.52328222730248
2026-01-16T00:45:00+09:00,BMS-01,22.4750337819495,25.11422731134284
2026-01-16T00:50:00+09:00,BMS-01,55.48711978218965,26.984764819120368
2026-01-16T00:55:00+09:00,BMS-01,42.66496593127033,30.511690703729588
2026-01-16T01:00:00+09:00,BMS-01,61.79849160332534,29.768783224588883
2026-01-16T01:05:00+09:00,BMS-01,78.09345432949142,30.50892296476625
2026-01-16T01:10:00+09:00,BMS-01,69.28553010293417,34.488389936408964
2026-01-16T01:15:00+09:00,BMS-01,53.98336867428973,28.71073187916743
2026-01-16T01:20:00+09:00,BMS-01,64.37648266119743,30.98328985031672
2026-01-16T01:25:00+09:00,BMS-01,64.13763521049503,27.05605960747511
2026-01-16T01:30:00+09:00,BMS-01,64.9549122976108,29.39609039368033
2026-01-16T01:35:00+09:00,BMS-01,66.98795151330626,26.66248275091639
2026-01-16T01:40:00+09:00,BMS-01,78.77857608149885,29.576462166415233
2026-01-16T01:45:00+09:00,BMS-01,69.97774474734565,25.174805534695228
2026-01-16T01:50:00+09:00,BMS-01,60.08569936015778,28.17072452851273
2026-01-16T01:55:00+09:00,BMS-01,67.76243184523987,27.976339902812025
2026-01-16T02:00:00+09:00,BMS-01,61.16788714595238,24.467577605747874
2026-01-16T02:05:00+09:00,BMS-01,27.132290132284,28.917262868420522
2026-01-16T02:10:00+09:00,BMS-01,57.80559235892715,26.187489024880676
2026-01-16T02:15:00+09:00,BMS-01,51.0498870278006,29.216156146930135
2026-01-16T02:20:00+09:00,BMS-01,21.323261305578498,25.417780235770397
2026-01-16T02:25:00+09:00,BMS-01,63.45711643190102,30.22081083111106
2026-01-16T02:30:00+09:00,BMS-01,65.6172268927067,26.515364344056763
2026-01-16T02:35:00+09:00,BMS-01,75.06857909177425,28.450648630963077
2026-01-16T02:40:00+09:00,BMS-01,51.3771910821994,30.360458545332676
2026-01-16T02:45:00+09:00,BMS-01,82.21597735599907,25.570411793458685
2026-01-16T02:50:00+09:00,BMS-01,43.54156794273418,29.93267388201829
2026-01-16T02:55:00+09:00,BMS-01,42.410213213355114,31.06737546353991
2026-01-16T03:00:00+09:00,BMS-01,20.490103865221002,28.387362979708744
2026-01-16T03:05:00+09:00,BMS-01,69.03096597462239,30.54504019040201
2026-01-16T03:10:00+09:00,BMS-01,38.278162203755315,31.943460518756826
2026-01-16T03:15:00+09:00,BMS-01,27.697980421664173,29.138983843743883
2026-01-16T03:20:00+09:00,BMS-01,30.56045996110009,28.1097974863993
2026-01-16T03:25:00+09:00,BMS-01,70.22238971297911,29.61853290553688
2026-01-16T03:30:00+09:00,BMS-01,71.9131901080289,29.349566806503656
2026-01-16T03:35:00+09:00,BMS-01,26.966925981208707,29.304097984163743
2026-01-16T03:40:00+09:00,BMS-01,36.451959316302705,27.138629777574575
2026-01-16T03:45:00+09:00,BMS-01,23.728897302084395,31.79334127897165
2026-01-16T03:50:00+09:00,BMS-01,45.66487962080146,23.946066543975526
2026-01-16T03:55:00+09:00,BMS-01,31.592883595494296,32.55463009825055
2026-01-16T04:00:00+09:00,BMS-01,41.834944374558425,30.806538966765213
2026-01-16T04:05:00+09:00,BMS-01,24.107249225323248,29.634833732075222
2026-01-16T04:10:00+09:00,BMS-01,50.08410083805111,27.47470466199909
2026-01-16T04:15:00+09:00,BMS-01,69.65590832533911,30.534523729544166
2026-01-16T04:20:00+09:00,BMS-01,36.37370274354916,26.06916578925015
2026-01-16T04:25:00+09:00,BMS-01,83.5655656534733,28.24413566767089
2026-01-16T04:30:00+09:00,BMS-01,70.60184076924928,30.294075647774648
2026-01-16T04:35:00+09:00,BMS-01,75.06456839672379,29.585205629193403
2026-01-16T04:40:00+09:00,BMS-01,82.85729889547399,28.717265969183835
2026-01-16T04:45:00+09:00,BMS-01,38.466109261058484,24.887477330435424
2026-01-16T04:50:00+09:00,BMS-01,38.870000978433225,28.95843994625573
2026-01-16T04:55:00+09:00,BMS-01,27.388106869091757,33.98885704553006
2026-01-16T05:00:00+09:00,BMS-01,50.77954760388243,29.68547945045541
2026-01-16T05:05:00+09:00,BMS-01,72.24069290105008,28.87252121601153
2026-01-16T05:10:00+09:00,BMS-01,87.93712447789837,26.353879602688483
2026-01-16T05:15:00+09:00,BMS-01,63.0055866420859,26.564171585779643
2026-01-16T05:20:00+09:00,BMS-01,67.0486550445512,28.388111973717873
2026-01-16T05:25:00+09:00,BMS-01,61.158771167864394,31.365847503014926
2026-01-16T05:30:00+09:00,BMS-01,42.74157121070325,28.896393028154886
2026-01-16T05:35:00+09:00,BMS-01,33.567582479495236,27.860720227346487
2026-01-16T05:40:00+09:00,BMS-01,74.146183846456,27.101843581435105
2026-01-16T05:45:00+09:00,BMS-01,41.66465542696304,28.97085113283686
2026-01-16T05:50:00+09:00,BMS-01,27.356932806747427,30.100843100616817
2026-01-16T05:55:00+09:00,BMS-01,51.82629412668053,29.854115103478815
2026-01-16T06:00:00+09:00,BMS-01,32.009344303555835,25.80949686711686
2026-01-16T06:05:00+09:00,BMS-01,80.33980463319287,25.65842611288928
2026-01-16T06:10:00+09:00,BMS-01,80.70703928379427,25.65385281330717
2026-01-16T06:15:00+09:00,BMS-01,80.04004643166621,27.295974651400453
2026-01-16T06:20:00+09:00,BMS-01,55.58132787392252,31.813406302190458
2026-01-16T06:25:00+09:00,BMS-01,83.47643271148874,27.392318292467912
2026-01-16T06:30:00+09:00,BMS-01,34.37053395534632,28.688112431549577
2026-01-16T06:35:00+09:00,BMS-01,49.7652347375112,29.145118610876082
2026-01-16T06:40:00+09:00,BMS-01,53.056072125282505,28.74636468625146
2026-01-16T06:45:00+09:00,BMS-01,21.878378005462437,30.84733823175737
2026-01-16T06:50:00+09:00,BMS-01,77.74997679389337,29.177482051829195
2026-01-16T06:55:00+09:00,BMS-01,57.61310669492519,29.006526010575488
2026-01-16T07:00:00+09:00,BMS-01,78.47726074250569,31.38192286559019
2026-01-16T07:05:00+09:00,BMS-01,27.965959958501323,29.004733658860026
2026-01-16T07:10:00+09:00,BMS-01,74.58821349902003,29.238339737924434
2026-01-16T07:15:00+09:00,BMS-01,21.396242870414653,28.270890887113058
2026-01-16T07:20:00+09:00,BMS-01,37.29322287650374,29.14755065376548
2026-01-16T07:25:00+09:00,BMS-01,73.32590888811731,27.316900276998354
2026-01-16T07:30:00+09:00,BMS-01,77.34605751758652,27.835166506712916
2026-01-16T07:35:00+09:00,BMS-01,21.936927357299403,31.7795225246263
2026-01-16T07:40:00+09:00,BMS-01,50.3532151508962,26.80924680255545
2026-01-16T07:45:00+09:00,BMS-01,34.404771677838696,28.775877521342228
2026-01-16T07:50:00+09:00,BMS-01,39.584032047228625,29.716696669550334
2026-01-16T07:55:00+09:00,BMS-01,70.77788756668868,29.846715894680127
2026-01-16T08:00:00+09:00,BMS-01,30.42220943303895,29.11428109101012
2026-01-16T08:05:00+09:00,BMS-01,30.25456075767462,28.508367215401467
2026-01-16T08:10:00+09:00,BMS-01,31.773638510620444,23.961472583953032
2026-01-16T08:15:00+09:00,BMS-01,72.97686179204011,29.45449144215399
2026-01-16T08:20:00+09:00,BMS-01,50.62468426891247,25.549341870249172
2026-01-16T08:25:00+09:00,BMS-01,88.90430925244335,24.64833716593909
2026-01-16T08:30:00+09:00,BMS-01,49.39477970489832,27.658157335168465
2026-01-16T08:35:00+09:00,BMS-01,65.55061878792148,31.107069011104084
2026-01-16T08:40:00+09:00,BMS-01,80.86354753320747,29.3159442286952
2026-01-16T08:45:00+09:00,BMS-01,52.39643468529278,31.468202531573617
2026-01-16T08:50:00+09:00,BMS-01,65.93493526757906,28.245456288222883
2026-01-16T08:55:00+09:00,BMS-01,48.88732659041342,30.415391804350804
2026-01-16T09:00:00+09:00,BMS-01,81.38221277616476,26.71706548367392
2026-01-16T09:05:00+09:00,BMS-01,85.82467803287396,30.48121468129789
2026-01-16T09:10:00+09:00,BMS-01,26.256189502170965,31.420628849821785
2026-01-16T09:15:00+09:00,BMS-01,46.86626531765321,28.95601566498414
2026-01-16T09:20:00+09:00,BMS-01,66.61760228257606,30.67763767981311
2026-01-16T09:25:00+09:00,BMS-01,46.34042292847471,27.773501926270974
2026-01-16T09:30:00+09:00,BMS-01,56.229981288887615,26.222181686685488
2026-01-16T09:35:00+09:00,BMS-01,73.83843992073233,28.54212671153976
2026-01-16T09:40:00+09:00,BMS-01,88.62310639662556,32.98405772135265
2026-01-16T09:45:00+09:00,BMS-01,86.67050276813487,25.789727581083362
2026-01-16T09:50:00+09:00,BMS-01,27.269830336766137,27.721951738604325
2026-01-16T09:55:00+09:00,BMS-01,63.040208832513294,31.652408229936583
2026-01-16T10:00:00+09:00,BMS-01,76.58193293569629,29.93078010242674
2026-01-16T10:05:00+09:00,BMS-01,81.174338664072,25.59232259640987
2026-01-16T10:10:00+09:00,BMS-01,34.92663246141352,28.26366985508434
2026-01-16T10:15:00+09:00,BMS-01,76.57744563486227,30.16295898310314
2026-01-16T10:20:00+09:00,BMS-01,41.397127723891266,28.228163251096294
2026-01-16T10:25:00+09:00,BMS-01,82.07961227986537,30.080757181820154
2026-01-16T10:30:00+09:00,BMS-01,46.79564466721013,28.25582475353505
2026-01-16T10:35:00+09:00,BMS-01,73.08550584452671,29.08050006844648
2026-01-16T10:40:00+09:00,BMS-01,74.47301674733362,23.454935232534904
2026-01-16T10:45:00+09:00,BMS-01,71.01261669770307,30.716006248280433
2026-01-16T10:50:00+09:00,BMS-01,89.42737270844367,29.40559723298214
2026-01-16T10:55:00+09:00,BMS-01,58.22908192574422,26.460379467474617
2026-01-16T11:00:00+09:00,BMS-01,41.60191723900057,27.48477264457645
2026-01-16T11:05:00+09:00,BMS-01,60.01321369522781,25.232059537218763
2026-01-16T11:10:00+09:00,BMS-01,73.09976065891288,29.386861465087335
2026-01-16T11:15:00+09:00,BMS-01,54.488142316403035,32.376340567864354
2026-01-16T11:20:00+09:00,BMS-01,79.98462956767705,28.65927931804561
2026-01-16T11:25:00+09:00,BMS-01,38.006525250658655,33.751032497892204
2026-01-16T11:30:00+09:00,BMS-01,20.133711505374713,30.201650679848495
2026-01-16T11:35:00+09:00,BMS-01,63.45152938769768,30.497208091441777
2026-01-16T11:40:00+09:00,BMS-01,80.98663446729786,27.855031013326744
2026-01-16T11:45:00+09:00,BMS-01,68.66301007992874,32.105492555208755
2026-01-16T11:50:00+09:00,BMS-01,37.76375684761612,28.331749131351767
2026-01-16T11:55:00+09:00,BMS-01,32.020274928442625,29.337556489022717
2026-01-16T12:00:00+09:00,BMS-01,82.94284169165451,31.594555572729206
2026-01-16T12:05:00+09:00,BMS-01,34.65260720592221,25.51394932088551
2026-01-16T12:10:00+09:00,BMS-01,54.08863215857245,31.401489632367042
2026-01-16T12:15:00+09:00,BMS-01,35.59694377571015,29.86650534615938
2026-01-16T12:20:00+09:00,BMS-01,86.41891509321692,26.75681771137554
2026-01-16T12:25:00+09:00,BMS-01,27.742816024577237,26.921798627090563
2026-01-16T12:30:00+09:00,BMS-01,61.813239692187075,28.1929372592585
2026-01-16T12:35:00+09:00,BMS-01,73.43301741812455,28.93253481913802
2026-01-16T12:40:00+09:00,BMS-01,48.68918506252848,27.949655848193085
2026-01-16T12:45:00+09:00,BMS-01,80.11344897843826,30.828952157258815
2026-01-16T12:50:00+09:00,BMS-01,50.023082036659765,30.457096761091343
2026-01-16T12:55:00+09:00,BMS-01,72.84745035993332,28.54803453486299
2026-01-16T13:00:00+09:00,BMS-01,68.68735518649572,31.8875243397289
2026-01-16T13:05:00+09:00,BMS-01,69.4641787202798,34.73584295543293
2026-01-16T13:10:00+09:00,BMS-01,25.448193681516756,30.41285063693585
2026-01-16T13:15:00+09:00,BMS-01,21.543535883226106,29.045247707974426
2026-01-16T13:20:00+09:00,BMS-01,37.8256890093214,30.765988363031145
2026-01-16T13:25:00+09:00,BMS-01,55.02618425413481,26.774752965701193
2026-01-16T13:30:00+09:00,BMS-01,48.86383818436962,29.90273701110625
2026-01-16T13:35:00+09:00,BMS-01,75.4692610144102,30.032146204011912
2026-01-16T13:40:00+09:00,BMS-01,43.884552896669064,31.18084010079912
2026-01-16T13:45:00+09:00,BMS-01,61.99944793562788,30.334671208437875
2026-01-16T13:50:00+09:00,BMS-01,47.25908641181971,30.043583036905062
2026-01-16T13:55:00+09:00,BMS-01,89.7095494059534,31.785104207158255
2026-01-16T14:00:00+09:00,BMS-01,73.4576534507804,29.715459835671247
2026-01-16T14:05:00+09:00,BMS-01,63.75336120776334,28.813697864387752
2026-01-16T14:10:00+09:00,BMS-01,34.99890164183274,29.401725495516573
2026-01-16T14:15:00+09:00,BMS-01,80.08564567419633,26.687970854032184
2026-01-16T14:20:00+09:00,BMS-01,74.97865644612268,30.277324947340393
2026-01-16T14:25:00+09:00,BMS-01,27.089378758838194,31.70512484635198
2026-01-16T14:30:00+09:00,BMS-01,34.00814762994097,21.392321447879347
2026-01-16T14:35:00+09:00,BMS-01,53.662707761788056,23.764929206541897
2026-01-16T14:40:00+09:00,BMS-01,32.40236781416231,32.60050338242602
2026-01-16T14:45:00+09:00,BMS-01,62.2926614079693,29.845246533948984
2026-01-16T14:50:00+09:00,BMS-01,21.316618723857175,28.25655705730858
2026-01-16T14:55:00+09:00,BMS-01,20.254465781537967,29.205227153552638
2026-01-16T15:00:00+09:00,BMS-01,48.20582010113292,27.95482274326591
2026-01-16T15:05:00+09:00,BMS-01,63.07153653249881,30.250970838819438
2026-01-16T15:10:00+09:00,BMS-01,44.70654367842544,27.11682242504934
2026-01-16T15:15:00+09:00,BMS-01,79.38239443952837,29.81199125522723
2026-01-16T15:20:00+09:00,BMS-01,20.174068169012266,29.911266087189713
2026-01-16T15:25:00+09:00,BMS-01,62.36153834024489,28.549398528748224
2026-01-16T15:30:00+09:00,BMS-01,39.33104215188638,29.747264892496013
2026-01-16T15:35:00+09:00,BMS-01,61.698521988387434,30.205177730887673
2026-01-16T15:40:00+09:00,BMS-01,47.98791779835426,27.626794962328127
2026-01-16T15:45:00+09:00,BMS-01,83.8699047341633,26.598873936623015
2026-01-16T15:50:00+09:00,BMS-01,52.10769180354606,30.18566136190928
2026-01-16T15:55:00+09:00,BMS-01,63.2902821147432,28.737010941769732
2026-01-16T16:00:00+09:00,BMS-01,87.65917092909616,29.056200971983717
2026-01-16T16:05:00+09:00,BMS-01,64.75540396886609,26.779772772839838
2026-01-16T16:10:00+09:00,BMS-01,41.563121545117966,29.37791930812775
2026-01-16T16:15:00+09:00,BMS-01,65.3499217970999,26.03231992875759
2026-01-16T16:20:00+09:00,BMS-01,81.30632386361815,28.112257646745608
2026-01-16T16:25:00+09:00,BMS-01,57.00748818982403,28.90614436341249
2026-01-16T16:30:00+09:00,BMS-01,24.155488412329326,26.998467561185034
2026-01-16T16:35:00+09:00,BMS-01,64.51081222020716,25.301555380148184
2026-01-16T16:40:00+09:00,BMS-01,70.93077849993757,33.984298460095204
2026-01-16T16:45:00+09:00,BMS-01,32.3993116965602,28.071052652544967
2026-01-16T16:50:00+09:00,BMS-01,21.323858561677913,24.44950069363162
2026-01-16T16:55:00+09:00,BMS-01,39.19391509614676,29.477728063017395
2026-01-16T17:00:00+09:00,BMS-01,63.23124252776143,27.933959198806665
2026-01-16T17:05:00+09:00,BMS-01,66.41212644996236,31.237038060972765
2026-01-16T17:10:00+09:00,BMS-01,20.15413565806643,30.87816173082708
2026-01-16T17:15:00+09:00,BMS-01,56.72053560688712,29.35668957800226
2026-01-16T17:20:00+09:00,BMS-01,59.018072830372795,32.61605839424242
2026-01-16T17:25:00+09:00,BMS-01,89.6360542557598,27.460157031851903
2026-01-16T17:30:00+09:00,BMS-01,29.148349242309788,28.39531352631171
2026-01-16T17:35:00+09:00,BMS-01,86.36210361537424,27.822220014302474
2026-01-16T17:40:00+09:00,BMS-01,36.11664335135702,27.23057358253919
2026-01-16T17:45:00+09:00,BMS-01,68.76177404749,30.483446502184567
2026-01-16T17:50:00+09:00,BMS-01,33.602395387478985,32.81284151679556
2026-01-16T17:55:00+09:00,BMS-01,82.26566160902627,27.720154510074742
2026-01-16T18:00:00+09:00,BMS-01,43.19486129914832,29.61830857726134
2026-01-16T18:05:00+09:00,BMS-01,24.108015103362902,29.02709534689393
2026-01-16T18:10:00+09:00,BMS-01,36.54763354774349,26.203319406534924
2026-01-16T18:15:00+09:00,BMS-01,79.11683966607079,31.471548500092116
2026-01-16T18:20:00+09:00,BMS-01,44.48952641872217,30.796348236952436
2026-01-16T18:25:00+09:00,BMS-01,46.62606107165548,26.903312896040706
2026-01-16T18:30:00+09:00,BMS-01,39.682348843982254,27.064760775757392
2026-01-16T18:35:00+09:00,BMS-01,64.79159446853467,28.996006636692982
2026-01-16T18:40:00+09:00,BMS-01,87.55039008743297,29.422038251530076
2026-01-16T18:45:00+09:00,BMS-01,34.02164620959147,28.370207944168108
2026-01-16T18:50:00+09:00,BMS-01,61.83071089567914,30.016580511921056
2026-01-16T18:55:00+09:00,BMS-01,66.1317512862739,31.47865840952384
2026-01-16T19:00:00+09:00,BMS-01,25.75579744276114,32.031073105370105
2026-01-16T19:05:00+09:00,BMS-01,85.04924789769912,29.31645763793113
2026-01-16T19:10:00+09:00,BMS-01,60.90901871706688,33.06933812998737
2026-01-16T19:15:00+09:00,BMS-01,73.00259999650011,29.690543533613397
2026-01-16T19:20:00+09:00,BMS-01,79.5671906508281,29.519769488904966
2026-01-16T19:25:00+09:00,BMS-01,72.31633120233172,34.88148876428214
2026-01-16T19:30:00+09:00,BMS-01,76.46189962996051,25.00214462988338
2026-01-16T19:35:00+09:00,BMS-01,23.355192086868833,30.60911885424367
2026-01-16T19:40:00+09:00,BMS-01,29.485888559862865,24.245526351898008
2026-01-16T19:45:00+09:00,BMS-01,57.981029524859665,30.45456694693388
2026-01-16T19:50:00+09:00,BMS-01,68.23715087099356,27.86684746047823
2026-01-16T19:55:00+09:00,BMS-01,23.463399321442132,32.07778283026639
2026-01-16T20:00:00+09:00,BMS-01,38.245806791267064,32.12390018982059
2026-01-16T20:05:00+09:00,BMS-01,58.698243369676035,25.99042456712215
2026-01-16T20:10:00+09:00,BMS-01,44.896834493486644,26.99000218650624
2026-01-16T20:15:00+09:00,BMS-01,78.02081840312748,26.969765373330105
2026-01-16T20:20:00+09:00,BMS-01,32.851163232627236,28.452480550846342
2026-01-16T20:25:00+09:00,BMS-01,30.71001027229492,27.370741828992056
2026-01-16T20:30:00+09:00,BMS-01,56.3193032982139,30.8634760483869
2026-01-16T20:35:00+09:00,BMS-01,53.61825282254636,30.659934598880675
2026-01-16T20:40:00+09:00,BMS-01,88.26063664892226,30.171523005481774
2026-01-16T20:45:00+09:00,BMS-01,29.74389760119283,29.09528687279399
2026-01-16T20:50:00+09:00,BMS-01,29.44804981061286,29.11946756979608
2026-01-16T20:55:00+09:00,BMS-01,24.086760338050517,27.972065163035193
2026-01-16T21:00:00+09:00,BMS-01,75.29329474280453,29.49947589297509
2026-01-16T21:05:00+09:00,BMS-01,39.13489888755811,29.749916224845563
2026-01-16T21:10:00+09:00,BMS-01,52.62103774362471,32.7402163314954
2026-01-16T21:15:00+09:00,BMS-01,73.7545721545391,30.454721739933426
2026-01-16T21:20:00+09:00,BMS-01,62.13807587619158,30.10883102064684
2026-01-16T21:25:00+09:00,BMS-01,69.61344825470098,26.456246232461694
2026-01-16T21:30:00+09:00,BMS-01,48.24906255379221,30.039562285846817
2026-01-16T21:35:00+09:00,BMS-01,53.92813618628511,28.078879186380235
2026-01-16T21:40:00+09:00,BMS-01,44.05845886337779,29.07009878268562
2026-01-16T21:45:00+09:00,BMS-01,36.270025751150584,27.587915841225268
2026-01-16T21:50:00+09:00,BMS-01,82.8497554541744,28.61303070848927
2026-01-16T21:55:00+09:00,BMS-01,24.728043743537828,30.17825521072249
2026-01-16T22:00:00+09:00,BMS-01,56.443675734681875,28.878288869138725
2026-01-16T22:05:00+09:00,BMS-01,69.12806392496744,28.99565690878121
2026-01-16T22:10:00+09:00,BMS-01,58.269223063298874,29.657933633734192
2026-01-16T22:15:00+09:00,BMS-01,89.14898086513118,29.93916030376092
2026-01-16T22:20:00+09:00,BMS-01,45.49984922449262,26.50138312932923
2026-01-16T22:25:00+09:00,BMS-01,42.73013043947168,28.044453252310944
2026-01-16T22:30:00+09:00,BMS-01,40.37949891577552,30.443991226455548
2026-01-16T22:35:00+09:00,BMS-01,59.808275819920524,30.335201851666973
2026-01-16T22:40:00+09:00,BMS-01,28.710251566779608,29.175963962798207
2026-01-16T22:45:00+09:00,BMS-01,44.03805541962031,30.65638243485259
2026-01-16T22:50:00+09:00,BMS-01,76.21385986818201,28.28084890141205
2026-01-16T22:55:00+09:00,BMS-01,38.750872572339055,25.919570004171863
2026-01-16T23:00:00+09:00,BMS-01,88.4637545131693,32.625386841313265
2026-01-16T23:05:00+09:00,BMS-01,25.49842997408604,30.095599819159403
2026-01-16T23:10:00+09:00,BMS-01,64.27049261083182,30.386715556758936
2026-01-16T23:15:00+09:00,BMS-01,59.5106724476403,26.99305250987131
2026-01-16T23:20:00+09:00,BMS-01,65.99612924397134,27.073511857781792
2026-01-16T23:25:00+09:00,BMS-01,34.736866623820006,25.740186767652766
2026-01-16T23:30:00+09:00,BMS-01,27.907402993664,28.088781853239333
2026-01-16T23:35:00+09:00,BMS-01,59.608974271687615,29.175961496497898
2026-01-16T23:40:00+09:00,BMS-01,25.87468126280221,28.28856738085672
2026-01-16T23:45:00+09:00,BMS-01,44.39314171558546,28.900742835801527
2026-01-16T23:50:00+09:00,BMS-01,24.1254504946263,27.856904293695493
2026-01-16T23:55:00+09:00,BMS-01,29.03773531917463,28.99047876682586
2026-01-17T00:00:00+09:00,BMS-01,40.66887068559749,26.4273190391202
2026-01-17T00:05:00+09:00,BMS-01,24.137832861599865,32.704066317643864
2026-01-17T00:10:00+09:00,BMS-01,44.120594338243336,31.363585408345163
2026-01-17T00:15:00+09:00,BMS-01,88.19470871459724,29.16992419600751
2026-01-17T00:20:00+09:00,BMS-01,43.14090718589107,29.046258912271067
2026-01-17T00:25:00+09:00,BMS-01,80.34128297293444,27.689546315533526
2026-01-17T00:30:00+09:00,BMS-01,36.978000297804385,28.381502717145462
2026-01-17T00:35:00+09:00,BMS-01,39.2994539385541,26.741255186913
2026-01-17T00:40:00+09:00,BMS-01,85.845986569765,30.286600779524058
2026-01-17T00:45:00+09:00,BMS-01,84.54216814279073,30.54648716427705
2026-01-17T00:50:00+09:00,BMS-01,43.72515843112794,27.57660846527234
2026-01-17T00:55:00+09:00,BMS-01,32.74622502639632,29.850196425735053
2026-01-17T01:00:00+09:00,BMS-01,38.65027661767908,29.878512958184853
2026-01-17T01:05:00+09:00,BMS-01,36.904909484592125,29.154829600776516
2026-01-17T01:10:00+09:00,BMS-01,61.30673708591702,28.86727798023267
2026-01-17T01:15:00+09:00,BMS-01,27.265613253421854,33.35682343742376
2026-01-17T01:20:00+09:00,BMS-01,58.731840958687314,27.059220934234663
2026-01-17T01:25:00+09:00,BMS-01,61.12068695879421,30.488631016958497
2026-01-17T01:30:00+09:00,BMS-01,81.40862299427518,32.51593617493092
2026-01-17T01:35:00+09:00,BMS-01,88.99942293016727,30.197009135064395
2026-01-17T01:40:00+09:00,BMS-01,50.23523380172361,29.848371047117997
2026-01-17T01:45:00+09:00,BMS-01,57.26042910255823,27.954627714826174
2026-01-17T01:50:00+09:00,BMS-01,48.52931377887402,27.18125378029004
2026-01-17T01:55:00+09:00,BMS-01,59.10565052249866,30.367099138059828
2026-01-17T02:00:00+09:00,BMS-01,70.05349467281012,28.210197419012303
2026-01-17T02:05:00+09:00,BMS-01,85.12388406180855,33.39341873889674
2026-01-17T02:10:00+09:00,BMS-01,86.94652902259712,29.803449991900415
2026-01-17T02:15:00+09:00,BMS-01,67.63510143540434,27.403438887888615
2026-01-17T02:20:00+09:00,BMS-01,66.99285925930991,26.57595863035529
2026-01-17T02:25:00+09:00,BMS-01,28.34709027301877,25.96970766960014
2026-01-17T02:30:00+09:00,BMS-01,42.33168097641928,31.59645098476208
2026-01-17T02:35:00+09:00,BMS-01,27.900330987823914,32.6173409409824
2026-01-17T02:40:00+09:00,BMS-01,89.68460994580013,29.423861651192816
2026-01-17T02:45:00+09:00,BMS-01,47.25875144144967,31.155645054981914
2026-01-17T02:50:00+09:00,BMS-01,32.97498612711284,29.88439494289099
2026-01-17T02:55:00+09:00,BMS-01,23.55204410282553,28.288137327792345
2026-01-17T03:00:00+09:00,BMS-01,64.05775904223408,28.29992492105769
2026-01-17T03:05:00+09:00,BMS-01,52.59761046974181,32.28971182734711
2026-01-17T03:10:00+09:00,BMS-01,84.75386174681746,31.09388193988098
2026-01-17T03:15:00+09:00,BMS-01,68.66086105980526,28.733219752915684
2026-01-17T03:20:00+09:00,BMS-01,54.31374389694277,27.70427089793187
2026-01-17T03:25:00+09:00,BMS-01,76.80761949465455,26.46843001462743
2026-01-17T03:30:00+09:00,BMS-01,73.70154712749463,29.865370522698733
2026-01-17T03:35:00+09:00,BMS-01,39.21179541832421,28.609465420859138
2026-01-17T03:40:00+09:00,BMS-01,89.91376447872706,30.322878875757684
2026-01-17T03:45:00+09:00,BMS-01,72.89754916843647,25.863593743751615
2026-01-17T03:50:00+09:00,BMS-01,26.564178827256622,25.549024929858415
2026-01-17T03:55:00+09:00,BMS-01,44.98894803380132,29.72392073080171
2026-01-17T04:00:00+09:00,BMS-01,39.218841290376794,31.426876444441763
2026-01-17T04:05:00+09:00,BMS-01,43.677006582922004,30.691774707613547
2026-01-17T04:10:00+09:00,BMS-01,68.68283033670123,34.07015227379205
2026-01-17T04:15:00+09:00,BMS-01,57.57115100494475,29.58986900362477
2026-01-17T04:20:00+09:00,BMS-01,47.63050853946462,28.335079711926618
2026-01-17T04:25:00+09:00,BMS-01,85.00686753240045,30.450874126873714
2026-01-17T04:30:00+09:00,BMS-01,51.852588625057344,28.939919523223985
2026-01-17T04:35:00+09:00,BMS-01,33.42627134890581,24.45832574389486
2026-01-17T04:40:00+09:00,BMS-01,79.8860122938274,29.897407539475868
2026-01-17T04:45:00+09:00,BMS-01,47.122731341539264,27.148787965855007
2026-01-17T04:50:00+09:00,BMS-01,41.40503011549582,33.89454456402592
2026-01-17T04:55:00+09:00,BMS-01,51.616263392904415,29.340038488675866
2026-01-17T05:00:00+09:00,BMS-01,49.01757547894787,26.805338638461336
2026-01-17T05:05:00+09:00,BMS-01,35.23953605669695,27.58251592768057
2026-01-17T05:10:00+09:00,BMS-01,79.02422129710189,29.862843324949054
2026-01-17T05:15:00+09:00,BMS-01,83.75885780433609,29.444001107521952
2026-01-17T05:20:00+09:00,BMS-01,34.59423620227789,29.635031846848484
2026-01-17T05:25:00+09:00,BMS-01,34.53723257818924,26.900588854549824
2026-01-17T05:30:00+09:00,BMS-01,60.918756396046334,24.517172186517918
2026-01-17T05:35:00+09:00,BMS-01,87.94128437118306,26.28570875610221
2026-01-17T05:40:00+09:00,BMS-01,48.65647611723814,30.17837437699362
2026-01-17T05:45:00+09:00,BMS-01,73.15493953330976,29.24781537146555
2026-01-17T05:50:00+09:00,BMS-01,89.20341635990646,29.83027953748689
2026-01-17T05:55:00+09:00,BMS-01,73.61185208566384,25.97395815770947
2026-01-17T06:00:00+09:00,BMS-01,83.64188944713939,27.912508024559468
2026-01-17T06:05:00+09:00,BMS-01,85.19598942048138,29.29452651056922
2026-01-17T06:10:00+09:00,BMS-01,50.68860069151018,27.033859776486075
2026-01-17T06:15:00+09:00,BMS-01,29.98970778693591,26.984585748994483
2026-01-17T06:20:00+09:00,BMS-01,50.22229292922549,23.896993127952943
2026-01-17T06:25:00+09:00,BMS-01,78.4203817812044,29.68399527536308
2026-01-17T06:30:00+09:00,BMS-01,21.663197031372402,29.88262392040051
2026-01-17T06:35:00+09:00,BMS-01,50.71242126366059,28.434221230910772
2026-01-17T06:40:00+09:00,BMS-01,21.54379490944546,29.0076502651857
2026-01-17T06:45:00+09:00,BMS-01,59.18303936514736,30.168634586748823
2026-01-17T06:50:00+09:00,BMS-01,54.81635113402528,30.17681706068224
2026-01-17T06:55:00+09:00,BMS-01,75.9585773145856,28.146360145814317
2026-01-17T07:00:00+09:00,BMS-01,71.36367361480794,26.205886417083313
2026-01-17T07:05:00+09:00,BMS-01,57.91706342801584,28.669361484367357
2026-01-17T07:10:00+09:00,BMS-01,88.05943470311,27.246734571167195
2026-01-17T07:15:00+09:00,BMS-01,73.80423883397359,29.320547669612115
2026-01-17T07:20:00+09:00,BMS-01,57.64391778229582,32.983519287385946
2026-01-17T07:25:00+09:00,BMS-01,57.22055498255576,31.006101879619344
2026-01-17T07:30:00+09:00,BMS-01,39.992261760295534,30.571630355909342
2026-01-17T07:35:00+09:00,BMS-01,28.40978308626239,29.877897701838446
2026-01-17T07:40:00+09:00,BMS-01,20.727678996678918,29.263184713111052
2026-01-17T07:45:00+09:00,BMS-01,70.07997884085984,28.34055266994821
2026-01-17T07:50:00+09:00,BMS-01,52.15777723397444,30.145331604259578
2026-01-17T07:55:00+09:00,BMS-01,81.57091958469556,30.83137481248027
2026-01-17T08:00:00+09:00,BMS-01,61.80821621860977,30.81112920632644
2026-01-17T08:05:00+09:00,BMS-01,29.679772654428355,31.988609813407734
2026-01-17T08:10:00+09:00,BMS-01,34.02934193975789,28.881222028694157
2026-01-17T08:15:00+09:00,BMS-01,87.44786233759577,32.087353938700126
2026-01-17T08:20:00+09:00,BMS-01,89.79391752329249,30.110934865257008
2026-01-17T08:25:00+09:00,BMS-01,26.988765378455778,30.88686049149424
2026-01-17T08:30:00+09:00,BMS-01,85.81553205542971,25.83910318857352
2026-01-17T08:35:00+09:00,BMS-01,49.63154341449596,29.78596393706997
2026-01-17T08:40:00+09:00,BMS-01,55.27223879496672,35.03713105058345
2026-01-17T08:45:00+09:00,BMS-01,82.37099350198076,29.73896648747208
2026-01-17T08:50:00+09:00,BMS-01,25.908896170702896,30.475854998472858
2026-01-17T08:55:00+09:00,BMS-01,86.26609580009709,32.80352241087839
2026-01-17T09:00:00+09:00,BMS-01,77.44157259861306,28.441390207887956
2026-01-17T09:05:00+09:00,BMS-01,69.66265238900371,25.687006778908803
2026-01-17T09:10:00+09:00,BMS-01,78.98905259441102,28.773446227597976
2026-01-17T09:15:00+09:00,BMS-01,53.028562730118374,26.914090850564655
2026-01-17T09:20:00+09:00,BMS-01,65.98199969423206,29.259637887037492
2026-01-17T09:25:00+09:00,BMS-01,79.21588931283283,28.739542900351783
2026-01-17T09:30:00+09:00,BMS-01,59.2367161391524,27.564898212023955
2026-01-17T09:35:00+09:00,BMS-01,64.42554920447948,27.820920216341396
2026-01-17T09:40:00+09:00,BMS-01,34.84394990140787,26.808142615972727
2026-01-17T09:45:00+09:00,BMS-01,59.25320243262604,28.42319390750781
2026-01-17T09:50:00+09:00,BMS-01,46.825914267140455,28.57938224936573
2026-01-17T09:55:00+09:00,BMS-01,40.32358172591253,29.19423941179782
2026-01-17T10:00:00+09:00,BMS-01,59.96277611395708,31.26482646946511
2026-01-17T10:05:00+09:00,BMS-01,39.61295356596479,25.111569086825178
2026-01-17T10:10:00+09:00,BMS-01,79.33174788443372,32.585132395747394
2026-01-17T10:15:00+09:00,BMS-01,39.204943243706296,28.515123070468135
2026-01-17T10:20:00+09:00,BMS-01,43.258973799405126,25.036081865448594
2026-01-17T10:25:00+09:00,BMS-01,77.5275538277209,31.739413608451876
2026-01-17T10:30:00+09:00,BMS-01,57.580510711505624,27.677779799730615
2026-01-17T10:35:00+09:00,BMS-01,76.11629261806436,28.537940558151135
2026-01-17T10:40:00+09:00,BMS-01,78.96991436184905,32.90015943549595
2026-01-17T10:45:00+09:00,BMS-01,85.64549207094535,31.71952299133343
2026-01-17T10:50:00+09:00,BMS-01,87.34395667577121,31.53795575162618
2026-01-17T10:55:00+09:00,BMS-01,89.77639733620627,31.54422566842087
2026-01-17T11:00:00+09:00,BMS-01,31.25133323281696,29.339419814092025
2026-01-17T11:05:00+09:00,BMS-01,81.17248384687204,26.98960980570586
2026-01-17T11:10:00+09:00,BMS-01,35.240373392207225,25.93935109059975
2026-01-17T11:15:00+09:00,BMS-01,26.74997410016615,24.505716861960064
2026-01-17T11:20:00+09:00,BMS-01,73.22265943663746,30.361380714964515
2026-01-17T11:25:00+09:00,BMS-01,54.653126350760886,29.753850635003626
2026-01-17T11:30:00+09:00,BMS-01,56.58735142778194,28.0373461548539
2026-01-17T11:35:00+09:00,BMS-01,66.21267531525028,32.37039337742803
2026-01-17T11:40:00+09:00,BMS-01,28.65849083867265,30.726513337887756
2026-01-17T11:45:00+09:00,BMS-01,25.411766138177832,30.41507380528296
2026-01-17T11:50:00+09:00,BMS-01,43.56479136447772,27.08534620408045
2026-01-17T11:55:00+09:00,BMS-01,78.64821069395474,27.70315476749
2026-01-17T12:00:00+09:00,BMS-01,47.10334216675792,25.802308355462785
2026-01-17T12:05:00+09:00,BMS-01,65.77089525657723,31.21125462416359
2026-01-17T12:10:00+09:00,BMS-01,81.05830658932605,31.476262405286462
2026-01-17T12:15:00+09:00,BMS-01,50.53663802131876,30.395541518186953
2026-01-17T12:20:00+09:00,BMS-01,26.13065418368671,28.439544517855868
2026-01-17T12:25:00+09:00,BMS-01,73.32900879747935,34.91331745789539
2026-01-17T12:30:00+09:00,BMS-01,31.46367810877501,23.652106600931006
2026-01-17T12:35:00+09:00,BMS-01,83.86389965470215,28.18325151704422
2026-01-17T12:40:00+09:00,BMS-01,22.400895823777642,28.76680656414993
2026-01-17T12:45:00+09:00,BMS-01,57.95807012657583,30.30560565317435
2026-01-17T12:50:00+09:00,BMS-01,53.21165987454378,27.380722261017528
2026-01-17T12:55:00+09:00,BMS-01,56.16602167464132,31.167241587419433
2026-01-17T13:00:00+09:00,BMS-01,32.65025084089109,27.78830567476162
2026-01-17T13:05:00+09:00,BMS-01,69.3321053375837,28.80460876114354
2026-01-17T13:10:00+09:00,BMS-01,38.11196536507924,29.21153702103131
2026-01-17T13:15:00+09:00,BMS-01,61.626262499789064,29.939852723199465
2026-01-17T13:20:00+09:00,BMS-01,50.28213968684604,28.87389182401288
2026-01-17T13:25:00+09:00,BMS-01,74.15129311986011,29.34077520151992
2026-01-17T13:30:00+09:00,BMS-01,64.26427921505142,28.53353627721006
2026-01-17T13:35:00+09:00,BMS-01,81.61892178004388,28.31856189392501
2026-01-17T13:40:00+09:00,BMS-01,20.540436893978196,29.79964873733823
2026-01-17T13:45:00+09:00,BMS-01,76.04660651334378,27.742624641227213
2026-01-17T13:50:00+09:00,BMS-01,31.924674964662636,30.173522731247974
2026-01-17T13:55:00+09:00,BMS-01,47.01727128476351,28.5576803266582
2026-01-17T14:00:00+09:00,BMS-01,54.169041630854245,25.32058521351866
2026-01-17T14:05:00+09:00,BMS-01,83.21813731828739,31.596417452190295
2026-01-17T14:10:00+09:00,BMS-01,34.17874150511845,29.345148454254804
2026-01-17T14:15:00+09:00,BMS-01,36.515641035606485,31.267438751878835
2026-01-17T14:20:00+09:00,BMS-01,64.36694282280598,29.41602755783542
2026-01-17T14:25:00+09:00,BMS-01,87.27667863256944,26.774325593999755
2026-01-17T14:30:00+09:00,BMS-01,71.8272466751517,31.136223511278953
2026-01-17T14:35:00+09:00,BMS-01,46.77270026966949,27.389968572611025
2026-01-17T14:40:00+09:00,BMS-01,35.867985941550636,28.970420299103946
2026-01-17T14:45:00+09:00,BMS-01,26.058793358489847,30.085092157296224
2026-01-17T14:50:00+09:00,BMS-01,59.3500591262812,32.46107361145812
2026-01-17T14:55:00+09:00,BMS-01,71.97099731587451,27.775999177316045
2026-01-17T15:00:00+09:00,BMS-01,58.85707550299416,28.46358940356667
2026-01-17T15:05:00+09:00,BMS-01,57.92956620261028,27.79751806414986
2026-01-17T15:10:00+09:00,BMS-01,54.41553604644763,27.663201253705587
2026-01-17T15:15:00+09:00,BMS-01,77.97159728017934,27.726374525158608
2026-01-17T15:20:00+09:00,BMS-01,60.873814569054886,29.523382744137486
2026-01-17T15:25:00+09:00,BMS-01,33.877597920234926,28.887125149749423
2026-01-17T15:30:00+09:00,BMS-01,21.368249017705566,28.466946446771757
2026-01-17T15:35:00+09:00,BMS-01,59.29269787894125,29.910486080579634
2026-01-17T15:40:00+09:00,BMS-01,70.6192271637088,27.090747119725968
2026-01-17T15:45:00+09:00,BMS-01,89.30476141651292,27.72912550774786
2026-01-17T15:50:00+09:00,BMS-01,36.24335849371069,28.389056082697202
2026-01-17T15:55:00+09:00,BMS-01,60.66901551671035,29.11063121114783
2026-01-17T16:00:00+09:00,BMS-01,58.2398953957562,29.017092658878525
2026-01-17T16:05:00+09:00,BMS-01,62.50974432182074,31.297559166473047
2026-01-17T16:10:00+09:00,BMS-01,62.49392573482464,29.665150313491182
2026-01-17T16:15:00+09:00,BMS-01,74.31804426333815,30.409735816224725
2026-01-17T16:20:00+09:00,BMS-01,38.42337172766017,30.465534121854375
2026-01-17T16:25:00+09:00,BMS-01,60.994126537367904,28.666496865231778
2026-01-17T16:30:00+09:00,BMS-01,71.69642252183442,32.57620517631262
2026-01-17T16:35:00+09:00,BMS-01,58.70093759534918,24.545996128230026
2026-01-17T16:40:00+09:00,BMS-01,84.76316794186559,27.20492145436879
2026-01-17T16:45:00+09:00,BMS-01,48.334535731825945,30.772117178398766
2026-01-17T16:50:00+09:00,BMS-01,80.8439265281181,29.471576331834797
2026-01-17T16:55:00+09:00,BMS-01,56.595894924099554,29.617850986233254
2026-01-17T17:00:00+09:00,BMS-01,79.38638655261006,28.797680428567087
2026-01-17T17:05:00+09:00,BMS-01,38.29329038984128,27.748833504279613
2026-01-17T17:10:00+09:00,BMS-01,65.36454623535887,29.48955527537418
2026-01-17T17:15:00+09:00,BMS-01,85.98267053714491,30.06245131316583
2026-01-17T17:20:00+09:00,BMS-01,48.20845434937951,27.58675760520044
2026-01-17T17:25:00+09:00,BMS-01,45.02793960269654,28.21203915650714
2026-01-17T17:30:00+09:00,BMS-01,84.46225775124132,30.268693568820662
2026-01-17T17:35:00+09:00,BMS-01,70.77165501251118,26.641786914150366
2026-01-17T17:40:00+09:00,BMS-01,67.92883885857107,27.94788492322662
2026-01-17T17:45:00+09:00,BMS-01,50.21981421318111,26.530918685782584
2026-01-17T17:50:00+09:00,BMS-01,89.35955230888898,28.15614310177147
2026-01-17T17:55:00+09:00,BMS-01,24.769534456723658,30.144333402280235
2026-01-17T18:00:00+09:00,BMS-01,58.93115323924208,29.83740288307695
2026-01-17T18:05:00+09:00,BMS-01,87.98059402489248,27.455760202510344
2026-01-17T18:10:00+09:00,BMS-01,81.93279666273757,25.162430209668063
2026-01-17T18:15:00+09:00,BMS-01,85.76360082803701,30.244393367924477
2026-01-17T18:20:00+09:00,BMS-01,22.249726869288548,26.327879143256542
2026-01-17T18:25:00+09:00,BMS-01,76.55857497509457,27.45880171885088
2026-01-17T18:30:00+09:00,BMS-01,36.41541181397727,30.47121613566022
2026-01-17T18:35:00+09:00,BMS-01,88.23614335709716,24.87614960110079
2026-01-17T18:40:00+09:00,BMS-01,30.05845469014426,28.272863067890913
2026-01-17T18:45:00+09:00,BMS-01,44.09247184428323,27.08291900787708
2026-01-17T18:50:00+09:00,BMS-01,75.16287679992399,26.945241257348496
2026-01-17T18:55:00+09:00,BMS-01,78.72425139417196,31.86088499851893
2026-01-17T19:00:00+09:00,BMS-01,53.10803627832018,30.637469598204653
2026-01-17T19:05:00+09:00,BMS-01,48.261074314510914,30.235628868550453
2026-01-17T19:10:00+09:00,BMS-01,34.58280954119572,30.853442145238677
2026-01-17T19:15:00+09:00,BMS-01,88.70337654386097,28.268015976573206
2026-01-17T19:20:00+09:00,BMS-01,87.61864402672921,30.248628819126036
2026-01-17T19:25:00+09:00,BMS-01,89.5779926529664,27.74870765466568
2026-01-17T19:30:00+09:00,BMS-01,88.39905679945016,29.660358676437376
2026-01-17T19:35:00+09:00,BMS-01,52.03928196484171,26.189403003354965
2026-01-17T19:40:00+09:00,BMS-01,45.256941652058195,28.400764296362567
2026-01-17T19:45:00+09:00,BMS-01,73.31801411289042,29.067270563608357
2026-01-17T19:50:00+09:00,BMS-01,56.306759413974454,25.301775824306965
2026-01-17T19:55:00+09:00,BMS-01,82.64438479526072,30.75545356569255
2026-01-17T20:00:00+09:00,BMS-01,42.177360783400374,28.633628292754157
2026-01-17T20:05:00+09:00,BMS-01,69.55590621092894,27.740675430056342
2026-01-17T20:10:00+09:00,BMS-01,22.38653035409719,29.808186381700025
2026-01-17T20:15:00+09:00,BMS-01,26.636164309458582,29.35345449477245
2026-01-17T20:20:00+09:00,BMS-01,78.70054839128147,33.161570898498056
2026-01-17T20:25:00+09:00,BMS-01,22.733750448887577,29.55258242579027
2026-01-17T20:30:00+09:00,BMS-01,58.85206422022748,25.31425032322295
2026-01-17T20:35:00+09:00,BMS-01,85.83857148890596,27.36835471720664
2026-01-17T20:40:00+09:00,BMS-01,42.77616562340137,25.84034671039686
2026-01-17T20:45:00+09:00,BMS-01,33.986461398816395,24.41790631778067
2026-01-17T20:50:00+09:00,BMS-01,82.62288914696859,30.53547102049334
2026-01-17T20:55:00+09:00,BMS-01,28.322181681070862,27.60190189490303
2026-01-17T21:00:00+09:00,BMS-01,89.73988203504732,27.21886964498184
2026-01-17T21:05:00+09:00,BMS-01,51.30789351523337,27.246641741196562
2026-01-17T21:10:00+09:00,BMS-01,65.83108475170044,33.06336135272893
2026-01-17T21:15:00+09:00,BMS-01,27.079943028869184,29.754852022294582
2026-01-17T21:20:00+09:00,BMS-01,61.15355893190368,29.061622971816025
2026-01-17T21:25:00+09:00,BMS-01,74.6205355293587,28.672620731539066
2026-01-17T21:30:00+09:00,BMS-01,81.33148492417565,29.81215822914633
2026-01-17T21:35:00+09:00,BMS-01,62.93139160593684,26.633365159014385
2026-01-17T21:40:00+09:00,BMS-01,88.02091994694906,27.604958582461734
2026-01-17T21:45:00+09:00,BMS-01,89.64853781487272,27.620575050524067
2026-01-17T21:50:00+09:00,BMS-01,61.38754369066864,26.08335045359983
2026-01-17T21:55:00+09:00,BMS-01,33.58128263096768,27.947571756753653
2026-01-17T22:00:00+09:00,BMS-01,82.34237313822452,29.186686124664323
2026-01-17T22:05:00+09:00,BMS-01,44.94724031679511,27.06850091193318
2026-01-17T22:10:00+09:00,BMS-01,49.29371304444564,27.925604259064546
2026-01-17T22:15:00+09:00,BMS-01,57.18768452665197,29.40688465770718
2026-01-17T22:20:00+09:00,BMS-01,34.37414445430162,29.777489906715434
2026-01-17T22:25:00+09:00,BMS-01,76.72431267142808,28.741553701821395
2026-01-17T22:30:00+09:00,BMS-01,27.887181843368726,31.11561553009352
2026-01-17T22:35:00+09:00,BMS-01,32.40794505888,30.63426354930712
2026-01-17T22:40:00+09:00,BMS-01,78.50768490092415,31.03831269402428
2026-01-17T22:45:00+09:00,BMS-01,63.615715407733774,27.05616600836026
2026-01-17T22:50:00+09:00,BMS-01,34.52335145979633,27.08816536566188
2026-01-17T22:55:00+09:00,BMS-01,72.46257091901498,28.92368387612542
2026-01-17T23:00:00+09:00,BMS-01,43.75514384805649,29.008071785599075
2026-01-17T23:05:00+09:00,BMS-01,77.75180801669514,31.01970879021353
2026-01-17T23:10:00+09:00,BMS-01,40.62924131830118,31.141151763641293
2026-01-17T23:15:00+09:00,BMS-01,86.0775626115505,31.788294091612205
2026-01-17T23:20:00+09:00,BMS-01,37.69562281539034,27.040191142942696
2026-01-17T23:25:00+09:00,BMS-01,27.597782862293453,32.94037048994479
2026-01-17T23:30:00+09:00,BMS-01,60.81211197271011,28.11653646244279
2026-01-17T23:35:00+09:00,BMS-01,37.81288531295561,29.35087071396537
2026-01-17T23:40:00+09:00,BMS-01,51.12466282500803,26.37094201789116
2026-01-17T23:45:00+09:00,BMS-01,74.96652879451744,27.53060107693545
2026-01-17T23:50:00+09:00,BMS-01,51.40802517328688,29.502825455019295
2026-01-17T23:55:00+09:00,BMS-01,62.02874418019454,31.074262749329172
2026-01-18T00:00:00+09:00,BMS-01,56.48685158924841,29.830487745985042
2026-01-18T00:05:00+09:00,BMS-01,48.587462696999,27.53262313384865
2026-01-18T00:10:00+09:00,BMS-01,35.4185270983659,30.627085511998242
2026-01-18T00:15:00+09:00,BMS-01,54.32891870631007,28.341731858066698
2026-01-18T00:20:00+09:00,BMS-01,59.88406612554111,29.326696372905673
2026-01-18T00:25:00+09:00,BMS-01,38.22157038830997,30.209374051355585
2026-01-18T00:30:00+09:00,BMS-01,89.51284001378036,30.546354210886232
2026-01-18T00:35:00+09:00,BMS-01,39.74898007188259,29.708709419338803
2026-01-18T00:40:00+09:00,BMS-01,53.3704147045958,29.69055635308547
2026-01-18T00:45:00+09:00,BMS-01,62.56911951983098,29.24914683025558
2026-01-18T00:50:00+09:00,BMS-01,57.26456414725499,30.119866802418787
2026-01-18T00:55:00+09:00,BMS-01,58.71286940232727,31.91531733762682
2026-01-18T01:00:00+09:00,BMS-01,37.21770270089116,27.358459233730954
2026-01-18T01:05:00+09:00,BMS-01,27.06753650602864,30.125228995276423
2026-01-18T01:10:00+09:00,BMS-01,68.80761248875832,29.27855285648238
2026-01-18T01:15:00+09:00,BMS-01,79.98417952517329,29.586442990703617
2026-01-18T01:20:00+09:00,BMS-01,38.3820925629839,30.83881868824636
2026-01-18T01:25:00+09:00,BMS-01,61.19068461443544,27.634896383104685
2026-01-18T01:30:00+09:00,BMS-01,67.94675630010734,28.027700968911756
2026-01-18T01:35:00+09:00,BMS-01,45.607773795026304,28.574824359965405
2026-01-18T01:40:00+09:00,BMS-01,22.831263335756677,30.529495150064747
2026-01-18T01:45:00+09:00,BMS-01,39.55025331141107,28.360825918583764
2026-01-18T01:50:00+09:00,BMS-01,78.20624437010274,26.605661550779022
2026-01-18T01:55:00+09:00,BMS-01,61.6648032734369,31.607769574148918
2026-01-18T02:00:00+09:00,BMS-01,21.353143875408637,30.72062886189609
2026-01-18T02:05:00+09:00,BMS-01,73.80518176024937,30.50384709217215
2026-01-18T02:10:00+09:00,BMS-01,44.31644860334128,27.341976302734267
2026-01-18T02:15:00+09:00,BMS-01,21.44328475783463,28.58997098723744
2026-01-18T02:20:00+09:00,BMS-01,66.5667392991981,28.1357636551107
2026-01-18T02:25:00+09:00,BMS-01,60.96967914974252,28.02496779572429
2026-01-18T02:30:00+09:00,BMS-01,74.3461431624769,27.61277290992686
2026-01-18T02:35:00+09:00,BMS-01,88.91657010737576,30.51624230131107
2026-01-18T02:40:00+09:00,BMS-01,72.72061899798804,26.799418275055224
2026-01-18T02:45:00+09:00,BMS-01,77.64913586253344,28.431514576596264
2026-01-18T02:50:00+09:00,BMS-01,24.202085660007576,32.04867675056673
2026-01-18T02:55:00+09:00,BMS-01,26.182395552098598,30.897165220976337
2026-01-18T03:00:00+09:00,BMS-01,37.43213410340101,28.56005343098829
2026-01-18T03:05:00+09:00,BMS-01,75.54495809311906,30.29047330082131
2026-01-18T03:10:00+09:00,BMS-01,29.167649047577452,29.646977525598302
2026-01-18T03:15:00+09:00,BMS-01,43.28409741464009,31.07436798100273
2026-01-18T03:20:00+09:00,BMS-01,42.08391004313577,31.82733101508967
2026-01-18T03:25:00+09:00,BMS-01,57.99913364805045,30.793779876650795
2026-01-18T03:30:00+09:00,BMS-01,29.054273370794046,30.563480408041407
2026-01-18T03:35:00+09:00,BMS-01,74.2594116173631,27.999508079217097
2026-01-18T03:40:00+09:00,BMS-01,51.05925266404698,23.87687102061831
2026-01-18T03:45:00+09:00,BMS-01,34.556327808098864,29.777312575495706
2026-01-18T03:50:00+09:00,BMS-01,40.924249367382316,28.851095262073834
2026-01-18T03:55:00+09:00,BMS-01,60.77408050904251,28.723939545173327
2026-01-18T04:00:00+09:00,BMS-01,88.14737288485556,32.46005207785868
2026-01-18T04:05:00+09:00,BMS-01,66.6309510918866,30.859761098502727
2026-01-18T04:10:00+09:00,BMS-01,31.54647985234524,29.046584225036515
2026-01-18T04:15:00+09:00,BMS-01,61.00613918784904,28.279461702577088
2026-01-18T04:20:00+09:00,BMS-01,73.70253420025696,26.85578850174408
2026-01-18T04:25:00+09:00,BMS-01,89.58900080141925,31.056736331567286
2026-01-18T04:30:00+09:00,BMS-01,82.79886194299864,26.02839447144825
2026-01-18T04:35:00+09:00,BMS-01,47.28152326994392,32.31361871759139
2026-01-18T04:40:00+09:00,BMS-01,71.99764804021665,30.328789862134226
2026-01-18T04:45:00+09:00,BMS-01,45.9524393611891,31.2371770713886
2026-01-18T04:50:00+09:00,BMS-01,39.89007915840323,31.248924200930965
2026-01-18T04:55:00+09:00,BMS-01,84.4544891965822,26.491955532480084
2026-01-18T05:00:00+09:00,BMS-01,53.034433231033056,30.75798493209765
2026-01-18T05:05:00+09:00,BMS-01,53.94606909619213,28.21799645067816
2026-01-18T05:10:00+09:00,BMS-01,42.35846113897481,27.00944820866664
2026-01-18T05:15:00+09:00,BMS-01,59.7501302486376,28.933107805829177
2026-01-18T05:20:00+09:00,BMS-01,54.29182977949505,30.369438791571845
2026-01-18T05:25:00+09:00,BMS-01,66.91550779053544,30.874462190537997
2026-01-18T05:30:00+09:00,BMS-01,75.41774675972133,34.34782504784767
2026-01-18T05:35:00+09:00,BMS-01,83.89930890465067,29.498194186382424
2026-01-18T05:40:00+09:00,BMS-01,40.70859856893942,27.112458092130865
2026-01-18T05:45:00+09:00,BMS-01,56.60991725036248,30.315484768192164
2026-01-18T05:50:00+09:00,BMS-01,41.82584935416742,30.660050834157623
2026-01-18T05:55:00+09:00,BMS-01,38.75784177915993,28.993865297883904
2026-01-18T06:00:00+09:00,BMS-01,67.30376777966598,29.742761488041236
2026-01-18T06:05:00+09:00,BMS-01,52.52449915658624,28.328363732203922
2026-01-18T06:10:00+09:00,BMS-01,42.64209998200039,27.54239740656482
2026-01-18T06:15:00+09:00,BMS-01,48.07335703928196,34.05602128099069
2026-01-18T06:20:00+09:00,BMS-01,55.7206293775409,26.53396269180848
2026-01-18T06:25:00+09:00,BMS-01,30.896343760242267,25.69564073519707
2026-01-18T06:30:00+09:00,BMS-01,43.30086369059472,30.27374785822664
2026-01-18T06:35:00+09:00,BMS-01,22.09496610338798,30.243721304335754
2026-01-18T06:40:00+09:00,BMS-01,31.216492758969608,28.726413331462748
2026-01-18T06:45:00+09:00,BMS-01,63.67519389545332,27.625768799626393
2026-01-18T06:50:00+09:00,BMS-01,77.34325051152364,26.865326618571423
2026-01-18T06:55:00+09:00,BMS-01,37.89426416140517,30.78171262204786
2026-01-18T07:00:00+09:00,BMS-01,20.291008343845352,29.756370342085678
2026-01-18T07:05:00+09:00,BMS-01,75.65701800490204,24.746731295736282
2026-01-18T07:10:00+09:00,BMS-01,73.68979487075447,27.972403368411648
2026-01-18T07:15:00+09:00,BMS-01,64.97257548560181,28.61236878106714
2026-01-18T07:20:00+09:00,BMS-01,65.1471644570677,29.883425706545445
2026-01-18T07:25:00+09:00,BMS-01,86.72714575143308,29.55852878326492
2026-01-18T07:30:00+09:00,BMS-01,55.84843348021623,32.738584346515815
2026-01-18T07:35:00+09:00,BMS-01,48.98349610909599,28.30106658556027
2026-01-18T07:40:00+09:00,BMS-01,31.815008234571803,26.073371354416814
2026-01-18T07:45:00+09:00,BMS-01,62.820496441810825,30.772809242279564
2026-01-18T07:50:00+09:00,BMS-01,57.200856416256926,28.965038501097506
2026-01-18T07:55:00+09:00,BMS-01,26.712435019132272,27.960917510565103
2026-01-18T08:00:00+09:00,BMS-01,73.49912935760014,30.18044789871109
2026-01-18T08:05:00+09:00,BMS-01,43.181631276656105,24.950841275469
2026-01-18T08:10:00+09:00,BMS-01,75.27976176669463,31.377210302005544
2026-01-18T08:15:00+09:00,BMS-01,84.10273514211919,28.079248669922777
2026-01-18T08:20:00+09:00,BMS-01,38.55576629867258,29.338010750227276
2026-01-18T08:25:00+09:00,BMS-01,65.85986432676626,28.09046641245284
2026-01-18T08:30:00+09:00,BMS-01,80.1708775293525,28.652924781394624
2026-01-18T08:35:00+09:00,BMS-01,87.5218895925971,26.738626921589507
2026-01-18T08:40:00+09:00,BMS-01,29.538377658920094,29.626098785735795
2026-01-18T08:45:00+09:00,BMS-01,20.425449690255626,30.488534635902845
2026-01-18T08:50:00+09:00,BMS-01,50.7725931539629,29.335015894007626
2026-01-18T08:55:00+09:00,BMS-01,31.043124257381557,27.70156198361611
2026-01-18T09:00:00+09:00,BMS-01,30.603550958204995,30.891236463645
2026-01-18T09:05:00+09:00,BMS-01,30.905369245766522,33.456310461582596
2026-01-18T09:10:00+09:00,BMS-01,75.99839138056741,25.325752651004443
2026-01-18T09:15:00+09:00,BMS-01,74.29695059554386,29.48543943725683
2026-01-18T09:20:00+09:00,BMS-01,27.40221927535993,29.558189475947312
2026-01-18T09:25:00+09:00,BMS-01,78.10247044047944,32.95388452169927
2026-01-18T09:30:00+09:00,BMS-01,62.01819493266796,31.974859148957073
2026-01-18T09:35:00+09:00,BMS-01,70.16398659424334,28.77254884665496
2026-01-18T09:40:00+09:00,BMS-01,27.02861856736157,30.89575150261221
2026-01-18T09:45:00+09:00,BMS-01,45.40482341637387,29.84835658117089
2026-01-18T09:50:00+09:00,BMS-01,23.319118578969093,29.798284815333083
2026-01-18T09:55:00+09:00,BMS-01,67.35440749612573,28.4796572518958
2026-01-18T10:00:00+09:00,BMS-01,70.61431670317617,26.450525478463014
2026-01-18T10:05:00+09:00,BMS-01,79.18992897664486,32.41399950983514
2026-01-18T10:10:00+09:00,BMS-01,24.190263621119886,29.63804692396252
2026-01-18T10:15:00+09:00,BMS-01,66.00819440666568,27.614267727483938
2026-01-18T10:20:00+09:00,BMS-01,54.148292755477954,31.930902877596957
2026-01-18T10:25:00+09:00,BMS-01,53.440485843586835,28.040676265095822
2026-01-18T10:30:00+09:00,BMS-01,72.13031999136565,27.504956001276074
2026-01-18T10:35:00+09:00,BMS-01,72.36698204437393,31.95022570702194
2026-01-18T10:40:00+09:00,BMS-01,39.08804055585328,30.452264082426925
2026-01-18T10:45:00+09:00,BMS-01,54.39645264201282,28.346284596576158
2026-01-18T10:50:00+09:00,BMS-01,86.43270496881826,27.43576378871495
2026-01-18T10:55:00+09:00,BMS-01,44.97384749621972,30.923575833586547
2026-01-18T11:00:00+09:00,BMS-01,88.44792342471507,33.01913875638726
2026-01-18T11:05:00+09:00,BMS-01,81.30394904528444,27.70258643144339
2026-01-18T11:10:00+09:00,BMS-01,61.39780406759876,30.1351120571306
2026-01-18T11:15:00+09:00,BMS-01,28.87410637223537,28.04677343357596
2026-01-18T11:20:00+09:00,BMS-01,39.21315367489972,29.02329744289814
2026-01-18T11:25:00+09:00,BMS-01,63.5830721969206,27.487168307263733
2026-01-18T11:30:00+09:00,BMS-01,34.95468190716654,29.61270570878833
2026-01-18T11:35:00+09:00,BMS-01,45.883049226442694,31.355605612157316
2026-01-18T11:40:00+09:00,BMS-01,65.6001217824335,29.105519646060458
2026-01-18T11:45:00+09:00,BMS-01,34.621152650482195,26.859982050236113
2026-01-18T11:50:00+09:00,BMS-01,24.38357027267579,29.349758392246486
2026-01-18T11:55:00+09:00,BMS-01,22.05869530191747,26.06863148225741
2026-01-18T12:00:00+09:00,BMS-01,58.4590410874527,29.744986411552855
2026-01-18T12:05:00+09:00,BMS-01,56.087550732642825,30.92937225043634
2026-01-18T12:10:00+09:00,BMS-01,49.31303367218065,29.39321931032235
2026-01-18T12:15:00+09:00,BMS-01,85.09097177650287,27.696691572730817
2026-01-18T12:20:00+09:00,BMS-01,47.69206104910325,31.055352938783432
2026-01-18T12:25:00+09:00,BMS-01,34.248441253154105,30.3669858596704
2026-01-18T12:30:00+09:00,BMS-01,24.63082123737909,27.91117816635088
2026-01-18T12:35:00+09:00,BMS-01,27.701516538939863,29.729028021665933
2026-01-18T12:40:00+09:00,BMS-01,20.968195615182637,31.23770088767218
2026-01-18T12:45:00+09:00,BMS-01,26.36747018225521,27.973110504139044
2026-01-18T12:50:00+09:00,BMS-01,82.2136236804304,27.532600231391427
2026-01-18T12:55:00+09:00,BMS-01,77.69561338014802,27.237328361073715
2026-01-18T13:00:00+09:00,BMS-01,30.10900234506826,27.78153823202429
2026-01-18T13:05:00+09:00,BMS-01,66.08310914461603,28.36558997063673
2026-01-18T13:10:00+09:00,BMS-01,22.334758357386917,32.83214604251052
2026-01-18T13:15:00+09:00,BMS-01,88.710041370001,27.500440714173816
2026-01-18T13:20:00+09:00,BMS-01,40.795191540503446,31.24255415251605
2026-01-18T13:25:00+09:00,BMS-01,39.4404911849042,26.848272080266312
2026-01-18T13:30:00+09:00,BMS-01,74.34081271453623,27.869220509032132
2026-01-18T13:35:00+09:00,BMS-01,65.31964657463789,27.347151043935202
2026-01-18T13:40:00+09:00,BMS-01,39.165100679257456,28.709120477060306
2026-01-18T13:45:00+09:00,BMS-01,54.582617097434806,27.1746871221855
2026-01-18T13:50:00+09:00,BMS-01,62.070455236825886,30.79786829019451
2026-01-18T13:55:00+09:00,BMS-01,59.42565743602351,29.179396600233094
2026-01-18T14:00:00+09:00,BMS-01,35.67013565341274,28.35149791935193
2026-01-18T14:05:00+09:00,BMS-01,49.59183552951763,27.509352374393472
2026-01-18T14:10:00+09:00,BMS-01,34.580269331017355,28.664749606473528
2026-01-18T14:15:00+09:00,BMS-01,88.80150515869704,28.91606495617756
2026-01-18T14:20:00+09:00,BMS-01,67.52004551102955,26.349387379189476
2026-01-18T14:25:00+09:00,BMS-01,70.79050328172605,28.085676998508525
2026-01-18T14:30:00+09:00,BMS-01,39.0448862320407,29.72851057571561
2026-01-18T14:35:00+09:00,BMS-01,68.43333149394157,31.511701678020195
2026-01-18T14:40:00+09:00,BMS-01,25.757285308177654,27.85449932535914
2026-01-18T14:45:00+09:00,BMS-01,72.46987954164459,27.932886645828884
2026-01-18T14:50:00+09:00,BMS-01,56.251008373184234,30.578818861634506
2026-01-18T14:55:00+09:00,BMS-01,33.417976331812284,31.73719953652715
2026-01-18T15:00:00+09:00,BMS-01,20.505145982694756,26.93665017571188
2026-01-18T15:05:00+09:00,BMS-01,77.43478080094411,28.80366288485415
2026-01-18T15:10:00+09:00,BMS-01,82.93494419054814,30.133219414345838
2026-01-18T15:15:00+09:00,BMS-01,60.61320237561888,26.454218250928466
2026-01-18T15:20:00+09:00,BMS-01,60.1340170608167,26.494421927140888
2026-01-18T15:25:00+09:00,BMS-01,40.354132455578764,30.983452189090226
2026-01-18T15:30:00+09:00,BMS-01,80.32128262769643,28.2704680655189
2026-01-18T15:35:00+09:00,BMS-01,27.549678223606257,29.827826274736776
2026-01-18T15:40:00+09:00,BMS-01,89.7614059743089,30.355922919340436
2026-01-18T15:45:00+09:00,BMS-01,21.949343908860353,28.353699711526968
2026-01-18T15:50:00+09:00,BMS-01,24.423954589200633,31.908725431571916
2026-01-18T15:55:00+09:00,BMS-01,26.89620942849204,30.009490751694717
2026-01-18T16:00:00+09:00,BMS-01,68.01463651256692,28.436134913554838
2026-01-18T16:05:00+09:00,BMS-01,51.528940288660266,25.720447850254946
2026-01-18T16:10:00+09:00,BMS-01,85.44300986348168,32.277160108320075
2026-01-18T16:15:00+09:00,BMS-01,68.49506914663944,27.352734019332928
2026-01-18T16:20:00+09:00,BMS-01,53.1881280573138,28.06496976201673
2026-01-18T16:25:00+09:00,BMS-01,57.58241172910678,30.296242106968123
2026-01-18T16:30:00+09:00,BMS-01,55.63497822523135,25.633984065052942
2026-01-18T16:35:00+09:00,BMS-01,77.02460591247927,32.56724697697386
2026-01-18T16:40:00+09:00,BMS-01,68.98595521798076,26.02969509248245
2026-01-18T16:45:00+09:00,BMS-01,20.721880427913227,28.652195588787166
2026-01-18T16:50:00+09:00,BMS-01,79.88229725175026,29.179582385233452
2026-01-18T16:55:00+09:00,BMS-01,74.53120317460743,30.803789201234892
2026-01-18T17:00:00+09:00,BMS-01,28.351737247953825,27.9338342773201
2026-01-18T17:05:00+09:00,BMS-01,81.5892383760932,29.548682979971872
2026-01-18T17:10:00+09:00,BMS-01,83.86011645473916,30.183765727650425
2026-01-18T17:15:00+09:00,BMS-01,44.33950519771013,31.231101900249286
2026-01-18T17:20:00+09:00,BMS-01,47.494810040602346,32.11929123355885
2026-01-18T17:25:00+09:00,BMS-01,33.97436702139445,28.369328544990438
2026-01-18T17:30:00+09:00,BMS-01,71.51625736920707,28.533615420681656
2026-01-18T17:35:00+09:00,BMS-01,53.46234774651031,31.834824122407017
2026-01-18T17:40:00+09:00,BMS-01,30.075443131365937,23.13837342111576
2026-01-18T17:45:00+09:00,BMS-01,89.40797839673628,27.117444658355286
2026-01-18T17:50:00+09:00,BMS-01,35.62178730945636,29.84791092489554
2026-01-18T17:55:00+09:00,BMS-01,72.15091329594865,31.11586582602421
2026-01-18T18:00:00+09:00,BMS-01,65.43759137598332,30.600394224723654
2026-01-18T18:05:00+09:00,BMS-01,72.02257097371258,31.202950835712613
2026-01-18T18:10:00+09:00,BMS-01,85.30386396576245,31.037123326253262
2026-01-18T18:15:00+09:00,BMS-01,86.4989497802421,27.897837210662882
2026-01-18T18:20:00+09:00,BMS-01,76.41294611355593,26.009537426160108
2026-01-18T18:25:00+09:00,BMS-01,36.00911469155729,29.842489871495676
2026-01-18T18:30:00+09:00,BMS-01,52.15882425072847,28.862410640206285
2026-01-18T18:35:00+09:00,BMS-01,24.06150905078476,32.34974193487067
2026-01-18T18:40:00+09:00,BMS-01,58.569434553322395,31.319226938168633
2026-01-18T18:45:00+09:00,BMS-01,86.05841933180496,28.204668582770477
2026-01-18T18:50:00+09:00,BMS-01,35.17812659708848,28.467366417514995
2026-01-18T18:55:00+09:00,BMS-01,56.109040357673834,30.631331172037807
2026-01-18T19:00:00+09:00,BMS-01,89.0923017694266,28.18758937299635
2026-01-18T19:05:00+09:00,BMS-01,50.68232563675447,29.04956528821766
2026-01-18T19:10:00+09:00,BMS-01,53.17049133850582,28.066098991666372
2026-01-18T19:15:00+09:00,BMS-01,22.337318646088576,28.177549186397215
2026-01-18T19:20:00+09:00,BMS-01,89.86219546325394,30.695164906779457
2026-01-18T19:25:00+09:00,BMS-01,56.582390920439394,29.862202429632845
2026-01-18T19:30:00+09:00,BMS-01,60.51351026803941,31.204306131757825
2026-01-18T19:35:00+09:00,BMS-01,87.87490288910968,27.35410071540351
2026-01-18T19:40:00+09:00,BMS-01,30.914403814807578,30.09309989586133
2026-01-18T19:45:00+09:00,BMS-01,20.56248372833593,29.752593212843255
2026-01-18T19:50:00+09:00,BMS-01,87.87997002909084,27.944179612495557
2026-01-18T19:55:00+09:00,BMS-01,64.76609699677954,27.964375682123364
2026-01-18T20:00:00+09:00,BMS-01,32.86122579701031,23.543865242647556
2026-01-18T20:05:00+09:00,BMS-01,41.93401104762481,30.461346320013856
2026-01-18T20:10:00+09:00,BMS-01,41.262082189117606,27.53762044187822
2026-01-18T20:15:00+09:00,BMS-01,61.82430485114834,25.88178344114312
2026-01-18T20:20:00+09:00,BMS-01,22.027387338490115,28.967173986176615
2026-01-18T20:25:00+09:00,BMS-01,20.453938559158217,27.421115814373934
2026-01-18T20:30:00+09:00,BMS-01,68.36970699572404,30.26604064923166
2026-01-18T20:35:00+09:00,BMS-01,34.82925312394114,27.071003211414016
2026-01-18T20:40:00+09:00,BMS-01,66.27320378019601,28.20027987108777
2026-01-18T20:45:00+09:00,BMS-01,86.8876314675439,30.282178333447536
2026-01-18T20:50:00+09:00,BMS-01,79.59992794145433,29.63856073867921
2026-01-18T20:55:00+09:00,BMS-01,78.81575906465676,29.64636263636527
2026-01-18T21:00:00+09:00,BMS-01,47.43670784154996,28.862601989005718
2026-01-18T21:05:00+09:00,BMS-01,76.36357246868833,28.242887335796183
2026-01-18T21:10:00+09:00,BMS-01,52.339135757691025,29.03728028027278
2026-01-18T21:15:00+09:00,BMS-01,25.57006173284652,27.00410182955988
2026-01-18T21:20:00+09:00,BMS-01,51.55589046983125,29.297381233452928
2026-01-18T21:25:00+09:00,BMS-01,42.31312818621133,27.62762270836904
2026-01-18T21:30:00+09:00,BMS-01,48.560133629146726,29.774019153613914
2026-01-18T21:35:00+09:00,BMS-01,29.865481802633937,27.472717887697566
2026-01-18T21:40:00+09:00,BMS-01,68.01450446959386,29.639883210778816
2026-01-18T21:45:00+09:00,BMS-01,64.55885886981295,26.84822200040918
2026-01-18T21:50:00+09:00,BMS-01,73.77279309755866,29.573998731203393
2026-01-18T21:55:00+09:00,BMS-01,54.59877020002927,26.982906128407475
2026-01-18T22:00:00+09:00,BMS-01,22.00312029191046,28.07534505874955
2026-01-18T22:05:00+09:00,BMS-01,66.87069841836455,27.846544816661225
2026-01-18T22:10:00+09:00,BMS-01,83.69593172859854,29.520377458622992
2026-01-18T22:15:00+09:00,BMS-01,86.28326235233581,27.23134766951564
2026-01-18T22:20:00+09:00,BMS-01,27.393102949493763,30.45558210718186
2026-01-18T22:25:00+09:00,BMS-01,28.04110563595176,27.32692028232747
2026-01-18T22:30:00+09:00,BMS-01,65.90190411920646,30.049906113109497
2026-01-18T22:35:00+09:00,BMS-01,67.16216879164692,28.183381056031052
2026-01-18T22:40:00+09:00,BMS-01,30.99687325166574,29.03693478354611
2026-01-18T22:45:00+09:00,BMS-01,28.307733209587333,33.33141234052813
2026-01-18T22:50:00+09:00,BMS-01,58.55376693978588,31.238093835903577
2026-01-18T22:55:00+09:00,BMS-01,37.614839147844656,28.264997033320675
2026-01-18T23:00:00+09:00,BMS-01,46.55830134733345,27.66037377700429
2026-01-18T23:05:00+09:00,BMS-01,70.47140831495189,28.459533260557254
2026-01-18T23:10:00+09:00,BMS-01,68.60347349102051,29.480271243760864
2026-01-18T23:15:00+09:00,BMS-01,75.09707409390755,29.722378954404505
2026-01-18T23:20:00+09:00,BMS-01,52.57246727833256,29.13024794567525
2026-01-18T23:25:00+09:00,BMS-01,30.188743395664932,28.286096570650933
2026-01-18T23:30:00+09:00,BMS-01,62.10679999546013,28.532805464869018
2026-01-18T23:35:00+09:00,BMS-01,53.90060589912668,29.902589589854678
2026-01-18T23:40:00+09:00,BMS-01,60.664163341898465,31.46036388344716
2026-01-18T23:45:00+09:00,BMS-01,44.716811665528205,32.74196674354029
2026-01-18T23:50:00+09:00,BMS-01,50.60921129408017,29.79579864862754
2026-01-18T23:55:00+09:00,BMS-01,30.044348599911075,28.64965844575489
2026-01-19T00:00:00+09:00,BMS-01,57.708735864754644,28.765782383747844
2026-01-19T00:05:00+09:00,BMS-01,55.7865127280463,29.392509704771964
2026-01-19T00:10:00+09:00,BMS-01,70.16512409148008,28.98050401599263
2026-01-19T00:15:00+09:00,BMS-01,28.432084670185674,32.654296768280915
2026-01-19T00:20:00+09:00,BMS-01,25.15852775916057,30.834124875576308
2026-01-19T00:25:00+09:00,BMS-01,76.4477267716349,30.39427846686587
2026-01-19T00:30:00+09:00,BMS-01,37.43502506118647,31.77090320494432
2026-01-19T00:35:00+09:00,BMS-01,89.36471663252455,29.07503901295933
2026-01-19T00:40:00+09:00,BMS-01,35.55769312166678,27.448049788055254
2026-01-19T00:45:00+09:00,BMS-01,38.072888160232345,31.378989172882125
2026-01-19T00:50:00+09:00,BMS-01,80.02845986900256,28.95286212656831
2026-01-19T00:55:00+09:00,BMS-01,52.71879359127792,25.439970447240174
2026-01-19T01:00:00+09:00,BMS-01,37.103418193783,29.04263892022364
2026-01-19T01:05:00+09:00,BMS-01,35.976630095326705,28.333089693029468
2026-01-19T01:10:00+09:00,BMS-01,41.00868005084548,31.10600010459047
2026-01-19T01:15:00+09:00,BMS-01,49.689753648988436,27.933191097999323
2026-01-19T01:20:00+09:00,BMS-01,49.039497061486415,30.21435992920769
2026-01-19T01:25:00+09:00,BMS-01,66.44449014169928,27.622493589621136
2026-01-19T01:30:00+09:00,BMS-01,74.70002536811258,30.79525186381614
2026-01-19T01:35:00+09:00,BMS-01,84.43782924567769,28.78447401585376
2026-01-19T01:40:00+09:00,BMS-01,56.229091831815246,34.124837435030436
2026-01-19T01:45:00+09:00,BMS-01,70.88057555344206,30.903709058175643
2026-01-19T01:50:00+09:00,BMS-01,30.380737060295694,29.891578928886908
2026-01-19T01:55:00+09:00,BMS-01,84.80964878144412,28.0458666731163
2026-01-19T02:00:00+09:00,BMS-01,39.78714932508107,32.20706685106218
2026-01-19T02:05:00+09:00,BMS-01,85.89319997427761,26.823474345164513
2026-01-19T02:10:00+09:00,BMS-01,77.81016812622383,29.383684215538143
2026-01-19T02:15:00+09:00,BMS-01,80.2995622118527,28.68771835855656
2026-01-19T02:20:00+09:00,BMS-01,51.89421677328067,30.038328279147134
2026-01-19T02:25:00+09:00,BMS-01,85.89726884666153,24.92545703635075
2026-01-19T02:30:00+09:00,BMS-01,72.75438163919867,28.597789505172535
2026-01-19T02:35:00+09:00,BMS-01,50.101021110966315,28.358117442613977
2026-01-19T02:40:00+09:00,BMS-01,64.51623695526558,28.297540573160557
2026-01-19T02:45:00+09:00,BMS-01,56.49732297019226,29.2983990930268
2026-01-19T02:50:00+09:00,BMS-01,78.3030504220856,26.998253387143667
2026-01-19T02:55:00+09:00,BMS-01,27.009504982752045,25.946351724282273
2026-01-19T03:00:00+09:00,BMS-01,34.458755979198166,26.978398197655647
2026-01-19T03:05:00+09:00,BMS-01,57.55276402739897,28.294514139809145
2026-01-19T03:10:00+09:00,BMS-01,75.48656242016604,28.33376663668303
2026-01-19T03:15:00+09:00,BMS-01,35.74862986809881,28.736930884384442
2026-01-19T03:20:00+09:00,BMS-01,32.09573981387084,24.071914440079986
2026-01-19T03:25:00+09:00,BMS-01,28.688118631551934,30.471428876812134
2026-01-19T03:30:00+09:00,BMS-01,75.26426624938203,27.116206457975494
2026-01-19T03:35:00+09:00,BMS-01,41.28845275207878,30.36284255087402
2026-01-19T03:40:00+09:00,BMS-01,45.732423811857814,25.736274843694872
2026-01-19T03:45:00+09:00,BMS-01,39.597213955771586,27.108623759909715
2026-01-19T03:50:00+09:00,BMS-01,83.87734125496341,31.062154478054847
2026-01-19T03:55:00+09:00,BMS-01,27.060736214645267,27.39828319906426
2026-01-19T04:00:00+09:00,BMS-01,20.82783093564578,27.96615032266533
2026-01-19T04:05:00+09:00,BMS-01,81.09167551180586,31.607203740835203
2026-01-19T04:10:00+09:00,BMS-01,48.001463565600446,27.883626464840432
2026-01-19T04:15:00+09:00,BMS-01,52.3010394394843,28.531705153378912
2026-01-19T04:20:00+09:00,BMS-01,47.67410747689875,25.734191706692005
2026-01-19T04:25:00+09:00,BMS-01,69.6406383229727,29.182395910678185
2026-01-19T04:30:00+09:00,BMS-01,31.010913355664712,26.67882261054448
2026-01-19T04:35:00+09:00,BMS-01,45.05431050684282,26.440946236654817
2026-01-19T04:40:00+09:00,BMS-01,28.39987198699313,24.92663486830571
2026-01-19T04:45:00+09:00,BMS-01,88.63796620695922,27.42647797927727
2026-01-19T04:50:00+09:00,BMS-01,20.82800305692289,31.39617205858638
2026-01-19T04:55:00+09:00,BMS-01,43.75840571812112,31.05513936080618
2026-01-19T05:00:00+09:00,BMS-01,41.749800648788835,30.91846776766623
2026-01-19T05:05:00+09:00,BMS-01,55.39280577562983,32.55124709994164
2026-01-19T05:10:00+09:00,BMS-01,58.94309531505274,26.05753535614057
2026-01-19T05:15:00+09:00,BMS-01,37.2671038417261,25.989732121172292
2026-01-19T05:20:00+09:00,BMS-01,35.596561268015584,30.213880070781688
2026-01-19T05:25:00+09:00,BMS-01,30.735240379646278,27.413498437761724
2026-01-19T05:30:00+09:00,BMS-01,34.460416586064575,25.217381007388354
2026-01-19T05:35:00+09:00,BMS-01,35.82611213644641,27.52470095288788
2026-01-19T05:40:00+09:00,BMS-01,28.180845409848626,30.10853868718607
2026-01-19T05:45:00+09:00,BMS-01,88.24216919928209,27.929968844829677
2026-01-19T05:50:00+09:00,BMS-01,31.103341460098754,28.959263675056587
2026-01-19T05:55:00+09:00,BMS-01,78.33141774538909,25.969839256267807
2026-01-19T06:00:00+09:00,BMS-01,20.549659425506587,28.309232890143882
2026-01-19T06:05:00+09:00,BMS-01,87.56643112281976,27.02873821278842
2026-01-19T06:10:00+09:00,BMS-01,30.956388495643615,28.98506357441453
2026-01-19T06:15:00+09:00,BMS-01,42.851995149596824,29.3671078278906
2026-01-19T06:20:00+09:00,BMS-01,77.48436915630747,27.74071268981008
2026-01-19T06:25:00+09:00,BMS-01,84.1368836017213,28.270567493306324
2026-01-19T06:30:00+09:00,BMS-01,30.584771232732407,28.086050849298807
2026-01-19T06:35:00+09:00,BMS-01,56.25291859193924,25.957811780913172
2026-01-19T06:40:00+09:00,BMS-01,77.49808867587869,29.687820426009203
2026-01-19T06:45:00+09:00,BMS-01,83.75323210275263,27.83373417475688
2026-01-19T06:50:00+09:00,BMS-01,81.67377356556193,26.89873214904406
2026-01-19T06:55:00+09:00,BMS-01,45.630351644748615,30.52007029665396
2026-01-19T07:00:00+09:00,BMS-01,43.31344658729175,27.94949976483552
2026-01-19T07:05:00+09:00,BMS-01,27.316738519756008,31.67544849943736
2026-01-19T07:10:00+09:00,BMS-01,43.933630398470676,30.83164821695032
2026-01-19T07:15:00+09:00,BMS-01,42.85525431566802,26.386887098271743
2026-01-19T07:20:00+09:00,BMS-01,80.09083431689668,33.19944162560757
2026-01-19T07:25:00+09:00,BMS-01,67.33282942856313,28.80183069326249
2026-01-19T07:30:00+09:00,BMS-01,78.16126618558738,25.82160026064013
2026-01-19T07:35:00+09:00,BMS-01,23.46706849069198,30.2922250673811
2026-01-19T07:40:00+09:00,BMS-01,23.298524043024226,29.55977947143333
2026-01-19T07:45:00+09:00,BMS-01,66.81715329256264,27.16596142893156
2026-01-19T07:50:00+09:00,BMS-01,45.702460552503524,30.581685585402713
2026-01-19T07:55:00+09:00,BMS-01,88.63617788869934,24.70125370240559
2026-01-19T08:00:00+09:00,BMS-01,29.664242833461977,31.395913590662154
2026-01-19T08:05:00+09:00,BMS-01,23.02494432612005,25.856527771201286
2026-01-19T08:10:00+09:00,BMS-01,56.530943648869325,26.564815353635986
2026-01-19T08:15:00+09:00,BMS-01,67.56656052575953,27.41103244682219
2026-01-19T08:20:00+09:00,BMS-01,59.79423620499437,29.519372399369395
2026-01-19T08:25:00+09:00,BMS-01,83.27459227681453,30.23090989163408
2026-01-19T08:30:00+09:00,BMS-01,36.126339432549884,25.571921574639212
2026-01-19T08:35:00+09:00,BMS-01,45.710114917229994,27.63392604804084
2026-01-19T08:40:00+09:00,BMS-01,64.7310719497019,32.551648399243284
2026-01-19T08:45:00+09:00,BMS-01,54.98605437291569,29.994294014861907
2026-01-19T08:50:00+09:00,BMS-01,47.916533563671614,31.375337294767956
2026-01-19T08:55:00+09:00,BMS-01,83.28281046784204,26.363467169784407
2026-01-19T09:00:00+09:00,BMS-01,29.904412271666775,29.677248955489645
2026-01-19T09:05:00+09:00,BMS-01,73.0429801941392,31.865475351208445
2026-01-19T09:10:00+09:00,BMS-01,80.92322503445287,28.739730263909316
2026-01-19T09:15:00+09:00,BMS-01,76.48716958173002,25.637510862070442
2026-01-19T09:20:00+09:00,BMS-01,64.91031860616849,33.826066129492006
2026-01-19T09:25:00+09:00,BMS-01,86.96699984181241,29.040936997443836
2026-01-19T09:30:00+09:00,BMS-01,69.4453053245959,29.269073321777213
2026-01-19T09:35:00+09:00,BMS-01,70.9283240819712,29.60074220374044
2026-01-19T09:40:00+09:00,BMS-01,50.86045036778251,27.889735376211927
2026-01-19T09:45:00+09:00,BMS-01,83.26972481366492,26.731193997586903
2026-01-19T09:50:00+09:00,BMS-01,59.71548003689726,31.08598130271832
2026-01-19T09:55:00+09:00,BMS-01,29.210788806606786,28.701762858203704
2026-01-19T10:00:00+09:00,BMS-01,33.868117083264075,24.273938754871264
2026-01-19T10:05:00+09:00,BMS-01,39.227669799189535,28.986575854848024
2026-01-19T10:10:00+09:00,BMS-01,87.55787038881053,27.524389383011435
2026-01-19T10:15:00+09:00,BMS-01,89.77106759420964,29.586832324951697
2026-01-19T10:20:00+09:00,BMS-01,89.17580050036015,27.83283333467873
2026-01-19T10:25:00+09:00,BMS-01,53.388983538189166,27.695344085896288
2026-01-19T10:30:00+09:00,BMS-01,68.62378918474431,29.58104966265976
2026-01-19T10:35:00+09:00,BMS-01,37.94213941779887,32.26282939254826
2026-01-19T10:40:00+09:00,BMS-01,48.59619459231788,27.96403409748249
2026-01-19T10:45:00+09:00,BMS-01,55.577471621757965,26.811165459964272
2026-01-19T10:50:00+09:00,BMS-01,21.951871661876073,28.663273249022478
2026-01-19T10:55:00+09:00,BMS-01,43.23804722040348,31.010138207917198
2026-01-19T11:00:00+09:00,BMS-01,25.641628157624048,27.72651965034178
2026-01-19T11:05:00+09:00,BMS-01,50.23189648544389,28.917521319305298
2026-01-19T11:10:00+09:00,BMS-01,47.68531055283745,25.210588289925205
2026-01-19T11:15:00+09:00,BMS-01,83.56195663740633,32.6677469172712
2026-01-19T11:20:00+09:00,BMS-01,71.43652771423082,26.90413041918333
2026-01-19T11:25:00+09:00,BMS-01,25.55966327817747,32.62068094199386
2026-01-19T11:30:00+09:00,BMS-01,81.0661080071433,24.956252171697926
2026-01-19T11:35:00+09:00,BMS-01,59.365202267835485,28.42357744329299
2026-01-19T11:40:00+09:00,BMS-01,27.496696686439783,29.23686346009901
2026-01-19T11:45:00+09:00,BMS-01,48.35656169760494,33.078730792253666
2026-01-19T11:50:00+09:00,BMS-01,46.34171965327086,32.05821742801424
2026-01-19T11:55:00+09:00,BMS-01,48.29461134523078,29.60783282440154
2026-01-19T12:00:00+09:00,BMS-01,46.25986723305102,27.416778612950466
2026-01-19T12:05:00+09:00,BMS-01,76.25046791829061,31.258041937042147
2026-01-19T12:10:00+09:00,BMS-01,44.80582356616291,27.85860547512197
2026-01-19T12:15:00+09:00,BMS-01,24.78140221769997,31.319897091038378
2026-01-19T12:20:00+09:00,BMS-01,51.406526687951256,30.37305311339294
2026-01-19T12:25:00+09:00,BMS-01,33.1965807099169,29.687863699207966
2026-01-19T12:30:00+09:00,BMS-01,22.277833501499664,32.29381636544035
2026-01-19T12:35:00+09:00,BMS-01,63.04332462958135,26.62439321082526
2026-01-19T12:40:00+09:00,BMS-01,38.00891194016233,26.22538535542717
2026-01-19T12:45:00+09:00,BMS-01,63.0433887692092,26.311567568641046
2026-01-19T12:50:00+09:00,BMS-01,64.18707305711655,28.633161525028186
2026-01-19T12:55:00+09:00,BMS-01,61.50663999539578,29.496964055537962
2026-01-19T13:00:00+09:00,BMS-01,63.99986227635339,32.47931814445959
2026-01-19T13:05:00+09:00,BMS-01,79.5014978194828,28.98491919060067
2026-01-19T13:10:00+09:00,BMS-01,45.31116938024171,29.380692212798433
2026-01-19T13:15:00+09:00,BMS-01,45.077352446070854,26.868641116956002
2026-01-19T13:20:00+09:00,BMS-01,78.39864861759226,26.848137182421958
2026-01-19T13:25:00+09:00,BMS-01,39.16029003496701,29.089838808784346
2026-01-19T13:30:00+09:00,BMS-01,71.51090597361788,24.833892778371236
2026-01-19T13:35:00+09:00,BMS-01,32.988273709410215,28.135993330446965
2026-01-19T13:40:00+09:00,BMS-01,76.61373326158946,32.00050088461205
2026-01-19T13:45:00+09:00,BMS-01,36.65822432553988,31.534756663811102
2026-01-19T13:50:00+09:00,BMS-01,86.18430876573973,29.439580107120143
2026-01-19T13:55:00+09:00,BMS-01,47.33202128211142,26.138995376847845
2026-01-19T14:00:00+09:00,BMS-01,62.35665655062501,28.31635692108174
2026-01-19T14:05:00+09:00,BMS-01,60.22100912872573,26.27491591634519
2026-01-19T14:10:00+09:00,BMS-01,86.64656947292355,29.98026556900171
2026-01-19T14:15:00+09:00,BMS-01,81.0382484359202,29.896839639143487
2026-01-19T14:20:00+09:00,BMS-01,52.50993000856341,28.602676373269
2026-01-19T14:25:00+09:00,BMS-01,45.32069276551563,29.041898978401676
2026-01-19T14:30:00+09:00,BMS-01,45.325687952859134,32.42291796469139
2026-01-19T14:35:00+09:00,BMS-01,80.25482550231972,28.198948487921236
2026-01-19T14:40:00+09:00,BMS-01,52.62752737310813,26.82320621358306
2026-01-19T14:45:00+09:00,BMS-01,59.284183650146815,26.740081776411156
2026-01-19T14:50:00+09:00,BMS-01,76.75686098336006,31.48446494125018
2026-01-19T14:55:00+09:00,BMS-01,68.8495286941909,30.709752789062236
2026-01-19T15:00:00+09:00,BMS-01,56.93122167357551,29.987913071639426
2026-01-19T15:05:00+09:00,BMS-01,82.38624111763632,30.94797425627774
2026-01-19T15:10:00+09:00,BMS-01,87.55185623919412,27.968623992525153
2026-01-19T15:15:00+09:00,BMS-01,34.39116507572232,30.181117980284583
2026-01-19T15:20:00+09:00,BMS-01,38.66092845682853,31.268739590625135
2026-01-19T15:25:00+09:00,BMS-01,63.40133390827479,25.819012398102423
2026-01-19T15:30:00+09:00,BMS-01,62.55322940304977,31.948231120684433
2026-01-19T15:35:00+09:00,BMS-01,28.289852709122435,24.2827230063681
2026-01-19T15:40:00+09:00,BMS-01,84.16718517560307,28.130969562181956
2026-01-19T15:45:00+09:00,BMS-01,23.346230332789105,33.17567642405173
2026-01-19T15:50:00+09:00,BMS-01,29.281242270151846,27.552157832856647
2026-01-19T15:55:00+09:00,BMS-01,29.644715326317083,29.559159959063983
2026-01-19T16:00:00+09:00,BMS-01,82.04807348906006,28.740557593255268
2026-01-19T16:05:00+09:00,BMS-01,80.34590670777149,30.162828672056882
2026-01-19T16:10:00+09:00,BMS-01,63.86074183525319,30.73911173773363
2026-01-19T16:15:00+09:00,BMS-01,68.57770013013912,27.162392809939828
2026-01-19T16:20:00+09:00,BMS-01,26.11276721922346,26.63144984116297
2026-01-19T16:25:00+09:00,BMS-01,63.47824514635381,32.027628396279816
2026-01-19T16:30:00+09:00,BMS-01,37.04099503159177,27.440437953318487
2026-01-19T16:35:00+09:00,BMS-01,54.277234990063334,28.05747021110242
2026-01-19T16:40:00+09:00,BMS-01,58.42365464721703,29.068639825704444
2026-01-19T16:45:00+09:00,BMS-01,55.26249915273103,31.123720075592313
2026-01-19T16:50:00+09:00,BMS-01,87.01444722167719,27.66633180199559
2026-01-19T16:55:00+09:00,BMS-01,37.713966622049384,28.848930192517347
2026-01-19T17:00:00+09:00,BMS-01,36.19938370829221,31.38751556643842
2026-01-19T17:05:00+09:00,BMS-01,57.82680902462039,28.58365827246907
2026-01-19T17:10:00+09:00,BMS-01,83.40459706236585,29.010860283488856
2026-01-19T17:15:00+09:00,BMS-01,72.4584093485383,29.65902275332899
2026-01-19T17:20:00+09:00,BMS-01,35.16402626018179,32.6944694863255
2026-01-19T17:25:00+09:00,BMS-01,41.41901812712637,32.67050062931805
2026-01-19T17:30:00+09:00,BMS-01,60.93457979648906,28.474180351638744
2026-01-19T17:35:00+09:00,BMS-01,59.80174810396958,29.621935319580242
2026-01-19T17:40:00+09:00,BMS-01,86.2985476168294,26.942909267447625
2026-01-19T17:45:00+09:00,BMS-01,24.437022566823323,32.22599044354785
2026-01-19T17:50:00+09:00,BMS-01,73.27035722280282,25.567326785566937
2026-01-19T17:55:00+09:00,BMS-01,85.7137684273739,30.652830128855335
2026-01-19T18:00:00+09:00,BMS-01,75.51971650171369,27.28986364011715
2026-01-19T18:05:00+09:00,BMS-01,60.099475497653316,27.582593015938794
2026-01-19T18:10:00+09:00,BMS-01,54.776344028677435,27.606193968768878
2026-01-19T18:15:00+09:00,BMS-01,28.6380485520228,28.931793133718944
2026-01-19T18:20:00+09:00,BMS-01,33.60162101906973,28.762219410055035
2026-01-19T18:25:00+09:00,BMS-01,75.14261268483145,29.602804144267797
2026-01-19T18:30:00+09:00,BMS-01,89.39205860509878,30.512070606768077
2026-01-19T18:35:00+09:00,BMS-01,41.99309137331695,26.338196813716202
2026-01-19T18:40:00+09:00,BMS-01,35.762824524902655,31.133570289211637
2026-01-19T18:45:00+09:00,BMS-01,74.14456897687283,30.540937732612488
2026-01-19T18:50:00+09:00,BMS-01,53.181424969279696,28.144279581570196
2026-01-19T18:55:00+09:00,BMS-01,36.61722392620218,30.109920860336977
2026-01-19T19:00:00+09:00,BMS-01,77.32083162351026,26.070071965758682
2026-01-19T19:05:00+09:00,BMS-01,63.76466103242488,30.234906902622445
2026-01-19T19:10:00+09:00,BMS-01,86.93214438327091,24.695252827876814
2026-01-19T19:15:00+09:00,BMS-01,58.07791917196833,29.94342097966169
2026-01-19T19:20:00+09:00,BMS-01,31.822163521837446,28.45139434089715
2026-01-19T19:25:00+09:00,BMS-01,55.43894857303839,27.588990947440877
2026-01-19T19:30:00+09:00,BMS-01,80.95794996933162,28.383985817303653
2026-01-19T19:35:00+09:00,BMS-01,61.79791740050857,29.310544066702136
2026-01-19T19:40:00+09:00,BMS-01,22.248748714046087,27.622849014079197
2026-01-19T19:45:00+09:00,BMS-01,82.66399231811413,29.06391299547111
2026-01-19T19:50:00+09:00,BMS-01,21.041517936564553,29.341094996082347
2026-01-19T19:55:00+09:00,BMS-01,86.05282803986366,30.367664159266536
2026-01-19T20:00:00+09:00,BMS-01,85.12465138215917,26.55684487543391
2026-01-19T20:05:00+09:00,BMS-01,30.054918987131437,30.577804503939447
2026-01-19T20:10:00+09:00,BMS-01,83.1056937366293,28.07202003164642
2026-01-19T20:15:00+09:00,BMS-01,77.83439266424418,28.401789903359866
2026-01-19T20:20:00+09:00,BMS-01,21.170906617921627,28.61242731077109
2026-01-19T20:25:00+09:00,BMS-01,25.88074816423178,27.012796524482013
2026-01-19T20:30:00+09:00,BMS-01,65.89840559151457,26.03302640562051
2026-01-19T20:35:00+09:00,BMS-01,47.32455031982657,29.985087180181303
2026-01-19T20:40:00+09:00,BMS-01,63.08153429765758,28.91772170981332
2026-01-19T20:45:00+09:00,BMS-01,61.70321287560127,28.802207422383916
2026-01-19T20:50:00+09:00,BMS-01,60.214733635301975,30.966076936479173
2026-01-19T20:55:00+09:00,BMS-01,24.223069340961306,27.50623851467076
2026-01-19T21:00:00+09:00,BMS-01,69.6821871924041,30.411735326623752
2026-01-19T21:05:00+09:00,BMS-01,29.179494145438085,28.044888659754594
2026-01-19T21:10:00+09:00,BMS-01,31.572747191786096,29.64759834273702
2026-01-19T21:15:00+09:00,BMS-01,73.07715192355204,30.929184019953148
2026-01-19T21:20:00+09:00,BMS-01,81.02625336628226,25.653079824557825
2026-01-19T21:25:00+09:00,BMS-01,88.37646257688301,31.357770848453544
2026-01-19T21:30:00+09:00,BMS-01,57.10551763850698,29.27001006925987
2026-01-19T21:35:00+09:00,BMS-01,25.426270800957823,30.865039443550362
2026-01-19T21:40:00+09:00,BMS-01,32.09814013116785,30.54483798857491
2026-01-19T21:45:00+09:00,BMS-01,63.305393558399565,27.13821947038261
2026-01-19T21:50:00+09:00,BMS-01,33.46515347602717,30.98608723565787
2026-01-19T21:55:00+09:00,BMS-01,65.99821390798874,28.323011679635048
2026-01-19T22:00:00+09:00,BMS-01,47.09898137442208,25.625729827651558
2026-01-19T22:05:00+09:00,BMS-01,61.96442774183526,25.293585409950566
2026-01-19T22:10:00+09:00,BMS-01,43.39724789817185,28.42472518950304
2026-01-19T22:15:00+09:00,BMS-01,26.031327765278743,32.37598507477897
2026-01-19T22:20:00+09:00,BMS-01,33.92864891554413,31.999948226982987
2026-01-19T22:25:00+09:00,BMS-01,39.194529410131764,28.824310650189556
2026-01-19T22:30:00+09:00,BMS-01,30.281859625024293,28.606812886403972
2026-01-19T22:35:00+09:00,BMS-01,67.79984056782088,26.18711061652064
2026-01-19T22:40:00+09:00,BMS-01,88.14454151857605,32.139485477483205
2026-01-19T22:45:00+09:00,BMS-01,66.84337013321996,29.93419671505597
2026-01-19T22:50:00+09:00,BMS-01,26.43366874824687,29.932814609769864
2026-01-19T22:55:00+09:00,BMS-01,54.42422489621701,27.118911246168842
2026-01-19T23:00:00+09:00,BMS-01,49.35349512641265,30.7462904432393
2026-01-19T23:05:00+09:00,BMS-01,73.34924922413809,28.553971922213726
2026-01-19T23:10:00+09:00,BMS-01,60.420261674528376,27.99768202828448
2026-01-19T23:15:00+09:00,BMS-01,64.88201899665151,28.50752447036379
2026-01-19T23:20:00+09:00,BMS-01,43.309136733505866,30.298103797751626
2026-01-19T23:25:00+09:00,BMS-01,48.53937940202447,28.601072154997937
2026-01-19T23:30:00+09:00,BMS-01,21.690940709680877,31.005931976354166
2026-01-19T23:35:00+09:00,BMS-01,55.69786008518751,28.700312142648162
2026-01-19T23:40:00+09:00,BMS-01,89.32809329294356,29.671125976071064
2026-01-19T23:45:00+09:00,BMS-01,64.46994764024251,29.70109750542681
2026-01-19T23:50:00+09:00,BMS-01,39.441663693692895,26.27906653778964
2026-01-19T23:55:00+09:00,BMS-01,80.15781374024614,28.335985392324496
2026-01-20T00:00:00+09:00,BMS-01,67.04244904906992,29.46020958302634
2026-01-20T00:05:00+09:00,BMS-01,84.67969946634483,30.520059469599754
2026-01-20T00:10:00+09:00,BMS-01,87.0821524755624,29.14401820906215
2026-01-20T00:15:00+09:00,BMS-01,60.52190836580343,25.302646219365084
2026-01-20T00:20:00+09:00,BMS-01,82.63039442848543,31.29945427194234
2026-01-20T00:25:00+09:00,BMS-01,34.601483683306775,30.672102885759454
2026-01-20T00:30:00+09:00,BMS-01,24.696746925715484,32.14365515787573
2026-01-20T00:35:00+09:00,BMS-01,46.83053818478416,26.142930465614924
2026-01-20T00:40:00+09:00,BMS-01,52.65952703177577,28.53954113211308
2026-01-20T00:45:00+09:00,BMS-01,66.2181198212539,30.183825170987635
2026-01-20T00:50:00+09:00,BMS-01,24.746103714017256,27.848800988294915
2026-01-20T00:55:00+09:00,BMS-01,81.12576690010805,26.2247729299692
2026-01-20T01:00:00+09:00,BMS-01,26.186926158516776,29.723159122761913
2026-01-20T01:05:00+09:00,BMS-01,65.48015597508042,29.155426296561348
2026-01-20T01:10:00+09:00,BMS-01,57.76917970566374,31.709829162462636
2026-01-20T01:15:00+09:00,BMS-01,68.45964667822503,28.606317090250887
2026-01-20T01:20:00+09:00,BMS-01,53.365150624104366,31.015593685592137
2026-01-20T01:25:00+09:00,BMS-01,60.94822140274858,27.951740528656046
2026-01-20T01:30:00+09:00,BMS-01,88.19245150801356,29.023716308896642
2026-01-20T01:35:00+09:00,BMS-01,38.34187497934982,28.94977722386891
2026-01-20T01:40:00+09:00,BMS-01,47.890747113165624,29.459532666703574
2026-01-20T01:45:00+09:00,BMS-01,70.54772328949038,31.761244931554884
2026-01-20T01:50:00+09:00,BMS-01,76.40758885673333,28.560122619867776
2026-01-20T01:55:00+09:00,BMS-01,32.9661633230373,29.577984352263112
2026-01-20T02:00:00+09:00,BMS-01,72.80739801683393,32.19895468966969
2026-01-20T02:05:00+09:00,BMS-01,59.77371192984168,30.443626972483806
2026-01-20T02:10:00+09:00,BMS-01,69.69151628223149,30.2985035135588
2026-01-20T02:15:00+09:00,BMS-01,59.688276665071584,29.894587072787942
2026-01-20T02:20:00+09:00,BMS-01,21.724778577627117,32.479053250011916
2026-01-20T02:25:00+09:00,BMS-01,87.92756431667004,29.63214505806815
2026-01-20T02:30:00+09:00,BMS-01,43.48253779635591,26.009955557294504
2026-01-20T02:35:00+09:00,BMS-01,84.48771490936795,27.59283530194829
2026-01-20T02:40:00+09:00,BMS-01,86.80286717565893,28.93707371837453
2026-01-20T02:45:00+09:00,BMS-01,31.083705507532866,26.605130331078428
2026-01-20T02:50:00+09:00,BMS-01,76.2894815898247,31.53551760018044
2026-01-20T02:55:00+09:00,BMS-01,30.319012441206947,28.912962421723485
2026-01-20T03:00:00+09:00,BMS-01,35.280175830154704,32.75994986727155
2026-01-20T03:05:00+09:00,BMS-01,34.66075979932553,25.36010735608379
2026-01-20T03:10:00+09:00,BMS-01,77.82146938265184,30.134235425388457
2026-01-20T03:15:00+09:00,BMS-01,50.3424193873517,28.17814470553664
2026-01-20T03:20:00+09:00,BMS-01,70.7066203434161,27.575992750698305
2026-01-20T03:25:00+09:00,BMS-01,51.31068060417253,27.50058960848684
2026-01-20T03:30:00+09:00,BMS-01,40.9285375683924,32.11519536346978
2026-01-20T03:35:00+09:00,BMS-01,76.66979863352708,33.64476977702454
2026-01-20T03:40:00+09:00,BMS-01,39.821436238523525,29.510069621177884
2026-01-20T03:45:00+09:00,BMS-01,44.22707792457402,27.968093390518796
2026-01-20T03:50:00+09:00,BMS-01,25.997958871353877,29.490792942575926
2026-01-20T03:55:00+09:00,BMS-01,35.93389674377185,29.67245859198461
2026-01-20T04:00:00+09:00,BMS-01,78.03880979850686,27.88913141337989
2026-01-20T04:05:00+09:00,BMS-01,39.020895008422,31.062319376773385
2026-01-20T04:10:00+09:00,BMS-01,39.972109677447314,30.506731427746637
2026-01-20T04:15:00+09:00,BMS-01,59.045181826500865,30.75080345485178
2026-01-20T04:20:00+09:00,BMS-01,39.85490752079919,33.289933199858886
2026-01-20T04:25:00+09:00,BMS-01,47.589418858921306,27.069166798845373
2026-01-20T04:30:00+09:00,BMS-01,78.51401993340608,29.925616967794372
2026-01-20T04:35:00+09:00,BMS-01,80.07355599242064,30.573486851842823
2026-01-20T04:40:00+09:00,BMS-01,26.16762101403281,26.64788253170795
2026-01-20T04:45:00+09:00,BMS-01,28.57926354882736,28.068656455889037
2026-01-20T04:50:00+09:00,BMS-01,30.23486184394223,28.19368937953769
2026-01-20T04:55:00+09:00,BMS-01,88.04208293101325,30.162033965988677
2026-01-20T05:00:00+09:00,BMS-01,24.743835824750825,28.871362465157713
2026-01-20T05:05:00+09:00,BMS-01,41.48749202933955,32.933625614352586
2026-01-20T05:10:00+09:00,BMS-01,33.0576208568431,30.820705725146816
2026-01-20T05:15:00+09:00,BMS-01,30.500219732144053,29.21281587889555
2026-01-20T05:20:00+09:00,BMS-01,51.42722768531783,31.87673269545556
2026-01-20T05:25:00+09:00,BMS-01,84.44950565609996,23.618935282891776
2026-01-20T05:30:00+09:00,BMS-01,85.75982470942414,29.688260270033194
2026-01-20T05:35:00+09:00,BMS-01,20.45464856519365,24.338516870883602
2026-01-20T05:40:00+09:00,BMS-01,27.330644604984585,26.481346205798424
2026-01-20T05:45:00+09:00,BMS-01,76.28199313984337,24.07796116241073
2026-01-20T05:50:00+09:00,BMS-01,36.69533986884719,29.402387686429215
2026-01-20T05:55:00+09:00,BMS-01,49.27668641512584,30.372106526402476
2026-01-20T06:00:00+09:00,BMS-01,50.759411871322726,27.446233557572842
2026-01-20T06:05:00+09:00,BMS-01,69.40810836115331,26.574815695503094
2026-01-20T06:10:00+09:00,BMS-01,89.06174897066478,30.90563399586607
2026-01-20T06:15:00+09:00,BMS-01,53.57939430348979,25.496621419560572
2026-01-20T06:20:00+09:00,BMS-01,76.05663092427812,30.770645199693554
2026-01-20T06:25:00+09:00,BMS-01,36.26523314930949,28.065958498295664
2026-01-20T06:30:00+09:00,BMS-01,37.26242994337447,29.20865947733231
2026-01-20T06:35:00+09:00,BMS-01,50.72351955008175,28.773688753927832
2026-01-20T06:40:00+09:00,BMS-01,64.45376699414471,24.383903099927725
2026-01-20T06:45:00+09:00,BMS-01,62.67199131182001,29.940230817587853
2026-01-20T06:50:00+09:00,BMS-01,27.193635850813166,28.578355630687355
2026-01-20T06:55:00+09:00,BMS-01,50.39185759403094,27.101644789697367
2026-01-20T07:00:00+09:00,BMS-01,33.16037981035832,23.44586100240283
2026-01-20T07:05:00+09:00,BMS-01,21.31956686640941,30.743144670859337
2026-01-20T07:10:00+09:00,BMS-01,65.47616786009903,28.94632452111156
2026-01-20T07:15:00+09:00,BMS-01,85.43376055625674,28.733115450832777
2026-01-20T07:20:00+09:00,BMS-01,26.228978885997858,30.290961383734682
2026-01-20T07:25:00+09:00,BMS-01,46.755127125201724,30.453539105718253
2026-01-20T07:30:00+09:00,BMS-01,64.62610000092987,29.048459764447017
2026-01-20T07:35:00+09:00,BMS-01,60.71352853561659,31.589034487576182
2026-01-20T07:40:00+09:00,BMS-01,60.94769283427555,31.468053777226984
2026-01-20T07:45:00+09:00,BMS-01,61.21681389329395,29.897923753202242
2026-01-20T07:50:00+09:00,BMS-01,86.217004121501,30.19364549179569
2026-01-20T07:55:00+09:00,BMS-01,52.73396595950921,31.352857427879933
2026-01-20T08:00:00+09:00,BMS-01,79.50980693892295,30.187338958008098
2026-01-20T08:05:00+09:00,BMS-01,66.69710231523749,29.48088109843461
2026-01-20T08:10:00+09:00,BMS-01,34.602394803503124,28.56837810357376
2026-01-20T08:15:00+09:00,BMS-01,44.92091764486994,26.857736742691802
2026-01-20T08:20:00+09:00,BMS-01,58.58201612062523,26.109696029691786
2026-01-20T08:25:00+09:00,BMS-01,86.27757415501763,27.873441311559578
2026-01-20T08:30:00+09:00,BMS-01,49.234438733749336,26.98377079884442
2026-01-20T08:35:00+09:00,BMS-01,62.1006411139794,28.952790812990603
2026-01-20T08:40:00+09:00,BMS-01,78.13706904509374,30.318507661564748
2026-01-20T08:45:00+09:00,BMS-01,26.220883002457384,31.325319447815414
2026-01-20T08:50:00+09:00,BMS-01,82.25133338367594,29.008084734069598
2026-01-20T08:55:00+09:00,BMS-01,33.54943237960748,28.278151002866394
2026-01-20T09:00:00+09:00,BMS-01,38.66526745016551,26.438431596637642
2026-01-20T09:05:00+09:00,BMS-01,72.59053599953309,28.865884174904537
2026-01-20T09:10:00+09:00,BMS-01,37.99531985308846,27.97182427512113
2026-01-20T09:15:00+09:00,BMS-01,83.04487844106718,26.316242583775185
2026-01-20T09:20:00+09:00,BMS-01,28.345763571328096,33.42639891606985
2026-01-20T09:25:00+09:00,BMS-01,27.272326316350178,29.655510296121534
2026-01-20T09:30:00+09:00,BMS-01,26.067884841271997,27.63271744565822
2026-01-20T09:35:00+09:00,BMS-01,27.358453762575994,30.560220406344754
2026-01-20T09:40:00+09:00,BMS-01,82.12732387514481,28.195462164371968
2026-01-20T09:45:00+09:00,BMS-01,86.2811300872024,28.40368098467815
2026-01-20T09:50:00+09:00,BMS-01,56.06650681575186,25.80315579098622
2026-01-20T09:55:00+09:00,BMS-01,30.022888521846042,32.6491557891236
2026-01-20T10:00:00+09:00,BMS-01,26.945869787935614,26.627640643846753
2026-01-20T10:05:00+09:00,BMS-01,58.78076064214751,31.395527696164834
2026-01-20T10:10:00+09:00,BMS-01,46.58126877075811,26.055352222371404
2026-01-20T10:15:00+09:00,BMS-01,32.51123292497819,28.85875774762734
2026-01-20T10:20:00+09:00,BMS-01,86.63703942612194,26.016746795873978
2026-01-20T10:25:00+09:00,BMS-01,48.239207370101326,27.501916585381796
2026-01-20T10:30:00+09:00,BMS-01,85.80531737503173,31.26946356707875
2026-01-20T10:35:00+09:00,BMS-01,50.77009601867668,27.492656934156408
2026-01-20T10:40:00+09:00,BMS-01,30.706670835273016,30.601982047365652
2026-01-20T10:45:00+09:00,BMS-01,46.7205576304478,30.624814847591363
2026-01-20T10:50:00+09:00,BMS-01,30.97025866168066,30.318108888408204
2026-01-20T10:55:00+09:00,BMS-01,68.40527490952894,25.459820053431795
2026-01-20T11:00:00+09:00,BMS-01,85.20404501494156,29.96899193892085
2026-01-20T11:05:00+09:00,BMS-01,44.12543082622039,26.59359098145329
2026-01-20T11:10:00+09:00,BMS-01,58.42131813724003,28.854779576002247
2026-01-20T11:15:00+09:00,BMS-01,54.89256302146939,30.21880437680231
2026-01-20T11:20:00+09:00,BMS-01,21.914659315903656,28.557476831441146
2026-01-20T11:25:00+09:00,BMS-01,87.67673701404233,28.30899813652986
2026-01-20T11:30:00+09:00,BMS-01,58.73534691545369,26.438294559092203
2026-01-20T11:35:00+09:00,BMS-01,73.30291216755292,25.05117503414277
2026-01-20T11:40:00+09:00,BMS-01,75.13520975284136,25.403784515995245
2026-01-20T11:45:00+09:00,BMS-01,57.68195550662408,29.32029188145587
2026-01-20T11:50:00+09:00,BMS-01,85.66894549677275,28.936827242900655
2026-01-20T11:55:00+09:00,BMS-01,52.066437196707,27.901089820685726
2026-01-20T12:00:00+09:00,BMS-01,26.086788310438315,31.60342102958744
2026-01-20T12:05:00+09:00,BMS-01,74.38815302849743,31.736829095004765
2026-01-20T12:10:00+09:00,BMS-01,60.294597404480115,27.103316146814525
2026-01-20T12:15:00+09:00,BMS-01,49.066513909968926,30.539412560761903
2026-01-20T12:20:00+09:00,BMS-01,45.816436639735215,31.064943892707646
2026-01-20T12:25:00+09:00,BMS-01,72.59425372808487,25.176834869284193
2026-01-20T12:30:00+09:00,BMS-01,39.54290061261937,30.833426765929197
2026-01-20T12:35:00+09:00,BMS-01,33.44104058388615,28.80593042224867
2026-01-20T12:40:00+09:00,BMS-01,57.80479725965749,26.815168063301613
2026-01-20T12:45:00+09:00,BMS-01,24.83544483913835,27.491117192619143
2026-01-20T12:50:00+09:00,BMS-01,74.8532055099958,26.69532736627479
2026-01-20T12:55:00+09:00,BMS-01,67.63063462399579,30.22473389914381
2026-01-20T13:00:00+09:00,BMS-01,80.74871928330873,28.98052669633593
2026-01-20T13:05:00+09:00,BMS-01,23.839960237774463,30.152211711306673
2026-01-20T13:10:00+09:00,BMS-01,49.35657986673201,29.562420259740527
2026-01-20T13:15:00+09:00,BMS-01,48.762196509427575,32.78736523722707
2026-01-20T13:20:00+09:00,BMS-01,84.67816097736656,32.29155627942212
2026-01-20T13:25:00+09:00,BMS-01,81.30274969115435,28.63612194589302
2026-01-20T13:30:00+09:00,BMS-01,85.52736184701197,28.281927777727883
2026-01-20T13:35:00+09:00,BMS-01,20.10233315012362,29.31697752711343
2026-01-20T13:40:00+09:00,BMS-01,89.74579110035828,27.520252564964295
2026-01-20T13:45:00+09:00,BMS-01,49.185865245654824,28.273420997477967
2026-01-20T13:50:00+09:00,BMS-01,30.200392573545187,30.274849268246843
2026-01-20T13:55:00+09:00,BMS-01,33.451748879353296,28.492659676370526
2026-01-20T14:00:00+09:00,BMS-01,49.834421565950386,27.155306340910904
2026-01-20T14:05:00+09:00,BMS-01,40.45832129701374,27.739352420385945
2026-01-20T14:10:00+09:00,BMS-01,68.04061817428276,25.21860832936461
2026-01-20T14:15:00+09:00,BMS-01,71.71613779823707,31.09457607457774
2026-01-20T14:20:00+09:00,BMS-01,68.43404905741549,29.812072082495252
2026-01-20T14:25:00+09:00,BMS-01,38.12808973276108,30.162208936921296
2026-01-20T14:30:00+09:00,BMS-01,39.83574867369421,31.26823069442741
2026-01-20T14:35:00+09:00,BMS-01,43.737507593580986,34.197783515978884
2026-01-20T14:40:00+09:00,BMS-01,25.01463305542363,26.10493511457647
2026-01-20T14:45:00+09:00,BMS-01,70.31104189402127,30.831664141585822
2026-01-20T14:50:00+09:00,BMS-01,32.42107592325813,29.501264885680335
2026-01-20T14:55:00+09:00,BMS-01,77.1838256405428,30.297818843898355
2026-01-20T15:00:00+09:00,BMS-01,50.78159662838873,32.54418023161092
2026-01-20T15:05:00+09:00,BMS-01,59.376782842549794,24.481339264204617
2026-01-20T15:10:00+09:00,BMS-01,28.41491012933583,26.842036766075086
2026-01-20T15:15:00+09:00,BMS-01,53.51966720504245,28.557532833967866
2026-01-20T15:20:00+09:00,BMS-01,68.47238752220849,30.166158843947372
2026-01-20T15:25:00+09:00,BMS-01,37.415703180143225,27.71928111987807
2026-01-20T15:30:00+09:00,BMS-01,48.66726412419086,29.86337400616859
2026-01-20T15:35:00+09:00,BMS-01,88.5259931095231,28.145251754078195
2026-01-20T15:40:00+09:00,BMS-01,62.06159950257826,32.27695836182184
2026-01-20T15:45:00+09:00,BMS-01,41.167992398683815,27.318416381642642
2026-01-20T15:50:00+09:00,BMS-01,22.788322704705422,29.68217522289935
2026-01-20T15:55:00+09:00,BMS-01,25.90270656219084,26.333426008564864
2026-01-20T16:00:00+09:00,BMS-01,43.88129621081751,28.591621299491607
2026-01-20T16:05:00+09:00,BMS-01,30.27448145303915,29.535487274962996
2026-01-20T16:10:00+09:00,BMS-01,69.4350772293488,25.559249973065647
2026-01-20T16:15:00+09:00,BMS-01,52.19980919400846,30.21295871455031
2026-01-20T16:20:00+09:00,BMS-01,78.39468498682812,26.002236849797406
2026-01-20T16:25:00+09:00,BMS-01,41.20099161516347,26.788919547608195
2026-01-20T16:30:00+09:00,BMS-01,24.141528808034355,29.122299847502457
2026-01-20T16:35:00+09:00,BMS-01,76.00436469700729,29.408716679798673
2026-01-20T16:40:00+09:00,BMS-01,59.031849237552194,24.719333946463472
2026-01-20T16:45:00+09:00,BMS-01,31.848472295299736,28.911570615112232
2026-01-20T16:50:00+09:00,BMS-01,76.88600850239763,30.076811532945214
2026-01-20T16:55:00+09:00,BMS-01,21.51309487770325,29.81387674077509
2026-01-20T17:00:00+09:00,BMS-01,23.016029710022412,29.322324041762762
2026-01-20T17:05:00+09:00,BMS-01,26.10698560099679,27.050875321999474
2026-01-20T17:10:00+09:00,BMS-01,58.05467391775606,26.61297967035722
2026-01-20T17:15:00+09:00,BMS-01,45.80988739550912,28.32509924148517
2026-01-20T17:20:00+09:00,BMS-01,44.30950193114058,31.06288915869064
2026-01-20T17:25:00+09:00,BMS-01,87.81850042097004,26.38627735911514
2026-01-20T17:30:00+09:00,BMS-01,24.193012433598376,29.721890125878428
2026-01-20T17:35:00+09:00,BMS-01,79.31954440279725,30.072142133747963
2026-01-20T17:40:00+09:00,BMS-01,53.509968381868056,29.79109654686448
2026-01-20T17:45:00+09:00,BMS-01,29.585123708050364,32.58921760380275
2026-01-20T17:50:00+09:00,BMS-01,58.66135811244441,31.506207174497558
2026-01-20T17:55:00+09:00,BMS-01,28.010328693699677,29.1127477086033
2026-01-20T18:00:00+09:00,BMS-01,42.670323599272734,26.969937719164985
2026-01-20T18:05:00+09:00,BMS-01,39.917325579771685,28.4199713566755
2026-01-20T18:10:00+09:00,BMS-01,21.125030992823355,32.244499259677816
2026-01-20T18:15:00+09:00,BMS-01,29.95701702295331,29.86665015388341
2026-01-20T18:20:00+09:00,BMS-01,77.30918774723821,29.230061489235585
2026-01-20T18:25:00+09:00,BMS-01,33.57578305554447,30.413731748996742
2026-01-20T18:30:00+09:00,BMS-01,60.597902172233695,25.11185079991823
2026-01-20T18:35:00+09:00,BMS-01,28.649421992384017,29.83282957054281
2026-01-20T18:40:00+09:00,BMS-01,85.82366832382655,26.179564756719802
2026-01-20T18:45:00+09:00,BMS-01,22.601765364673028,28.948508353466266
2026-01-20T18:50:00+09:00,BMS-01,38.87075637808236,30.289817285387926
2026-01-20T18:55:00+09:00,BMS-01,42.067451921080135,25.66123252386382
2026-01-20T19:00:00+09:00,BMS-01,81.47901062889422,29.785745126313763
2026-01-20T19:05:00+09:00,BMS-01,40.433352788160036,33.04530516223113
2026-01-20T19:10:00+09:00,BMS-01,86.54314037250447,26.782994599888166
2026-01-20T19:15:00+09:00,BMS-01,76.94762073738964,27.65979323551059
2026-01-20T19:20:00+09:00,BMS-01,50.00498725445049,31.05511864237832
2026-01-20T19:25:00+09:00,BMS-01,49.385315101348134,28.31817931469956
2026-01-20T19:30:00+09:00,BMS-01,69.72627324195376,29.577700435785165
2026-01-20T19:35:00+09:00,BMS-01,87.17885271479084,29.78771647601149
2026-01-20T19:40:00+09:00,BMS-01,84.26100368508736,28.266812913745685
2026-01-20T19:45:00+09:00,BMS-01,69.47880226195915,29.721696598106433
2026-01-20T19:50:00+09:00,BMS-01,29.67237381260685,28.085034755478983
2026-01-20T19:55:00+09:00,BMS-01,32.646837815619456,29.05061436429227
2026-01-20T20:00:00+09:00,BMS-01,42.22716496319732,26.75644448072218
2026-01-20T20:05:00+09:00,BMS-01,84.49455072061576,26.26749234095209
2026-01-20T20:10:00+09:00,BMS-01,77.93671808425718,30.37036669556517
2026-01-20T20:15:00+09:00,BMS-01,74.01180656838044,28.166299109947804
2026-01-20T20:20:00+09:00,BMS-01,25.14396515630785,28.538589368186837
2026-01-20T20:25:00+09:00,BMS-01,37.445024820631495,29.17581512559786
2026-01-20T20:30:00+09:00,BMS-01,76.54668532217832,29.269521113614452
2026-01-20T20:35:00+09:00,BMS-01,70.23948180120318,28.310188786353336
2026-01-20T20:40:00+09:00,BMS-01,66.62058524088246,29.672968971675623
2026-01-20T20:45:00+09:00,BMS-01,43.64002326320067,31.06465825176726
2026-01-20T20:50:00+09:00,BMS-01,56.795793780528555,30.41894007275947
2026-01-20T20:55:00+09:00,BMS-01,44.234667235737156,30.312694562322424
2026-01-20T21:00:00+09:00,BMS-01,67.05124609160568,29.5496119875048
2026-01-20T21:05:00+09:00,BMS-01,49.38550496023984,32.14162405382962
2026-01-20T21:10:00+09:00,BMS-01,67.40281530473767,30.24155434489465
2026-01-20T21:15:00+09:00,BMS-01,67.01299118172275,30.94484936994993
2026-01-20T21:20:00+09:00,BMS-01,21.777946370482557,29.318687854323482
2026-01-20T21:25:00+09:00,BMS-01,67.647917020419,29.1788257896629
2026-01-20T21:30:00+09:00,BMS-01,57.47229703956857,26.14726303791709
2026-01-20T21:35:00+09:00,BMS-01,66.5337252656901,28.022864973062617
2026-01-20T21:40:00+09:00,BMS-01,25.826096702128297,29.800492545083543
2026-01-20T21:45:00+09:00,BMS-01,23.456502653785027,27.907590019355194
2026-01-20T21:50:00+09:00,BMS-01,32.29766995867108,28.83705145593172
2026-01-20T21:55:00+09:00,BMS-01,27.41833497875873,29.3293189534484
2026-01-20T22:00:00+09:00,BMS-01,41.922315668505924,27.460136381501467
2026-01-20T22:05:00+09:00,BMS-01,75.01870884414664,29.08594670990701
2026-01-20T22:10:00+09:00,BMS-01,43.78819824681535,30.072363342910474
2026-01-20T22:15:00+09:00,BMS-01,52.23794866447596,32.89797115989979
2026-01-20T22:20:00+09:00,BMS-01,25.331721288907683,29.129388499579512
2026-01-20T22:25:00+09:00,BMS-01,37.88043701122033,29.79350010135356
2026-01-20T22:30:00+09:00,BMS-01,36.18727203780653,28.21583390558941
2026-01-20T22:35:00+09:00,BMS-01,50.412543661248165,27.830862913241447
2026-01-20T22:40:00+09:00,BMS-01,45.74576379578742,32.45523595806561
2026-01-20T22:45:00+09:00,BMS-01,31.733648810794698,28.99165915804056
2026-01-20T22:50:00+09:00,BMS-01,56.727060657924625,27.20894160969386
2026-01-20T22:55:00+09:00,BMS-01,67.5536612043762,28.036035313510066
2026-01-20T23:00:00+09:00,BMS-01,81.51347762957828,34.12306594600276
2026-01-20T23:05:00+09:00,BMS-01,41.38327599565795,23.636525845965426
2026-01-20T23:10:00+09:00,BMS-01,37.33499401671375,32.32263015628413
2026-01-20T23:15:00+09:00,BMS-01,86.19318112748618,27.508898456809014
2026-01-20T23:20:00+09:00,BMS-01,81.00959866006606,32.07864673702882
2026-01-20T23:25:00+09:00,BMS-01,65.94131196564365,26.9208946261151
2026-01-20T23:30:00+09:00,BMS-01,63.00217714776654,28.262823225489868
2026-01-20T23:35:00+09:00,BMS-01,47.46927434089444,27.060526615976535
2026-01-20T23:40:00+09:00,BMS-01,41.070978316015115,29.778679645676842
2026-01-20T23:45:00+09:00,BMS-01,34.657660864082764,30.780104118164836
2026-01-20T23:50:00+09:00,BMS-01,73.40911940929078,27.884772755325944
2026-01-20T23:55:00+09:00,BMS-01,38.303074442557794,26.446456032376325
2026-01-21T00:00:00+09:00,BMS-01,33.81896437944451,28.744016774076897
2026-01-21T00:05:00+09:00,BMS-01,21.362306842305568,31.554116099475543
2026-01-21T00:10:00+09:00,BMS-01,65.88192109116001,30.077012414357366
2026-01-21T00:15:00+09:00,BMS-01,70.0886252429595,29.799746988852988
2026-01-21T00:20:00+09:00,BMS-01,78.59585533553336,28.969480934755037
2026-01-21T00:25:00+09:00,BMS-01,53.73065728718957,29.802275341265005
2026-01-21T00:30:00+09:00,BMS-01,28.110265937700557,27.668936440987896
2026-01-21T00:35:00+09:00,BMS-01,50.30451611814209,30.407141869099753
2026-01-21T00:40:00+09:00,BMS-01,81.18538558659164,28.457786419827027
2026-01-21T00:45:00+09:00,BMS-01,87.38875665812965,31.360100364991517
2026-01-21T00:50:00+09:00,BMS-01,69.35596640152878,28.178474400117555
2026-01-21T00:55:00+09:00,BMS-01,41.94902890855498,28.34215973197405
2026-01-21T01:00:00+09:00,BMS-01,73.37403268746817,30.658744709136485
2026-01-21T01:05:00+09:00,BMS-01,87.4949151121239,28.676459775497978
2026-01-21T01:10:00+09:00,BMS-01,87.35587416881414,32.72414850365242
2026-01-21T01:15:00+09:00,BMS-01,60.236658538108465,26.590788755921817
2026-01-21T01:20:00+09:00,BMS-01,27.919156337985527,26.5642388921178
2026-01-21T01:25:00+09:00,BMS-01,47.591184497111286,28.44553339701081
2026-01-21T01:30:00+09:00,BMS-01,70.36702695329278,30.156916290625652
2026-01-21T01:35:00+09:00,BMS-01,35.37095601888098,29.286234230444613
2026-01-21T01:40:00+09:00,BMS-01,86.89198877268892,27.273882497813865
2026-01-21T01:45:00+09:00,BMS-01,28.213128779177474,27.106138359127396
2026-01-21T01:50:00+09:00,BMS-01,77.7063312519934,32.06744503880233
2026-01-21T01:55:00+09:00,BMS-01,24.51519198749692,29.93298565596708
2026-01-21T02:00:00+09:00,BMS-01,35.717628851356764,28.080683131372833
2026-01-21T02:05:00+09:00,BMS-01,65.50319485631333,29.95621877899768
2026-01-21T02:10:00+09:00,BMS-01,53.52178912561476,30.28381489497506
2026-01-21T02:15:00+09:00,BMS-01,32.18559342260308,26.015237622050986
2026-01-21T02:20:00+09:00,BMS-01,63.4083114629601,30.34276849737693
2026-01-21T02:25:00+09:00,BMS-01,50.901599956237604,28.387675285528516
2026-01-21T02:30:00+09:00,BMS-01,26.044912667472673,28.997230959322597
2026-01-21T02:35:00+09:00,BMS-01,31.253326235810768,27.448200346084818
2026-01-21T02:40:00+09:00,BMS-01,78.888555283872,29.857823342881478
2026-01-21T02:45:00+09:00,BMS-01,24.305030153454993,28.49576433416617
2026-01-21T02:50:00+09:00,BMS-01,28.456125590768572,26.58000886779626
2026-01-21T02:55:00+09:00,BMS-01,52.64160898450585,27.811470761833842
2026-01-21T03:00:00+09:00,BMS-01,29.36994701732783,28.390033216602713
2026-01-21T03:05:00+09:00,BMS-01,79.40558515473013,29.6672267300475
2026-01-21T03:10:00+09:00,BMS-01,20.99031918148044,31.23926715147765
2026-01-21T03:15:00+09:00,BMS-01,60.91076388644805,27.091576153074733
2026-01-21T03:20:00+09:00,BMS-01,48.682768757378774,28.7896714470742
2026-01-21T03:25:00+09:00,BMS-01,85.92925317143781,27.515255472285865
2026-01-21T03:30:00+09:00,BMS-01,34.48077514468835,29.572149196871617
2026-01-21T03:35:00+09:00,BMS-01,47.431080512593795,30.0553913226828
2026-01-21T03:40:00+09:00,BMS-01,25.43522917740819,26.440858188287557
2026-01-21T03:45:00+09:00,BMS-01,64.69863292295003,29.285257517694557
2026-01-21T03:50:00+09:00,BMS-01,40.34220340458535,31.205729238513218
2026-01-21T03:55:00+09:00,BMS-01,38.11951724814901,28.889150557765173
2026-01-21T04:00:00+09:00,BMS-01,46.045378718699,30.199141881228446
2026-01-21T04:05:00+09:00,BMS-01,20.941522306474813,30.52083644722042
2026-01-21T04:10:00+09:00,BMS-01,54.94607275544114,30.83540155286253
2026-01-21T04:15:00+09:00,BMS-01,62.5302448177369,28.413306541974432
2026-01-21T04:20:00+09:00,BMS-01,89.37811101211986,26.959397556891147
2026-01-21T04:25:00+09:00,BMS-01,24.927932980431137,31.059201973840068
2026-01-21T04:30:00+09:00,BMS-01,25.441243017608336,28.579855364402253
2026-01-21T04:35:00+09:00,BMS-01,66.26442067927273,25.52257716121303
2026-01-21T04:40:00+09:00,BMS-01,35.88970619433131,27.685408261291
2026-01-21T04:45:00+09:00,BMS-01,49.08377657117572,27.756921719554228
2026-01-21T04:50:00+09:00,BMS-01,46.98876167285528,28.0244973046007
2026-01-21T04:55:00+09:00,BMS-01,28.968293913647667,30.50279507516736
2026-01-21T05:00:00+09:00,BMS-01,56.96672903496081,27.039878452202903
2026-01-21T05:05:00+09:00,BMS-01,36.61725821159496,26.87400463261586
2026-01-21T05:10:00+09:00,BMS-01,36.132618793621255,31.911243746548145
2026-01-21T05:15:00+09:00,BMS-01,30.56214946988884,27.919939374189273
2026-01-21T05:20:00+09:00,BMS-01,43.273145711439334,28.524290548439758
2026-01-21T05:25:00+09:00,BMS-01,52.779694265389,26.416973666992458
2026-01-21T05:30:00+09:00,BMS-01,39.9776402691155,29.751288149517496
2026-01-21T05:35:00+09:00,BMS-01,85.66420636408847,27.549964561385124
2026-01-21T05:40:00+09:00,BMS-01,46.07344103807279,31.67922013247001
2026-01-21T05:45:00+09:00,BMS-01,82.78021159997236,28.895548650665823
2026-01-21T05:50:00+09:00,BMS-01,35.96669742001098,27.188975431816665
2026-01-21T05:55:00+09:00,BMS-01,55.661891706870215,23.99550507107399
2026-01-21T06:00:00+09:00,BMS-01,49.77903453317875,28.34786458468263
2026-01-21T06:05:00+09:00,BMS-01,87.15729230712445,27.533242858996157
2026-01-21T06:10:00+09:00,BMS-01,68.778766149121,25.074001281434423
2026-01-21T06:15:00+09:00,BMS-01,26.512427260669217,25.336626771301265
2026-01-21T06:20:00+09:00,BMS-01,26.812922147192843,29.08224299103773
2026-01-21T06:25:00+09:00,BMS-01,23.595398969116804,26.09438622134585
2026-01-21T06:30:00+09:00,BMS-01,44.65032003974535,30.64052446894493
2026-01-21T06:35:00+09:00,BMS-01,47.62372264584799,27.5402333800019
2026-01-21T06:40:00+09:00,BMS-01,70.83007737308068,31.02439509186963
2026-01-21T06:45:00+09:00,BMS-01,25.446782104750874,31.72631580249432
2026-01-21T06:50:00+09:00,BMS-01,44.87138278573085,30.506201456962714
2026-01-21T06:55:00+09:00,BMS-01,74.7681074432407,31.93085499671855
2026-01-21T07:00:00+09:00,BMS-01,72.0749500956284,28.488945136055488
2026-01-21T07:05:00+09:00,BMS-01,62.900848219154504,26.977162721930974
2026-01-21T07:10:00+09:00,BMS-01,35.65126846993286,27.89059082691517
2026-01-21T07:15:00+09:00,BMS-01,23.197681396263924,32.07808675862862
2026-01-21T07:20:00+09:00,BMS-01,40.615165444215464,27.093711079826882
2026-01-21T07:25:00+09:00,BMS-01,43.5021635231975,30.198454327280373
2026-01-21T07:30:00+09:00,BMS-01,63.82552141950235,27.791170990279213
2026-01-21T07:35:00+09:00,BMS-01,45.22789195606268,28.822308653041063
2026-01-21T07:40:00+09:00,BMS-01,65.08886176645322,25.930632265379636
2026-01-21T07:45:00+09:00,BMS-01,57.0754605446066,29.868756691799273
2026-01-21T07:50:00+09:00,BMS-01,46.13308476558265,27.859834800720662
2026-01-21T07:55:00+09:00,BMS-01,60.66386192938247,27.299146502244895
2026-01-21T08:00:00+09:00,BMS-01,72.06482389139885,28.475495208607406
2026-01-21T08:05:00+09:00,BMS-01,79.44884423043436,30.22709504645911
2026-01-21T08:10:00+09:00,BMS-01,77.04858706458809,31.53042308150057
2026-01-21T08:15:00+09:00,BMS-01,65.42596632562784,29.716636971281964
2026-01-21T08:20:00+09:00,BMS-01,44.90356480686816,29.143531433720042
2026-01-21T08:25:00+09:00,BMS-01,75.12297173774161,28.486485524965286
2026-01-21T08:30:00+09:00,BMS-01,26.94021239624347,28.704737443744097
2026-01-21T08:35:00+09:00,BMS-01,61.59411290772714,28.277829627236976
2026-01-21T08:40:00+09:00,BMS-01,35.32777017219435,28.458531199083325
2026-01-21T08:45:00+09:00,BMS-01,70.51633590627793,31.772397825139908
2026-01-21T08:50:00+09:00,BMS-01,72.09201576906503,30.516772444558317
2026-01-21T08:55:00+09:00,BMS-01,50.66950760708267,25.941761938887364
2026-01-21T09:00:00+09:00,BMS-01,85.14636643119985,30.733497495255577
2026-01-21T09:05:00+09:00,BMS-01,45.52595674309895,28.774532306034697
2026-01-21T09:10:00+09:00,BMS-01,40.79986736040958,28.512443198148677
2026-01-21T09:15:00+09:00,BMS-01,34.51367213642338,30.692307487235873
2026-01-21T09:20:00+09:00,BMS-01,67.24172909777072,27.51322167411929
2026-01-21T09:25:00+09:00,BMS-01,55.547026583664326,29.746852806251997
2026-01-21T09:30:00+09:00,BMS-01,49.888280357066236,28.889451834745852
2026-01-21T09:35:00+09:00,BMS-01,64.76620515177002,28.63156896911687
2026-01-21T09:40:00+09:00,BMS-01,86.31466613980912,27.031433847899326
2026-01-21T09:45:00+09:00,BMS-01,34.09588280303035,28.29947826769568
2026-01-21T09:50:00+09:00,BMS-01,78.3799820313982,27.609486730586315
2026-01-21T09:55:00+09:00,BMS-01,61.63203264406384,28.621147046331153
2026-01-21T10:00:00+09:00,BMS-01,81.7258952414505,29.37809745880737
2026-01-21T10:05:00+09:00,BMS-01,67.32507188749234,26.031270116501677
2026-01-21T10:10:00+09:00,BMS-01,66.26493589761934,26.176400452403552
2026-01-21T10:15:00+09:00,BMS-01,46.254495329431926,31.713010308134464
2026-01-21T10:20:00+09:00,BMS-01,78.5335348800996,29.450272725958936
2026-01-21T10:25:00+09:00,BMS-01,70.45141128518635,29.33568530685755
2026-01-21T10:30:00+09:00,BMS-01,85.27293962980957,24.19821809183226
2026-01-21T10:35:00+09:00,BMS-01,33.92489915546619,29.56522286267481
2026-01-21T10:40:00+09:00,BMS-01,76.5659109395996,26.201016533601027
2026-01-21T10:45:00+09:00,BMS-01,78.46472818923623,26.676642326753907
2026-01-21T10:50:00+09:00,BMS-01,40.548913203180746,32.50133551073835
2026-01-21T10:55:00+09:00,BMS-01,56.8690609412011,24.447228667343275
2026-01-21T11:00:00+09:00,BMS-01,41.570095458324346,27.42570082536165
2026-01-21T11:05:00+09:00,BMS-01,36.90556255476062,26.335235502547985
2026-01-21T11:10:00+09:00,BMS-01,59.93086211981247,31.588477639244516
2026-01-21T11:15:00+09:00,BMS-01,72.81689880580909,28.21604015166529
2026-01-21T11:20:00+09:00,BMS-01,36.67004871511062,27.074861354113423
2026-01-21T11:25:00+09:00,BMS-01,42.820483459923054,28.985992629643828
2026-01-21T11:30:00+09:00,BMS-01,29.341996923979934,26.76201996669744
2026-01-21T11:35:00+09:00,BMS-01,56.343411496327505,29.6497397894938
2026-01-21T11:40:00+09:00,BMS-01,46.19371208224471,26.951675563940142
2026-01-21T11:45:00+09:00,BMS-01,53.86855712080153,30.576773782761748
2026-01-21T11:50:00+09:00,BMS-01,45.06897738656464,29.295934958343345
2026-01-21T11:55:00+09:00,BMS-01,73.56107659972228,28.954877427210235
2026-01-21T12:00:00+09:00,BMS-01,37.93182465234201,28.055466361037325
2026-01-21T12:05:00+09:00,BMS-01,78.94555496987125,32.1232893318917
2026-01-21T12:10:00+09:00,BMS-01,64.07286939338896,30.22181061427212
2026-01-21T12:15:00+09:00,BMS-01,26.941562547865068,28.601629277575565
2026-01-21T12:20:00+09:00,BMS-01,28.74160213251887,29.086527691864838
2026-01-21T12:25:00+09:00,BMS-01,59.07683777436496,29.66370811743287
2026-01-21T12:30:00+09:00,BMS-01,43.62337297720848,28.417063724284304
2026-01-21T12:35:00+09:00,BMS-01,44.814267735640804,29.766761150607582
2026-01-21T12:40:00+09:00,BMS-01,61.354252338096174,28.62647867059476
2026-01-21T12:45:00+09:00,BMS-01,68.98912433982224,32.10782954247209
2026-01-21T12:50:00+09:00,BMS-01,39.63460426521347,30.856305915789466
2026-01-21T12:55:00+09:00,BMS-01,49.54780249839169,27.375019807029283
2026-01-21T13:00:00+09:00,BMS-01,68.08849969917797,27.930180114606475
2026-01-21T13:05:00+09:00,BMS-01,61.08317868848877,27.027846547953047
2026-01-21T13:10:00+09:00,BMS-01,20.00713337930795,28.088105450185967
2026-01-21T13:15:00+09:00,BMS-01,55.69018711513551,25.918721038182774
2026-01-21T13:20:00+09:00,BMS-01,78.20656364512318,27.15061002407515
2026-01-21T13:25:00+09:00,BMS-01,66.50938502944206,32.399945446308166
2026-01-21T13:30:00+09:00,BMS-01,31.85143742445089,26.556296682846277
2026-01-21T13:35:00+09:00,BMS-01,73.37123454691053,29.10353278345625
2026-01-21T13:40:00+09:00,BMS-01,29.368617285955214,25.160119201216144
2026-01-21T13:45:00+09:00,BMS-01,87.34680805263939,29.552241010375102
2026-01-21T13:50:00+09:00,BMS-01,52.86579228155857,28.66910231608559
2026-01-21T13:55:00+09:00,BMS-01,71.77557056069946,30.030177248589425
2026-01-21T14:00:00+09:00,BMS-01,34.83506340348587,33.58609647480801
2026-01-21T14:05:00+09:00,BMS-01,55.65444696532759,30.040908355144936
2026-01-21T14:10:00+09:00,BMS-01,85.49852844092025,27.599045882348697
2026-01-21T14:15:00+09:00,BMS-01,45.46794540937009,27.833914979777298
2026-01-21T14:20:00+09:00,BMS-01,85.99752718931944,28.31896441911586
2026-01-21T14:25:00+09:00,BMS-01,48.20512648684748,27.714152598318258
2026-01-21T14:30:00+09:00,BMS-01,82.35941086990636,29.26796713847314
2026-01-21T14:35:00+09:00,BMS-01,44.54047564001522,30.207772767377445
2026-01-21T14:40:00+09:00,BMS-01,88.85206975877533,31.633857850760513
2026-01-21T14:45:00+09:00,BMS-01,64.42981002679227,33.316325242349066
2026-01-21T14:50:00+09:00,BMS-01,78.64699667920067,28.780553102775155
2026-01-21T14:55:00+09:00,BMS-01,20.38514359911149,31.894420636098452
2026-01-21T15:00:00+09:00,BMS-01,71.45012221705842,25.778693324813744
2026-01-21T15:05:00+09:00,BMS-01,27.698032966868865,32.044607642910655
2026-01-21T15:10:00+09:00,BMS-01,33.497437224111046,29.811927242112056
2026-01-21T15:15:00+09:00,BMS-01,89.2619655009297,24.88743183477025
2026-01-21T15:20:00+09:00,BMS-01,30.693475055098034,26.06585045827459
2026-01-21T15:25:00+09:00,BMS-01,64.45885391357494,31.317935111655423
2026-01-21T15:30:00+09:00,BMS-01,27.212639975558293,30.414773943332218
2026-01-21T15:35:00+09:00,BMS-01,68.74445281009588,25.215630581344215
2026-01-21T15:40:00+09:00,BMS-01,85.21070312089547,31.687205669855242
2026-01-21T15:45:00+09:00,BMS-01,51.311560841036524,30.84495990139131
2026-01-21T15:50:00+09:00,BMS-01,65.43711104916588,28.607234715940038
2026-01-21T15:55:00+09:00,BMS-01,29.46069177284538,31.653471119140562
2026-01-21T16:00:00+09:00,BMS-01,20.856138531714922,29.28996840517107
2026-01-21T16:05:00+09:00,BMS-01,87.45134939812125,28.183905476029185
2026-01-21T16:10:00+09:00,BMS-01,37.760624625448806,30.65838872386161
2026-01-21T16:15:00+09:00,BMS-01,29.42504789594409,29.585746637664712
2026-01-21T16:20:00+09:00,BMS-01,60.77669182526876,26.84095565757062
2026-01-21T16:25:00+09:00,BMS-01,65.8996835563176,28.92506219857067
2026-01-21T16:30:00+09:00,BMS-01,24.941120807060816,25.590823452926266
2026-01-21T16:35:00+09:00,BMS-01,24.41035363157131,34.05002073616525
2026-01-21T16:40:00+09:00,BMS-01,70.5568226610725,29.438840898480258
2026-01-21T16:45:00+09:00,BMS-01,79.52269967308594,29.87690684043064
2026-01-21T16:50:00+09:00,BMS-01,23.80672737120549,30.2662381356253
2026-01-21T16:55:00+09:00,BMS-01,83.57536228218689,32.49450314741172
2026-01-21T17:00:00+09:00,BMS-01,29.923038112923766,31.480734233785967
2026-01-21T17:05:00+09:00,BMS-01,70.62759736415909,32.715440621654274
2026-01-21T17:10:00+09:00,BMS-01,80.18770871638063,29.991319550722228
2026-01-21T17:15:00+09:00,BMS-01,65.44192302298853,30.088939922557802
2026-01-21T17:20:00+09:00,BMS-01,29.854593499874202,28.615638128997333
2026-01-21T17:25:00+09:00,BMS-01,75.13604061593306,26.07127124943762
2026-01-21T17:30:00+09:00,BMS-01,82.3309823713295,26.485603609485253
2026-01-21T17:35:00+09:00,BMS-01,54.84216170369596,27.36295531002723
2026-01-21T17:40:00+09:00,BMS-01,89.71452015872929,25.438239179449127
2026-01-21T17:45:00+09:00,BMS-01,80.65327056980964,29.362290961074336
2026-01-21T17:50:00+09:00,BMS-01,67.63085187535594,26.628394097458912
2026-01-21T17:55:00+09:00,BMS-01,87.32234291088204,27.562530991961847
2026-01-21T18:00:00+09:00,BMS-01,57.418749361560685,30.063549169970575
2026-01-21T18:05:00+09:00,BMS-01,88.04576510446216,30.23983657012045
2026-01-21T18:10:00+09:00,BMS-01,27.912044344259073,28.33292158724346
2026-01-21T18:15:00+09:00,BMS-01,76.73999705777342,27.832464419014524
2026-01-21T18:20:00+09:00,BMS-01,64.04260909056077,28.999347012094525
2026-01-21T18:25:00+09:00,BMS-01,30.34097650496954,27.092982033862032
2026-01-21T18:30:00+09:00,BMS-01,51.500670765187344,29.53542211757564
2026-01-21T18:35:00+09:00,BMS-01,27.13927659802749,30.87582076932433
2026-01-21T18:40:00+09:00,BMS-01,67.38955562683988,25.28429342721654
2026-01-21T18:45:00+09:00,BMS-01,68.22350354665483,27.843424640960343
2026-01-21T18:50:00+09:00,BMS-01,20.707406565223494,29.51710667469245
2026-01-21T18:55:00+09:00,BMS-01,63.4318198283999,27.892514788053568
2026-01-21T19:00:00+09:00,BMS-01,35.67247925872777,31.560337167809116
2026-01-21T19:05:00+09:00,BMS-01,58.66765665738295,27.960673328754083
2026-01-21T19:10:00+09:00,BMS-01,58.227754849057156,26.654327897855943
2026-01-21T19:15:00+09:00,BMS-01,33.68478797141196,29.658225756346237
2026-01-21T19:20:00+09:00,BMS-01,63.79571698271834,33.61968135152947
2026-01-21T19:25:00+09:00,BMS-01,71.49066875756935,25.651745460481045
2026-01-21T19:30:00+09:00,BMS-01,36.12956893175599,26.851648431189314
2026-01-21T19:35:00+09:00,BMS-01,85.9391125527007,28.02411636784035
2026-01-21T19:40:00+09:00,BMS-01,35.06524188078333,28.306397366942562
2026-01-21T19:45:00+09:00,BMS-01,57.23580037048115,27.60275859129325
2026-01-21T19:50:00+09:00,BMS-01,32.24340445691145,28.310509941828343
2026-01-21T19:55:00+09:00,BMS-01,77.6013914400746,26.954837960754773
2026-01-21T20:00:00+09:00,BMS-01,42.1815175924066,30.065360624594383
2026-01-21T20:05:00+09:00,BMS-01,81.5355061747559,26.15002185511167
2026-01-21T20:10:00+09:00,BMS-01,76.17248244567081,29.976173751785193
2026-01-21T20:15:00+09:00,BMS-01,69.87290172048412,29.04103425670912
2026-01-21T20:20:00+09:00,BMS-01,37.04190388141006,26.639928305234207
2026-01-21T20:25:00+09:00,BMS-01,21.38554629933351,30.87350121053027
2026-01-21T20:30:00+09:00,BMS-01,62.418912189652126,32.16142480013236
2026-01-21T20:35:00+09:00,BMS-01,28.538574052121636,30.50916921557722
2026-01-21T20:40:00+09:00,BMS-01,23.053674031439442,28.22878996933993
2026-01-21T20:45:00+09:00,BMS-01,54.08526546563424,26.19460546303493
2026-01-21T20:50:00+09:00,BMS-01,71.53760715089697,32.1491238732295
2026-01-21T20:55:00+09:00,BMS-01,60.32186111081863,30.880853032184408
2026-01-21T21:00:00+09:00,BMS-01,74.74518208316141,29.205185898015795
2026-01-21T21:05:00+09:00,BMS-01,27.76281000748387,31.318364349629643
2026-01-21T21:10:00+09:00,BMS-01,80.46432469281007,33.03057363722071
2026-01-21T21:15:00+09:00,BMS-01,27.092843549816703,25.248005528086832
2026-01-21T21:20:00+09:00,BMS-01,22.053170967480874,29.012320159939467
2026-01-21T21:25:00+09:00,BMS-01,31.223434180514055,30.874811732992804
2026-01-21T21:30:00+09:00,BMS-01,71.38751495222304,29.65825006883114
2026-01-21T21:35:00+09:00,BMS-01,29.407954933473917,31.293158042715106
2026-01-21T21:40:00+09:00,BMS-01,26.583051637781523,27.94837911553682
2026-01-21T21:45:00+09:00,BMS-01,41.966412416733355,31.50732929502164
2026-01-21T21:50:00+09:00,BMS-01,20.946890285607186,30.88375761313148
2026-01-21T21:55:00+09:00,BMS-01,41.2236739386713,31.519544605652595
2026-01-21T22:00:00+09:00,BMS-01,30.24436969214503,27.75445767986372
2026-01-21T22:05:00+09:00,BMS-01,81.04086606145326,29.406538201604178
2026-01-21T22:10:00+09:00,BMS-01,36.901781992888985,30.025142231842835
2026-01-21T22:15:00+09:00,BMS-01,50.4788644445716,28.363063879773698
2026-01-21T22:20:00+09:00,BMS-01,65.04837143882203,29.222405529296086
2026-01-21T22:25:00+09:00,BMS-01,78.04567448925359,30.338677709282713
2026-01-21T22:30:00+09:00,BMS-01,20.570040479968355,29.97771675666969
2026-01-21T22:35:00+09:00,BMS-01,39.96193501613954,29.711048018944936
2026-01-21T22:40:00+09:00,BMS-01,51.98656023352779,26.374890715200287
2026-01-21T22:45:00+09:00,BMS-01,74.49666593150152,29.528086518875952
2026-01-21T22:50:00+09:00,BMS-01,44.783912776650865,29.458815712807368
2026-01-21T22:55:00+09:00,BMS-01,81.30858637738812,28.532827667246277
2026-01-21T23:00:00+09:00,BMS-01,30.714095625273707,28.81131436908472
2026-01-21T23:05:00+09:00,BMS-01,59.90269118316794,24.088067398837886
2026-01-21T23:10:00+09:00,BMS-01,72.00276222831627,28.782322530405484
2026-01-21T23:15:00+09:00,BMS-01,70.26877194681927,27.098106502502304
2026-01-21T23:20:00+09:00,BMS-01,27.855037315058393,28.559304657956638
2026-01-21T23:25:00+09:00,BMS-01,63.64573428310688,30.16535738023731
2026-01-21T23:30:00+09:00,BMS-01,34.816842231062644,29.57178762579703
2026-01-21T23:35:00+09:00,BMS-01,45.485924700638,26.783439958158503
2026-01-21T23:40:00+09:00,BMS-01,59.67257647046414,30.436648003533378
2026-01-21T23:45:00+09:00,BMS-01,56.90632599340118,26.584731440445236
2026-01-21T23:50:00+09:00,BMS-01,40.31545611195466,31.47273262698806
2026-01-21T23:55:00+09:00,BMS-01,80.1085964757035,24.321139593179183
2026-01-22T00:00:00+09:00,BMS-01,25.617667993444773,34.35395365441542
2026-01-22T00:05:00+09:00,BMS-01,47.9238549099111,29.40956540445941
2026-01-22T00:10:00+09:00,BMS-01,22.55527470415424,27.57001808838896
2026-01-22T00:15:00+09:00,BMS-01,68.89458455041576,30.3273246705771
2026-01-22T00:20:00+09:00,BMS-01,32.29629646894975,30.349792748851705
2026-01-22T00:25:00+09:00,BMS-01,26.891428013507262,30.764438628409792
2026-01-22T00:30:00+09:00,BMS-01,64.48584134960912,29.06903129132377
2026-01-22T00:35:00+09:00,BMS-01,71.36328893722983,30.971984098161105
2026-01-22T00:40:00+09:00,BMS-01,34.789826373660595,30.20347232643913
2026-01-22T00:45:00+09:00,BMS-01,55.940215800624244,28.294344120325523
2026-01-22T00:50:00+09:00,BMS-01,74.14979259372984,24.81483421779527
2026-01-22T00:55:00+09:00,BMS-01,23.753747124522647,29.3866924868794
2026-01-22T01:00:00+09:00,BMS-01,65.5359925370517,24.879124915009506
2026-01-22T01:05:00+09:00,BMS-01,74.43726575661353,30.866436947692176
2026-01-22T01:10:00+09:00,BMS-01,36.99078054891357,28.375922000683765
2026-01-22T01:15:00+09:00,BMS-01,30.375960760879945,27.581669058451702
2026-01-22T01:20:00+09:00,BMS-01,72.22417251461523,30.727891448341918
2026-01-22T01:25:00+09:00,BMS-01,38.550761015035825,31.181056609749447
2026-01-22T01:30:00+09:00,BMS-01,62.37792348655809,25.57421014316488
2026-01-22T01:35:00+09:00,BMS-01,51.48464465177797,31.747485620482454
2026-01-22T01:40:00+09:00,BMS-01,64.57848583767472,30.53609916399563
2026-01-22T01:45:00+09:00,BMS-01,75.41342778419033,25.719100436204755
2026-01-22T01:50:00+09:00,BMS-01,86.44748933618665,28.475793003554735
2026-01-22T01:55:00+09:00,BMS-01,33.75737422429648,32.072454210825356
2026-01-22T02:00:00+09:00,BMS-01,32.48581309490048,28.568426194402868
2026-01-22T02:05:00+09:00,BMS-01,32.737944380855154,30.96826090361456
2026-01-22T02:10:00+09:00,BMS-01,56.608431322930855,28.192436759394536
2026-01-22T02:15:00+09:00,BMS-01,58.032371106617326,30.765970431883677
2026-01-22T02:20:00+09:00,BMS-01,64.59792637862581,31.503638863685364
2026-01-22T02:25:00+09:00,BMS-01,32.216336284697874,31.654122062326284
2026-01-22T02:30:00+09:00,BMS-01,65.36451978757158,28.3587675873028
2026-01-22T02:35:00+09:00,BMS-01,68.0297314182884,32.635754666451064
2026-01-22T02:40:00+09:00,BMS-01,50.06608292577082,30.57338030541609
2026-01-22T02:45:00+09:00,BMS-01,39.986144808605204,26.561852490022396
2026-01-22T02:50:00+09:00,BMS-01,20.86242767833195,29.74905694339584
2026-01-22T02:55:00+09:00,BMS-01,80.96929057582632,32.61198086681791
2026-01-22T03:00:00+09:00,BMS-01,66.12251394560917,27.664776585389966
2026-01-22T03:05:00+09:00,BMS-01,21.333084729039104,29.97076244164178
2026-01-22T03:10:00+09:00,BMS-01,32.82355851200385,30.7914353337884
2026-01-22T03:15:00+09:00,BMS-01,78.93665660185435,32.35641537380276
2026-01-22T03:20:00+09:00,BMS-01,65.340651736139,27.53631785834188
2026-01-22T03:25:00+09:00,BMS-01,50.46954597281531,27.11211395027519
2026-01-22T03:30:00+09:00,BMS-01,49.32449308841156,32.259173890928935
2026-01-22T03:35:00+09:00,BMS-01,36.94102663739031,28.94431449484936
2026-01-22T03:40:00+09:00,BMS-01,89.426740694415,27.154076858958156
2026-01-22T03:45:00+09:00,BMS-01,24.85119511913438,31.393033792486683
2026-01-22T03:50:00+09:00,BMS-01,89.79262202849448,22.19095522817881
2026-01-22T03:55:00+09:00,BMS-01,23.193946428830998,26.44288651097203
2026-01-22T04:00:00+09:00,BMS-01,51.098496971571564,30.916941834999626
2026-01-22T04:05:00+09:00,BMS-01,32.96287692233925,27.79051195501778
2026-01-22T04:10:00+09:00,BMS-01,53.40015973470714,28.680829821722654
2026-01-22T04:15:00+09:00,BMS-01,68.12614861982892,27.141197690325715
2026-01-22T04:20:00+09:00,BMS-01,40.33728980216275,29.094421095689572
2026-01-22T04:25:00+09:00,BMS-01,54.87798691365014,30.83246524675793
2026-01-22T04:30:00+09:00,BMS-01,89.50637067444272,27.264114089913917
2026-01-22T04:35:00+09:00,BMS-01,57.53342432817625,29.86170040460733
2026-01-22T04:40:00+09:00,BMS-01,26.913382067583598,27.431495076321134
2026-01-22T04:45:00+09:00,BMS-01,88.56427456030453,32.204921251612014
2026-01-22T04:50:00+09:00,BMS-01,34.04228962890936,29.256454246938294
2026-01-22T04:55:00+09:00,BMS-01,63.23874439653643,31.096163274647942
2026-01-22T05:00:00+09:00,BMS-01,39.20581894661456,26.663319679052538
2026-01-22T05:05:00+09:00,BMS-01,33.048745055123526,32.313932925477964
2026-01-22T05:10:00+09:00,BMS-01,40.75683401236938,28.911018335577143
2026-01-22T05:15:00+09:00,BMS-01,46.042969664270935,30.563943101614946
2026-01-22T05:20:00+09:00,BMS-01,84.50453796567015,30.975226788097334
2026-01-22T05:25:00+09:00,BMS-01,46.51969908714766,31.547278092244472
2026-01-22T05:30:00+09:00,BMS-01,23.274759131697923,30.174544514123156
2026-01-22T05:35:00+09:00,BMS-01,82.8406977553386,31.179489196426815
2026-01-22T05:40:00+09:00,BMS-01,52.0038933777711,30.13161231923317
2026-01-22T05:45:00+09:00,BMS-01,29.534232685182367,29.615745433869407
2026-01-22T05:50:00+09:00,BMS-01,60.888301890275244,31.41697312564036
2026-01-22T05:55:00+09:00,BMS-01,87.81838145756427,23.791139898394782
2026-01-22T06:00:00+09:00,BMS-01,57.06686026003794,31.863148327041678
2026-01-22T06:05:00+09:00,BMS-01,86.23817598197483,27.99440025018032
2026-01-22T06:10:00+09:00,BMS-01,21.30934569619452,30.99838598792117
2026-01-22T06:15:00+09:00,BMS-01,41.07397399048853,33.09125718098399
2026-01-22T06:20:00+09:00,BMS-01,42.7071792386232,27.676905616844916
2026-01-22T06:25:00+09:00,BMS-01,56.747777132040966,28.02650439753635
2026-01-22T06:30:00+09:00,BMS-01,86.09468314433721,30.60386215337765
2026-01-22T06:35:00+09:00,BMS-01,48.28181958699626,29.924521086697293
2026-01-22T06:40:00+09:00,BMS-01,41.13881718368425,28.72678354146438
2026-01-22T06:45:00+09:00,BMS-01,84.87895678410224,29.839734275199646
2026-01-22T06:50:00+09:00,BMS-01,48.08466898674713,30.71060860755265
2026-01-22T06:55:00+09:00,BMS-01,50.37973859048664,28.74262228232358
2026-01-22T07:00:00+09:00,BMS-01,31.26784833610603,28.187316078020988
2026-01-22T07:05:00+09:00,BMS-01,81.1122925991213,27.97313450849879
2026-01-22T07:10:00+09:00,BMS-01,78.55597240693693,25.077921449542377
2026-01-22T07:15:00+09:00,BMS-01,35.32512107614406,27.6610653613337
2026-01-22T07:20:00+09:00,BMS-01,70.87775351171935,30.34339153221961
2026-01-22T07:25:00+09:00,BMS-01,20.3140601154257,27.627705669726293
2026-01-22T07:30:00+09:00,BMS-01,70.61859297931949,29.038370851668294
2026-01-22T07:35:00+09:00,BMS-01,63.91405094547058,30.271969424026903
2026-01-22T07:40:00+09:00,BMS-01,56.824383406698196,31.14760516035946
2026-01-22T07:45:00+09:00,BMS-01,86.52705751128906,28.924269322417103
2026-01-22T07:50:00+09:00,BMS-01,45.052757818070525,28.41273512734511
2026-01-22T07:55:00+09:00,BMS-01,67.95263925761904,31.502756244759485
2026-01-22T08:00:00+09:00,BMS-01,51.84764849299093,29.561533482873788
2026-01-22T08:05:00+09:00,BMS-01,42.223404787142044,29.202644738315158
2026-01-22T08:10:00+09:00,BMS-01,26.395974302114222,28.390235473600413
2026-01-22T08:15:00+09:00,BMS-01,25.999487150677375,30.35286997559554
2026-01-22T08:20:00+09:00,BMS-01,78.84398113417745,27.70845425671902
2026-01-22T08:25:00+09:00,BMS-01,54.574573118520284,30.593111205917335
2026-01-22T08:30:00+09:00,BMS-01,45.11099734135075,29.374189876034205
2026-01-22T08:35:00+09:00,BMS-01,51.69677264202012,26.465730129435592
2026-01-22T08:40:00+09:00,BMS-01,48.98109579425477,27.77835238439375
2026-01-22T08:45:00+09:00,BMS-01,40.68934968330042,27.436703093628633
2026-01-22T08:50:00+09:00,BMS-01,30.422434386258992,30.35174518780459
2026-01-22T08:55:00+09:00,BMS-01,43.25829551118559,28.96477992809917
2026-01-22T09:00:00+09:00,BMS-01,81.45661956709483,27.80382821020444
2026-01-22T09:05:00+09:00,BMS-01,73.53014626942692,29.53439694994973
2026-01-22T09:10:00+09:00,BMS-01,88.62723990673709,29.33120263020421
2026-01-22T09:15:00+09:00,BMS-01,72.54596775537674,29.573169198779468
2026-01-22T09:20:00+09:00,BMS-01,29.260189390783843,31.878781514951008
2026-01-22T09:25:00+09:00,BMS-01,87.67067093122667,30.6951729121702
2026-01-22T09:30:00+09:00,BMS-01,82.55254180458438,28.51350543529767
2026-01-22T09:35:00+09:00,BMS-01,88.43612851440373,27.679492357036604
2026-01-22T09:40:00+09:00,BMS-01,47.567440141149554,30.116547796078017
2026-01-22T09:45:00+09:00,BMS-01,32.26750476454362,26.89356506505115
2026-01-22T09:50:00+09:00,BMS-01,80.65008503307376,27.820212017606778
2026-01-22T09:55:00+09:00,BMS-01,51.118854001886895,30.48431166535459
2026-01-22T10:00:00+09:00,BMS-01,43.6006385107545,32.789027437924126
2026-01-22T10:05:00+09:00,BMS-01,83.4646838190025,30.19808573177646
2026-01-22T10:10:00+09:00,BMS-01,86.21459877227758,27.570417743288946
2026-01-22T10:15:00+09:00,BMS-01,40.10640400383171,29.058279979831728
2026-01-22T10:20:00+09:00,BMS-01,62.71777494366356,29.587838696493115
2026-01-22T10:25:00+09:00,BMS-01,59.7578225617299,28.276552986726912
2026-01-22T10:30:00+09:00,BMS-01,43.63558659120231,33.417233009596345
2026-01-22T10:35:00+09:00,BMS-01,38.48617739412376,29.090799694508853
2026-01-22T10:40:00+09:00,BMS-01,39.56400357249835,25.854206293573387
2026-01-22T10:45:00+09:00,BMS-01,73.94532344248886,29.281904158136257
2026-01-22T10:50:00+09:00,BMS-01,66.002215162603,29.29844157799428
2026-01-22T10:55:00+09:00,BMS-01,23.32115335058758,32.257043311034245
2026-01-22T11:00:00+09:00,BMS-01,24.45324412630236,29.429116526948093
2026-01-22T11:05:00+09:00,BMS-01,55.108886735208095,30.13018111846737
2026-01-22T11:10:00+09:00,BMS-01,84.25561637975616,31.251566794966823
2026-01-22T11:15:00+09:00,BMS-01,85.2118095924622,27.819831555122068
2026-01-22T11:20:00+09:00,BMS-01,59.197302143437355,30.489494675181692
2026-01-22T11:25:00+09:00,BMS-01,88.99221101636152,32.07146278802884
2026-01-22T11:30:00+09:00,BMS-01,61.467364593291,28.878948271427948
2026-01-22T11:35:00+09:00,BMS-01,50.82886409328148,29.208427032307778
2026-01-22T11:40:00+09:00,BMS-01,58.220709910100695,26.16904013511112
2026-01-22T11:45:00+09:00,BMS-01,21.75863509290782,28.899622587518515
2026-01-22T11:50:00+09:00,BMS-01,51.86522606492074,29.39455795610285
2026-01-22T11:55:00+09:00,BMS-01,75.11762117258908,31.535945423665854
2026-01-22T12:00:00+09:00,BMS-01,49.58463890043918,24.883118392345516
2026-01-22T12:05:00+09:00,BMS-01,23.081260811967994,27.543154463336048
2026-01-22T12:10:00+09:00,BMS-01,44.82461292265796,31.517862200657337
2026-01-22T12:15:00+09:00,BMS-01,35.41326852535881,33.71674835527784
2026-01-22T12:20:00+09:00,BMS-01,49.07904981677126,30.245921383141532
2026-01-22T12:25:00+09:00,BMS-01,59.3382732370882,30.59295644960374
2026-01-22T12:30:00+09:00,BMS-01,53.71358802916327,28.184747859044474
2026-01-22T12:35:00+09:00,BMS-01,71.39672405109252,32.83044894140847
2026-01-22T12:40:00+09:00,BMS-01,68.77958398630119,28.444121227017636
2026-01-22T12:45:00+09:00,BMS-01,59.35286860988943,29.46747146777414
2026-01-22T12:50:00+09:00,BMS-01,35.258555939740155,30.64782666304902
2026-01-22T12:55:00+09:00,BMS-01,52.934026759128066,29.615293171439923
2026-01-22T13:00:00+09:00,BMS-01,39.66741679780468,30.384736505845378
2026-01-22T13:05:00+09:00,BMS-01,83.33065989406329,30.68412415947576
2026-01-22T13:10:00+09:00,BMS-01,78.38615961090494,27.612944567634926
2026-01-22T13:15:00+09:00,BMS-01,42.85976440692386,30.889123645998573
2026-01-22T13:20:00+09:00,BMS-01,70.79262187779305,34.69760532074765
2026-01-22T13:25:00+09:00,BMS-01,78.75119961074665,29.333696421167637
2026-01-22T13:30:00+09:00,BMS-01,33.4400712031345,29.54039638590389
2026-01-22T13:35:00+09:00,BMS-01,21.514074965707156,25.08218943410225
2026-01-22T13:40:00+09:00,BMS-01,84.28797800025232,30.582933013122055
2026-01-22T13:45:00+09:00,BMS-01,89.82950917910453,30.247366486087003
2026-01-22T13:50:00+09:00,BMS-01,76.70987105496751,29.432916696033914
2026-01-22T13:55:00+09:00,BMS-01,53.489335842288234,26.53270064806968
2026-01-22T14:00:00+09:00,BMS-01,23.60142146233362,30.450541638324104
2026-01-22T14:05:00+09:00,BMS-01,62.710701230156005,27.911450884697192
2026-01-22T14:10:00+09:00,BMS-01,78.75453912437848,28.20335897671067
2026-01-22T14:15:00+09:00,BMS-01,84.73791635297417,27.487015926630296
2026-01-22T14:20:00+09:00,BMS-01,34.267052944943856,29.072448668083357
2026-01-22T14:25:00+09:00,BMS-01,25.044469452660884,30.64072514772818
2026-01-22T14:30:00+09:00,BMS-01,50.22935720708289,26.098620492766763
2026-01-22T14:35:00+09:00,BMS-01,23.61447679596726,28.824836082254464
2026-01-22T14:40:00+09:00,BMS-01,56.37256250945412,30.01316149485522
2026-01-22T14:45:00+09:00,BMS-01,37.25060423091948,29.5803021491129
2026-01-22T14:50:00+09:00,BMS-01,49.77368259218864,28.628604077018867
2026-01-22T14:55:00+09:00,BMS-01,49.2845755279864,30.036520026019428
2026-01-22T15:00:00+09:00,BMS-01,85.07135069958161,33.291503637450184
2026-01-22T15:05:00+09:00,BMS-01,61.64211302076217,28.54081442886435
2026-01-22T15:10:00+09:00,BMS-01,53.12204246224266,31.888714087637865
2026-01-22T15:15:00+09:00,BMS-01,62.821287464036,26.118497075565095
2026-01-22T15:20:00+09:00,BMS-01,85.3375799209762,28.981223893069796
2026-01-22T15:25:00+09:00,BMS-01,84.60792137759076,31.65906051288466
2026-01-22T15:30:00+09:00,BMS-01,51.18065234682505,30.76745803555665
2026-01-22T15:35:00+09:00,BMS-01,56.256171827196674,30.201530872267348
2026-01-22T15:40:00+09:00,BMS-01,60.055162317545154,32.45203870679116
2026-01-22T15:45:00+09:00,BMS-01,32.18329744135716,27.65478454446762
2026-01-22T15:50:00+09:00,BMS-01,71.3716229280985,29.25584210924039
2026-01-22T15:55:00+09:00,BMS-01,84.66153653094436,27.782432819679766
2026-01-22T16:00:00+09:00,BMS-01,36.62592444017002,26.102289179904375
2026-01-22T16:05:00+09:00,BMS-01,59.4049249803262,26.318793954120345
2026-01-22T16:10:00+09:00,BMS-01,20.160159220233325,33.56700165596631
2026-01-22T16:15:00+09:00,BMS-01,39.28799736492075,28.84864333345202
2026-01-22T16:20:00+09:00,BMS-01,70.02763670738565,26.132522088693378
2026-01-22T16:25:00+09:00,BMS-01,53.95234495568935,31.728909842218222
2026-01-22T16:30:00+09:00,BMS-01,48.95323592045156,28.353347607331507
2026-01-22T16:35:00+09:00,BMS-01,68.12353684926427,29.945150522564333
2026-01-22T16:40:00+09:00,BMS-01,66.24827451928232,26.789771633460234
2026-01-22T16:45:00+09:00,BMS-01,78.74815392822798,29.397965857573997
2026-01-22T16:50:00+09:00,BMS-01,33.96736337519643,29.336419776204913
2026-01-22T16:55:00+09:00,BMS-01,20.64422946899033,28.84547595985579
2026-01-22T17:00:00+09:00,BMS-01,26.222880036277523,26.759981238493708
2026-01-22T17:05:00+09:00,BMS-01,79.83751905818028,29.883173511488287
2026-01-22T17:10:00+09:00,BMS-01,33.395776457633644,31.308225455677483
2026-01-22T17:15:00+09:00,BMS-01,21.74989265402614,32.516445120009706
2026-01-22T17:20:00+09:00,BMS-01,47.98398152414419,27.53500320106027
2026-01-22T17:25:00+09:00,BMS-01,57.62273085841022,29.95225806853886
2026-01-22T17:30:00+09:00,BMS-01,39.097713408027424,29.52800676518452
2026-01-22T17:35:00+09:00,BMS-01,38.12557900641128,26.047782957708726
2026-01-22T17:40:00+09:00,BMS-01,52.29611958055507,30.263922093702348
2026-01-22T17:45:00+09:00,BMS-01,63.50110474457347,29.072138877575426
2026-01-22T17:50:00+09:00,BMS-01,41.379709164711095,28.17521754154315
2026-01-22T17:55:00+09:00,BMS-01,88.43578842975158,27.507824997178417
2026-01-22T18:00:00+09:00,BMS-01,65.05972480243298,31.6949346678443
2026-01-22T18:05:00+09:00,BMS-01,59.93204648717133,31.218202679681745
2026-01-22T18:10:00+09:00,BMS-01,66.41392084978193,26.12455792304451
2026-01-22T18:15:00+09:00,BMS-01,37.20719632521716,29.74813566776922
2026-01-22T18:20:00+09:00,BMS-01,80.0442887414595,30.378734579035886
2026-01-22T18:25:00+09:00,BMS-01,34.53547893599251,28.64408130356352
2026-01-22T18:30:00+09:00,BMS-01,64.04016336345441,28.62184743871975
2026-01-22T18:35:00+09:00,BMS-01,56.12168074202704,29.388706455244947
2026-01-22T18:40:00+09:00,BMS-01,57.764744042806086,31.01288435284774
2026-01-22T18:45:00+09:00,BMS-01,79.56900329812365,27.583126714463994
2026-01-22T18:50:00+09:00,BMS-01,86.6545876176366,30.02182699831144
2026-01-22T18:55:00+09:00,BMS-01,59.702902851489405,25.774327059569476
2026-01-22T19:00:00+09:00,BMS-01,81.96256441266019,29.85823637095471
2026-01-22T19:05:00+09:00,BMS-01,64.94947685675896,27.386024364282466
2026-01-22T19:10:00+09:00,BMS-01,85.83358242607517,31.169700167907852
2026-01-22T19:15:00+09:00,BMS-01,33.464816838282545,27.132934950443257
2026-01-22T19:20:00+09:00,BMS-01,62.768989722265374,28.33724106909893
2026-01-22T19:25:00+09:00,BMS-01,50.14499048633855,28.594228200585142
2026-01-22T19:30:00+09:00,BMS-01,85.98943457793168,31.364772683704196
2026-01-22T19:35:00+09:00,BMS-01,27.4300506955167,27.5321832583676
2026-01-22T19:40:00+09:00,BMS-01,33.86614190663425,32.39141992555609
2026-01-22T19:45:00+09:00,BMS-01,79.42991798141968,27.220021037240357
2026-01-22T19:50:00+09:00,BMS-01,85.58059659550815,30.240977599441244
2026-01-22T19:55:00+09:00,BMS-01,37.39680163485396,27.652735648742
2026-01-22T20:00:00+09:00,BMS-01,61.69777340305634,29.20378193927326
2026-01-22T20:05:00+09:00,BMS-01,34.672698038764295,27.813128534124036
2026-01-22T20:10:00+09:00,BMS-01,58.2985453075793,26.85945976402168
2026-01-22T20:15:00+09:00,BMS-01,79.40126919299506,29.989498946123454
2026-01-22T20:20:00+09:00,BMS-01,75.74980054834651,26.036547849609956
2026-01-22T20:25:00+09:00,BMS-01,42.703363837604755,28.120074535534698
2026-01-22T20:30:00+09:00,BMS-01,57.419902339112774,30.763354702468668
2026-01-22T20:35:00+09:00,BMS-01,53.04292775433193,29.64176457766701
2026-01-22T20:40:00+09:00,BMS-01,63.95968019381432,32.86966829678445
2026-01-22T20:45:00+09:00,BMS-01,47.97173612312769,28.92007010636921
2026-01-22T20:50:00+09:00,BMS-01,35.359363730763626,30.928034691615302
2026-01-22T20:55:00+09:00,BMS-01,35.55301768034609,29.91746926675076
2026-01-22T21:00:00+09:00,BMS-01,20.279612765855735,28.58784136441525
2026-01-22T21:05:00+09:00,BMS-01,33.16144799776584,27.836958188543868
2026-01-22T21:10:00+09:00,BMS-01,26.624429788834853,29.085552252735503
2026-01-22T21:15:00+09:00,BMS-01,48.48332446693684,27.709708095489162
2026-01-22T21:20:00+09:00,BMS-01,79.4038445859804,31.947821661827806
2026-01-22T21:25:00+09:00,BMS-01,28.96610126178098,28.128366834543396
2026-01-22T21:30:00+09:00,BMS-01,46.11417721236724,28.332574455647382
2026-01-22T21:35:00+09:00,BMS-01,51.85019972115426,29.153636181576434
2026-01-22T21:40:00+09:00,BMS-01,63.44488070150509,26.69086498959476
2026-01-22T21:45:00+09:00,BMS-01,75.84387450664968,28.96997586861632
2026-01-22T21:50:00+09:00,BMS-01,63.16360380378532,29.491202495950986
2026-01-22T21:55:00+09:00,BMS-01,24.61183680229117,30.053294719697107
2026-01-22T22:00:00+09:00,BMS-01,79.49285619905444,30.984438386092148
2026-01-22T22:05:00+09:00,BMS-01,22.510117620881864,31.9862222400142
2026-01-22T22:10:00+09:00,BMS-01,68.70521315155781,28.209837302894403
2026-01-22T22:15:00+09:00,BMS-01,79.99030473553913,30.187774991187347
2026-01-22T22:20:00+09:00,BMS-01,81.80253441828802,31.033043050845322
2026-01-22T22:25:00+09:00,BMS-01,21.611381287157908,29.375561420373028
2026-01-22T22:30:00+09:00,BMS-01,44.322643555536885,28.382415253122034
2026-01-22T22:35:00+09:00,BMS-01,45.148826610481656,24.190354029256117
2026-01-22T22:40:00+09:00,BMS-01,89.80108888460258,28.577946467981505
2026-01-22T22:45:00+09:00,BMS-01,31.57594937385476,30.457877048763294
2026-01-22T22:50:00+09:00,BMS-01,77.0981064614581,29.065788971621867
2026-01-22T22:55:00+09:00,BMS-01,25.004933101279473,27.296953269551093
2026-01-22T23:00:00+09:00,BMS-01,30.076251719411474,28.69839939008144
2026-01-22T23:05:00+09:00,BMS-01,65.87089588975154,29.593687887073507
2026-01-22T23:10:00+09:00,BMS-01,83.73893075653636,27.25395745404879
2026-01-22T23:15:00+09:00,BMS-01,75.57298819275002,31.287198157742452
2026-01-22T23:20:00+09:00,BMS-01,67.05791687571731,30.778002079875066
2026-01-22T23:25:00+09:00,BMS-01,61.602398122966015,32.563806931809076
2026-01-22T23:30:00+09:00,BMS-01,34.122898766801256,26.744507656321442
2026-01-22T23:35:00+09:00,BMS-01,58.41567887370636,29.00205503663939
2026-01-22T23:40:00+09:00,BMS-01,56.593651549901935,29.632596122744932
2026-01-22T23:45:00+09:00,BMS-01,62.91832069753834,31.136063091681564
2026-01-22T23:50:00+09:00,BMS-01,70.0855593544961,34.52883875860546
2026-01-22T23:55:00+09:00,BMS-01,79.48154236637723,28.988897739016682
2026-01-23T00:00:00+09:00,BMS-01,78.99335301801716,29.56197163672207
2026-01-23T00:05:00+09:00,BMS-01,20.912152008082746,28.02079944737559
2026-01-23T00:10:00+09:00,BMS-01,52.65141914510886,29.15349615847334
2026-01-23T00:15:00+09:00,BMS-01,20.066969585160034,25.35987842350885
2026-01-23T00:20:00+09:00,BMS-01,38.423706184323926,30.623425534051393
2026-01-23T00:25:00+09:00,BMS-01,28.0659775251813,29.100900405893025
2026-01-23T00:30:00+09:00,BMS-01,80.28910488841588,28.88580984358305
2026-01-23T00:35:00+09:00,BMS-01,78.88276675655099,28.77744055737506
2026-01-23T00:40:00+09:00,BMS-01,76.84172124789708,29.661256801017636
2026-01-23T00:45:00+09:00,BMS-01,30.373441278445867,29.60891606507121
2026-01-23T00:50:00+09:00,BMS-01,81.68402641144178,30.923645927751895
2026-01-23T00:55:00+09:00,BMS-01,30.454712304178052,27.622307246348477
2026-01-23T01:00:00+09:00,BMS-01,60.23051668867639,29.388401062982826
2026-01-23T01:05:00+09:00,BMS-01,40.17799434183268,30.727990879137657
2026-01-23T01:10:00+09:00,BMS-01,72.41331712873401,30.19740071223213
2026-01-23T01:15:00+09:00,BMS-01,76.41450131856502,25.551356113733245
2026-01-23T01:20:00+09:00,BMS-01,26.073721390303728,26.09436368044443
2026-01-23T01:25:00+09:00,BMS-01,60.834373928017385,26.756876081906533
2026-01-23T01:30:00+09:00,BMS-01,63.985330895682615,28.773645369741015
2026-01-23T01:35:00+09:00,BMS-01,74.83660565276469,26.794681233426306
2026-01-23T01:40:00+09:00,BMS-01,61.04557980506854,28.479972836091086
2026-01-23T01:45:00+09:00,BMS-01,73.20052136050924,29.25389805754526
2026-01-23T01:50:00+09:00,BMS-01,80.45918315980768,28.118129850698335
2026-01-23T01:55:00+09:00,BMS-01,27.092898552280175,26.505089099907394
2026-01-23T02:00:00+09:00,BMS-01,42.15800065628425,29.03784565049655
2026-01-23T02:05:00+09:00,BMS-01,49.56103564761261,28.74393591192205
2026-01-23T02:10:00+09:00,BMS-01,21.47775685330722,26.93454377249936
2026-01-23T02:15:00+09:00,BMS-01,43.040456485929845,28.3690332970184
2026-01-23T02:20:00+09:00,BMS-01,49.55994813049271,23.433758899486065
2026-01-23T02:25:00+09:00,BMS-01,55.39517341211288,28.020445353050377
2026-01-23T02:30:00+09:00,BMS-01,61.78841158474045,27.470703623981827
2026-01-23T02:35:00+09:00,BMS-01,22.456182302150687,28.200633033753544
2026-01-23T02:40:00+09:00,BMS-01,53.39888853124804,30.782134686632634
2026-01-23T02:45:00+09:00,BMS-01,65.57835805959579,28.00137270800216
2026-01-23T02:50:00+09:00,BMS-01,27.122249372598073,30.397574577972797
2026-01-23T02:55:00+09:00,BMS-01,60.485726391555204,30.343483110245604
2026-01-23T03:00:00+09:00,BMS-01,43.723733545299524,25.189809185402584
2026-01-23T03:05:00+09:00,BMS-01,44.31127588171216,28.067262568508966
2026-01-23T03:10:00+09:00,BMS-01,65.25677174756554,29.923487148792717
2026-01-23T03:15:00+09:00,BMS-01,49.97707443143169,28.17001048371103
2026-01-23T03:20:00+09:00,BMS-01,79.27363456103436,29.699949205091446
2026-01-23T03:25:00+09:00,BMS-01,35.07865355677844,30.189359857216537
2026-01-23T03:30:00+09:00,BMS-01,41.20595762249695,30.63994368145064
2026-01-23T03:35:00+09:00,BMS-01,32.63224084745238,28.496085082074593
2026-01-23T03:40:00+09:00,BMS-01,74.8185631566417,27.0905296334643
2026-01-23T03:45:00+09:00,BMS-01,74.5718315544218,32.066013710839904
2026-01-23T03:50:00+09:00,BMS-01,73.59589010451012,30.243892918826592
2026-01-23T03:55:00+09:00,BMS-01,62.911533720300504,28.791816164629793
2026-01-23T04:00:00+09:00,BMS-01,22.54665545259558,27.275106906346295
2026-01-23T04:05:00+09:00,BMS-01,43.87777143830267,27.953896759054075
2026-01-23T04:10:00+09:00,BMS-01,73.47525195861985,31.372294883063063
2026-01-23T04:15:00+09:00,BMS-01,66.5591517662893,27.5612015132996
2026-01-23T04:20:00+09:00,BMS-01,23.34816730993752,27.88078171943038
2026-01-23T04:25:00+09:00,BMS-01,53.10604881022069,28.84752971583768
2026-01-23T04:30:00+09:00,BMS-01,84.93439907806246,27.15576923021115
2026-01-23T04:35:00+09:00,BMS-01,64.94324772505925,28.582297561016386
2026-01-23T04:40:00+09:00,BMS-01,27.428354567948638,34.92050083709149
2026-01-23T04:45:00+09:00,BMS-01,88.75551178365563,26.05303359839983
2026-01-23T04:50:00+09:00,BMS-01,28.66697684304852,30.63829648916576
2026-01-23T04:55:00+09:00,BMS-01,74.62008591253532,28.189004602599557
2026-01-23T05:00:00+09:00,BMS-01,57.769710225598985,28.090462202876175
2026-01-23T05:05:00+09:00,BMS-01,83.19343231317704,26.593805353843297
2026-01-23T05:10:00+09:00,BMS-01,66.42691394719269,30.441851870249906
2026-01-23T05:15:00+09:00,BMS-01,23.477441894164844,34.15238979419213
2026-01-23T05:20:00+09:00,BMS-01,70.26283435901331,25.529398822103012
2026-01-23T05:25:00+09:00,BMS-01,74.9932093234632,26.89996809611062
2026-01-23T05:30:00+09:00,BMS-01,65.2929616577644,27.807425851069667
2026-01-23T05:35:00+09:00,BMS-01,75.14631565601444,30.27127769007749
2026-01-23T05:40:00+09:00,BMS-01,54.24274317534371,29.96787126736803
2026-01-23T05:45:00+09:00,BMS-01,29.640156593838682,30.975825646052375
2026-01-23T05:50:00+09:00,BMS-01,52.88705962893573,25.724221931803807
2026-01-23T05:55:00+09:00,BMS-01,36.0987258797042,26.10438738303
2026-01-23T06:00:00+09:00,BMS-01,70.66493061310581,32.80302445703765
2026-01-23T06:05:00+09:00,BMS-01,81.95732039186842,29.457789297409168
2026-01-23T06:10:00+09:00,BMS-01,77.58409413761055,29.244902986444867
2026-01-23T06:15:00+09:00,BMS-01,25.58388150018529,30.372923721079527
2026-01-23T06:20:00+09:00,BMS-01,74.90815433311595,29.96923040528897
2026-01-23T06:25:00+09:00,BMS-01,33.37709507274483,31.395787310463387
2026-01-23T06:30:00+09:00,BMS-01,62.47956203507222,29.492157993943046
2026-01-23T06:35:00+09:00,BMS-01,78.23124305087504,26.822258722310785
2026-01-23T06:40:00+09:00,BMS-01,32.680345404172954,30.834364752608625
2026-01-23T06:45:00+09:00,BMS-01,89.55345038117702,27.159929463428654
2026-01-23T06:50:00+09:00,BMS-01,82.97971946745062,31.877617400861837
2026-01-23T06:55:00+09:00,BMS-01,74.3996627132876,27.523156959070327
2026-01-23T07:00:00+09:00,BMS-01,62.835584700688216,29.641804008938045
2026-01-23T07:05:00+09:00,BMS-01,30.38453615085077,28.736812126035854
2026-01-23T07:10:00+09:00,BMS-01,46.36023143116803,31.40629149503973
2026-01-23T07:15:00+09:00,BMS-01,41.903051217755404,30.340829572139047
2026-01-23T07:20:00+09:00,BMS-01,44.473493104295656,28.63947565637273
2026-01-23T07:25:00+09:00,BMS-01,23.264176576088353,30.30119648666221
2026-01-23T07:30:00+09:00,BMS-01,44.788877126328444,28.67049495532898
2026-01-23T07:35:00+09:00,BMS-01,50.61754042066061,25.00665294079619
2026-01-23T07:40:00+09:00,BMS-01,51.93020607933521,29.77723258083063
2026-01-23T07:45:00+09:00,BMS-01,79.03010536026434,31.162704387983993
2026-01-23T07:50:00+09:00,BMS-01,49.872263378816406,28.365104583272785
2026-01-23T07:55:00+09:00,BMS-01,33.26723057472254,30.20741132312292
2026-01-23T08:00:00+09:00,BMS-01,77.55671024619981,30.67486437831168
2026-01-23T08:05:00+09:00,BMS-01,69.4445249371241,31.382322815441434
2026-01-23T08:10:00+09:00,BMS-01,43.265148278496135,28.123865901162983
2026-01-23T08:15:00+09:00,BMS-01,46.005738060817116,30.634811414669926
2026-01-23T08:20:00+09:00,BMS-01,83.44683446150971,28.733676077430044
2026-01-23T08:25:00+09:00,BMS-01,50.451361537554845,28.439469517495947
2026-01-23T08:30:00+09:00,BMS-01,56.57060849949384,29.219424274547002
2026-01-23T08:35:00+09:00,BMS-01,76.30300295203308,31.907102459352853
2026-01-23T08:40:00+09:00,BMS-01,61.787524184804845,29.5222496439396
2026-01-23T08:45:00+09:00,BMS-01,70.78335847687694,27.425749121628407
2026-01-23T08:50:00+09:00,BMS-01,20.43329540700146,30.830961576869345
2026-01-23T08:55:00+09:00,BMS-01,35.935803792143275,26.370593983168256
2026-01-23T09:00:00+09:00,BMS-01,46.3457743553861,31.94140718197998
2026-01-23T09:05:00+09:00,BMS-01,79.43135870439494,27.392473931012344
2026-01-23T09:10:00+09:00,BMS-01,36.710592665464,29.338394679622297
2026-01-23T09:15:00+09:00,BMS-01,81.46893423389591,26.757678711347683
2026-01-23T09:20:00+09:00,BMS-01,36.26028807894884,28.857135166101
2026-01-23T09:25:00+09:00,BMS-01,70.60014069194649,31.21741018539225
2026-01-23T09:30:00+09:00,BMS-01,67.13933654465598,30.117959367251785
2026-01-23T09:35:00+09:00,BMS-01,55.18796248597751,29.56318090580159
2026-01-23T09:40:00+09:00,BMS-01,55.845534457109395,31.31810327041094
2026-01-23T09:45:00+09:00,BMS-01,45.38311301907183,32.903860885750866
2026-01-23T09:50:00+09:00,BMS-01,43.87448755621739,29.646851055943408
2026-01-23T09:55:00+09:00,BMS-01,26.425438551642387,34.0415838513576
2026-01-23T10:00:00+09:00,BMS-01,82.18298308556031,32.313529247256135
2026-01-23T10:05:00+09:00,BMS-01,28.998933735384785,27.713324403633784
2026-01-23T10:10:00+09:00,BMS-01,76.0185013340059,29.43040370680276
2026-01-23T10:15:00+09:00,BMS-01,32.19799504886332,31.114469872179953
2026-01-23T10:20:00+09:00,BMS-01,56.90798743982536,29.73678117978232
2026-01-23T10:25:00+09:00,BMS-01,79.46924602891256,27.635602547341826
2026-01-23T10:30:00+09:00,BMS-01,31.232976346280566,28.48325106955359
2026-01-23T10:35:00+09:00,BMS-01,59.05879197868264,28.036160921945324
2026-01-23T10:40:00+09:00,BMS-01,77.10810528413018,29.922813464467424
2026-01-23T10:45:00+09:00,BMS-01,77.91171164418559,31.42441152687649
2026-01-23T10:50:00+09:00,BMS-01,76.56602836526567,30.442067927234895
2026-01-23T10:55:00+09:00,BMS-01,55.28340310709433,30.183248838613594
2026-01-23T11:00:00+09:00,BMS-01,31.04648950601259,27.563020606554026
2026-01-23T11:05:00+09:00,BMS-01,78.73566963807437,27.087937902449465
2026-01-23T11:10:00+09:00,BMS-01,74.6564743250025,28.477672644485526
2026-01-23T11:15:00+09:00,BMS-01,25.192429270235365,30.159935127110217
2026-01-23T11:20:00+09:00,BMS-01,65.31596050503371,26.396888603652275
2026-01-23T11:25:00+09:00,BMS-01,59.65388330238489,28.889582754391512
2026-01-23T11:30:00+09:00,BMS-01,25.131237999670535,28.649847378486786
2026-01-23T11:35:00+09:00,BMS-01,47.00261403446024,29.58883138410525
2026-01-23T11:40:00+09:00,BMS-01,76.85463345427169,30.788020333104573
2026-01-23T11:45:00+09:00,BMS-01,29.181320807462807,30.685988009499955
2026-01-23T11:50:00+09:00,BMS-01,36.03467795281105,29.601826950461362
2026-01-23T11:55:00+09:00,BMS-01,23.63706685221304,31.570151340808707
2026-01-23T12:00:00+09:00,BMS-01,74.45508805881848,30.819171273478922
2026-01-23T12:05:00+09:00,BMS-01,39.00034140209751,30.216486980826673
2026-01-23T12:10:00+09:00,BMS-01,70.23525848380844,29.53730923613621
2026-01-23T12:15:00+09:00,BMS-01,21.76209430758268,27.752898150642036
2026-01-23T12:20:00+09:00,BMS-01,74.98637653461354,32.015970716978686
2026-01-23T12:25:00+09:00,BMS-01,46.164534367857634,30.75053276387267
2026-01-23T12:30:00+09:00,BMS-01,45.86133551984482,25.095204894874538
2026-01-23T12:35:00+09:00,BMS-01,21.101864385987017,31.632113280323356
2026-01-23T12:40:00+09:00,BMS-01,67.34566295089212,27.012216947898107
2026-01-23T12:45:00+09:00,BMS-01,38.78201381878826,29.604467538746963
2026-01-23T12:50:00+09:00,BMS-01,65.73423617655486,30.956274017900146
2026-01-23T12:55:00+09:00,BMS-01,66.35792898694747,27.648740832089153
2026-01-23T13:00:00+09:00,BMS-01,33.23307755652419,24.415124171350367
2026-01-23T13:05:00+09:00,BMS-01,48.734687995296355,28.99806998398198
2026-01-23T13:10:00+09:00,BMS-01,24.19726961692156,30.952553339189116
2026-01-23T13:15:00+09:00,BMS-01,45.198191178816664,25.341417580579108
2026-01-23T13:20:00+09:00,BMS-01,39.346594534039276,27.444800893885148
2026-01-23T13:25:00+09:00,BMS-01,41.27052466783143,27.9427869474037
2026-01-23T13:30:00+09:00,BMS-01,52.6806339757701,27.992648978452625
2026-01-23T13:35:00+09:00,BMS-01,25.76236165121574,24.79931761610055
2026-01-23T13:40:00+09:00,BMS-01,54.66829814920371,27.79546726426621
2026-01-23T13:45:00+09:00,BMS-01,56.37403869126288,30.940802268830222
2026-01-23T13:50:00+09:00,BMS-01,77.9937712799527,29.730775694215776
2026-01-23T13:55:00+09:00,BMS-01,71.25665746995202,31.97079635917113
2026-01-23T14:00:00+09:00,BMS-01,88.71792868676705,30.581938749197683
2026-01-23T14:05:00+09:00,BMS-01,66.38759144677132,29.46082381626017
2026-01-23T14:10:00+09:00,BMS-01,83.37667953352211,27.010051589189697
2026-01-23T14:15:00+09:00,BMS-01,85.25886987996631,29.49201083565592
2026-01-23T14:20:00+09:00,BMS-01,46.64340427147736,28.04235328953002
2026-01-23T14:25:00+09:00,BMS-01,55.14737539093304,29.083391186159194
2026-01-23T14:30:00+09:00,BMS-01,22.164557108110927,27.69474587263659
2026-01-23T14:35:00+09:00,BMS-01,21.087472109126608,26.927852353417414
2026-01-23T14:40:00+09:00,BMS-01,33.88258369517442,33.50321950449021
2026-01-23T14:45:00+09:00,BMS-01,71.56126153171526,30.925798232778433
2026-01-23T14:50:00+09:00,BMS-01,77.93718409587866,31.269375954371203
2026-01-23T14:55:00+09:00,BMS-01,71.3953482655739,26.92033370075635
2026-01-23T15:00:00+09:00,BMS-01,51.1213448543488,27.62167984485226
2026-01-23T15:05:00+09:00,BMS-01,79.5620314017254,32.044482528542794
2026-01-23T15:10:00+09:00,BMS-01,33.12678519130636,25.71390059768202
2026-01-23T15:15:00+09:00,BMS-01,57.120888663537364,26.788477913268615
2026-01-23T15:20:00+09:00,BMS-01,36.15586896439453,28.323096636206007
2026-01-23T15:25:00+09:00,BMS-01,27.554725790957804,27.331902779411212
2026-01-23T15:30:00+09:00,BMS-01,52.029867817056065,26.358928477648583
2026-01-23T15:35:00+09:00,BMS-01,56.068684634691515,28.557297260461514
2026-01-23T15:40:00+09:00,BMS-01,35.46561383036033,26.119017915062408
2026-01-23T15:45:00+09:00,BMS-01,45.74394074409897,27.297382308173486
2026-01-23T15:50:00+09:00,BMS-01,86.40190556475721,31.140684466390727
2026-01-23T15:55:00+09:00,BMS-01,34.917366726293615,27.747711664604093
2026-01-23T16:00:00+09:00,BMS-01,50.20789853105251,32.03694811130682
2026-01-23T16:05:00+09:00,BMS-01,51.29733716791153,22.980084812601433
2026-01-23T16:10:00+09:00,BMS-01,49.46674766882929,29.135012015488954
2026-01-23T16:15:00+09:00,BMS-01,83.70005200536062,31.122193648557122
2026-01-23T16:20:00+09:00,BMS-01,22.206141160054802,28.16539106699304
2026-01-23T16:25:00+09:00,BMS-01,66.62596008696234,29.45046124388218
2026-01-23T16:30:00+09:00,BMS-01,25.600531631108524,28.30233619300598
2026-01-23T16:35:00+09:00,BMS-01,62.59997395714527,30.312762262065366
2026-01-23T16:40:00+09:00,BMS-01,21.253005070180112,31.03899724100406
2026-01-23T16:45:00+09:00,BMS-01,23.68110446743176,26.05885076972018
2026-01-23T16:50:00+09:00,BMS-01,68.44930457830819,30.399551775530167
2026-01-23T16:55:00+09:00,BMS-01,79.21346366672863,29.99280971986533
2026-01-23T17:00:00+09:00,BMS-01,20.36423297423482,25.62725644635446
2026-01-23T17:05:00+09:00,BMS-01,88.36053906732046,26.341074497594665
2026-01-23T17:10:00+09:00,BMS-01,70.49911746725995,27.62048484645102
2026-01-23T17:15:00+09:00,BMS-01,86.15470874429322,29.31718010972666
2026-01-23T17:20:00+09:00,BMS-01,55.06324270632072,29.95916238210492
2026-01-23T17:25:00+09:00,BMS-01,87.93138910121024,27.436861896438312
2026-01-23T17:30:00+09:00,BMS-01,65.02170245365825,28.35009111536087
2026-01-23T17:35:00+09:00,BMS-01,29.91661120752083,27.48642898717225
2026-01-23T17:40:00+09:00,BMS-01,53.53800437479323,27.819469158032334
2026-01-23T17:45:00+09:00,BMS-01,42.12706793969862,26.687634053321116
2026-01-23T17:50:00+09:00,BMS-01,79.6884497097284,32.186457042476654
2026-01-23T17:55:00+09:00,BMS-01,66.87958198713065,25.978986468945422
2026-01-23T18:00:00+09:00,BMS-01,68.676174577267,30.115228869184453
2026-01-23T18:05:00+09:00,BMS-01,49.912508218119996,30.14187378719229
2026-01-23T18:10:00+09:00,BMS-01,35.22493442422234,29.876092881882006
2026-01-23T18:15:00+09:00,BMS-01,79.85486492860002,31.74904820335344
2026-01-23T18:20:00+09:00,BMS-01,46.13623225546551,24.72344971407248
2026-01-23T18:25:00+09:00,BMS-01,87.60323612460229,27.48536512878376
2026-01-23T18:30:00+09:00,BMS-01,47.69342632757816,29.743898834591857
2026-01-23T18:35:00+09:00,BMS-01,52.10985588412975,32.14171377004594
2026-01-23T18:40:00+09:00,BMS-01,35.46250643051763,31.033889480464747
2026-01-23T18:45:00+09:00,BMS-01,27.31029810060571,27.318607939961204
2026-01-23T18:50:00+09:00,BMS-01,66.62980537002933,26.684578928423125
2026-01-23T18:55:00+09:00,BMS-01,80.48665004317205,27.206928915292334
2026-01-23T19:00:00+09:00,BMS-01,50.22013370368112,28.561566577226742
2026-01-23T19:05:00+09:00,BMS-01,45.61451965931954,30.185362673606583
2026-01-23T19:10:00+09:00,BMS-01,39.122872153278564,27.478501220424363
2026-01-23T19:15:00+09:00,BMS-01,43.09846680120576,27.08752015891581
2026-01-23T19:20:00+09:00,BMS-01,27.41937065952233,29.102139693222018
2026-01-23T19:25:00+09:00,BMS-01,22.725503703444296,28.400713919757166
2026-01-23T19:30:00+09:00,BMS-01,63.57682471879465,29.538175903294007
2026-01-23T19:35:00+09:00,BMS-01,62.54977690041391,30.4905201242279
2026-01-23T19:40:00+09:00,BMS-01,56.11769976829782,26.854718718633134
2026-01-23T19:45:00+09:00,BMS-01,79.42983076334914,31.721244980349233
2026-01-23T19:50:00+09:00,BMS-01,44.22093131863823,30.289920362848658
2026-01-23T19:55:00+09:00,BMS-01,80.3923810456772,31.51665594252405
2026-01-23T20:00:00+09:00,BMS-01,74.66926204001496,31.208516562914095
2026-01-23T20:05:00+09:00,BMS-01,71.20605192190716,28.798958913887343
2026-01-23T20:10:00+09:00,BMS-01,69.9978472046761,26.74242672609553
2026-01-23T20:15:00+09:00,BMS-01,56.18329262837462,29.41048414474136
2026-01-23T20:20:00+09:00,BMS-01,76.62983141927326,32.118174314677624
2026-01-23T20:25:00+09:00,BMS-01,29.622290887275152,29.503517061963638
2026-01-23T20:30:00+09:00,BMS-01,54.35770054181827,27.593432665522172
2026-01-23T20:35:00+09:00,BMS-01,75.0482321040761,27.632616152263818
2026-01-23T20:40:00+09:00,BMS-01,86.14162100169007,30.672773959824596
2026-01-23T20:45:00+09:00,BMS-01,55.01243092371407,28.275881707110084
2026-01-23T20:50:00+09:00,BMS-01,87.73039985573787,31.106788598652642
2026-01-23T20:55:00+09:00,BMS-01,51.88744873244746,30.644845061627827
2026-01-23T21:00:00+09:00,BMS-01,58.12484899138242,28.977030217203126
2026-01-23T21:05:00+09:00,BMS-01,22.05693241990563,29.813910510137845
2026-01-23T21:10:00+09:00,BMS-01,77.37570061587695,30.64602347506073
2026-01-23T21:15:00+09:00,BMS-01,21.83939531567772,30.5800344337427
2026-01-23T21:20:00+09:00,BMS-01,58.017212907884854,30.882690544907405
2026-01-23T21:25:00+09:00,BMS-01,85.92835259629473,30.94082918755048
2026-01-23T21:30:00+09:00,BMS-01,65.62286358944561,26.14723331034686
2026-01-23T21:35:00+09:00,BMS-01,60.68204864766844,29.16146430841375
2026-01-23T21:40:00+09:00,BMS-01,69.29359254232813,27.4215263395257
2026-01-23T21:45:00+09:00,BMS-01,28.391192979077818,28.20260703052244
2026-01-23T21:50:00+09:00,BMS-01,31.566722433522642,30.871089031967287
2026-01-23T21:55:00+09:00,BMS-01,78.56195374805107,28.24875567823585
2026-01-23T22:00:00+09:00,BMS-01,54.67874122081129,27.041130342140853
2026-01-23T22:05:00+09:00,BMS-01,80.97465500314732,30.718632558352404
2026-01-23T22:10:00+09:00,BMS-01,84.84337555179272,27.763606374603505
2026-01-23T22:15:00+09:00,BMS-01,42.19693701729721,25.12853174674068
2026-01-23T22:20:00+09:00,BMS-01,39.7712653834387,27.90354676355861
2026-01-23T22:25:00+09:00,BMS-01,68.94753150125015,26.11882263042532
2026-01-23T22:30:00+09:00,BMS-01,72.6447126497792,30.736784130547274
2026-01-23T22:35:00+09:00,BMS-01,32.35388223128862,27.37401804676023
2026-01-23T22:40:00+09:00,BMS-01,31.164248599337256,26.594646219007647
2026-01-23T22:45:00+09:00,BMS-01,76.76185892685398,31.13147146732907
2026-01-23T22:50:00+09:00,BMS-01,47.069140448564305,28.788132495068375
2026-01-23T22:55:00+09:00,BMS-01,50.92979934140996,26.11022451502576
2026-01-23T23:00:00+09:00,BMS-01,72.40664032659667,31.47429416011666
2026-01-23T23:05:00+09:00,BMS-01,40.068844240159976,26.792768968096325
2026-01-23T23:10:00+09:00,BMS-01,30.770060960668225,28.486173533930362
2026-01-23T23:15:00+09:00,BMS-01,89.90112199954874,27.13643511964946
2026-01-23T23:20:00+09:00,BMS-01,47.607106073392124,31.821861596424146
2026-01-23T23:25:00+09:00,BMS-01,40.85003408722696,29.06200803932615
2026-01-23T23:30:00+09:00,BMS-01,31.57768057621145,31.229605859059955
2026-01-23T23:35:00+09:00,BMS-01,60.546598936833746,29.796101999434153
2026-01-23T23:40:00+09:00,BMS-01,38.388818415343295,30.00087268034076
2026-01-23T23:45:00+09:00,BMS-01,77.93037802276677,28.449907854622424
2026-01-23T23:50:00+09:00,BMS-01,75.02785305833523,28.43327112869451
2026-01-23T23:55:00+09:00,BMS-01,31.007054825663825,28.624864063360715
2026-01-24T00:00:00+09:00,BMS-01,23.55315017642136,32.66658842733316
2026-01-24T00:05:00+09:00,BMS-01,38.48511754541726,28.509326733057343
2026-01-24T00:10:00+09:00,BMS-01,70.8597615828188,29.47241160456518
2026-01-24T00:15:00+09:00,BMS-01,25.920437634160432,31.137261467341116
2026-01-24T00:20:00+09:00,BMS-01,46.075218892405886,23.29564780292846
2026-01-24T00:25:00+09:00,BMS-01,80.89985114756134,30.13928602554044
2026-01-24T00:30:00+09:00,BMS-01,61.67626125453717,28.115882222721712
2026-01-24T00:35:00+09:00,BMS-01,89.8938020665497,27.9939287033692
2026-01-24T00:40:00+09:00,BMS-01,65.65518243017333,30.756004274324567
2026-01-24T00:45:00+09:00,BMS-01,52.11151675404743,30.38262372059898
2026-01-24T00:50:00+09:00,BMS-01,48.12064652056001,29.92936043000901
2026-01-24T00:55:00+09:00,BMS-01,37.03436704936004,28.410661017082358
2026-01-24T01:00:00+09:00,BMS-01,87.15919546114708,28.86035296338162
2026-01-24T01:05:00+09:00,BMS-01,76.1353951775564,32.281443043156045
2026-01-24T01:10:00+09:00,BMS-01,63.29687698426297,29.49084826513819
2026-01-24T01:15:00+09:00,BMS-01,87.45613036675019,26.613136421353126
2026-01-24T01:20:00+09:00,BMS-01,71.34384763511109,26.474742936362297
2026-01-24T01:25:00+09:00,BMS-01,82.12271748615078,28.34064787568304
2026-01-24T01:30:00+09:00,BMS-01,74.1883479386531,28.72640081307062
2026-01-24T01:35:00+09:00,BMS-01,30.9683773783953,34.354096700710286
2026-01-24T01:40:00+09:00,BMS-01,55.0449079042174,26.73263154736142
2026-01-24T01:45:00+09:00,BMS-01,37.05904579224027,25.75444221447738
2026-01-24T01:50:00+09:00,BMS-01,33.00293202740204,29.915552773867645
2026-01-24T01:55:00+09:00,BMS-01,67.67955148259053,28.809432249352632
2026-01-24T02:00:00+09:00,BMS-01,75.72808076476167,29.427333603095498
2026-01-24T02:05:00+09:00,BMS-01,26.185544760974768,29.587493118275688
2026-01-24T02:10:00+09:00,BMS-01,60.12902747271744,29.130762417649233
2026-01-24T02:15:00+09:00,BMS-01,50.107979456558375,29.3087945053024
2026-01-24T02:20:00+09:00,BMS-01,40.529027577577956,28.650579275465088
2026-01-24T02:25:00+09:00,BMS-01,30.35083278304274,30.87867573710206
2026-01-24T02:30:00+09:00,BMS-01,30.70854740533926,29.724490345885137
2026-01-24T02:35:00+09:00,BMS-01,79.2095892418082,31.13665626093231
2026-01-24T02:40:00+09:00,BMS-01,86.79451254913417,29.32933259739102
2026-01-24T02:45:00+09:00,BMS-01,80.46144307093006,28.86679364433339
2026-01-24T02:50:00+09:00,BMS-01,30.555169298549337,31.32341238377159
2026-01-24T02:55:00+09:00,BMS-01,87.10230241654344,31.730445762493634
2026-01-24T03:00:00+09:00,BMS-01,69.95761547231395,29.368454547136338
2026-01-24T03:05:00+09:00,BMS-01,67.630817791587,29.934074455532464
2026-01-24T03:10:00+09:00,BMS-01,52.39339343024567,30.005739433359302
2026-01-24T03:15:00+09:00,BMS-01,84.8129428514866,26.71163825016097
2026-01-24T03:20:00+09:00,BMS-01,21.91529356187374,29.984031056462342
2026-01-24T03:25:00+09:00,BMS-01,31.847736641588174,30.388304331533217
2026-01-24T03:30:00+09:00,BMS-01,43.4018152419934,28.43458045579083
2026-01-24T03:35:00+09:00,BMS-01,55.00991874264311,25.103253194220404
2026-01-24T03:40:00+09:00,BMS-01,34.05888974634137,26.680839018825694
2026-01-24T03:45:00+09:00,BMS-01,79.01671955141279,28.699146150830227
2026-01-24T03:50:00+09:00,BMS-01,41.13219951286767,29.069195402262213
2026-01-24T03:55:00+09:00,BMS-01,39.6145530893157,28.539432555638427
2026-01-24T04:00:00+09:00,BMS-01,70.91047469934489,29.642463283232278
2026-01-24T04:05:00+09:00,BMS-01,42.36193220137058,25.614359698198008
2026-01-24T04:10:00+09:00,BMS-01,41.067431970538415,28.133211580552572
2026-01-24T04:15:00+09:00,BMS-01,32.37795943688458,30.024799086693264
2026-01-24T04:20:00+09:00,BMS-01,43.477487105453164,27.214098243386992
2026-01-24T04:25:00+09:00,BMS-01,49.10844477148447,29.408658912743643
2026-01-24T04:30:00+09:00,BMS-01,65.69168393966906,27.69633182772715
2026-01-24T04:35:00+09:00,BMS-01,36.295524563961635,28.75114809723614
2026-01-24T04:40:00+09:00,BMS-01,64.51247731858398,28.26358311520191
2026-01-24T04:45:00+09:00,BMS-01,82.80484248509411,29.47159493017348
2026-01-24T04:50:00+09:00,BMS-01,84.13125802128621,28.565999370539952
2026-01-24T04:55:00+09:00,BMS-01,50.825007333503166,28.487630431932242
2026-01-24T05:00:00+09:00,BMS-01,33.29900116242793,30.81788889391215
2026-01-24T05:05:00+09:00,BMS-01,50.40244966426885,28.96191905934409
2026-01-24T05:10:00+09:00,BMS-01,38.03138979912096,27.14642011242016
2026-01-24T05:15:00+09:00,BMS-01,41.9827088706942,34.07899320015019
2026-01-24T05:20:00+09:00,BMS-01,26.685189509164474,32.53474105891505
2026-01-24T05:25:00+09:00,BMS-01,83.09979617793691,27.76268326142574
2026-01-24T05:30:00+09:00,BMS-01,61.84163250911135,29.2770483405825
2026-01-24T05:35:00+09:00,BMS-01,23.711914554520256,30.245465351840057
2026-01-24T05:40:00+09:00,BMS-01,70.1492532234777,26.729347469772303
2026-01-24T05:45:00+09:00,BMS-01,61.881022537112905,29.385504224120297
2026-01-24T05:50:00+09:00,BMS-01,83.45299468440892,26.68534751446398
2026-01-24T05:55:00+09:00,BMS-01,53.308326070824144,29.690750611456888
2026-01-24T06:00:00+09:00,BMS-01,50.85096864542909,29.729472423662898
2026-01-24T06:05:00+09:00,BMS-01,54.27440481293789,26.279603962193015
2026-01-24T06:10:00+09:00,BMS-01,86.15700606888443,28.532307003371834
2026-01-24T06:15:00+09:00,BMS-01,48.865822911738434,26.775709886788746
2026-01-24T06:20:00+09:00,BMS-01,80.88161320396247,31.02472405863393
2026-01-24T06:25:00+09:00,BMS-01,32.47976282237145,28.194093443700293
2026-01-24T06:30:00+09:00,BMS-01,30.925462324300707,31.88667489944396
2026-01-24T06:35:00+09:00,BMS-01,26.169101188599683,31.36774564747824
2026-01-24T06:40:00+09:00,BMS-01,20.643463589193544,29.33152724150083
2026-01-24T06:45:00+09:00,BMS-01,78.43354832875934,29.461236229415885
2026-01-24T06:50:00+09:00,BMS-01,67.21663554509166,32.23589981504364
2026-01-24T06:55:00+09:00,BMS-01,57.63546110851846,26.531797228834957
2026-01-24T07:00:00+09:00,BMS-01,58.425745216802554,30.8695827023843
2026-01-24T07:05:00+09:00,BMS-01,74.70726116505782,28.08100599314802
2026-01-24T07:10:00+09:00,BMS-01,65.95363401575787,27.510568082238134
2026-01-24T07:15:00+09:00,BMS-01,29.4903923284359,26.336720744922133
2026-01-24T07:20:00+09:00,BMS-01,48.83260318699398,28.900056343736953
2026-01-24T07:25:00+09:00,BMS-01,74.92776758204607,30.656809708533842
2026-01-24T07:30:00+09:00,BMS-01,78.03537340063966,25.133082033080036
2026-01-24T07:35:00+09:00,BMS-01,20.149795138088095,27.35770108569689
2026-01-24T07:40:00+09:00,BMS-01,54.865129889714616,27.473939603543567
2026-01-24T07:45:00+09:00,BMS-01,64.86230261460061,30.713220257157467
2026-01-24T07:50:00+09:00,BMS-01,84.43434364229354,27.899240837300397
2026-01-24T07:55:00+09:00,BMS-01,52.11330959181986,28.132939740536827
2026-01-24T08:00:00+09:00,BMS-01,74.54892136673334,28.02026827183695
2026-01-24T08:05:00+09:00,BMS-01,51.67203863360822,29.828624319697052
2026-01-24T08:10:00+09:00,BMS-01,88.48163266585361,30.316730344472248
2026-01-24T08:15:00+09:00,BMS-01,78.21733661791146,26.869310910670258
2026-01-24T08:20:00+09:00,BMS-01,73.33137809203185,28.709995065004826
2026-01-24T08:25:00+09:00,BMS-01,28.780086236863127,29.42619958828256
2026-01-24T08:30:00+09:00,BMS-01,53.394743504380905,29.00667100662199
2026-01-24T08:35:00+09:00,BMS-01,23.252517195687545,27.80083273622754
2026-01-24T08:40:00+09:00,BMS-01,89.65847661410854,28.690103512622283
2026-01-24T08:45:00+09:00,BMS-01,62.03995433272852,27.45445682873334
2026-01-24T08:50:00+09:00,BMS-01,87.20045507074977,27.526972013560723
2026-01-24T08:55:00+09:00,BMS-01,80.13826053346213,28.789155977787704
2026-01-24T09:00:00+09:00,BMS-01,55.48952379273575,33.1957111854872
2026-01-24T09:05:00+09:00,BMS-01,55.254746863291196,30.337257690660607
2026-01-24T09:10:00+09:00,BMS-01,45.374958351419174,28.303581499684398
2026-01-24T09:15:00+09:00,BMS-01,48.40719526466404,28.118607260219402
2026-01-24T09:20:00+09:00,BMS-01,56.532164437237206,31.307651237190665
2026-01-24T09:25:00+09:00,BMS-01,73.25204136689467,29.662759873738736
2026-01-24T09:30:00+09:00,BMS-01,66.06211374035294,30.16080356649269
2026-01-24T09:35:00+09:00,BMS-01,69.8616116854292,33.07246292322031
2026-01-24T09:40:00+09:00,BMS-01,59.43983410342232,28.89239671811286
2026-01-24T09:45:00+09:00,BMS-01,74.0777149033012,28.310043198769716
2026-01-24T09:50:00+09:00,BMS-01,87.35157962671283,27.710453242287013
2026-01-24T09:55:00+09:00,BMS-01,55.032604314072955,24.234152238867487
2026-01-24T10:00:00+09:00,BMS-01,89.36007717583934,27.379000789580356
2026-01-24T10:05:00+09:00,BMS-01,27.137515296765418,26.276557869568585
2026-01-24T10:10:00+09:00,BMS-01,36.60932130889635,27.179116399179293
2026-01-24T10:15:00+09:00,BMS-01,47.01354226269382,31.303709724171068
2026-01-24T10:20:00+09:00,BMS-01,74.87341271768602,28.268354052193963
2026-01-24T10:25:00+09:00,BMS-01,20.05175360906129,24.823066762608537
2026-01-24T10:30:00+09:00,BMS-01,65.00612248926171,28.88945843544481
2026-01-24T10:35:00+09:00,BMS-01,28.482861364782128,31.72511460072494
2026-01-24T10:40:00+09:00,BMS-01,87.40500642355106,23.881867389935003
2026-01-24T10:45:00+09:00,BMS-01,54.5779457273516,25.705605935972972
2026-01-24T10:50:00+09:00,BMS-01,28.075024826883165,26.594300151782384
2026-01-24T10:55:00+09:00,BMS-01,29.770209767254773,29.026989458062197
2026-01-24T11:00:00+09:00,BMS-01,74.6432494838817,26.100067590645885
2026-01-24T11:05:00+09:00,BMS-01,48.544502641786686,30.755807224901794
2026-01-24T11:10:00+09:00,BMS-01,62.496026630075946,30.68607425324342
2026-01-24T11:15:00+09:00,BMS-01,89.9811697750493,30.322084837819478
2026-01-24T11:20:00+09:00,BMS-01,75.42055126118908,28.64110588458647
2026-01-24T11:25:00+09:00,BMS-01,36.978261377146204,25.30713348993215
2026-01-24T11:30:00+09:00,BMS-01,88.21117321732955,27.941762130993983
2026-01-24T11:35:00+09:00,BMS-01,52.702058606907656,30.394671376845835
2026-01-24T11:40:00+09:00,BMS-01,65.1688440230161,32.14037742684706
2026-01-24T11:45:00+09:00,BMS-01,56.17126623606533,29.861910232253717
2026-01-24T11:50:00+09:00,BMS-01,39.82106163428963,27.692910683121102
2026-01-24T11:55:00+09:00,BMS-01,57.96728512809769,27.293862392705726
2026-01-24T12:00:00+09:00,BMS-01,55.440365318580284,30.826849904765623
2026-01-24T12:05:00+09:00,BMS-01,40.077184884803465,30.336809677605967
2026-01-24T12:10:00+09:00,BMS-01,50.61772490264091,27.760375444075322
2026-01-24T12:15:00+09:00,BMS-01,80.30175976316886,29.770039234835536
2026-01-24T12:20:00+09:00,BMS-01,88.767069339392,30.94367671632232
2026-01-24T12:25:00+09:00,BMS-01,87.1336837645961,32.333534285031966
2026-01-24T12:30:00+09:00,BMS-01,35.94185366123918,30.0109905766276
2026-01-24T12:35:00+09:00,BMS-01,49.45286994035614,25.380118065705922
2026-01-24T12:40:00+09:00,BMS-01,58.55119966312431,27.263223847475107
2026-01-24T12:45:00+09:00,BMS-01,46.00362554777093,25.81922009435858
2026-01-24T12:50:00+09:00,BMS-01,79.35684210930368,28.248144851304566
2026-01-24T12:55:00+09:00,BMS-01,36.61371095708675,27.45983045860909
2026-01-24T13:00:00+09:00,BMS-01,33.59893527140699,30.8309348802202
2026-01-24T13:05:00+09:00,BMS-01,32.858235394923724,30.28296475988863
2026-01-24T13:10:00+09:00,BMS-01,44.886423613712566,31.86901083171829
2026-01-24T13:15:00+09:00,BMS-01,84.57901861837335,31.38331085321976
2026-01-24T13:20:00+09:00,BMS-01,32.29745030698774,29.05513462404505
2026-01-24T13:25:00+09:00,BMS-01,77.35230699087622,28.12896425275397
2026-01-24T13:30:00+09:00,BMS-01,44.34910917492482,31.135880107097293
2026-01-24T13:35:00+09:00,BMS-01,89.12876571771079,28.30408533976802
2026-01-24T13:40:00+09:00,BMS-01,53.80405891313333,30.032088236568825
2026-01-24T13:45:00+09:00,BMS-01,48.61860090478537,27.54621644299142
2026-01-24T13:50:00+09:00,BMS-01,45.583385190083725,26.156352587762782
2026-01-24T13:55:00+09:00,BMS-01,83.26143129690196,29.881208308750146
2026-01-24T14:00:00+09:00,BMS-01,85.50640966484042,27.263512079225734
2026-01-24T14:05:00+09:00,BMS-01,82.16506580071686,28.089784967892548
2026-01-24T14:10:00+09:00,BMS-01,20.127513725458307,27.105290864438338
2026-01-24T14:15:00+09:00,BMS-01,70.45659543144484,29.72302032893847
2026-01-24T14:20:00+09:00,BMS-01,41.151265219905305,31.464311733771346
2026-01-24T14:25:00+09:00,BMS-01,89.84738597494959,30.566123948194356
2026-01-24T14:30:00+09:00,BMS-01,67.1859280986903,31.043790531330018
2026-01-24T14:35:00+09:00,BMS-01,66.28371823349038,25.775684836792436
2026-01-24T14:40:00+09:00,BMS-01,62.47866529211377,29.805573381334707
2026-01-24T14:45:00+09:00,BMS-01,75.92688840183845,29.27579041964302
2026-01-24T14:50:00+09:00,BMS-01,39.88346548206483,30.241339375678105
2026-01-24T14:55:00+09:00,BMS-01,45.15262309618442,30.165011936914034
2026-01-24T15:00:00+09:00,BMS-01,43.63901483889217,28.903398056707466
2026-01-24T15:05:00+09:00,BMS-01,23.551085455965463,30.531186493495596
2026-01-24T15:10:00+09:00,BMS-01,45.01249971664644,26.26980505364849
2026-01-24T15:15:00+09:00,BMS-01,42.19702903322644,28.19940909430898
2026-01-24T15:20:00+09:00,BMS-01,32.90804029712849,27.790117634082808
2026-01-24T15:25:00+09:00,BMS-01,64.18708460975802,33.341004209964076
2026-01-24T15:30:00+09:00,BMS-01,46.81624638012442,27.89714765224803
2026-01-24T15:35:00+09:00,BMS-01,44.45616162830295,29.19221133897495
2026-01-24T15:40:00+09:00,BMS-01,24.727747840790297,30.556897871811167
2026-01-24T15:45:00+09:00,BMS-01,73.57530630298699,31.71871798032315
2026-01-24T15:50:00+09:00,BMS-01,59.24679520692874,31.15231825840625
2026-01-24T15:55:00+09:00,BMS-01,58.9177629257365,29.695771938897916
2026-01-24T16:00:00+09:00,BMS-01,67.5305958576165,25.70556933191316
2026-01-24T16:05:00+09:00,BMS-01,69.95946521148808,31.344283392620042
2026-01-24T16:10:00+09:00,BMS-01,37.98309648852884,26.95334488973272
2026-01-24T16:15:00+09:00,BMS-01,26.20123598981708,27.46341856061292
2026-01-24T16:20:00+09:00,BMS-01,26.774070577680096,31.68547159732755
2026-01-24T16:25:00+09:00,BMS-01,78.11221238739377,34.14739283119042
2026-01-24T16:30:00+09:00,BMS-01,36.954202933961064,28.529724362084522
2026-01-24T16:35:00+09:00,BMS-01,45.200660661608325,27.89521920725504
2026-01-24T16:40:00+09:00,BMS-01,82.86414695134235,28.94845831744052
2026-01-24T16:45:00+09:00,BMS-01,25.71667612031639,28.71239587659966
2026-01-24T16:50:00+09:00,BMS-01,37.23731686382906,25.61755136163858
2026-01-24T16:55:00+09:00,BMS-01,71.84797726348955,33.16281065679316
2026-01-24T17:00:00+09:00,BMS-01,61.41510410629839,26.542410911849405
2026-01-24T17:05:00+09:00,BMS-01,33.762386251536725,28.482639151009124
2026-01-24T17:10:00+09:00,BMS-01,73.26176535051066,27.44261947081211
2026-01-24T17:15:00+09:00,BMS-01,36.71338694325064,27.900664488843486
2026-01-24T17:20:00+09:00,BMS-01,28.29001804130508,32.16170841600071
2026-01-24T17:25:00+09:00,BMS-01,50.36596047467757,28.789279250831346
2026-01-24T17:30:00+09:00,BMS-01,39.76032896284706,27.673217302223474
2026-01-24T17:35:00+09:00,BMS-01,73.93041251195497,28.452064482126957
2026-01-24T17:40:00+09:00,BMS-01,54.22021787657704,28.903108864487535
2026-01-24T17:45:00+09:00,BMS-01,77.4486521652656,24.93496575571855
2026-01-24T17:50:00+09:00,BMS-01,65.39574580285921,28.721482266261113
2026-01-24T17:55:00+09:00,BMS-01,67.9682360176859,28.652433710322928
2026-01-24T18:00:00+09:00,BMS-01,64.2852006691085,27.63977125538745
2026-01-24T18:05:00+09:00,BMS-01,45.390551501169114,24.745708986505342
2026-01-24T18:10:00+09:00,BMS-01,55.282383893831536,26.871842615231383
2026-01-24T18:15:00+09:00,BMS-01,24.44605100643719,26.544914442966288
2026-01-24T18:20:00+09:00,BMS-01,83.81982990833112,29.7835422246234
2026-01-24T18:25:00+09:00,BMS-01,81.04976323005558,28.559677139712537
2026-01-24T18:30:00+09:00,BMS-01,26.502621868756286,28.223170822998632
2026-01-24T18:35:00+09:00,BMS-01,26.364625356397326,30.46816243858384
2026-01-24T18:40:00+09:00,BMS-01,30.963949366078673,33.05701388067744
2026-01-24T18:45:00+09:00,BMS-01,70.4503449340867,31.746795606526064
2026-01-24T18:50:00+09:00,BMS-01,45.45543951308248,30.14711772955323
2026-01-24T18:55:00+09:00,BMS-01,69.82655483909768,29.727843590109483
2026-01-24T19:00:00+09:00,BMS-01,23.694785990764057,28.75584430145379
2026-01-24T19:05:00+09:00,BMS-01,27.550870951269328,26.087973865739887
2026-01-24T19:10:00+09:00,BMS-01,41.69934055650468,29.901116991668466
2026-01-24T19:15:00+09:00,BMS-01,72.51853778245291,29.185504944868608
2026-01-24T19:20:00+09:00,BMS-01,77.57767945700913,30.72843460284232
2026-01-24T19:25:00+09:00,BMS-01,24.130375832237704,26.87329041179202
2026-01-24T19:30:00+09:00,BMS-01,74.63038507961001,26.6008545719299
2026-01-24T19:35:00+09:00,BMS-01,33.871601846386014,29.043373724833128
2026-01-24T19:40:00+09:00,BMS-01,47.987457989783834,29.581370589190968
2026-01-24T19:45:00+09:00,BMS-01,89.10985441956957,31.55723419106716
2026-01-24T19:50:00+09:00,BMS-01,59.82050702937401,32.59578610961457
2026-01-24T19:55:00+09:00,BMS-01,74.2873906201092,27.87996761718851
2026-01-24T20:00:00+09:00,BMS-01,23.253407575625708,28.757750431967107
2026-01-24T20:05:00+09:00,BMS-01,47.08613563358754,31.137191634576652
2026-01-24T20:10:00+09:00,BMS-01,60.522087302144115,32.442058947219884
2026-01-24T20:15:00+09:00,BMS-01,42.732421911075605,27.39660600077172
2026-01-24T20:20:00+09:00,BMS-01,49.30983107405652,30.69156529466234
2026-01-24T20:25:00+09:00,BMS-01,26.642253074110084,28.241338561845634
2026-01-24T20:30:00+09:00,BMS-01,20.263566756735447,28.321893385559726
2026-01-24T20:35:00+09:00,BMS-01,34.20601225095972,30.165570377389756
2026-01-24T20:40:00+09:00,BMS-01,79.01308642012663,28.93755787618023
2026-01-24T20:45:00+09:00,BMS-01,87.26764842483249,27.999467167028108
2026-01-24T20:50:00+09:00,BMS-01,26.69445170520512,30.413436305204993
2026-01-24T20:55:00+09:00,BMS-01,25.423987023630268,28.647022193982423
2026-01-24T21:00:00+09:00,BMS-01,21.671845737301457,30.189260153044337
2026-01-24T21:05:00+09:00,BMS-01,61.01299109404324,27.77312463327606
2026-01-24T21:10:00+09:00,BMS-01,86.38882314114103,27.757720912356017
2026-01-24T21:15:00+09:00,BMS-01,31.660944107301162,28.33851469956285
2026-01-24T21:20:00+09:00,BMS-01,70.09364426088776,30.028586118080014
2026-01-24T21:25:00+09:00,BMS-01,74.28122267621983,29.76285353603828
2026-01-24T21:30:00+09:00,BMS-01,87.55645244113471,28.004808052514306
2026-01-24T21:35:00+09:00,BMS-01,68.29117842183837,26.59657677228973
2026-01-24T21:40:00+09:00,BMS-01,59.33370778606108,31.586546626335526
2026-01-24T21:45:00+09:00,BMS-01,27.637611046647844,27.163792884278894
2026-01-24T21:50:00+09:00,BMS-01,89.69493521170612,25.838969541481937
2026-01-24T21:55:00+09:00,BMS-01,76.69491761327856,27.486817063760135
2026-01-24T22:00:00+09:00,BMS-01,52.2092993903273,29.367524607718035
2026-01-24T22:05:00+09:00,BMS-01,51.215229856861306,27.77696995272115
2026-01-24T22:10:00+09:00,BMS-01,60.44319590022354,29.187558155931917
2026-01-24T22:15:00+09:00,BMS-01,42.83622482980372,30.974531382872577
2026-01-24T22:20:00+09:00,BMS-01,44.92242442741676,30.611096011442505
2026-01-24T22:25:00+09:00,BMS-01,63.86687840692315,29.806181356985977
2026-01-24T22:30:00+09:00,BMS-01,77.78051783743041,24.91904042883885
2026-01-24T22:35:00+09:00,BMS-01,42.46632675003865,29.86257055394963
2026-01-24T22:40:00+09:00,BMS-01,35.80095059635304,28.118241058694206
2026-01-24T22:45:00+09:00,BMS-01,42.429537735305175,29.86588092158531
2026-01-24T22:50:00+09:00,BMS-01,67.41964512306953,28.505270763405452
2026-01-24T22:55:00+09:00,BMS-01,56.24709648432934,29.7006714880326
2026-01-24T23:00:00+09:00,BMS-01,43.43801693499153,32.782135773739775
2026-01-24T23:05:00+09:00,BMS-01,25.69010386348625,28.87736551287446
2026-01-24T23:10:00+09:00,BMS-01,69.7770323402307,26.635300731801145
2026-01-24T23:15:00+09:00,BMS-01,84.64314940917279,28.249291257441648
2026-01-24T23:20:00+09:00,BMS-01,80.44508134885642,31.685370946477967
2026-01-24T23:25:00+09:00,BMS-01,87.34612336480664,26.874261452346772
2026-01-24T23:30:00+09:00,BMS-01,68.74954679599924,27.674646415806013
2026-01-24T23:35:00+09:00,BMS-01,87.63239944337282,34.60364487798321
2026-01-24T23:40:00+09:00,BMS-01,29.06661031600271,27.20753388153963
2026-01-24T23:45:00+09:00,BMS-01,25.552202908220714,29.610915577220084
2026-01-24T23:50:00+09:00,BMS-01,60.2032498283295,29.916402343584814
2026-01-24T23:55:00+09:00,BMS-01,68.50791080596233,29.55394142149165
2026-01-25T00:00:00+09:00,BMS-01,68.04216342873703,30.606302684540008
2026-01-25T00:05:00+09:00,BMS-01,44.69301516519409,27.349627243073318
2026-01-25T00:10:00+09:00,BMS-01,44.87839820358033,27.997966851947975
2026-01-25T00:15:00+09:00,BMS-01,69.4946514363216,28.40457322157837
2026-01-25T00:20:00+09:00,BMS-01,49.89844286391066,32.22796999190784
2026-01-25T00:25:00+09:00,BMS-01,38.47690254357082,30.693285252815468
2026-01-25T00:30:00+09:00,BMS-01,74.13091254579656,31.957203904817668
2026-01-25T00:35:00+09:00,BMS-01,85.29751097105216,34.41134693406728
2026-01-25T00:40:00+09:00,BMS-01,46.53029321322229,26.321961207062515
2026-01-25T00:45:00+09:00,BMS-01,83.87805131379241,27.98560452375183
2026-01-25T00:50:00+09:00,BMS-01,59.98571903998585,28.298958690553487
2026-01-25T00:55:00+09:00,BMS-01,53.372672179941354,29.81726200726783
2026-01-25T01:00:00+09:00,BMS-01,68.83618524056027,28.51223225439911
2026-01-25T01:05:00+09:00,BMS-01,83.52127233987954,26.23452163742145
2026-01-25T01:10:00+09:00,BMS-01,57.90539927347859,27.793837939981383
2026-01-25T01:15:00+09:00,BMS-01,44.34593959500477,29.337645295906142
2026-01-25T01:20:00+09:00,BMS-01,63.23208587756987,28.16765849655982
2026-01-25T01:25:00+09:00,BMS-01,64.04366829467557,29.815469237814085
2026-01-25T01:30:00+09:00,BMS-01,37.30128758406277,26.736646299096066
2026-01-25T01:35:00+09:00,BMS-01,22.704912267281525,27.679507938688438
2026-01-25T01:40:00+09:00,BMS-01,59.805742577474845,26.735723992200167
2026-01-25T01:45:00+09:00,BMS-01,58.698008591039944,28.915539394322657
2026-01-25T01:50:00+09:00,BMS-01,63.55620241523879,30.08691746600279
2026-01-25T01:55:00+09:00,BMS-01,48.88485109687105,29.52861579640205
2026-01-25T02:00:00+09:00,BMS-01,46.31878403463046,27.262541374797227
2026-01-25T02:05:00+09:00,BMS-01,42.302169493926215,29.03674456604546
2026-01-25T02:10:00+09:00,BMS-01,24.810555452946655,27.532643933077715
2026-01-25T02:15:00+09:00,BMS-01,56.837964880490404,29.378199180885236
2026-01-25T02:20:00+09:00,BMS-01,72.10305481498426,30.942466661693395
2026-01-25T02:25:00+09:00,BMS-01,58.088157559530956,28.03286996000389
2026-01-25T02:30:00+09:00,BMS-01,42.62799352016072,27.800633778690553
2026-01-25T02:35:00+09:00,BMS-01,46.6729810601829,27.32235442081142
2026-01-25T02:40:00+09:00,BMS-01,44.42762293270284,28.487005162828666
2026-01-25T02:45:00+09:00,BMS-01,36.65177148168497,30.521568077602932
2026-01-25T02:50:00+09:00,BMS-01,61.51413748636989,23.6796848985282
2026-01-25T02:55:00+09:00,BMS-01,80.21254442854072,27.05129290320696
2026-01-25T03:00:00+09:00,BMS-01,61.96522865728891,29.09594128069601
2026-01-25T03:05:00+09:00,BMS-01,58.459511956035975,26.141882970095278
2026-01-25T03:10:00+09:00,BMS-01,63.82201130029915,32.94185171898236
2026-01-25T03:15:00+09:00,BMS-01,56.53240280748488,27.51309970122683
2026-01-25T03:20:00+09:00,BMS-01,68.60301048692385,28.301824656062283
2026-01-25T03:25:00+09:00,BMS-01,89.43777578055979,30.771699584618407
2026-01-25T03:30:00+09:00,BMS-01,57.37232669432679,31.238847713341055
2026-01-25T03:35:00+09:00,BMS-01,66.18062654758283,26.610060479732716
2026-01-25T03:40:00+09:00,BMS-01,65.99339158562086,30.54904792157052
2026-01-25T03:45:00+09:00,BMS-01,43.17131488471576,29.905149157001393
2026-01-25T03:50:00+09:00,BMS-01,56.52873962045096,27.1821537416636
2026-01-25T03:55:00+09:00,BMS-01,42.09310825341971,27.852294877985557
2026-01-25T04:00:00+09:00,BMS-01,33.61832022419151,28.85864884413523
2026-01-25T04:05:00+09:00,BMS-01,27.439741490296353,27.554848294497067
2026-01-25T04:10:00+09:00,BMS-01,65.50322377584429,26.359378706454045
2026-01-25T04:15:00+09:00,BMS-01,61.25121227719312,27.95730955536198
2026-01-25T04:20:00+09:00,BMS-01,65.19105353493592,28.9446626712007
2026-01-25T04:25:00+09:00,BMS-01,30.462535382105628,26.104940211044266
2026-01-25T04:30:00+09:00,BMS-01,83.65477760718245,29.48435895609586
2026-01-25T04:35:00+09:00,BMS-01,23.153530244517718,24.866340704538647
2026-01-25T04:40:00+09:00,BMS-01,30.038429590390905,28.193669604066876
2026-01-25T04:45:00+09:00,BMS-01,49.76492880765897,28.493453613614417
2026-01-25T04:50:00+09:00,BMS-01,83.84716819452193,28.741748406590357
2026-01-25T04:55:00+09:00,BMS-01,89.08707898105946,28.009107324073703
2026-01-25T05:00:00+09:00,BMS-01,65.73312577715657,26.552532887232488
2026-01-25T05:05:00+09:00,BMS-01,22.886805103996352,33.4754670812179
2026-01-25T05:10:00+09:00,BMS-01,51.446912166957844,28.333229942559985
2026-01-25T05:15:00+09:00,BMS-01,66.46088482172357,30.074773628105167
2026-01-25T05:20:00+09:00,BMS-01,48.89595611383135,28.97638257205422
2026-01-25T05:25:00+09:00,BMS-01,53.7627844695053,29.320693771452945
2026-01-25T05:30:00+09:00,BMS-01,21.46576119173071,30.704612939385743
2026-01-25T05:35:00+09:00,BMS-01,48.31121448379959,29.06382234485314
2026-01-25T05:40:00+09:00,BMS-01,84.69236361198757,30.73137067099511
2026-01-25T05:45:00+09:00,BMS-01,82.94223143487868,27.858927692935513
2026-01-25T05:50:00+09:00,BMS-01,46.751606184176666,30.9253101317306
2026-01-25T05:55:00+09:00,BMS-01,62.7736849286972,28.639636586285725
2026-01-25T06:00:00+09:00,BMS-01,29.502551971815205,24.72531128763954
2026-01-25T06:05:00+09:00,BMS-01,47.36129727330668,27.752217912363225
2026-01-25T06:10:00+09:00,BMS-01,48.8588430092459,32.398058053564
2026-01-25T06:15:00+09:00,BMS-01,67.0992580058715,31.75048104282176
2026-01-25T06:20:00+09:00,BMS-01,39.810212304117414,27.806889046719117
2026-01-25T06:25:00+09:00,BMS-01,44.87527008070056,27.49098475019193
2026-01-25T06:30:00+09:00,BMS-01,53.88637017656192,26.23380700392866
2026-01-25T06:35:00+09:00,BMS-01,39.532211682191324,25.726902648626194
2026-01-25T06:40:00+09:00,BMS-01,46.82851480500334,31.212185361553345
2026-01-25T06:45:00+09:00,BMS-01,47.690443944853925,34.02065431754845
2026-01-25T06:50:00+09:00,BMS-01,82.90654203327433,31.76499395683285
2026-01-25T06:55:00+09:00,BMS-01,45.03619318348702,32.835104016883214
2026-01-25T07:00:00+09:00,BMS-01,79.55170928129364,28.448308136864085
2026-01-25T07:05:00+09:00,BMS-01,53.56824622532264,29.038141649066546
2026-01-25T07:10:00+09:00,BMS-01,66.50427903521945,27.521893787234923
2026-01-25T07:15:00+09:00,BMS-01,80.66132690308375,27.160146768466824
2026-01-25T07:20:00+09:00,BMS-01,52.435505192930165,29.639782006981577
2026-01-25T07:25:00+09:00,BMS-01,38.91964682842789,28.501885002375516
2026-01-25T07:30:00+09:00,BMS-01,77.10977503241386,28.21883466765575
2026-01-25T07:35:00+09:00,BMS-01,47.379425792630364,30.058871259118227
2026-01-25T07:40:00+09:00,BMS-01,63.39436227209644,30.530156182173435
2026-01-25T07:45:00+09:00,BMS-01,52.03273854848139,31.185640934329616
2026-01-25T07:50:00+09:00,BMS-01,61.577773927638695,26.921663190770005
2026-01-25T07:55:00+09:00,BMS-01,71.85594953886044,27.36700651330788
2026-01-25T08:00:00+09:00,BMS-01,27.082901357597468,25.09175804345172
2026-01-25T08:05:00+09:00,BMS-01,54.66985388047256,28.232664362175036
2026-01-25T08:10:00+09:00,BMS-01,65.70239461080288,26.506895893840607
2026-01-25T08:15:00+09:00,BMS-01,35.07869249151331,29.994977477622854
2026-01-25T08:20:00+09:00,BMS-01,30.83898799806889,25.94277872170717
2026-01-25T08:25:00+09:00,BMS-01,40.36448230244698,27.233268296080464
2026-01-25T08:30:00+09:00,BMS-01,56.16141549887407,28.504652028085594
2026-01-25T08:35:00+09:00,BMS-01,75.30567186857944,29.02391355296257
2026-01-25T08:40:00+09:00,BMS-01,30.595919897230598,31.49247706224619
2026-01-25T08:45:00+09:00,BMS-01,46.150541094193734,28.024641983394606
2026-01-25T08:50:00+09:00,BMS-01,75.33991668029836,25.729956599456493
2026-01-25T08:55:00+09:00,BMS-01,26.471836399029314,28.732779465508614
2026-01-25T09:00:00+09:00,BMS-01,40.66189573731917,29.716788877846398
2026-01-25T09:05:00+09:00,BMS-01,32.25712398265736,27.57515508880809
2026-01-25T09:10:00+09:00,BMS-01,41.13949731194472,29.364210413161153
2026-01-25T09:15:00+09:00,BMS-01,34.00097529776027,24.458860881294587
2026-01-25T09:20:00+09:00,BMS-01,89.0748169317789,29.477710337271944
2026-01-25T09:25:00+09:00,BMS-01,26.95294487512925,29.026124193929483
2026-01-25T09:30:00+09:00,BMS-01,88.7709714367459,27.9545579598028
2026-01-25T09:35:00+09:00,BMS-01,29.14477573430502,27.220365483011133
2026-01-25T09:40:00+09:00,BMS-01,28.18836132874223,29.561215492792947
2026-01-25T09:45:00+09:00,BMS-01,75.31756471150352,27.752534268800137
2026-01-25T09:50:00+09:00,BMS-01,35.933419487559334,26.593393688737045
2026-01-25T09:55:00+09:00,BMS-01,84.62563407459903,30.231733747553708
2026-01-25T10:00:00+09:00,BMS-01,70.32809783330418,31.91548545779329
2026-01-25T10:05:00+09:00,BMS-01,36.93957391754071,29.305552365504596
2026-01-25T10:10:00+09:00,BMS-01,45.17584078327039,30.222324651380454
2026-01-25T10:15:00+09:00,BMS-01,65.05784697517409,29.052597921672
2026-01-25T10:20:00+09:00,BMS-01,62.675883642238524,31.358615897100165
2026-01-25T10:25:00+09:00,BMS-01,58.76498859945726,27.403499230654102
2026-01-25T10:30:00+09:00,BMS-01,55.31567131532169,26.97701675243457
2026-01-25T10:35:00+09:00,BMS-01,72.99774705747217,27.3313243975974
2026-01-25T10:40:00+09:00,BMS-01,24.50660458857059,32.07257544034413
2026-01-25T10:45:00+09:00,BMS-01,56.0670176624964,28.146112153466074
2026-01-25T10:50:00+09:00,BMS-01,27.229192081086527,28.19096858344488
2026-01-25T10:55:00+09:00,BMS-01,29.411746771487664,27.103238283040643
2026-01-25T11:00:00+09:00,BMS-01,65.87088564884723,26.936132763192663
2026-01-25T11:05:00+09:00,BMS-01,35.23167033764162,31.30979636555991
2026-01-25T11:10:00+09:00,BMS-01,77.36326281025109,31.509059840764102
2026-01-25T11:15:00+09:00,BMS-01,39.371262529475466,28.25947226839369
2026-01-25T11:20:00+09:00,BMS-01,53.27593558994748,31.241042480675723
2026-01-25T11:25:00+09:00,BMS-01,25.863742734737023,27.071524425852886
2026-01-25T11:30:00+09:00,BMS-01,72.68177632733791,29.496244787633593
2026-01-25T11:35:00+09:00,BMS-01,57.67919013715226,24.81709541465423
2026-01-25T11:40:00+09:00,BMS-01,86.28411854717407,30.41520609872403
2026-01-25T11:45:00+09:00,BMS-01,78.83061760296935,31.509606267193156
2026-01-25T11:50:00+09:00,BMS-01,67.9928812647647,29.821669692139572
2026-01-25T11:55:00+09:00,BMS-01,87.81095855729184,27.18315093766591
2026-01-25T12:00:00+09:00,BMS-01,42.09601640803878,23.655826401405278
2026-01-25T12:05:00+09:00,BMS-01,78.48779064037004,30.93642151710604
2026-01-25T12:10:00+09:00,BMS-01,26.659520817497217,31.544371207118946
2026-01-25T12:15:00+09:00,BMS-01,28.318412900865017,30.23576249076921
2026-01-25T12:20:00+09:00,BMS-01,26.534978696052736,26.86354912975969
2026-01-25T12:25:00+09:00,BMS-01,55.67672881245428,29.163473102746032
2026-01-25T12:30:00+09:00,BMS-01,86.2025467575214,29.21127081836363
2026-01-25T12:35:00+09:00,BMS-01,55.67785602162386,29.251473138099932
2026-01-25T12:40:00+09:00,BMS-01,31.27318820319459,30.393543979436608
2026-01-25T12:45:00+09:00,BMS-01,29.825955352297008,27.893839488673258
2026-01-25T12:50:00+09:00,BMS-01,57.825988978594694,30.110939335151603
2026-01-25T12:55:00+09:00,BMS-01,86.7296956963691,30.86631921482778
2026-01-25T13:00:00+09:00,BMS-01,55.13823316941249,31.125170310572457
2026-01-25T13:05:00+09:00,BMS-01,27.828114759018792,31.690050298538267
2026-01-25T13:10:00+09:00,BMS-01,31.041888311229382,28.493828093952878
2026-01-25T13:15:00+09:00,BMS-01,77.77620898124927,28.712357105867994
2026-01-25T13:20:00+09:00,BMS-01,76.80477829739037,31.347844728947834
2026-01-25T13:25:00+09:00,BMS-01,61.976187815719356,29.18624244655414
2026-01-25T13:30:00+09:00,BMS-01,40.35679629747079,27.191371546641136
2026-01-25T13:35:00+09:00,BMS-01,29.745973330926567,27.756343856181058
2026-01-25T13:40:00+09:00,BMS-01,33.45552391742757,27.49052661789405
2026-01-25T13:45:00+09:00,BMS-01,68.75682889770289,30.71348599706311
2026-01-25T13:50:00+09:00,BMS-01,39.94093184409969,28.08984797779219
2026-01-25T13:55:00+09:00,BMS-01,59.65033080517049,30.111914077747976
2026-01-25T14:00:00+09:00,BMS-01,46.7616507597162,32.879508672663704
2026-01-25T14:05:00+09:00,BMS-01,47.183302974420656,24.43702595403481
2026-01-25T14:10:00+09:00,BMS-01,38.98110150535452,30.341427069444986
2026-01-25T14:15:00+09:00,BMS-01,70.1293901542308,26.658707604856453
2026-01-25T14:20:00+09:00,BMS-01,84.49066143924037,34.42834192753807
2026-01-25T14:25:00+09:00,BMS-01,45.77499020300874,32.47218386988931
2026-01-25T14:30:00+09:00,BMS-01,33.06124200658449,27.3101164255623
2026-01-25T14:35:00+09:00,BMS-01,81.88993232395795,27.60330486785245
2026-01-25T14:40:00+09:00,BMS-01,38.507020334036035,29.720417441788417
2026-01-25T14:45:00+09:00,BMS-01,63.789716782230606,26.868845922863652
2026-01-25T14:50:00+09:00,BMS-01,22.799299771230913,25.29364717646442
2026-01-25T14:55:00+09:00,BMS-01,23.607486004432772,29.260304566250426
2026-01-25T15:00:00+09:00,BMS-01,62.85621477335594,29.37837975959478
2026-01-25T15:05:00+09:00,BMS-01,51.6794406167696,28.37042549615985
2026-01-25T15:10:00+09:00,BMS-01,77.50466602264221,26.50495470363578
2026-01-25T15:15:00+09:00,BMS-01,40.86529674086311,27.470477596814952
2026-01-25T15:20:00+09:00,BMS-01,42.64605550978898,29.35756318869438
2026-01-25T15:25:00+09:00,BMS-01,88.19905017044825,22.84314550107635
2026-01-25T15:30:00+09:00,BMS-01,87.23978859047176,30.011233072636834
2026-01-25T15:35:00+09:00,BMS-01,73.41601283065934,30.26398744480382
2026-01-25T15:40:00+09:00,BMS-01,85.15716776587125,29.211438426627595
2026-01-25T15:45:00+09:00,BMS-01,25.118740019097558,26.716167733485925
2026-01-25T15:50:00+09:00,BMS-01,42.85323415788275,29.736632581840304
2026-01-25T15:55:00+09:00,BMS-01,53.92145706851545,32.68115157898051
2026-01-25T16:00:00+09:00,BMS-01,76.22708368592143,29.133301896368916
2026-01-25T16:05:00+09:00,BMS-01,67.96280741746696,25.08152367300519
2026-01-25T16:10:00+09:00,BMS-01,73.24723666183625,27.754370130132838
2026-01-25T16:15:00+09:00,BMS-01,65.55938578347367,30.107767742208367
2026-01-25T16:20:00+09:00,BMS-01,50.076992704307386,30.925014281690153
2026-01-25T16:25:00+09:00,BMS-01,54.94123776609326,30.25394979278037
2026-01-25T16:30:00+09:00,BMS-01,89.21918024130315,30.772529982439515
2026-01-25T16:35:00+09:00,BMS-01,36.932447342186116,25.56418259469681
2026-01-25T16:40:00+09:00,BMS-01,70.23014338776294,29.03098424055953
2026-01-25T16:45:00+09:00,BMS-01,29.163353191723182,27.735294489764723
2026-01-25T16:50:00+09:00,BMS-01,88.78109547389313,25.900666546485425
2026-01-25T16:55:00+09:00,BMS-01,29.017038563464304,29.601895037886855
2026-01-25T17:00:00+09:00,BMS-01,85.82652119898249,28.944859918713984
2026-01-25T17:05:00+09:00,BMS-01,55.13991198315078,31.661592274937753
2026-01-25T17:10:00+09:00,BMS-01,86.73537765831296,26.90727058084393
2026-01-25T17:15:00+09:00,BMS-01,70.56384783829361,25.84141773903315
2026-01-25T17:20:00+09:00,BMS-01,84.56509686855779,29.08509505572141
2026-01-25T17:25:00+09:00,BMS-01,62.02221065505918,26.79232554732394
2026-01-25T17:30:00+09:00,BMS-01,81.46449944039448,29.10496268014761
2026-01-25T17:35:00+09:00,BMS-01,64.85458569063255,27.93671538335028
2026-01-25T17:40:00+09:00,BMS-01,73.56181963315366,25.685015861798583
2026-01-25T17:45:00+09:00,BMS-01,21.80085980931887,25.787409386130427
2026-01-25T17:50:00+09:00,BMS-01,81.86167891211153,26.763920102550994
2026-01-25T17:55:00+09:00,BMS-01,37.755008815534836,26.991227220914347
2026-01-25T18:00:00+09:00,BMS-01,45.778848195800215,27.712792831399817
2026-01-25T18:05:00+09:00,BMS-01,89.25925259507613,26.00580037243229
2026-01-25T18:10:00+09:00,BMS-01,73.46885746394213,30.885201267458203
2026-01-25T18:15:00+09:00,BMS-01,83.37389789225533,28.911873332471885
2026-01-25T18:20:00+09:00,BMS-01,50.03497687663876,31.309610880399703
2026-01-25T18:25:00+09:00,BMS-01,51.51740340949079,31.670289412681782
2026-01-25T18:30:00+09:00,BMS-01,52.19311355881183,31.64916034909833
2026-01-25T18:35:00+09:00,BMS-01,27.325274057589112,26.959152469461426
2026-01-25T18:40:00+09:00,BMS-01,27.965870552196467,28.542129238423385
2026-01-25T18:45:00+09:00,BMS-01,60.37021593730513,28.043245021772933
2026-01-25T18:50:00+09:00,BMS-01,23.7639532055,29.116690752649582
2026-01-25T18:55:00+09:00,BMS-01,86.40232788460547,30.476073818240607
2026-01-25T19:00:00+09:00,BMS-01,25.697518764917344,24.126334093885486
2026-01-25T19:05:00+09:00,BMS-01,53.84818946019347,27.98055549182515
2026-01-25T19:10:00+09:00,BMS-01,87.55101391660321,27.509870436325283
2026-01-25T19:15:00+09:00,BMS-01,27.839692793447227,27.05541868586881
2026-01-25T19:20:00+09:00,BMS-01,62.761775868231865,29.133165303777815
2026-01-25T19:25:00+09:00,BMS-01,36.458421343068494,29.037648574587372
2026-01-25T19:30:00+09:00,BMS-01,84.1588082446473,31.7323735302048
2026-01-25T19:35:00+09:00,BMS-01,43.1383012534574,27.977383791476523
2026-01-25T19:40:00+09:00,BMS-01,83.14162533273695,30.95525457410045
2026-01-25T19:45:00+09:00,BMS-01,39.32032081162662,29.347094901635906
2026-01-25T19:50:00+09:00,BMS-01,39.78489171032874,27.40867119565334
2026-01-25T19:55:00+09:00,BMS-01,49.32375050482746,29.442110719281185
2026-01-25T20:00:00+09:00,BMS-01,26.265877562401155,31.449201631255505
2026-01-25T20:05:00+09:00,BMS-01,32.02858208254751,29.0025288166626
2026-01-25T20:10:00+09:00,BMS-01,44.331545077542756,29.442662437474997
2026-01-25T20:15:00+09:00,BMS-01,89.38139058190002,33.0319179582854
2026-01-25T20:20:00+09:00,BMS-01,30.669005076604673,26.514948510688075
2026-01-25T20:25:00+09:00,BMS-01,40.961131352758464,28.503342342340776
2026-01-25T20:30:00+09:00,BMS-01,73.88485108646937,29.323228399356463
2026-01-25T20:35:00+09:00,BMS-01,30.65733751540919,26.533593861862887
2026-01-25T20:40:00+09:00,BMS-01,26.57080126703352,26.78727691620906
2026-01-25T20:45:00+09:00,BMS-01,45.82412646305612,31.662760076694475
2026-01-25T20:50:00+09:00,BMS-01,42.042741889788466,29.21122689490308
2026-01-25T20:55:00+09:00,BMS-01,72.82204684692424,28.28596923995567
2026-01-25T21:00:00+09:00,BMS-01,77.20219326842968,29.998609349761068
2026-01-25T21:05:00+09:00,BMS-01,25.509530644419137,30.541941883663586
2026-01-25T21:10:00+09:00,BMS-01,59.13382411057619,26.006871391386362
2026-01-25T21:15:00+09:00,BMS-01,56.114397542529254,26.00098752290385
2026-01-25T21:20:00+09:00,BMS-01,59.44600263787166,29.781927771552425
2026-01-25T21:25:00+09:00,BMS-01,64.5210941717294,31.36775826972229
2026-01-25T21:30:00+09:00,BMS-01,38.551063027481625,26.274247561883968
2026-01-25T21:35:00+09:00,BMS-01,66.10939064241366,26.50576894696738
2026-01-25T21:40:00+09:00,BMS-01,21.32973836429497,28.39642065929176
2026-01-25T21:45:00+09:00,BMS-01,46.02332841579531,28.658690314319653
2026-01-25T21:50:00+09:00,BMS-01,74.02471349316326,29.09382925095269
2026-01-25T21:55:00+09:00,BMS-01,38.07061201591442,29.39293864512506
2026-01-25T22:00:00+09:00,BMS-01,83.23868202551625,30.721794925099463
2026-01-25T22:05:00+09:00,BMS-01,77.62238893832487,29.78440077634069
2026-01-25T22:10:00+09:00,BMS-01,69.42201778187044,28.715831138439825
2026-01-25T22:15:00+09:00,BMS-01,56.28177825133743,27.3872709366475
2026-01-25T22:20:00+09:00,BMS-01,67.23703884563965,27.972806811783855
2026-01-25T22:25:00+09:00,BMS-01,47.495108268193015,30.303629189640745
2026-01-25T22:30:00+09:00,BMS-01,60.06103917257437,25.235464289071466
2026-01-25T22:35:00+09:00,BMS-01,73.04404039582212,26.457971473628223
2026-01-25T22:40:00+09:00,BMS-01,60.32521129050071,27.33471938766519
2026-01-25T22:45:00+09:00,BMS-01,49.28774958298869,28.694332254250398
2026-01-25T22:50:00+09:00,BMS-01,50.44148690938667,29.764932983191006
2026-01-25T22:55:00+09:00,BMS-01,77.98751954718226,29.06454291387796
2026-01-25T23:00:00+09:00,BMS-01,69.60448468747137,28.443205842485913
2026-01-25T23:05:00+09:00,BMS-01,59.56264530921485,25.008094393827562
2026-01-25T23:10:00+09:00,BMS-01,27.388847781296654,29.702570125628878
2026-01-25T23:15:00+09:00,BMS-01,78.35030256228255,29.22239594272496
2026-01-25T23:20:00+09:00,BMS-01,84.56169543594179,26.451746908930158
2026-01-25T23:25:00+09:00,BMS-01,74.70151719540834,28.47760357028847
2026-01-25T23:30:00+09:00,BMS-01,80.64845833319472,30.447988570674006
2026-01-25T23:35:00+09:00,BMS-01,67.18173956186885,29.652742681659475
2026-01-25T23:40:00+09:00,BMS-01,74.53004837667567,28.998999105240255
2026-01-25T23:45:00+09:00,BMS-01,59.29552015766197,28.68676253412196
2026-01-25T23:50:00+09:00,BMS-01,86.40265756758825,29.623167271234486
2026-01-25T23:55:00+09:00,BMS-01,59.458076745620616,30.638553153433076
2026-01-26T00:00:00+09:00,BMS-01,25.264021142435478,26.02848789947599
2026-01-26T00:05:00+09:00,BMS-01,65.23735496250163,31.795690179971594
2026-01-26T00:10:00+09:00,BMS-01,34.89513419661456,27.196252971942513
2026-01-26T00:15:00+09:00,BMS-01,60.69311535784165,28.887575420963216
2026-01-26T00:20:00+09:00,BMS-01,78.12863062589778,27.554578173247922
2026-01-26T00:25:00+09:00,BMS-01,54.682645478082826,30.978614394445895
2026-01-26T00:30:00+09:00,BMS-01,33.61873024279693,29.365782530268543
2026-01-26T00:35:00+09:00,BMS-01,85.12485015948762,29.0251511510349
2026-01-26T00:40:00+09:00,BMS-01,57.03680451762646,30.192528081498537
2026-01-26T00:45:00+09:00,BMS-01,29.072702988537255,28.83547092350724
2026-01-26T00:50:00+09:00,BMS-01,28.43668743136986,29.180149696465705
2026-01-26T00:55:00+09:00,BMS-01,57.05747545920861,29.59291642340942
2026-01-26T01:00:00+09:00,BMS-01,65.8621718836537,30.8553214973255
2026-01-26T01:05:00+09:00,BMS-01,71.79396318630711,28.096311744579733
2026-01-26T01:10:00+09:00,BMS-01,48.37584390787636,28.142024190434913
2026-01-26T01:15:00+09:00,BMS-01,80.32652092320808,31.713991192188207
2026-01-26T01:20:00+09:00,BMS-01,38.515205896922396,32.05569940496599
2026-01-26T01:25:00+09:00,BMS-01,57.623909525984196,25.461166222045218
2026-01-26T01:30:00+09:00,BMS-01,64.0254044130749,28.468404505202653
2026-01-26T01:35:00+09:00,BMS-01,49.4570615444963,26.549803940573945
2026-01-26T01:40:00+09:00,BMS-01,89.09900664689877,31.197504202386156
2026-01-26T01:45:00+09:00,BMS-01,64.97854888008594,26.867750932983018
2026-01-26T01:50:00+09:00,BMS-01,42.20834852030579,27.315037313531835
2026-01-26T01:55:00+09:00,BMS-01,80.1475561830764,29.469423413238726
2026-01-26T02:00:00+09:00,BMS-01,64.79672878343058,29.17890797210752
2026-01-26T02:05:00+09:00,BMS-01,86.22729589105748,26.818719459083574
2026-01-26T02:10:00+09:00,BMS-01,31.107228832128694,30.988118439439695
2026-01-26T02:15:00+09:00,BMS-01,87.39643911943008,29.457749970562766
2026-01-26T02:20:00+09:00,BMS-01,39.221557054504515,28.902050543820064
2026-01-26T02:25:00+09:00,BMS-01,26.523118060130763,30.126780673037725
2026-01-26T02:30:00+09:00,BMS-01,61.18208610068104,30.34680085853058
2026-01-26T02:35:00+09:00,BMS-01,85.02262066073557,31.097918245377368
2026-01-26T02:40:00+09:00,BMS-01,54.643958571196634,27.81894146851559
2026-01-26T02:45:00+09:00,BMS-01,39.71267720581033,26.38600929807057
2026-01-26T02:50:00+09:00,BMS-01,33.01465467431145,26.739864289971212
2026-01-26T02:55:00+09:00,BMS-01,23.919745132768526,28.63539053179015
2026-01-26T03:00:00+09:00,BMS-01,82.50163921357492,29.54539761547392
2026-01-26T03:05:00+09:00,BMS-01,40.3872048504844,26.889771642864876
2026-01-26T03:10:00+09:00,BMS-01,76.41035322870046,27.35608598608152
2026-01-26T03:15:00+09:00,BMS-01,89.11996624739604,30.025662332211066
2026-01-26T03:20:00+09:00,BMS-01,47.99670054130361,28.638055345973545
2026-01-26T03:25:00+09:00,BMS-01,72.77490513086092,29.497541045156947
2026-01-26T03:30:00+09:00,BMS-01,53.124962991217686,28.036216731702527
2026-01-26T03:35:00+09:00,BMS-01,30.91371886379776,25.431025088816032
2026-01-26T03:40:00+09:00,BMS-01,43.886413159252506,29.57493145019382
2026-01-26T03:45:00+09:00,BMS-01,60.297043016759204,30.222954287263278
2026-01-26T03:50:00+09:00,BMS-01,82.24088669272535,29.767961207251513
2026-01-26T03:55:00+09:00,BMS-01,50.30103691985928,30.499880481259545
2026-01-26T04:00:00+09:00,BMS-01,89.84913659220955,30.29862694451605
2026-01-26T04:05:00+09:00,BMS-01,89.27022317311763,32.36645377176349
2026-01-26T04:10:00+09:00,BMS-01,62.66614424155628,31.28475801377926
2026-01-26T04:15:00+09:00,BMS-01,86.55111368967385,27.14541542760053
2026-01-26T04:20:00+09:00,BMS-01,54.73708870931917,27.655697336329514
2026-01-26T04:25:00+09:00,BMS-01,79.48668167704511,26.283620795175167
2026-01-26T04:30:00+09:00,BMS-01,34.43821415783826,24.929251457355146
2026-01-26T04:35:00+09:00,BMS-01,82.4978212030073,29.467589385500865
2026-01-26T04:40:00+09:00,BMS-01,54.99305177626663,30.42975683627357
2026-01-26T04:45:00+09:00,BMS-01,54.813746140210895,31.95230539109287
2026-01-26T04:50:00+09:00,BMS-01,84.20587071667968,28.34288533912942
2026-01-26T04:55:00+09:00,BMS-01,20.517205056049676,29.139502085228603
2026-01-26T05:00:00+09:00,BMS-01,64.2059172651132,29.727087148087854
2026-01-26T05:05:00+09:00,BMS-01,74.00958264035364,25.959325962730226
2026-01-26T05:10:00+09:00,BMS-01,83.22251243416314,25.752893666357146
2026-01-26T05:15:00+09:00,BMS-01,66.63028345109876,31.505827339379124
2026-01-26T05:20:00+09:00,BMS-01,89.61220700154577,30.337508028293353
2026-01-26T05:25:00+09:00,BMS-01,88.71931906427615,27.433643297953086
2026-01-26T05:30:00+09:00,BMS-01,32.6422647077557,29.020830003740286
2026-01-26T05:35:00+09:00,BMS-01,30.34277198784754,27.588462844215492
2026-01-26T05:40:00+09:00,BMS-01,50.15532724663226,30.39314721718788
2026-01-26T05:45:00+09:00,BMS-01,27.050474645022064,29.057177967268753
2026-01-26T05:50:00+09:00,BMS-01,63.47874820855435,26.784681250846425
2026-01-26T05:55:00+09:00,BMS-01,58.33428995356426,27.597197214999106
2026-01-26T06:00:00+09:00,BMS-01,70.30008515803695,27.368234976996828
2026-01-26T06:05:00+09:00,BMS-01,62.34733555720054,29.4534317040959
2026-01-26T06:10:00+09:00,BMS-01,36.771832014124655,28.9137238896855
2026-01-26T06:15:00+09:00,BMS-01,30.599252093624752,30.22604349591494
2026-01-26T06:20:00+09:00,BMS-01,42.97461420853975,29.624019554594945
2026-01-26T06:25:00+09:00,BMS-01,38.377095682983324,29.572730159607314
2026-01-26T06:30:00+09:00,BMS-01,30.487841981466843,25.93398491649846
2026-01-26T06:35:00+09:00,BMS-01,47.12437154165338,26.985180796335065
2026-01-26T06:40:00+09:00,BMS-01,41.07252964250368,28.05828246554899
2026-01-26T06:45:00+09:00,BMS-01,63.125152679178186,27.932644955772453
2026-01-26T06:50:00+09:00,BMS-01,85.37266279188687,31.81673271869754
2026-01-26T06:55:00+09:00,BMS-01,69.92738635208829,32.59396404356016
2026-01-26T07:00:00+09:00,BMS-01,59.67432389371506,26.929135883288087
2026-01-26T07:05:00+09:00,BMS-01,75.31182205288573,29.32980744067095
2026-01-26T07:10:00+09:00,BMS-01,31.057130278493815,31.309473813514675
2026-01-26T07:15:00+09:00,BMS-01,79.70203892677743,29.936152851350414
2026-01-26T07:20:00+09:00,BMS-01,55.759721030516225,29.86862411776562
2026-01-26T07:25:00+09:00,BMS-01,58.358065502241,26.681221112945714
2026-01-26T07:30:00+09:00,BMS-01,33.728579695935295,26.980869173612696
2026-01-26T07:35:00+09:00,BMS-01,55.841868477045615,24.424517748112596
2026-01-26T07:40:00+09:00,BMS-01,52.338299750755155,29.303874390073883
2026-01-26T07:45:00+09:00,BMS-01,70.00583659086126,33.18091879398306
2026-01-26T07:50:00+09:00,BMS-01,55.14982243893575,30.046312159370736
2026-01-26T07:55:00+09:00,BMS-01,47.202724205627526,29.105925256532093
2026-01-26T08:00:00+09:00,BMS-01,59.407280503989796,27.785472937683846
2026-01-26T08:05:00+09:00,BMS-01,69.82397852695314,26.248735044711005
2026-01-26T08:10:00+09:00,BMS-01,89.81069800934813,30.39303504975449
2026-01-26T08:15:00+09:00,BMS-01,62.164182064102086,28.727134400275137
2026-01-26T08:20:00+09:00,BMS-01,73.9788564327212,30.721681032602927
2026-01-26T08:25:00+09:00,BMS-01,40.95950687302137,29.793902885875525
2026-01-26T08:30:00+09:00,BMS-01,59.804664330194235,32.07928866110047
2026-01-26T08:35:00+09:00,BMS-01,54.13672171330131,27.319474543990104
2026-01-26T08:40:00+09:00,BMS-01,82.36852178151595,25.731210654024096
2026-01-26T08:45:00+09:00,BMS-01,20.525177133715008,27.579147624803554
2026-01-26T08:50:00+09:00,BMS-01,58.315806192216435,31.177954546556343
2026-01-26T08:55:00+09:00,BMS-01,25.958089820705528,26.084981484893806
2026-01-26T09:00:00+09:00,BMS-01,24.848949637433527,28.305194973213865
2026-01-26T09:05:00+09:00,BMS-01,22.245209482920984,30.416444799737747
2026-01-26T09:10:00+09:00,BMS-01,24.102989829245455,28.11924861954847
2026-01-26T09:15:00+09:00,BMS-01,51.035833078989285,31.079164420267368
2026-01-26T09:20:00+09:00,BMS-01,53.358270259336905,29.0676496008032
2026-01-26T09:25:00+09:00,BMS-01,53.364488830744456,28.913334587518918
2026-01-26T09:30:00+09:00,BMS-01,26.382982313017287,32.82591543169171
2026-01-26T09:35:00+09:00,BMS-01,64.7024240087991,30.70881262769483
2026-01-26T09:40:00+09:00,BMS-01,54.79228430784973,26.310305942084014
2026-01-26T09:45:00+09:00,BMS-01,44.10380361219867,25.266349416573505
2026-01-26T09:50:00+09:00,BMS-01,20.473971984802617,25.421649863519843
2026-01-26T09:55:00+09:00,BMS-01,87.92184265955665,30.916089688883602
2026-01-26T10:00:00+09:00,BMS-01,66.47492528566727,29.675473109062143
2026-01-26T10:05:00+09:00,BMS-01,59.27997456449298,26.750924305666484
2026-01-26T10:10:00+09:00,BMS-01,44.73929274923823,30.449512953741216
2026-01-26T10:15:00+09:00,BMS-01,54.35750546226025,29.648026331246808
2026-01-26T10:20:00+09:00,BMS-01,58.381445834684996,28.157191153327965
2026-01-26T10:25:00+09:00,BMS-01,54.02009353950862,28.609730744984372
2026-01-26T10:30:00+09:00,BMS-01,28.90461295567799,29.42110283541699
2026-01-26T10:35:00+09:00,BMS-01,85.3988802508844,24.77436467155909
2026-01-26T10:40:00+09:00,BMS-01,27.38962073809627,29.44580547399298
2026-01-26T10:45:00+09:00,BMS-01,78.82538374130786,27.704414794454575
2026-01-26T10:50:00+09:00,BMS-01,20.779137922119308,27.346461591761106
2026-01-26T10:55:00+09:00,BMS-01,68.79965273699796,29.486820609747184
2026-01-26T11:00:00+09:00,BMS-01,33.38773421547091,29.439744595059512
2026-01-26T11:05:00+09:00,BMS-01,30.201983677522094,27.909424363645602
2026-01-26T11:10:00+09:00,BMS-01,63.89305963839421,26.84628824504982
2026-01-26T11:15:00+09:00,BMS-01,69.79038151533811,28.112515800725422
2026-01-26T11:20:00+09:00,BMS-01,80.95754555341053,28.991683169385617
2026-01-26T11:25:00+09:00,BMS-01,65.48507315122292,28.48081321330612
2026-01-26T11:30:00+09:00,BMS-01,83.76143203935145,26.23671021185289
2026-01-26T11:35:00+09:00,BMS-01,28.742996416128907,33.885996541360775
2026-01-26T11:40:00+09:00,BMS-01,32.21755772822589,26.823148788412425
2026-01-26T11:45:00+09:00,BMS-01,53.14811303676216,27.943171126072336
2026-01-26T11:50:00+09:00,BMS-01,37.35768818645924,29.94079245175665
2026-01-26T11:55:00+09:00,BMS-01,51.5126650682035,27.046025408336327
2026-01-26T12:00:00+09:00,BMS-01,60.565297535708794,31.783046631565597
2026-01-26T12:05:00+09:00,BMS-01,68.93743134434912,31.69088740494216
2026-01-26T12:10:00+09:00,BMS-01,58.48871975665281,31.6821295523487
2026-01-26T12:15:00+09:00,BMS-01,42.23151404778614,25.382638615596285
2026-01-26T12:20:00+09:00,BMS-01,37.683500632826714,28.865295819117893
2026-01-26T12:25:00+09:00,BMS-01,72.40282781682485,30.71751562107182
2026-01-26T12:30:00+09:00,BMS-01,83.30789457887505,26.35532902113951
2026-01-26T12:35:00+09:00,BMS-01,46.018403274540745,30.67038896538539
2026-01-26T12:40:00+09:00,BMS-01,41.784868256001936,30.390448552245815
2026-01-26T12:45:00+09:00,BMS-01,54.30162045309371,28.69132021587089
2026-01-26T12:50:00+09:00,BMS-01,64.61812085945711,28.724484716292594
2026-01-26T12:55:00+09:00,BMS-01,36.57949562353378,30.04677860158827
2026-01-26T13:00:00+09:00,BMS-01,78.13593152600272,28.826833974844075
2026-01-26T13:05:00+09:00,BMS-01,46.45594511323326,28.33843756196334
2026-01-26T13:10:00+09:00,BMS-01,88.09001909336084,32.50221616891371
2026-01-26T13:15:00+09:00,BMS-01,79.46055860654675,24.92639840247488
2026-01-26T13:20:00+09:00,BMS-01,79.39155108166796,28.88151764538346
2026-01-26T13:25:00+09:00,BMS-01,48.66995040063548,30.2081357543321
2026-01-26T13:30:00+09:00,BMS-01,51.3118361938803,26.577701108567116
2026-01-26T13:35:00+09:00,BMS-01,82.40805462252975,27.941595798499264
2026-01-26T13:40:00+09:00,BMS-01,24.515464070461057,27.872259659861143
2026-01-26T13:45:00+09:00,BMS-01,43.598856554301804,31.35652414005232
2026-01-26T13:50:00+09:00,BMS-01,62.458803530388316,32.67512718008604
2026-01-26T13:55:00+09:00,BMS-01,23.54754855811006,29.16279052196637
2026-01-26T14:00:00+09:00,BMS-01,46.0928663119718,31.233589054272805
2026-01-26T14:05:00+09:00,BMS-01,76.57777652353383,29.84107142581432
2026-01-26T14:10:00+09:00,BMS-01,35.67711232653898,30.120469344198654
2026-01-26T14:15:00+09:00,BMS-01,77.75731715231005,26.816649093035004
2026-01-26T14:20:00+09:00,BMS-01,30.09351482509901,30.776226890445326
2026-01-26T14:25:00+09:00,BMS-01,60.235431009879164,30.930686111972935
2026-01-26T14:30:00+09:00,BMS-01,47.22846260690384,26.42818506137124
2026-01-26T14:35:00+09:00,BMS-01,24.952084152874978,29.955428960771417
2026-01-26T14:40:00+09:00,BMS-01,81.41309904230825,29.972219118407587
2026-01-26T14:45:00+09:00,BMS-01,61.098702346307704,28.27946196050986
2026-01-26T14:50:00+09:00,BMS-01,62.93538404925008,31.411892876369013
2026-01-26T14:55:00+09:00,BMS-01,24.793946743899753,29.120410524213494
2026-01-26T15:00:00+09:00,BMS-01,28.912410557776862,31.459998875050914
2026-01-26T15:05:00+09:00,BMS-01,57.154622875037376,26.254500675064683
2026-01-26T15:10:00+09:00,BMS-01,78.07025674112928,30.560524813969675
2026-01-26T15:15:00+09:00,BMS-01,76.7706627551029,29.367532191970344
2026-01-26T15:20:00+09:00,BMS-01,46.57151225301989,26.09722742428145
2026-01-26T15:25:00+09:00,BMS-01,83.94246725723428,28.909156860308958
2026-01-26T15:30:00+09:00,BMS-01,55.04698995194913,26.441732893779246
2026-01-26T15:35:00+09:00,BMS-01,49.073694207222914,31.9976162996951
2026-01-26T15:40:00+09:00,BMS-01,89.92585237340214,29.524856063833635
2026-01-26T15:45:00+09:00,BMS-01,64.56949559763677,27.782707823002102
2026-01-26T15:50:00+09:00,BMS-01,35.6093960668476,29.525676336230156
2026-01-26T15:55:00+09:00,BMS-01,36.41735203226686,27.899012837683088
2026-01-26T16:00:00+09:00,BMS-01,39.18529655712837,29.68613070619186
2026-01-26T16:05:00+09:00,BMS-01,69.82858463873207,28.78650585757124
2026-01-26T16:10:00+09:00,BMS-01,53.87414394763231,30.824776305411472
2026-01-26T16:15:00+09:00,BMS-01,63.20477958124319,27.139640358894304
2026-01-26T16:20:00+09:00,BMS-01,50.304908943761276,29.220294586288695
2026-01-26T16:25:00+09:00,BMS-01,87.55122906881239,29.054268438300834
2026-01-26T16:30:00+09:00,BMS-01,53.24880636572227,25.4380542237474
2026-01-26T16:35:00+09:00,BMS-01,52.8953273660761,30.455673023307504
2026-01-26T16:40:00+09:00,BMS-01,43.705059605192254,29.056692410289017
2026-01-26T16:45:00+09:00,BMS-01,27.490362575306893,26.582967010415043
2026-01-26T16:50:00+09:00,BMS-01,25.890894105750018,30.106743727596772
2026-01-26T16:55:00+09:00,BMS-01,35.3037315163246,30.35956930984378
2026-01-26T17:00:00+09:00,BMS-01,50.66143987649276,23.901851871669667
2026-01-26T17:05:00+09:00,BMS-01,82.64098711100392,26.396647647347738
2026-01-26T17:10:00+09:00,BMS-01,22.281882779176875,25.094390608329867
2026-01-26T17:15:00+09:00,BMS-01,38.18844668859511,30.565669608153737
2026-01-26T17:20:00+09:00,BMS-01,66.43865783665173,31.710146694403626
2026-01-26T17:25:00+09:00,BMS-01,78.52429886084464,28.81397782083729
2026-01-26T17:30:00+09:00,BMS-01,47.61896375681979,29.30767995606601
2026-01-26T17:35:00+09:00,BMS-01,37.290049878430644,32.22030928197525
2026-01-26T17:40:00+09:00,BMS-01,79.89617836311065,27.384096652932037
2026-01-26T17:45:00+09:00,BMS-01,26.869397771127353,28.21211885106987
2026-01-26T17:50:00+09:00,BMS-01,83.4594575353607,29.128119978387154
2026-01-26T17:55:00+09:00,BMS-01,30.586769050721806,28.21702167305467
2026-01-26T18:00:00+09:00,BMS-01,46.96291297234512,29.4598470790952
2026-01-26T18:05:00+09:00,BMS-01,60.292013217305026,29.61983881648158
2026-01-26T18:10:00+09:00,BMS-01,56.45347835611018,32.24177225902549
2026-01-26T18:15:00+09:00,BMS-01,68.13466273831277,31.461344246822705
2026-01-26T18:20:00+09:00,BMS-01,53.901938237398774,30.855594796701777
2026-01-26T18:25:00+09:00,BMS-01,37.085685116980486,28.294966468201693
2026-01-26T18:30:00+09:00,BMS-01,26.371920647123208,32.47779271328054
2026-01-26T18:35:00+09:00,BMS-01,21.041516611904427,30.23797401574248
2026-01-26T18:40:00+09:00,BMS-01,64.06575103194261,27.36232864066056
2026-01-26T18:45:00+09:00,BMS-01,76.67244302765845,32.51103162241933
2026-01-26T18:50:00+09:00,BMS-01,67.22342439861652,31.739546217917635
2026-01-26T18:55:00+09:00,BMS-01,76.79418609577426,27.27548388578515
2026-01-26T19:00:00+09:00,BMS-01,75.65172780005923,29.744438223628407
2026-01-26T19:05:00+09:00,BMS-01,77.03409469035796,28.33706026085117
2026-01-26T19:10:00+09:00,BMS-01,54.968192800214744,26.09428857406686
2026-01-26T19:15:00+09:00,BMS-01,33.08911797026887,27.6971545054556
2026-01-26T19:20:00+09:00,BMS-01,88.60668147063909,30.08144671500302
2026-01-26T19:25:00+09:00,BMS-01,77.991309974216,30.565935328778515
2026-01-26T19:30:00+09:00,BMS-01,67.93362110457308,32.16887615948541
2026-01-26T19:35:00+09:00,BMS-01,39.584777278667524,30.526315889052814
2026-01-26T19:40:00+09:00,BMS-01,69.16382657385941,27.655733724120804
2026-01-26T19:45:00+09:00,BMS-01,75.1531013230161,32.339365950735875
2026-01-26T19:50:00+09:00,BMS-01,37.94921202407834,29.497566905097397
2026-01-26T19:55:00+09:00,BMS-01,43.996464834357035,30.628689692619
2026-01-26T20:00:00+09:00,BMS-01,74.88587634893275,28.844636955813915
2026-01-26T20:05:00+09:00,BMS-01,58.69050040355246,28.911577684452844
2026-01-26T20:10:00+09:00,BMS-01,36.97120973341127,30.644333104640197
2026-01-26T20:15:00+09:00,BMS-01,53.9067787129309,29.079328062995735
2026-01-26T20:20:00+09:00,BMS-01,29.749123714879907,25.444758049996913
2026-01-26T20:25:00+09:00,BMS-01,66.04415612012549,31.168177203475828
2026-01-26T20:30:00+09:00,BMS-01,47.00504850893758,26.557966808463668
2026-01-26T20:35:00+09:00,BMS-01,42.17169592706585,29.962899533169974
2026-01-26T20:40:00+09:00,BMS-01,23.228693227984255,28.16226643942739
2026-01-26T20:45:00+09:00,BMS-01,28.26375029620486,33.21254913600358
2026-01-26T20:50:00+09:00,BMS-01,49.29814634575161,30.479722329176365
2026-01-26T20:55:00+09:00,BMS-01,21.74192781774967,29.89162144227667
2026-01-26T21:00:00+09:00,BMS-01,74.48651327902745,26.443928863426528
2026-01-26T21:05:00+09:00,BMS-01,68.08500910156862,30.629349664942367
2026-01-26T21:10:00+09:00,BMS-01,42.8474256634089,30.179610613215665
2026-01-26T21:15:00+09:00,BMS-01,75.08829908178691,32.88022125792423
2026-01-26T21:20:00+09:00,BMS-01,73.38904783929713,30.44780784160036
2026-01-26T21:25:00+09:00,BMS-01,80.1933858902621,32.87743880360266
2026-01-26T21:30:00+09:00,BMS-01,56.46691327503827,29.76156886858123
2026-01-26T21:35:00+09:00,BMS-01,82.7151066256052,29.308113198451426
2026-01-26T21:40:00+09:00,BMS-01,43.34533929188902,29.05104286150166
2026-01-26T21:45:00+09:00,BMS-01,81.12071857545612,29.029828563406173
2026-01-26T21:50:00+09:00,BMS-01,83.8550125321016,30.373637711148085
2026-01-26T21:55:00+09:00,BMS-01,42.98475895234868,26.813764767725882
2026-01-26T22:00:00+09:00,BMS-01,86.70877792076944,30.870031176673365
2026-01-26T22:05:00+09:00,BMS-01,33.07275999106251,30.01949186445312
2026-01-26T22:10:00+09:00,BMS-01,59.35015245722751,25.893182777824023
2026-01-26T22:15:00+09:00,BMS-01,39.75795404689277,31.131807265019972
2026-01-26T22:20:00+09:00,BMS-01,41.250175156990245,28.060196085894976
2026-01-26T22:25:00+09:00,BMS-01,63.41391770241931,30.19150573759335
2026-01-26T22:30:00+09:00,BMS-01,35.681548212819514,31.897909431800205
2026-01-26T22:35:00+09:00,BMS-01,20.079626176958193,31.32424464373048
2026-01-26T22:40:00+09:00,BMS-01,49.14061209654239,25.845701028780315
2026-01-26T22:45:00+09:00,BMS-01,36.44878315442107,27.89590446872417
2026-01-26T22:50:00+09:00,BMS-01,77.85963585960917,30.39714698697116
2026-01-26T22:55:00+09:00,BMS-01,35.844825953339424,33.22634235919931
2026-01-26T23:00:00+09:00,BMS-01,50.62599626995133,34.356102250086984
2026-01-26T23:05:00+09:00,BMS-01,82.78673103634281,28.929478733989342
2026-01-26T23:10:00+09:00,BMS-01,34.39594812020513,29.345366684329168
2026-01-26T23:15:00+09:00,BMS-01,80.10163041421403,27.024759610369593
2026-01-26T23:20:00+09:00,BMS-01,85.0215867413837,25.257251294905654
2026-01-26T23:25:00+09:00,BMS-01,21.202249008217123,30.95394432528331
2026-01-26T23:30:00+09:00,BMS-01,22.625087876307752,29.788840895146972
2026-01-26T23:35:00+09:00,BMS-01,36.17051563476354,30.866205769048896
2026-01-26T23:40:00+09:00,BMS-01,27.21267917291647,29.972057660810883
2026-01-26T23:45:00+09:00,BMS-01,77.44443442029684,30.25508135871989
2026-01-26T23:50:00+09:00,BMS-01,29.270332201734547,26.157029723177388
2026-01-26T23:55:00+09:00,BMS-01,52.00161730823555,29.069620794460004
2026-01-27T00:00:00+09:00,BMS-01,63.987355540068904,26.902898128147392
2026-01-27T00:05:00+09:00,BMS-01,39.51201226987876,25.272897588792333
2026-01-27T00:10:00+09:00,BMS-01,35.66632375730873,29.19104103600722
2026-01-27T00:15:00+09:00,BMS-01,74.16339947804056,27.17171136612617
2026-01-27T00:20:00+09:00,BMS-01,22.48595025215223,25.37564897496938
2026-01-27T00:25:00+09:00,BMS-01,37.122878084235204,29.21667505011582
2026-01-27T00:30:00+09:00,BMS-01,85.73508239542639,29.036551649247006
2026-01-27T00:35:00+09:00,BMS-01,37.97764297776769,28.24066891205584
2026-01-27T00:40:00+09:00,BMS-01,88.76643656919114,25.762353817145687
2026-01-27T00:45:00+09:00,BMS-01,34.11007858737911,29.668631428646815
2026-01-27T00:50:00+09:00,BMS-01,32.64143260265631,29.836367356457433
2026-01-27T00:55:00+09:00,BMS-01,62.22333645031949,28.88738604989239
2026-01-27T01:00:00+09:00,BMS-01,61.09032599210517,30.070298784736053
2026-01-27T01:05:00+09:00,BMS-01,29.624817767852083,29.76275423868662
2026-01-27T01:10:00+09:00,BMS-01,38.93004437424257,28.62940493145668
2026-01-27T01:15:00+09:00,BMS-01,54.67223034774493,31.09944620310837
2026-01-27T01:20:00+09:00,BMS-01,87.39687481258719,28.7953300853602
2026-01-27T01:25:00+09:00,BMS-01,73.1950329805534,30.705515750283944
2026-01-27T01:30:00+09:00,BMS-01,72.64179439472146,28.881990368717705
2026-01-27T01:35:00+09:00,BMS-01,71.50433360533061,27.294361511652745
2026-01-27T01:40:00+09:00,BMS-01,42.608309340611974,32.608549617167185
2026-01-27T01:45:00+09:00,BMS-01,42.71797549535563,28.98504688150419
2026-01-27T01:50:00+09:00,BMS-01,28.771714915571675,28.23069034510846
2026-01-27T01:55:00+09:00,BMS-01,80.11428533127108,30.844903644125388
2026-01-27T02:00:00+09:00,BMS-01,88.6970982506035,27.577302096965802
2026-01-27T02:05:00+09:00,BMS-01,34.878175548435735,31.25517750748359
2026-01-27T02:10:00+09:00,BMS-01,32.35818427142975,30.332790676564137
2026-01-27T02:15:00+09:00,BMS-01,62.48143437202805,28.15439491561228
2026-01-27T02:20:00+09:00,BMS-01,54.886553989676166,30.672334811417514
2026-01-27T02:25:00+09:00,BMS-01,77.03989020724211,29.220105697095654
2026-01-27T02:30:00+09:00,BMS-01,34.03570619524704,27.664467720034857
2026-01-27T02:35:00+09:00,BMS-01,51.08759557900667,25.5817392922145
2026-01-27T02:40:00+09:00,BMS-01,39.5906193493998,27.50996137984431
2026-01-27T02:45:00+09:00,BMS-01,74.51255705377075,28.30658289242359
2026-01-27T02:50:00+09:00,BMS-01,80.3967139964392,29.712461482584438
2026-01-27T02:55:00+09:00,BMS-01,33.73580787724755,31.609535624214445
2026-01-27T03:00:00+09:00,BMS-01,50.02423580683669,26.826405317058345
2026-01-27T03:05:00+09:00,BMS-01,29.06378062430881,27.44741933084533
2026-01-27T03:10:00+09:00,BMS-01,82.97621310632321,30.91387544288824
2026-01-27T03:15:00+09:00,BMS-01,46.661475712810436,31.87859001089288
2026-01-27T03:20:00+09:00,BMS-01,41.76944872931563,32.45259573626524
2026-01-27T03:25:00+09:00,BMS-01,43.07538704149746,31.59295274884268
2026-01-27T03:30:00+09:00,BMS-01,52.670485980484,28.73683044613777
2026-01-27T03:35:00+09:00,BMS-01,70.34230391397779,30.461420898495692
2026-01-27T03:40:00+09:00,BMS-01,28.50399783898069,28.61546779327986
2026-01-27T03:45:00+09:00,BMS-01,55.530119479950315,26.647019038236333
2026-01-27T03:50:00+09:00,BMS-01,22.187681912484997,28.21656301344011
2026-01-27T03:55:00+09:00,BMS-01,24.15389253103806,30.30156700488818
2026-01-27T04:00:00+09:00,BMS-01,53.52181243366742,29.84961784055552
2026-01-27T04:05:00+09:00,BMS-01,56.19342509980397,27.983357981467556
2026-01-27T04:10:00+09:00,BMS-01,21.19414989425224,31.01291332093775
2026-01-27T04:15:00+09:00,BMS-01,36.99907408143499,31.623672185309932
2026-01-27T04:20:00+09:00,BMS-01,86.57361162100034,29.381603378825403
2026-01-27T04:25:00+09:00,BMS-01,70.38241038450639,25.359855100911197
2026-01-27T04:30:00+09:00,BMS-01,84.76190606438132,27.96589057085385
2026-01-27T04:35:00+09:00,BMS-01,57.18823680672746,29.486630408389175
2026-01-27T04:40:00+09:00,BMS-01,45.45770726887458,28.637290408523697
2026-01-27T04:45:00+09:00,BMS-01,47.025474084819564,28.646511952824213
2026-01-27T04:50:00+09:00,BMS-01,48.04334841275794,30.804974770630253
2026-01-27T04:55:00+09:00,BMS-01,88.97756293633375,29.294112475686177
2026-01-27T05:00:00+09:00,BMS-01,52.97510341304528,28.493908284100517
2026-01-27T05:05:00+09:00,BMS-01,46.266427799332774,28.454692167788835
2026-01-27T05:10:00+09:00,BMS-01,79.98775546165788,27.14067518478395
2026-01-27T05:15:00+09:00,BMS-01,71.33425812463081,31.250242762483268
2026-01-27T05:20:00+09:00,BMS-01,49.51645383830845,28.438539992086135
2026-01-27T05:25:00+09:00,BMS-01,67.22542210363717,30.86027883064785
2026-01-27T05:30:00+09:00,BMS-01,27.015329595307357,28.184812622035857
2026-01-27T05:35:00+09:00,BMS-01,51.6453919218604,30.4676922986049
2026-01-27T05:40:00+09:00,BMS-01,25.919167482963996,33.115228512912964
2026-01-27T05:45:00+09:00,BMS-01,26.986667971056864,26.819793520176802
2026-01-27T05:50:00+09:00,BMS-01,20.149530136704072,27.717930533595883
2026-01-27T05:55:00+09:00,BMS-01,47.901193671782885,26.275076106152913
2026-01-27T06:00:00+09:00,BMS-01,35.21054880500854,26.538240579579096
2026-01-27T06:05:00+09:00,BMS-01,63.92575154757681,24.804079827629906
2026-01-27T06:10:00+09:00,BMS-01,88.91091394969425,26.18717112978711
2026-01-27T06:15:00+09:00,BMS-01,74.3463989408271,28.978160108473126
2026-01-27T06:20:00+09:00,BMS-01,33.93794922310914,27.25523974174899
2026-01-27T06:25:00+09:00,BMS-01,86.2292048499831,31.233118223378693
2026-01-27T06:30:00+09:00,BMS-01,41.853250113622884,25.42721181958254
2026-01-27T06:35:00+09:00,BMS-01,87.63411078823172,28.42888260030369
2026-01-27T06:40:00+09:00,BMS-01,56.229577082821876,28.58973572327537
2026-01-27T06:45:00+09:00,BMS-01,55.28926518463757,29.085658133381322
2026-01-27T06:50:00+09:00,BMS-01,70.48960729473022,28.66790605517209
2026-01-27T06:55:00+09:00,BMS-01,81.22485263757032,29.23648064582049
2026-01-27T07:00:00+09:00,BMS-01,66.04502694687359,27.84436414969283
2026-01-27T07:05:00+09:00,BMS-01,30.50790019559023,29.19456630393295
2026-01-27T07:10:00+09:00,BMS-01,46.525740218888856,30.21229180206
2026-01-27T07:15:00+09:00,BMS-01,71.78255568263062,28.960330744835357
2026-01-27T07:20:00+09:00,BMS-01,23.8533150863347,28.59685667186028
2026-01-27T07:25:00+09:00,BMS-01,68.02047740413677,27.77052486907455
2026-01-27T07:30:00+09:00,BMS-01,69.05582834738485,26.67779169656687
2026-01-27T07:35:00+09:00,BMS-01,71.25260081839487,26.430923290495883
2026-01-27T07:40:00+09:00,BMS-01,36.73443849039981,31.146877470458435
2026-01-27T07:45:00+09:00,BMS-01,39.527727095237466,29.48286037460866
2026-01-27T07:50:00+09:00,BMS-01,27.82839555299158,26.911649070735386
2026-01-27T07:55:00+09:00,BMS-01,59.33995903467539,31.552502621656195
2026-01-27T08:00:00+09:00,BMS-01,78.65393108225564,30.797666881645057
2026-01-27T08:05:00+09:00,BMS-01,41.88428118862011,29.68350419661999
2026-01-27T08:10:00+09:00,BMS-01,52.13306760259876,29.441122844946058
2026-01-27T08:15:00+09:00,BMS-01,75.31849835894961,28.67975444491086
2026-01-27T08:20:00+09:00,BMS-01,37.07083900531937,24.990837814725108
2026-01-27T08:25:00+09:00,BMS-01,74.99959268571682,30.39368304782791
2026-01-27T08:30:00+09:00,BMS-01,75.20651839518476,33.410725987451166
2026-01-27T08:35:00+09:00,BMS-01,55.88302657907755,31.74344313883314
2026-01-27T08:40:00+09:00,BMS-01,82.87912296987754,27.762995308801347
2026-01-27T08:45:00+09:00,BMS-01,68.65191167364297,31.426386555646243
2026-01-27T08:50:00+09:00,BMS-01,40.206407504917436,28.872707156705008
2026-01-27T08:55:00+09:00,BMS-01,89.52116703237436,31.156257772648875
2026-01-27T09:00:00+09:00,BMS-01,26.986782743324042,28.92569854881839
2026-01-27T09:05:00+09:00,BMS-01,45.20327675857278,30.65918387567255
2026-01-27T09:10:00+09:00,BMS-01,81.29466890717329,29.52039914846864
2026-01-27T09:15:00+09:00,BMS-01,49.49713289993855,29.819034913851855
2026-01-27T09:20:00+09:00,BMS-01,32.18063148877469,28.389345747274497
2026-01-27T09:25:00+09:00,BMS-01,21.191058787770373,27.15765634588947
2026-01-27T09:30:00+09:00,BMS-01,21.280857185054913,26.129200718465487
2026-01-27T09:35:00+09:00,BMS-01,46.16499934458995,28.043698240596342
2026-01-27T09:40:00+09:00,BMS-01,20.954018319530512,31.12095882450248
2026-01-27T09:45:00+09:00,BMS-01,50.369221460035455,30.8145692467465
2026-01-27T09:50:00+09:00,BMS-01,30.167172042395034,29.560669474128527
2026-01-27T09:55:00+09:00,BMS-01,24.5238738472392,30.686364823346228
2026-01-27T10:00:00+09:00,BMS-01,49.13319319059094,27.865809579258524
2026-01-27T10:05:00+09:00,BMS-01,60.88835000397199,34.12256102151772
2026-01-27T10:10:00+09:00,BMS-01,46.11654741864713,30.06293657139681
2026-01-27T10:15:00+09:00,BMS-01,87.94255829738019,27.23544982020108
2026-01-27T10:20:00+09:00,BMS-01,56.709176721969065,29.41352533120425
2026-01-27T10:25:00+09:00,BMS-01,21.423592123968774,29.59143867337602
2026-01-27T10:30:00+09:00,BMS-01,75.40510093777098,27.77496919643055
2026-01-27T10:35:00+09:00,BMS-01,83.81928772148012,27.98126201590112
2026-01-27T10:40:00+09:00,BMS-01,85.37327741701904,33.934344847151166
2026-01-27T10:45:00+09:00,BMS-01,54.45351239093396,27.750754024626325
2026-01-27T10:50:00+09:00,BMS-01,52.76369256071187,25.954788843422143
2026-01-27T10:55:00+09:00,BMS-01,82.5968265380921,24.564695240801797
2026-01-27T11:00:00+09:00,BMS-01,89.06276047483932,32.70203986585257
2026-01-27T11:05:00+09:00,BMS-01,24.79986266037495,27.60899280295626
2026-01-27T11:10:00+09:00,BMS-01,23.6382938180172,33.15649415385205
2026-01-27T11:15:00+09:00,BMS-01,37.62313221564372,30.211084687622552
2026-01-27T11:20:00+09:00,BMS-01,81.53916478098506,29.521872268919065
2026-01-27T11:25:00+09:00,BMS-01,30.13093284221738,30.064051717736533
2026-01-27T11:30:00+09:00,BMS-01,56.03126464589568,24.64942599964806
2026-01-27T11:35:00+09:00,BMS-01,57.19677995109042,29.151589544444104
2026-01-27T11:40:00+09:00,BMS-01,41.08489700823848,30.5256194316185
2026-01-27T11:45:00+09:00,BMS-01,20.529163536772494,24.20287839438896
2026-01-27T11:50:00+09:00,BMS-01,63.36056770841953,30.26362361810618
2026-01-27T11:55:00+09:00,BMS-01,71.94987769785081,32.17345854752382
2026-01-27T12:00:00+09:00,BMS-01,49.49341736991831,28.770540281570398
2026-01-27T12:05:00+09:00,BMS-01,73.17722800606744,23.960813260793586
2026-01-27T12:10:00+09:00,BMS-01,70.07265625106719,25.41378124378028
2026-01-27T12:15:00+09:00,BMS-01,43.578324743712095,33.21539741740241
2026-01-27T12:20:00+09:00,BMS-01,28.16392630618413,30.382877277589678
2026-01-27T12:25:00+09:00,BMS-01,66.89161933280083,29.166685028387853
2026-01-27T12:30:00+09:00,BMS-01,64.74948703812383,28.975165830527814
2026-01-27T12:35:00+09:00,BMS-01,78.10681882899728,28.311826645945665
2026-01-27T12:40:00+09:00,BMS-01,23.709821549021857,30.09578349338831
2026-01-27T12:45:00+09:00,BMS-01,22.48686946885103,31.18861333020779
2026-01-27T12:50:00+09:00,BMS-01,43.508632396632926,31.640927030112234
2026-01-27T12:55:00+09:00,BMS-01,75.96096400689656,27.50136272986593
2026-01-27T13:00:00+09:00,BMS-01,66.27160537468184,27.12599870763238
2026-01-27T13:05:00+09:00,BMS-01,57.050044918699,28.862118724833696
2026-01-27T13:10:00+09:00,BMS-01,73.8939149568304,30.090148931090997
2026-01-27T13:15:00+09:00,BMS-01,20.848391466888458,27.222359543064556
2026-01-27T13:20:00+09:00,BMS-01,30.637808041364995,32.59664048275438
2026-01-27T13:25:00+09:00,BMS-01,44.755805961858535,32.012537173817925
2026-01-27T13:30:00+09:00,BMS-01,86.27264359867108,32.15283153720818
2026-01-27T13:35:00+09:00,BMS-01,43.48992384054731,32.04259827848307
2026-01-27T13:40:00+09:00,BMS-01,86.33146069339332,28.5491941127852
2026-01-27T13:45:00+09:00,BMS-01,22.91040122685463,25.74228664657427
2026-01-27T13:50:00+09:00,BMS-01,44.78472128755027,30.77113912809256
2026-01-27T13:55:00+09:00,BMS-01,50.44013964321322,32.40582507071889
2026-01-27T14:00:00+09:00,BMS-01,40.29694632490223,28.21109454123392
2026-01-27T14:05:00+09:00,BMS-01,68.1582116881969,26.05338774479965
2026-01-27T14:10:00+09:00,BMS-01,57.198266778919276,27.452529833973514
2026-01-27T14:15:00+09:00,BMS-01,34.078475980752934,27.855298215729817
2026-01-27T14:20:00+09:00,BMS-01,52.63131357211764,29.022333129902616
2026-01-27T14:25:00+09:00,BMS-01,81.5210228105808,28.508971734888384
2026-01-27T14:30:00+09:00,BMS-01,47.022516684930565,30.644745141423723
2026-01-27T14:35:00+09:00,BMS-01,63.130574237256155,30.446954520461293
2026-01-27T14:40:00+09:00,BMS-01,29.16912594397387,31.611017254739988
2026-01-27T14:45:00+09:00,BMS-01,69.35855721567398,30.471772958055702
2026-01-27T14:50:00+09:00,BMS-01,26.220467105079585,27.283859839956712
2026-01-27T14:55:00+09:00,BMS-01,66.66146947891659,29.04004752868116
2026-01-27T15:00:00+09:00,BMS-01,20.44168337074512,32.836096816823144
2026-01-27T15:05:00+09:00,BMS-01,83.9094072018997,29.38321269316461
2026-01-27T15:10:00+09:00,BMS-01,61.812668953033764,27.867403284336895
2026-01-27T15:15:00+09:00,BMS-01,61.80705981523373,27.17406680402007
2026-01-27T15:20:00+09:00,BMS-01,53.80987307925125,30.736433834338925
2026-01-27T15:25:00+09:00,BMS-01,58.37957045988637,27.78347356606985
2026-01-27T15:30:00+09:00,BMS-01,25.020714536710578,30.586408338770816
2026-01-27T15:35:00+09:00,BMS-01,85.34823586830997,31.092364005789978
2026-01-27T15:40:00+09:00,BMS-01,27.369953333772905,28.916915617355684
2026-01-27T15:45:00+09:00,BMS-01,37.01919654102395,29.70893221270016
2026-01-27T15:50:00+09:00,BMS-01,64.27262285927799,29.743825156884512
2026-01-27T15:55:00+09:00,BMS-01,21.553638126872396,28.16552288631063
2026-01-27T16:00:00+09:00,BMS-01,66.81654401297034,26.910253054265457
2026-01-27T16:05:00+09:00,BMS-01,73.02383367332766,32.3611669331291
2026-01-27T16:10:00+09:00,BMS-01,60.106159898638936,28.817682922755225
2026-01-27T16:15:00+09:00,BMS-01,55.513043324048716,30.521228879878233
2026-01-27T16:20:00+09:00,BMS-01,20.777719363448245,25.75093838165304
2026-01-27T16:25:00+09:00,BMS-01,75.8759266192866,28.184391121408623
2026-01-27T16:30:00+09:00,BMS-01,29.287730107864903,28.885807772187036
2026-01-27T16:35:00+09:00,BMS-01,72.19741372821551,30.760335424013256
2026-01-27T16:40:00+09:00,BMS-01,48.8815700743808,29.68070615415039
2026-01-27T16:45:00+09:00,BMS-01,53.73716972454404,29.830680178547023
2026-01-27T16:50:00+09:00,BMS-01,32.17424925726104,30.86118731530566
2026-01-27T16:55:00+09:00,BMS-01,23.01434510421537,29.212337737428733
2026-01-27T17:00:00+09:00,BMS-01,72.86989366166314,30.87614501373232
2026-01-27T17:05:00+09:00,BMS-01,86.63208089300683,28.54483672600394
2026-01-27T17:10:00+09:00,BMS-01,46.026791101491504,28.696144369728778
2026-01-27T17:15:00+09:00,BMS-01,51.245317346570324,28.699533439739106
2026-01-27T17:20:00+09:00,BMS-01,31.01620335979443,30.178937694687168
2026-01-27T17:25:00+09:00,BMS-01,83.45785341171319,27.721868286827128
2026-01-27T17:30:00+09:00,BMS-01,54.708141863462316,26.847162394243014
2026-01-27T17:35:00+09:00,BMS-01,38.619162686916006,28.618998212529853
2026-01-27T17:40:00+09:00,BMS-01,68.20324251167453,29.89484032650083
2026-01-27T17:45:00+09:00,BMS-01,86.47873009490488,30.776130899983663
2026-01-27T17:50:00+09:00,BMS-01,41.48464953300851,29.937077140310123
2026-01-27T17:55:00+09:00,BMS-01,67.69440815529596,25.822402969886237
2026-01-27T18:00:00+09:00,BMS-01,28.539470876427288,27.76747176383398
2026-01-27T18:05:00+09:00,BMS-01,57.42664616610991,33.608445741804445
2026-01-27T18:10:00+09:00,BMS-01,30.020611129839587,28.88746907654663
2026-01-27T18:15:00+09:00,BMS-01,23.684565452895562,26.64002582535124
2026-01-27T18:20:00+09:00,BMS-01,74.52936257630314,28.21100869941372
2026-01-27T18:25:00+09:00,BMS-01,83.9996254997718,30.014860967593847
2026-01-27T18:30:00+09:00,BMS-01,76.69924510000881,29.363942313397622
2026-01-27T18:35:00+09:00,BMS-01,74.76196779947887,27.312061050463612
2026-01-27T18:40:00+09:00,BMS-01,24.120965897065705,27.575320759889312
2026-01-27T18:45:00+09:00,BMS-01,31.88118862242033,27.312615323703216
2026-01-27T18:50:00+09:00,BMS-01,37.847673169429754,25.051035577921738
2026-01-27T18:55:00+09:00,BMS-01,28.458160747904707,27.600426929824238
2026-01-27T19:00:00+09:00,BMS-01,38.74434374780114,28.840364321539898
2026-01-27T19:05:00+09:00,BMS-01,85.47072392104351,31.29411132856692
2026-01-27T19:10:00+09:00,BMS-01,79.93378046424071,30.935578719647108
2026-01-27T19:15:00+09:00,BMS-01,63.60784911627938,27.858310342543138
2026-01-27T19:20:00+09:00,BMS-01,48.28406803418681,28.02720579134012
2026-01-27T19:25:00+09:00,BMS-01,33.79613324827148,28.58658133321063
2026-01-27T19:30:00+09:00,BMS-01,34.24258212250934,28.58927922446053
2026-01-27T19:35:00+09:00,BMS-01,35.79331103289374,25.53848284616149
2026-01-27T19:40:00+09:00,BMS-01,23.081556987492075,33.95501003776815
2026-01-27T19:45:00+09:00,BMS-01,60.40526165011245,28.177465628228255
2026-01-27T19:50:00+09:00,BMS-01,61.93818332896993,30.118244814189246
2026-01-27T19:55:00+09:00,BMS-01,75.9152241819729,29.259954828350185
2026-01-27T20:00:00+09:00,BMS-01,50.77113245243747,29.380041694127772
2026-01-27T20:05:00+09:00,BMS-01,22.117776781723908,24.617575406101622
2026-01-27T20:10:00+09:00,BMS-01,60.61821072259572,27.91530206901492
2026-01-27T20:15:00+09:00,BMS-01,89.58568775116373,29.035729491325196
2026-01-27T20:20:00+09:00,BMS-01,61.41973023186117,31.006316398694118
2026-01-27T20:25:00+09:00,BMS-01,42.34694317391568,29.58486330506009
2026-01-27T20:30:00+09:00,BMS-01,41.809056678109584,28.325022241816576
2026-01-27T20:35:00+09:00,BMS-01,85.19278495622775,27.436755607225876
2026-01-27T20:40:00+09:00,BMS-01,45.92564154151717,29.02195019172061
2026-01-27T20:45:00+09:00,BMS-01,85.62209519613494,28.893121308908412
2026-01-27T20:50:00+09:00,BMS-01,58.53721170560358,32.4871428849722
2026-01-27T20:55:00+09:00,BMS-01,66.90181959658236,24.980642367027862
2026-01-27T21:00:00+09:00,BMS-01,80.31365582425694,29.03769769669341
2026-01-27T21:05:00+09:00,BMS-01,28.49246817543189,29.767671963857
2026-01-27T21:10:00+09:00,BMS-01,78.10024142366673,29.901227433379987
2026-01-27T21:15:00+09:00,BMS-01,44.30596088808967,28.56476994794325
2026-01-27T21:20:00+09:00,BMS-01,67.75069621477151,28.90207890724267
2026-01-27T21:25:00+09:00,BMS-01,54.20908406218055,28.861043614905512
2026-01-27T21:30:00+09:00,BMS-01,48.40575996715165,27.157578380296
2026-01-27T21:35:00+09:00,BMS-01,77.53336624131576,27.93825614275222
2026-01-27T21:40:00+09:00,BMS-01,57.673919208106845,25.39205262782758
2026-01-27T21:45:00+09:00,BMS-01,45.55029345770786,32.33142996477009
2026-01-27T21:50:00+09:00,BMS-01,82.7537195455443,29.973078283415536
2026-01-27T21:55:00+09:00,BMS-01,74.87500781479812,30.045721978331752
2026-01-27T22:00:00+09:00,BMS-01,36.31873232616087,32.52340221102468
2026-01-27T22:05:00+09:00,BMS-01,23.217767004639736,31.828787052218626
2026-01-27T22:10:00+09:00,BMS-01,27.73869522390586,26.701950297506627
2026-01-27T22:15:00+09:00,BMS-01,84.02485505855957,29.438681413670576
2026-01-27T22:20:00+09:00,BMS-01,58.66164125039713,29.316057049305034
2026-01-27T22:25:00+09:00,BMS-01,28.220871456661186,32.777344497544945
2026-01-27T22:30:00+09:00,BMS-01,57.61817117701371,31.816613517243205
2026-01-27T22:35:00+09:00,BMS-01,26.86727065114519,29.318020683602185
2026-01-27T22:40:00+09:00,BMS-01,50.421095150699394,33.082277804180734
2026-01-27T22:45:00+09:00,BMS-01,40.76026189582318,29.11468093850815
2026-01-27T22:50:00+09:00,BMS-01,86.46792291105928,27.24808946168063
2026-01-27T22:55:00+09:00,BMS-01,68.04878867859702,24.459139854863572
2026-01-27T23:00:00+09:00,BMS-01,79.93535902878475,25.654894095109952
2026-01-27T23:05:00+09:00,BMS-01,73.0258653501512,26.242228934175188
2026-01-27T23:10:00+09:00,BMS-01,81.72560171195721,31.560942311717234
2026-01-27T23:15:00+09:00,BMS-01,72.99795654026974,30.072649974251053
2026-01-27T23:20:00+09:00,BMS-01,41.985276547920094,28.79764725907844
2026-01-27T23:25:00+09:00,BMS-01,35.86926896238642,27.67422117126682
2026-01-27T23:30:00+09:00,BMS-01,29.227604148543247,30.897919971018567
2026-01-27T23:35:00+09:00,BMS-01,68.15617628138865,30.163317885033056
2026-01-27T23:40:00+09:00,BMS-01,26.17884707697224,27.792167817572043
2026-01-27T23:45:00+09:00,BMS-01,36.0938020371033,27.708952038411567
2026-01-27T23:50:00+09:00,BMS-01,82.68600969390732,26.821693108500106
2026-01-27T23:55:00+09:00,BMS-01,22.214668270568154,29.25772845998542
2026-01-28T00:00:00+09:00,BMS-01,81.47578918221339,30.699829262744316
2026-01-28T00:05:00+09:00,BMS-01,75.83061285777127,28.257295910536424
2026-01-28T00:10:00+09:00,BMS-01,61.81687003078273,26.53642723522765
2026-01-28T00:15:00+09:00,BMS-01,39.16414312020761,28.412790575749618
2026-01-28T00:20:00+09:00,BMS-01,76.08779930015523,25.069257365667326
2026-01-28T00:25:00+09:00,BMS-01,31.348315914538667,27.668456019348444
2026-01-28T00:30:00+09:00,BMS-01,48.672458118766535,29.20127714131043
2026-01-28T00:35:00+09:00,BMS-01,27.401613614451513,29.997077770773487
2026-01-28T00:40:00+09:00,BMS-01,78.09333214040981,29.31423339053545
2026-01-28T00:45:00+09:00,BMS-01,66.4455085708341,29.454115420899097
2026-01-28T00:50:00+09:00,BMS-01,29.570592458037797,29.808577890650053
2026-01-28T00:55:00+09:00,BMS-01,46.87734672460754,30.557402839839366
2026-01-28T01:00:00+09:00,BMS-01,59.36942413739706,30.451284473433468
2026-01-28T01:05:00+09:00,BMS-01,81.19431379448635,26.841391295986725
2026-01-28T01:10:00+09:00,BMS-01,53.30872406893649,26.64960813644297
2026-01-28T01:15:00+09:00,BMS-01,80.60722918984614,26.323397452353316
2026-01-28T01:20:00+09:00,BMS-01,64.88948389200256,25.97465691779946
2026-01-28T01:25:00+09:00,BMS-01,88.95169391194408,28.790929507594523
2026-01-28T01:30:00+09:00,BMS-01,20.116338965277173,30.53497308448838
2026-01-28T01:35:00+09:00,BMS-01,46.44142770434375,29.815727504137524
2026-01-28T01:40:00+09:00,BMS-01,25.074892901385653,29.81787638886135
2026-01-28T01:45:00+09:00,BMS-01,20.806392291292305,29.37702177803877
2026-01-28T01:50:00+09:00,BMS-01,41.78243368174041,28.264862331941092
2026-01-28T01:55:00+09:00,BMS-01,57.85699877558515,26.13646041338363
2026-01-28T02:00:00+09:00,BMS-01,27.818867274300633,29.917700859633978
2026-01-28T02:05:00+09:00,BMS-01,75.38186156722395,30.283881375305057
2026-01-28T02:10:00+09:00,BMS-01,47.23340191724328,27.84788921933658
2026-01-28T02:15:00+09:00,BMS-01,79.21472161211837,28.719211076553805
2026-01-28T02:20:00+09:00,BMS-01,26.011850044673075,30.61912069779301
2026-01-28T02:25:00+09:00,BMS-01,84.28102504828057,31.523149933409286
2026-01-28T02:30:00+09:00,BMS-01,73.4697758499818,30.968921322720654
2026-01-28T02:35:00+09:00,BMS-01,64.17540404918701,29.67206281153336
2026-01-28T02:40:00+09:00,BMS-01,82.15738860247677,30.929073958881187
2026-01-28T02:45:00+09:00,BMS-01,35.706837277005434,30.576295414744806
2026-01-28T02:50:00+09:00,BMS-01,43.4234543816398,27.25145667076586
2026-01-28T02:55:00+09:00,BMS-01,84.4783153248776,29.419536107323687
2026-01-28T03:00:00+09:00,BMS-01,60.19977416370735,28.07996538289405
2026-01-28T03:05:00+09:00,BMS-01,70.43470086505529,30.528939044744604
2026-01-28T03:10:00+09:00,BMS-01,28.04394734232178,29.042361376974746
2026-01-28T03:15:00+09:00,BMS-01,76.87549316750648,30.078291794331328
2026-01-28T03:20:00+09:00,BMS-01,29.49475230871233,27.420737820316443
2026-01-28T03:25:00+09:00,BMS-01,81.44875746582242,32.42324975247031
2026-01-28T03:30:00+09:00,BMS-01,76.38794804486108,30.160415543344993
2026-01-28T03:35:00+09:00,BMS-01,21.70567915704058,30.83978762070273
2026-01-28T03:40:00+09:00,BMS-01,80.93509181026985,27.574281777216402
2026-01-28T03:45:00+09:00,BMS-01,59.69183121097113,27.529308327035363
2026-01-28T03:50:00+09:00,BMS-01,67.56480970467105,29.21138824151684
2026-01-28T03:55:00+09:00,BMS-01,72.76312971433993,30.925190468001503
2026-01-28T04:00:00+09:00,BMS-01,42.40369707297684,27.445236987985407
2026-01-28T04:05:00+09:00,BMS-01,28.582825085072074,27.443842279428093
2026-01-28T04:10:00+09:00,BMS-01,40.794688630334576,30.417294949751437
2026-01-28T04:15:00+09:00,BMS-01,45.84185810951028,26.909936950014572
2026-01-28T04:20:00+09:00,BMS-01,83.9683847849858,27.836560002151472
2026-01-28T04:25:00+09:00,BMS-01,39.33554559218556,32.451236159622745
2026-01-28T04:30:00+09:00,BMS-01,38.62161274743208,29.73685774168465
2026-01-28T04:35:00+09:00,BMS-01,46.11634521741951,29.154742205852322
2026-01-28T04:40:00+09:00,BMS-01,29.903068742564795,29.332837345939907
2026-01-28T04:45:00+09:00,BMS-01,35.84590029439333,31.36698730904353
2026-01-28T04:50:00+09:00,BMS-01,79.28577405195982,30.668402217775874
2026-01-28T04:55:00+09:00,BMS-01,41.95088364139956,29.986477734255065
2026-01-28T05:00:00+09:00,BMS-01,64.01940928408018,29.061647375027235
2026-01-28T05:05:00+09:00,BMS-01,78.49715426895588,27.740820913078576
2026-01-28T05:10:00+09:00,BMS-01,86.03735397188244,30.02137192353808
2026-01-28T05:15:00+09:00,BMS-01,73.86984764582787,31.43493906010581
2026-01-28T05:20:00+09:00,BMS-01,65.2809198486753,30.217747914447763
2026-01-28T05:25:00+09:00,BMS-01,52.85686602596473,26.043562363698122
2026-01-28T05:30:00+09:00,BMS-01,24.764536663741843,31.141675711359966
2026-01-28T05:35:00+09:00,BMS-01,28.243861289093285,29.699792188154248
2026-01-28T05:40:00+09:00,BMS-01,23.913908128119978,30.919012641653048
2026-01-28T05:45:00+09:00,BMS-01,24.24748261837667,29.13694635182869
2026-01-28T05:50:00+09:00,BMS-01,85.14249370008669,30.596650279083125
2026-01-28T05:55:00+09:00,BMS-01,34.81726307452186,28.94771453331605
2026-01-28T06:00:00+09:00,BMS-01,46.08377784650963,30.282663466153075
2026-01-28T06:05:00+09:00,BMS-01,44.396494434019075,27.825214173970334
2026-01-28T06:10:00+09:00,BMS-01,36.561258988711344,29.87709707152861
2026-01-28T06:15:00+09:00,BMS-01,72.01433629157788,31.32757775943659
2026-01-28T06:20:00+09:00,BMS-01,60.2309612505772,27.557885551481114
2026-01-28T06:25:00+09:00,BMS-01,20.936431568742943,26.527832144140007
2026-01-28T06:30:00+09:00,BMS-01,78.10829443438456,26.401265285359738
2026-01-28T06:35:00+09:00,BMS-01,51.16830670306977,31.366265432552588
2026-01-28T06:40:00+09:00,BMS-01,63.67750636956628,31.747552633856227
2026-01-28T06:45:00+09:00,BMS-01,81.58966949356525,29.16774748143781
2026-01-28T06:50:00+09:00,BMS-01,40.94838426402579,30.187126196196775
2026-01-28T06:55:00+09:00,BMS-01,53.816515113835,29.313965753076154
2026-01-28T07:00:00+09:00,BMS-01,22.047528361054447,29.749278053175207
2026-01-28T07:05:00+09:00,BMS-01,88.64201584368458,27.063620324376885
2026-01-28T07:10:00+09:00,BMS-01,88.7288054404153,28.071401757272568
2026-01-28T07:15:00+09:00,BMS-01,42.78665558697317,29.398163769183626
2026-01-28T07:20:00+09:00,BMS-01,52.9768878557663,30.866355511089804
2026-01-28T07:25:00+09:00,BMS-01,70.31797269486958,29.554762646392952
2026-01-28T07:30:00+09:00,BMS-01,35.30477062986711,27.362695491612385
2026-01-28T07:35:00+09:00,BMS-01,84.5230498151302,29.869998226810708
2026-01-28T07:40:00+09:00,BMS-01,77.2658088584089,24.982662892649046
2026-01-28T07:45:00+09:00,BMS-01,65.50588236461381,30.587418904724206
2026-01-28T07:50:00+09:00,BMS-01,62.473814764307946,27.290789897171887
2026-01-28T07:55:00+09:00,BMS-01,78.64190266858452,24.99398417863356
2026-01-28T08:00:00+09:00,BMS-01,55.79114358996426,35.419660696170986
2026-01-28T08:05:00+09:00,BMS-01,38.17263374300911,27.65125199761359
2026-01-28T08:10:00+09:00,BMS-01,80.41365647786925,29.613640416853382
2026-01-28T08:15:00+09:00,BMS-01,48.21946287679389,31.393746964361846
2026-01-28T08:20:00+09:00,BMS-01,29.24596880585718,28.561222758091784
2026-01-28T08:25:00+09:00,BMS-01,23.178403496598825,28.178376644752326
2026-01-28T08:30:00+09:00,BMS-01,27.945631616068678,30.685904491060448
2026-01-28T08:35:00+09:00,BMS-01,45.59667926866623,24.666443436004116
2026-01-28T08:40:00+09:00,BMS-01,50.73419822365014,31.04811339764737
2026-01-28T08:45:00+09:00,BMS-01,70.51548657148042,31.120191103112806
2026-01-28T08:50:00+09:00,BMS-01,72.00955972041837,28.565618750432026
2026-01-28T08:55:00+09:00,BMS-01,37.23209380822894,26.80891413983499
2026-01-28T09:00:00+09:00,BMS-01,79.69360060189506,29.477023759002464
2026-01-28T09:05:00+09:00,BMS-01,75.0276355640945,32.43555359213974
2026-01-28T09:10:00+09:00,BMS-01,79.5996472754476,29.481608533741205
2026-01-28T09:15:00+09:00,BMS-01,34.3284306530424,29.218987917693557
2026-01-28T09:20:00+09:00,BMS-01,36.5079653206877,27.871532286451075
2026-01-28T09:25:00+09:00,BMS-01,44.741877535413586,30.34637983418345
2026-01-28T09:30:00+09:00,BMS-01,39.86175891268465,29.66333608601168
2026-01-28T09:35:00+09:00,BMS-01,54.46102423417148,26.290403903670963
2026-01-28T09:40:00+09:00,BMS-01,69.25573283184637,31.68450985257932
2026-01-28T09:45:00+09:00,BMS-01,76.99970204050831,28.197932149702222
2026-01-28T09:50:00+09:00,BMS-01,42.132178754571484,27.952112581946437
2026-01-28T09:55:00+09:00,BMS-01,59.51454963937901,31.67709705401654
2026-01-28T10:00:00+09:00,BMS-01,29.37120316876771,29.261243414440475
2026-01-28T10:05:00+09:00,BMS-01,89.85413853422817,27.21408864160241
2026-01-28T10:10:00+09:00,BMS-01,70.8432889543105,27.811846277942195
2026-01-28T10:15:00+09:00,BMS-01,27.8346692090849,30.24433480608022
2026-01-28T10:20:00+09:00,BMS-01,71.49528669704874,27.94126636259098
2026-01-28T10:25:00+09:00,BMS-01,31.038468211048826,30.91050662924168
2026-01-28T10:30:00+09:00,BMS-01,73.92544678408132,33.00858164295456
2026-01-28T10:35:00+09:00,BMS-01,49.286122829170154,29.57466410900048
2026-01-28T10:40:00+09:00,BMS-01,30.099139243059764,28.65970263254193
2026-01-28T10:45:00+09:00,BMS-01,44.930364138358634,28.404940033663898
2026-01-28T10:50:00+09:00,BMS-01,89.05279707091884,27.793025809116727
2026-01-28T10:55:00+09:00,BMS-01,40.973513711666605,27.718488378201013
2026-01-28T11:00:00+09:00,BMS-01,46.97382537714503,29.381457460819583
2026-01-28T11:05:00+09:00,BMS-01,86.67526356202087,26.299171044738404
2026-01-28T11:10:00+09:00,BMS-01,24.485087387410335,30.279808881358854
2026-01-28T11:15:00+09:00,BMS-01,49.36581989614452,27.675030113329566
2026-01-28T11:20:00+09:00,BMS-01,50.48281044416747,28.193296628490064
2026-01-28T11:25:00+09:00,BMS-01,67.95338865718114,29.90500996052487
2026-01-28T11:30:00+09:00,BMS-01,32.005366960816765,28.878412985512476
2026-01-28T11:35:00+09:00,BMS-01,54.868682910445266,30.14647897912968
2026-01-28T11:40:00+09:00,BMS-01,58.09956721342357,31.48652849590257
2026-01-28T11:45:00+09:00,BMS-01,41.96632280253817,29.588244365698724
2026-01-28T11:50:00+09:00,BMS-01,65.73732953578926,28.003388642628718
2026-01-28T11:55:00+09:00,BMS-01,68.3597269587986,30.592155355068485
2026-01-28T12:00:00+09:00,BMS-01,33.826769989310804,30.888541989846566
2026-01-28T12:05:00+09:00,BMS-01,66.7231360089988,30.753314400574748
2026-01-28T12:10:00+09:00,BMS-01,36.64457267653446,25.698031241387564
2026-01-28T12:15:00+09:00,BMS-01,33.494701234094094,28.971776815076872
2026-01-28T12:20:00+09:00,BMS-01,57.63173087013445,26.63742846405218
2026-01-28T12:25:00+09:00,BMS-01,68.2838260342388,28.913673516328554
2026-01-28T12:30:00+09:00,BMS-01,45.08594705182467,25.6997514391392
2026-01-28T12:35:00+09:00,BMS-01,57.95236640639607,30.72391447028772
2026-01-28T12:40:00+09:00,BMS-01,46.99957473640483,31.43005413636328
2026-01-28T12:45:00+09:00,BMS-01,27.987905576770192,30.364631656236874
2026-01-28T12:50:00+09:00,BMS-01,35.394469262861705,29.170771906284436
2026-01-28T12:55:00+09:00,BMS-01,55.421022116664815,27.58002131849115
2026-01-28T13:00:00+09:00,BMS-01,30.432926541896737,30.80560606313851
2026-01-28T13:05:00+09:00,BMS-01,46.59325171915016,31.24515908436762
2026-01-28T13:10:00+09:00,BMS-01,24.874018053213007,27.172312677929025
2026-01-28T13:15:00+09:00,BMS-01,29.77185286933335,28.850461461523583
2026-01-28T13:20:00+09:00,BMS-01,69.56989281772249,29.03877462330625
2026-01-28T13:25:00+09:00,BMS-01,22.6224790875745,29.995384474978163
2026-01-28T13:30:00+09:00,BMS-01,41.829313349556735,30.246400994018583
2026-01-28T13:35:00+09:00,BMS-01,52.9879625151166,30.603949246862594
2026-01-28T13:40:00+09:00,BMS-01,22.060340318689235,29.496508873492953
2026-01-28T13:45:00+09:00,BMS-01,42.66236983669871,26.38877650563982
2026-01-28T13:50:00+09:00,BMS-01,82.61956403464183,27.91480082364315
2026-01-28T13:55:00+09:00,BMS-01,27.18563274580492,29.83477157818009
2026-01-28T14:00:00+09:00,BMS-01,32.17860817107857,29.83148948782775
2026-01-28T14:05:00+09:00,BMS-01,30.866626590770473,31.449076493973973
2026-01-28T14:10:00+09:00,BMS-01,47.87386469670563,29.99744867866001
2026-01-28T14:15:00+09:00,BMS-01,85.8939718671097,29.41944782135025
2026-01-28T14:20:00+09:00,BMS-01,50.27088424242929,28.12970811098927
2026-01-28T14:25:00+09:00,BMS-01,52.50987493442832,31.126425100754705
2026-01-28T14:30:00+09:00,BMS-01,76.27902679995465,25.68276543132406
2026-01-28T14:35:00+09:00,BMS-01,55.63893336656916,24.166193806015823
2026-01-28T14:40:00+09:00,BMS-01,31.684867466350518,30.59839721155294
2026-01-28T14:45:00+09:00,BMS-01,34.98761547610526,27.800197030557765
2026-01-28T14:50:00+09:00,BMS-01,44.314291723759816,31.16116845835885
2026-01-28T14:55:00+09:00,BMS-01,64.86089811807051,27.320961183073763
2026-01-28T15:00:00+09:00,BMS-01,36.87903512594628,27.568539515470743
2026-01-28T15:05:00+09:00,BMS-01,55.398516914381396,27.532309306781894
2026-01-28T15:10:00+09:00,BMS-01,49.329292255247495,31.358926269991656
2026-01-28T15:15:00+09:00,BMS-01,56.5699394582824,28.089632648984697
2026-01-28T15:20:00+09:00,BMS-01,39.51803594788533,28.412552126305485
2026-01-28T15:25:00+09:00,BMS-01,76.56119072313196,26.96478268698538
2026-01-28T15:30:00+09:00,BMS-01,64.97860558758276,30.194467816600106
2026-01-28T15:35:00+09:00,BMS-01,53.43500116896103,31.33451912184695
2026-01-28T15:40:00+09:00,BMS-01,84.20072837153708,30.878197087523336
2026-01-28T15:45:00+09:00,BMS-01,50.96942876526447,27.356327684223047
2026-01-28T15:50:00+09:00,BMS-01,77.25261604568239,29.062692267001765
2026-01-28T15:55:00+09:00,BMS-01,81.26558767975459,33.265117976194155
2026-01-28T16:00:00+09:00,BMS-01,80.07742844031523,28.471907948600364
2026-01-28T16:05:00+09:00,BMS-01,22.97731201047627,30.537871556544943
2026-01-28T16:10:00+09:00,BMS-01,71.03050460122161,28.82622874275885
2026-01-28T16:15:00+09:00,BMS-01,63.9880972263727,30.983449914637138
2026-01-28T16:20:00+09:00,BMS-01,28.241669957567122,28.14623488653716
2026-01-28T16:25:00+09:00,BMS-01,75.31300809212112,31.296457808533305
2026-01-28T16:30:00+09:00,BMS-01,70.57629030168124,29.73037348686666
2026-01-28T16:35:00+09:00,BMS-01,37.72979067072216,29.217786690579793
2026-01-28T16:40:00+09:00,BMS-01,35.45135353394158,31.2016611960739
2026-01-28T16:45:00+09:00,BMS-01,25.891506946060222,28.15343449209406
2026-01-28T16:50:00+09:00,BMS-01,85.64130153211265,30.400486104637057
2026-01-28T16:55:00+09:00,BMS-01,76.09352064531052,29.081014807387454
2026-01-28T17:00:00+09:00,BMS-01,27.069010343187454,28.381665916866346
2026-01-28T17:05:00+09:00,BMS-01,66.17186189718231,28.025957703668197
2026-01-28T17:10:00+09:00,BMS-01,40.41212311920724,27.250328197558662
2026-01-28T17:15:00+09:00,BMS-01,22.668735747068126,32.28701885462614
2026-01-28T17:20:00+09:00,BMS-01,85.50382174459219,27.125475074353147
2026-01-28T17:25:00+09:00,BMS-01,30.69353377416087,28.640337002452323
2026-01-28T17:30:00+09:00,BMS-01,58.488728604929314,23.77074332048203
2026-01-28T17:35:00+09:00,BMS-01,49.57096599403755,27.92451217538006
2026-01-28T17:40:00+09:00,BMS-01,89.4558756895187,28.852483784330044
2026-01-28T17:45:00+09:00,BMS-01,63.21744344530218,30.200042782264678
2026-01-28T17:50:00+09:00,BMS-01,23.241036848164185,31.709546510218917
2026-01-28T17:55:00+09:00,BMS-01,80.34510140821439,29.720024607193604
2026-01-28T18:00:00+09:00,BMS-01,43.840136967131585,27.547966336005707
2026-01-28T18:05:00+09:00,BMS-01,74.11713445224512,28.555353888902907
2026-01-28T18:10:00+09:00,BMS-01,70.19755174536438,28.068510556657177
2026-01-28T18:15:00+09:00,BMS-01,53.43289760615683,29.080348571545375
2026-01-28T18:20:00+09:00,BMS-01,75.8889654113149,29.612819694457464
2026-01-28T18:25:00+09:00,BMS-01,34.22858223731893,28.658401704063365
2026-01-28T18:30:00+09:00,BMS-01,81.23038670514967,32.65884934353824
2026-01-28T18:35:00+09:00,BMS-01,81.42897228616879,30.297940679453095
2026-01-28T18:40:00+09:00,BMS-01,89.31069536304601,26.2697188045426
2026-01-28T18:45:00+09:00,BMS-01,55.69448911948696,25.97087676579011
2026-01-28T18:50:00+09:00,BMS-01,41.59931273651399,24.918491983544023
2026-01-28T18:55:00+09:00,BMS-01,20.960871701236698,28.55503742327052
2026-01-28T19:00:00+09:00,BMS-01,61.49324869203383,28.879839736070046
2026-01-28T19:05:00+09:00,BMS-01,80.94690081110184,25.964658983392408
2026-01-28T19:10:00+09:00,BMS-01,58.049395815476174,27.41237061366909
2026-01-28T19:15:00+09:00,BMS-01,76.8157638176248,28.105790765817467
2026-01-28T19:20:00+09:00,BMS-01,65.33029039570773,28.432168097440364
2026-01-28T19:25:00+09:00,BMS-01,35.77429552133633,27.847205338972657
2026-01-28T19:30:00+09:00,BMS-01,31.62932651349327,28.90550129629124
2026-01-28T19:35:00+09:00,BMS-01,79.32021995167918,28.81495608637878
2026-01-28T19:40:00+09:00,BMS-01,43.92044056955157,28.484204744309068
2026-01-28T19:45:00+09:00,BMS-01,56.115493654648134,28.138507795446344
2026-01-28T19:50:00+09:00,BMS-01,60.969866205995885,29.251885067380684
2026-01-28T19:55:00+09:00,BMS-01,45.760816442638756,31.767803175993492
2026-01-28T20:00:00+09:00,BMS-01,82.7639526590107,29.803259562246463
2026-01-28T20:05:00+09:00,BMS-01,34.55541267166942,31.028253811986794
2026-01-28T20:10:00+09:00,BMS-01,56.36298919506632,31.42662757566378
2026-01-28T20:15:00+09:00,BMS-01,82.97779943442177,29.0116341645198
2026-01-28T20:20:00+09:00,BMS-01,70.37692001265138,29.64478287153268
2026-01-28T20:25:00+09:00,BMS-01,24.183533688335434,28.668649626236384
2026-01-28T20:30:00+09:00,BMS-01,88.59316876691811,29.49483619065584
2026-01-28T20:35:00+09:00,BMS-01,70.95145068978826,27.482919277024873
2026-01-28T20:40:00+09:00,BMS-01,56.62581014623011,30.6133288406349
2026-01-28T20:45:00+09:00,BMS-01,62.628938427095456,29.542135396825824
2026-01-28T20:50:00+09:00,BMS-01,42.17252008939406,31.283624942161214
2026-01-28T20:55:00+09:00,BMS-01,82.34197669159371,26.215883517911514
2026-01-28T21:00:00+09:00,BMS-01,21.412826051173038,28.426266789448086
2026-01-28T21:05:00+09:00,BMS-01,65.31479883539704,30.585372528771508
2026-01-28T21:10:00+09:00,BMS-01,51.09880017230345,25.72826306415341
2026-01-28T21:15:00+09:00,BMS-01,48.492162730388,30.038540490727613
2026-01-28T21:20:00+09:00,BMS-01,59.731356490290736,33.23859285519135
2026-01-28T21:25:00+09:00,BMS-01,89.00915681870919,31.939251649716752
2026-01-28T21:30:00+09:00,BMS-01,33.25252615350201,30.898504496048044
2026-01-28T21:35:00+09:00,BMS-01,47.097032670123575,28.981171442273133
2026-01-28T21:40:00+09:00,BMS-01,37.39709785498633,29.097067262518433
2026-01-28T21:45:00+09:00,BMS-01,68.66800734780048,27.856753579748766
2026-01-28T21:50:00+09:00,BMS-01,50.58623751798765,29.57062909376764
2026-01-28T21:55:00+09:00,BMS-01,89.97807349145462,28.829733848515602
2026-01-28T22:00:00+09:00,BMS-01,20.825083222832532,25.791614651834912
2026-01-28T22:05:00+09:00,BMS-01,41.64411051380919,29.675946197051147
2026-01-28T22:10:00+09:00,BMS-01,89.82935075880961,29.685762748719384
2026-01-28T22:15:00+09:00,BMS-01,58.74403064546325,30.082496928726957
2026-01-28T22:20:00+09:00,BMS-01,25.061406713759464,27.265125820359334
2026-01-28T22:25:00+09:00,BMS-01,61.61606111695283,32.5904327260515
2026-01-28T22:30:00+09:00,BMS-01,37.341837955906804,31.419756154456092
2026-01-28T22:35:00+09:00,BMS-01,51.36034350094516,31.167612487894175
2026-01-28T22:40:00+09:00,BMS-01,26.230960345488676,28.3421664489464
2026-01-28T22:45:00+09:00,BMS-01,47.645026653936014,28.023730159504154
2026-01-28T22:50:00+09:00,BMS-01,42.41188385552609,27.370789242445724
2026-01-28T22:55:00+09:00,BMS-01,57.057106819043035,31.261126349822707
2026-01-28T23:00:00+09:00,BMS-01,73.99790922929665,25.665199579522046
2026-01-28T23:05:00+09:00,BMS-01,62.24390065162917,28.714278238470975
2026-01-28T23:10:00+09:00,BMS-01,84.35159587635815,31.434814865789566
2026-01-28T23:15:00+09:00,BMS-01,88.05376330418902,32.01620397936088
2026-01-28T23:20:00+09:00,BMS-01,58.94246091271605,28.583997220437837
2026-01-28T23:25:00+09:00,BMS-01,30.094474562829298,31.738123284002093
2026-01-28T23:30:00+09:00,BMS-01,61.35509993026282,29.675059200204856
2026-01-28T23:35:00+09:00,BMS-01,50.00034665615223,27.921336809912408
2026-01-28T23:40:00+09:00,BMS-01,80.73264692464397,29.363325763501226
2026-01-28T23:45:00+09:00,BMS-01,44.804697352273855,29.03548360865436
2026-01-28T23:50:00+09:00,BMS-01,69.39872064954815,26.448537983972642
2026-01-28T23:55:00+09:00,BMS-01,85.05603238046893,26.582201977254982
2026-01-29T00:00:00+09:00,BMS-01,37.08622133458165,27.40432250044757
2026-01-29T00:05:00+09:00,BMS-01,25.941979104297015,31.685128075708114
2026-01-29T00:10:00+09:00,BMS-01,55.84828181318831,31.324776241236687
2026-01-29T00:15:00+09:00,BMS-01,40.26054309350259,30.9997521189381
2026-01-29T00:20:00+09:00,BMS-01,48.340202966465775,26.530729177986448
2026-01-29T00:25:00+09:00,BMS-01,41.999827664795816,28.60317134791804
2026-01-29T00:30:00+09:00,BMS-01,44.47347824545086,29.470316247551636
2026-01-29T00:35:00+09:00,BMS-01,81.83702024783942,31.58245837716517
2026-01-29T00:40:00+09:00,BMS-01,30.521362357420653,30.560504029199784
2026-01-29T00:45:00+09:00,BMS-01,65.17672540784405,27.376224458069757
2026-01-29T00:50:00+09:00,BMS-01,86.36791814565973,29.093463045125688
2026-01-29T00:55:00+09:00,BMS-01,36.44425253211616,25.994626747412116
2026-01-29T01:00:00+09:00,BMS-01,75.52481487534425,28.44575129301072
2026-01-29T01:05:00+09:00,BMS-01,52.688887951875955,28.815723147677964
2026-01-29T01:10:00+09:00,BMS-01,61.25918128574813,29.66182780789192
2026-01-29T01:15:00+09:00,BMS-01,63.201979469339605,30.382231284178943
2026-01-29T01:20:00+09:00,BMS-01,88.00814927917662,30.112597702962205
2026-01-29T01:25:00+09:00,BMS-01,58.37245128354755,28.15156592348549
2026-01-29T01:30:00+09:00,BMS-01,84.28552408676731,30.387037128765662
2026-01-29T01:35:00+09:00,BMS-01,76.42354442502912,30.73321634349801
2026-01-29T01:40:00+09:00,BMS-01,56.97671771995453,29.720033064106016
2026-01-29T01:45:00+09:00,BMS-01,45.5043078968113,30.413793749265974
2026-01-29T01:50:00+09:00,BMS-01,80.50949696499079,27.304622409475858
2026-01-29T01:55:00+09:00,BMS-01,82.35330973127968,25.532528388142655
2026-01-29T02:00:00+09:00,BMS-01,55.42540394708254,30.202843965114848
2026-01-29T02:05:00+09:00,BMS-01,21.278396060139016,31.06908861355998
2026-01-29T02:10:00+09:00,BMS-01,48.02430073818341,26.72225552197576
2026-01-29T02:15:00+09:00,BMS-01,73.29682658623496,32.407379868247176
2026-01-29T02:20:00+09:00,BMS-01,38.546748009280066,27.84673928233013
2026-01-29T02:25:00+09:00,BMS-01,49.699183633995844,29.766407796858736
2026-01-29T02:30:00+09:00,BMS-01,40.94717423965531,28.322210803876846
2026-01-29T02:35:00+09:00,BMS-01,66.62615657500642,27.764932281787313
2026-01-29T02:40:00+09:00,BMS-01,78.73811678730453,29.950276083393945
2026-01-29T02:45:00+09:00,BMS-01,53.49315268683857,29.81710636413775
2026-01-29T02:50:00+09:00,BMS-01,24.337446805869057,29.44122501173704
2026-01-29T02:55:00+09:00,BMS-01,29.560584433270623,28.500166576168038
2026-01-29T03:00:00+09:00,BMS-01,30.670808042622472,30.71363658487197
2026-01-29T03:05:00+09:00,BMS-01,70.38701808194185,30.055609976514386
2026-01-29T03:10:00+09:00,BMS-01,28.49040737900448,30.855150579675517
2026-01-29T03:15:00+09:00,BMS-01,47.25118617572676,31.15138682394079
2026-01-29T03:20:00+09:00,BMS-01,80.45018977689216,32.86659531023503
2026-01-29T03:25:00+09:00,BMS-01,32.72832025758963,29.602773862867966
2026-01-29T03:30:00+09:00,BMS-01,70.86433626831656,27.38902009273097
2026-01-29T03:35:00+09:00,BMS-01,49.97345520950288,25.91513839500878
2026-01-29T03:40:00+09:00,BMS-01,69.57345248799714,30.593310275038622
2026-01-29T03:45:00+09:00,BMS-01,60.770873161333405,30.490328342111468
2026-01-29T03:50:00+09:00,BMS-01,56.03117402542666,26.727809487287004
2026-01-29T03:55:00+09:00,BMS-01,51.65063463063828,26.724357627056847
2026-01-29T04:00:00+09:00,BMS-01,73.84001548292686,30.58318617149609
2026-01-29T04:05:00+09:00,BMS-01,40.174325942064804,28.798072593144195
2026-01-29T04:10:00+09:00,BMS-01,65.26231161444717,25.65714466678744
2026-01-29T04:15:00+09:00,BMS-01,66.9466774839399,31.753409429416887
2026-01-29T04:20:00+09:00,BMS-01,72.47365292702459,28.6337924651892
2026-01-29T04:25:00+09:00,BMS-01,46.53756156533443,30.466217861492744
2026-01-29T04:30:00+09:00,BMS-01,51.030293817675926,31.401963075934315
2026-01-29T04:35:00+09:00,BMS-01,35.159194967272214,27.793174090685795
2026-01-29T04:40:00+09:00,BMS-01,74.14346547607116,27.104589181790708
2026-01-29T04:45:00+09:00,BMS-01,31.948766284723046,30.102513309042656
2026-01-29T04:50:00+09:00,BMS-01,54.54726051026917,28.87648767746312
2026-01-29T04:55:00+09:00,BMS-01,89.88789252923196,25.310266802953343
2026-01-29T05:00:00+09:00,BMS-01,72.16079272562891,30.230889539714255
2026-01-29T05:05:00+09:00,BMS-01,81.3213981850011,28.77318994958706
2026-01-29T05:10:00+09:00,BMS-01,81.20158902903196,32.795651095314156
2026-01-29T05:15:00+09:00,BMS-01,42.489757159998824,33.234737478552425
2026-01-29T05:20:00+09:00,BMS-01,77.83289257121471,30.762774407603903
2026-01-29T05:25:00+09:00,BMS-01,80.67980025598371,28.185231735277355
2026-01-29T05:30:00+09:00,BMS-01,59.60018970967474,26.54623679314362
2026-01-29T05:35:00+09:00,BMS-01,37.50185791289405,26.13849736837829
2026-01-29T05:40:00+09:00,BMS-01,21.014235036001374,32.95818327919281
2026-01-29T05:45:00+09:00,BMS-01,63.74322294926819,25.20266600364851
2026-01-29T05:50:00+09:00,BMS-01,47.01689959954087,28.604732623299533
2026-01-29T05:55:00+09:00,BMS-01,40.27094892085061,28.63748724594124
2026-01-29T06:00:00+09:00,BMS-01,63.51059696760385,27.717552554036395
2026-01-29T06:05:00+09:00,BMS-01,25.828229264766716,31.623721001008775
2026-01-29T06:10:00+09:00,BMS-01,89.84191789064526,34.5239099059267
2026-01-29T06:15:00+09:00,BMS-01,67.45146325989141,27.89632431274297
2026-01-29T06:20:00+09:00,BMS-01,84.53105976710849,28.644010965137767
2026-01-29T06:25:00+09:00,BMS-01,21.587376351505757,27.57961209628757
2026-01-29T06:30:00+09:00,BMS-01,59.83635038398752,30.119497307291454
2026-01-29T06:35:00+09:00,BMS-01,65.99349956416692,30.630749842805002
2026-01-29T06:40:00+09:00,BMS-01,88.39685824635103,28.08175501496612
2026-01-29T06:45:00+09:00,BMS-01,79.03799660095382,27.628832364632604
2026-01-29T06:50:00+09:00,BMS-01,76.08859577254407,33.183155940403225
2026-01-29T06:55:00+09:00,BMS-01,76.72524566143493,29.08322162753574
2026-01-29T07:00:00+09:00,BMS-01,47.16221588161172,28.40855828774938
2026-01-29T07:05:00+09:00,BMS-01,48.228779128463536,28.00336137018449
2026-01-29T07:10:00+09:00,BMS-01,35.67414418227653,28.353251226644417
2026-01-29T07:15:00+09:00,BMS-01,60.721559259195516,29.57509996745001
2026-01-29T07:20:00+09:00,BMS-01,83.85495030009682,28.368720860016342
2026-01-29T07:25:00+09:00,BMS-01,74.26943712563933,28.823549296285922
2026-01-29T07:30:00+09:00,BMS-01,82.31319648794727,27.12968241935819
2026-01-29T07:35:00+09:00,BMS-01,24.95225776449212,28.576428546161942
2026-01-29T07:40:00+09:00,BMS-01,73.3335756118834,29.94727460991886
2026-01-29T07:45:00+09:00,BMS-01,82.0537575111428,28.329985058751628
2026-01-29T07:50:00+09:00,BMS-01,58.505857697309494,27.5990056352476
2026-01-29T07:55:00+09:00,BMS-01,64.5937879505891,26.233339284391835
2026-01-29T08:00:00+09:00,BMS-01,56.77908628274316,28.149756161217297
2026-01-29T08:05:00+09:00,BMS-01,40.45147521309387,31.666644123397713
2026-01-29T08:10:00+09:00,BMS-01,70.8169785932159,29.0158260057594
2026-01-29T08:15:00+09:00,BMS-01,77.20545970777813,28.235632604855677
2026-01-29T08:20:00+09:00,BMS-01,66.28072935269064,31.500570231112157
2026-01-29T08:25:00+09:00,BMS-01,40.691308662196796,28.31283987014618
2026-01-29T08:30:00+09:00,BMS-01,53.976131313258655,29.312390742308793
2026-01-29T08:35:00+09:00,BMS-01,44.83547916563372,29.764038591362866
2026-01-29T08:40:00+09:00,BMS-01,52.69304174177513,25.710029017016467
2026-01-29T08:45:00+09:00,BMS-01,74.23277193746705,34.79721350024314
2026-01-29T08:50:00+09:00,BMS-01,78.32567519634672,32.13339914739757
2026-01-29T08:55:00+09:00,BMS-01,62.8269512580515,28.84582635205063
2026-01-29T09:00:00+09:00,BMS-01,86.8693556728218,29.067581248616868
2026-01-29T09:05:00+09:00,BMS-01,75.21239971695836,29.752754798698252
2026-01-29T09:10:00+09:00,BMS-01,72.14269351348813,26.89035234952467
2026-01-29T09:15:00+09:00,BMS-01,72.33477076913059,29.09644341605259
2026-01-29T09:20:00+09:00,BMS-01,85.85479495677674,29.67921522182192
2026-01-29T09:25:00+09:00,BMS-01,23.405226971893473,29.440683056466536
2026-01-29T09:30:00+09:00,BMS-01,26.78638715129117,26.554540030662167
2026-01-29T09:35:00+09:00,BMS-01,54.40640199707318,28.437664028513417
2026-01-29T09:40:00+09:00,BMS-01,72.32552346454409,25.721550257874465
2026-01-29T09:45:00+09:00,BMS-01,43.37865527248941,30.214827681511398
2026-01-29T09:50:00+09:00,BMS-01,55.036819951385326,28.745686038076705
2026-01-29T09:55:00+09:00,BMS-01,73.6908374135438,31.25748722893594
2026-01-29T10:00:00+09:00,BMS-01,29.615500040428298,27.874465047742436
2026-01-29T10:05:00+09:00,BMS-01,47.150851455022035,27.320178137377233
2026-01-29T10:10:00+09:00,BMS-01,35.057306649152295,31.494926524520693
2026-01-29T10:15:00+09:00,BMS-01,87.60122481705223,25.864137706599017
2026-01-29T10:20:00+09:00,BMS-01,80.70645589494546,26.631480934809453
2026-01-29T10:25:00+09:00,BMS-01,32.380538751068656,27.14753504717938
2026-01-29T10:30:00+09:00,BMS-01,57.62606526851576,28.622272559441992
2026-01-29T10:35:00+09:00,BMS-01,77.9975895340996,28.663074850216816
2026-01-29T10:40:00+09:00,BMS-01,32.98725179040738,28.911544313842406
2026-01-29T10:45:00+09:00,BMS-01,65.35019911159867,29.60750720970118
2026-01-29T10:50:00+09:00,BMS-01,62.209621668449,33.09192634779424
2026-01-29T10:55:00+09:00,BMS-01,89.14927166901475,26.788643645901395
2026-01-29T11:00:00+09:00,BMS-01,53.69558423972021,22.91479667353114
2026-01-29T11:05:00+09:00,BMS-01,88.59132539609487,32.6667478212361
2026-01-29T11:10:00+09:00,BMS-01,35.9190061634423,31.392278898678835
2026-01-29T11:15:00+09:00,BMS-01,29.841501464340602,31.670313170087475
2026-01-29T11:20:00+09:00,BMS-01,80.70294904953695,28.177747112964695
2026-01-29T11:25:00+09:00,BMS-01,87.65937866715967,31.010132593582387
2026-01-29T11:30:00+09:00,BMS-01,52.677894425775946,27.068407088422045
2026-01-29T11:35:00+09:00,BMS-01,20.41670918691858,26.974597933155703
2026-01-29T11:40:00+09:00,BMS-01,54.1407691035491,28.064065019670164
2026-01-29T11:45:00+09:00,BMS-01,46.295904674956795,29.727818486663878
2026-01-29T11:50:00+09:00,BMS-01,59.74277472669085,28.852207480164445
2026-01-29T11:55:00+09:00,BMS-01,21.348368781328567,28.45216748645627
2026-01-29T12:00:00+09:00,BMS-01,66.20570670741274,27.794199477590023
2026-01-29T12:05:00+09:00,BMS-01,40.06012192799815,31.254748816104886
2026-01-29T12:10:00+09:00,BMS-01,57.916278989338885,28.210452395586398
2026-01-29T12:15:00+09:00,BMS-01,79.72981685995697,29.99619330498918
2026-01-29T12:20:00+09:00,BMS-01,83.3349045196155,29.806559968215677
2026-01-29T12:25:00+09:00,BMS-01,62.08411597923432,30.63112485299068
2026-01-29T12:30:00+09:00,BMS-01,37.27020814886701,30.988906255608637
2026-01-29T12:35:00+09:00,BMS-01,39.49034053837562,28.579419968227214
2026-01-29T12:40:00+09:00,BMS-01,64.16148420169822,29.090461955196034
2026-01-29T12:45:00+09:00,BMS-01,88.03636855473955,28.005925657289986
2026-01-29T12:50:00+09:00,BMS-01,34.38092370833581,28.06717607528801
2026-01-29T12:55:00+09:00,BMS-01,89.14440297830399,29.02660446986043
2026-01-29T13:00:00+09:00,BMS-01,52.28132041136977,25.00450863474758
2026-01-29T13:05:00+09:00,BMS-01,53.93294476871393,30.417831339111665
2026-01-29T13:10:00+09:00,BMS-01,46.70987850761506,25.4994820824699
2026-01-29T13:15:00+09:00,BMS-01,79.77510945537712,30.373231736643724
2026-01-29T13:20:00+09:00,BMS-01,31.60926940977918,32.479141482148584
2026-01-29T13:25:00+09:00,BMS-01,78.71344261518465,28.44457493124226
2026-01-29T13:30:00+09:00,BMS-01,29.917061980514053,33.34715438301656
2026-01-29T13:35:00+09:00,BMS-01,53.28257509661615,29.56170081105489
2026-01-29T13:40:00+09:00,BMS-01,78.74323484936133,28.673168762935344
2026-01-29T13:45:00+09:00,BMS-01,74.57504646897792,26.561074547146063
2026-01-29T13:50:00+09:00,BMS-01,71.76607977190972,28.082553529764958
2026-01-29T13:55:00+09:00,BMS-01,60.13675937057705,32.37899602849114
2026-01-29T14:00:00+09:00,BMS-01,81.37500041503944,30.64243704343958
2026-01-29T14:05:00+09:00,BMS-01,38.5457368000843,30.638729235009894
2026-01-29T14:10:00+09:00,BMS-01,41.01518096473586,30.556588018768018
2026-01-29T14:15:00+09:00,BMS-01,85.55212328503632,30.64758476726689
2026-01-29T14:20:00+09:00,BMS-01,67.3314951891563,29.34131282038888
2026-01-29T14:25:00+09:00,BMS-01,27.462129710060232,29.399547492165674
2026-01-29T14:30:00+09:00,BMS-01,45.678778020478994,31.686466942327062
2026-01-29T14:35:00+09:00,BMS-01,20.515892001410045,31.405989693783606
2026-01-29T14:40:00+09:00,BMS-01,42.36895029953712,27.47176800459924
2026-01-29T14:45:00+09:00,BMS-01,67.84372749059324,31.13910906876766
2026-01-29T14:50:00+09:00,BMS-01,47.164013994124375,28.05142168267137
2026-01-29T14:55:00+09:00,BMS-01,42.40788486100695,27.599631237079358
2026-01-29T15:00:00+09:00,BMS-01,71.7166851190397,33.596286054840114
2026-01-29T15:05:00+09:00,BMS-01,20.543856111268585,28.801295118324955
2026-01-29T15:10:00+09:00,BMS-01,71.21509734576152,31.19488413745453
2026-01-29T15:15:00+09:00,BMS-01,71.07190685953346,29.32888378602191
2026-01-29T15:20:00+09:00,BMS-01,39.63223867043204,30.6700418758105
2026-01-29T15:25:00+09:00,BMS-01,75.15232304211946,32.17505945105252
2026-01-29T15:30:00+09:00,BMS-01,42.433086029320414,30.991818257396332
2026-01-29T15:35:00+09:00,BMS-01,21.286070059211262,29.702704036730545
2026-01-29T15:40:00+09:00,BMS-01,43.785442484567064,23.915114628448165
2026-01-29T15:45:00+09:00,BMS-01,69.89799880073052,28.968493995283552
2026-01-29T15:50:00+09:00,BMS-01,25.82661264936332,28.354353744991723
2026-01-29T15:55:00+09:00,BMS-01,57.03738794398755,30.809080487767474
2026-01-29T16:00:00+09:00,BMS-01,57.23537239780781,28.300093299062674
2026-01-29T16:05:00+09:00,BMS-01,63.677781875567234,29.43340453483187
2026-01-29T16:10:00+09:00,BMS-01,78.35566988174648,26.280659491815108
2026-01-29T16:15:00+09:00,BMS-01,42.70822076458331,27.243348937888424
2026-01-29T16:20:00+09:00,BMS-01,66.70655486859934,31.361603145184347
2026-01-29T16:25:00+09:00,BMS-01,87.45013030439713,27.362738532396005
2026-01-29T16:30:00+09:00,BMS-01,85.95579309660731,28.86905599257694
2026-01-29T16:35:00+09:00,BMS-01,55.939752442893074,33.54122981403949
2026-01-29T16:40:00+09:00,BMS-01,45.993246289365615,29.291761618413915
2026-01-29T16:45:00+09:00,BMS-01,87.16499470714102,29.197367879372887
2026-01-29T16:50:00+09:00,BMS-01,88.61566020094928,29.516459865182934
2026-01-29T16:55:00+09:00,BMS-01,86.29194385564269,27.252976366335982
2026-01-29T17:00:00+09:00,BMS-01,81.76232655149083,29.914533575423484
2026-01-29T17:05:00+09:00,BMS-01,72.2681237534999,27.71450061526744
2026-01-29T17:10:00+09:00,BMS-01,47.66031844733471,29.92829356685882
2026-01-29T17:15:00+09:00,BMS-01,59.91395914409079,26.293628228020374
2026-01-29T17:20:00+09:00,BMS-01,58.27802185224024,25.585945278133785
2026-01-29T17:25:00+09:00,BMS-01,26.85542548517364,29.3010543332149
2026-01-29T17:30:00+09:00,BMS-01,21.465999927056764,29.736604379640127
2026-01-29T17:35:00+09:00,BMS-01,70.66594011689614,27.87999918913062
2026-01-29T17:40:00+09:00,BMS-01,53.851392417636276,31.10265854797789
2026-01-29T17:45:00+09:00,BMS-01,28.90768609601227,32.83569826811292
2026-01-29T17:50:00+09:00,BMS-01,62.82993512833899,24.886127627916146
2026-01-29T17:55:00+09:00,BMS-01,54.67196451157778,30.718091476678072
2026-01-29T18:00:00+09:00,BMS-01,83.75941341441332,30.486069147673568
2026-01-29T18:05:00+09:00,BMS-01,36.38966192058332,30.219537209762144
2026-01-29T18:10:00+09:00,BMS-01,62.65522912747559,31.69116719788515
2026-01-29T18:15:00+09:00,BMS-01,63.80051365483979,29.522755726375657
2026-01-29T18:20:00+09:00,BMS-01,30.483403162476378,26.886682082468596
2026-01-29T18:25:00+09:00,BMS-01,25.481297918227924,27.22648685246885
2026-01-29T18:30:00+09:00,BMS-01,70.67681755549775,30.405034431144394
2026-01-29T18:35:00+09:00,BMS-01,81.01516214233594,28.39897392637189
2026-01-29T18:40:00+09:00,BMS-01,70.75818453215851,32.92960060457794
2026-01-29T18:45:00+09:00,BMS-01,47.347710689835445,31.891728199821472
2026-01-29T18:50:00+09:00,BMS-01,64.07280251178716,28.035091938990046
2026-01-29T18:55:00+09:00,BMS-01,36.44004416559214,30.7359861735642
2026-01-29T19:00:00+09:00,BMS-01,78.72127498225564,30.641150391084896
2026-01-29T19:05:00+09:00,BMS-01,58.731129343147344,28.59823774400072
2026-01-29T19:10:00+09:00,BMS-01,41.21070258412927,30.7611861858324
2026-01-29T19:15:00+09:00,BMS-01,74.58253416775526,30.238954145197074
2026-01-29T19:20:00+09:00,BMS-01,82.87553975153553,30.974626354144633
2026-01-29T19:25:00+09:00,BMS-01,72.15956044068396,29.57944516290106
2026-01-29T19:30:00+09:00,BMS-01,21.66065366097728,32.53920162911389
2026-01-29T19:35:00+09:00,BMS-01,21.22578993863496,28.158600471905967
2026-01-29T19:40:00+09:00,BMS-01,64.57578002067811,30.561262589495982
2026-01-29T19:45:00+09:00,BMS-01,31.477078376462376,29.140616571558123
2026-01-29T19:50:00+09:00,BMS-01,35.48571999739069,29.943098358157343
2026-01-29T19:55:00+09:00,BMS-01,46.17564259962088,27.30610567186084
2026-01-29T20:00:00+09:00,BMS-01,20.65831624290561,30.256328512726142
2026-01-29T20:05:00+09:00,BMS-01,63.60949583557799,26.922400825686424
2026-01-29T20:10:00+09:00,BMS-01,33.26893288587349,30.490663796283023
2026-01-29T20:15:00+09:00,BMS-01,51.1762167045773,29.346551504472178
2026-01-29T20:20:00+09:00,BMS-01,75.19628486363881,30.21864385335454
2026-01-29T20:25:00+09:00,BMS-01,36.54307391247577,26.484843424061697
2026-01-29T20:30:00+09:00,BMS-01,60.39525102511765,29.63903591835544
2026-01-29T20:35:00+09:00,BMS-01,63.29980592630392,31.41395400553448
2026-01-29T20:40:00+09:00,BMS-01,75.32763903940713,28.92889919390588
2026-01-29T20:45:00+09:00,BMS-01,78.65368353780207,27.23104186209681
2026-01-29T20:50:00+09:00,BMS-01,87.34857322899578,26.593778671749973
2026-01-29T20:55:00+09:00,BMS-01,72.71749483044876,30.047302731777368
2026-01-29T21:00:00+09:00,BMS-01,43.68091248111291,27.52177199437024
2026-01-29T21:05:00+09:00,BMS-01,55.36050517503841,30.538861519109705
2026-01-29T21:10:00+09:00,BMS-01,23.250566048511214,29.211158836165822
2026-01-29T21:15:00+09:00,BMS-01,55.112141980693906,29.924415699869602
2026-01-29T21:20:00+09:00,BMS-01,52.25274168513039,28.120450090016845
2026-01-29T21:25:00+09:00,BMS-01,60.01138075346804,28.7515836003099
2026-01-29T21:30:00+09:00,BMS-01,25.975188367729746,28.157492816567473
2026-01-29T21:35:00+09:00,BMS-01,82.86690967941995,29.770371258453377
2026-01-29T21:40:00+09:00,BMS-01,29.4198463592891,29.02814739870041
2026-01-29T21:45:00+09:00,BMS-01,32.947405530968766,35.899930850370644
2026-01-29T21:50:00+09:00,BMS-01,86.39215010640372,30.730335961960254
2026-01-29T21:55:00+09:00,BMS-01,69.8481928671969,27.130452901902743
2026-01-29T22:00:00+09:00,BMS-01,29.2475135623834,27.750408744003938
2026-01-29T22:05:00+09:00,BMS-01,42.43096328781755,28.272060031998006
2026-01-29T22:10:00+09:00,BMS-01,25.708782280868014,31.47698159113118
2026-01-29T22:15:00+09:00,BMS-01,61.01592008960314,27.748674364742115
2026-01-29T22:20:00+09:00,BMS-01,39.78390974154551,30.76962533328686
2026-01-29T22:25:00+09:00,BMS-01,45.78196104361473,30.56089596880287
2026-01-29T22:30:00+09:00,BMS-01,63.190356070720014,30.054542048046034
2026-01-29T22:35:00+09:00,BMS-01,33.67288512294448,34.35247377962565
2026-01-29T22:40:00+09:00,BMS-01,66.37696211235647,31.01676497985381
2026-01-29T22:45:00+09:00,BMS-01,60.54273955681994,27.962865958788115
2026-01-29T22:50:00+09:00,BMS-01,21.648478317865052,31.264129245503256
2026-01-29T22:55:00+09:00,BMS-01,58.91511487258659,27.874839532611734
2026-01-29T23:00:00+09:00,BMS-01,76.35437230075328,29.135787003674647
2026-01-29T23:05:00+09:00,BMS-01,66.20180448627134,30.984261474862844
2026-01-29T23:10:00+09:00,BMS-01,58.06463387061751,27.608259391781306
2026-01-29T23:15:00+09:00,BMS-01,25.78646754761848,26.49810500651879
2026-01-29T23:20:00+09:00,BMS-01,48.680209886336286,26.461795797613867
2026-01-29T23:25:00+09:00,BMS-01,33.91695729323089,25.931179081809816
2026-01-29T23:30:00+09:00,BMS-01,46.07401518879649,27.151442184963248
2026-01-29T23:35:00+09:00,BMS-01,61.198183902539135,26.539213441525213
2026-01-29T23:40:00+09:00,BMS-01,54.72413531626717,28.764489063308574
2026-01-29T23:45:00+09:00,BMS-01,56.51638786976051,31.55029048084886
2026-01-29T23:50:00+09:00,BMS-01,23.782693336977218,28.404776417067414
2026-01-29T23:55:00+09:00,BMS-01,30.84749379206527,28.394880707775055
2026-01-30T00:00:00+09:00,BMS-01,78.00444944576694,30.420074263120043
2026-01-30T00:05:00+09:00,BMS-01,40.05539005526746,26.12603030259696
2026-01-30T00:10:00+09:00,BMS-01,89.26715584063678,28.639748972012836
2026-01-30T00:15:00+09:00,BMS-01,44.602874664769374,29.401633185653488
2026-01-30T00:20:00+09:00,BMS-01,62.05492655351277,29.689073312293257
2026-01-30T00:25:00+09:00,BMS-01,66.35728114135064,28.77006394981759
2026-01-30T00:30:00+09:00,BMS-01,89.46227351663731,29.61076373778046
2026-01-30T00:35:00+09:00,BMS-01,22.852955937316473,32.000409065207734
2026-01-30T00:40:00+09:00,BMS-01,82.4980046802458,29.992914107961457
2026-01-30T00:45:00+09:00,BMS-01,69.97736689165892,30.16678381148227
2026-01-30T00:50:00+09:00,BMS-01,72.65234534371147,29.667912464400857
2026-01-30T00:55:00+09:00,BMS-01,85.61762531415438,29.756735898954393
2026-01-30T01:00:00+09:00,BMS-01,20.531544359236936,30.583406436959073
2026-01-30T01:05:00+09:00,BMS-01,89.94807679154796,28.0140806980332
2026-01-30T01:10:00+09:00,BMS-01,80.36990637377146,28.264568833469802
2026-01-30T01:15:00+09:00,BMS-01,66.83069045644865,31.958516763064424
2026-01-30T01:20:00+09:00,BMS-01,38.64749966626279,27.594381602708108
2026-01-30T01:25:00+09:00,BMS-01,46.403929827771975,26.979158915119548
2026-01-30T01:30:00+09:00,BMS-01,29.095641867763856,30.798290279555133
2026-01-30T01:35:00+09:00,BMS-01,36.00835309308939,28.42385012560322
2026-01-30T01:40:00+09:00,BMS-01,31.926630643705874,28.004550320947114
2026-01-30T01:45:00+09:00,BMS-01,59.35240192275063,27.739528789412127
2026-01-30T01:50:00+09:00,BMS-01,50.279577902950514,27.881623949714957
2026-01-30T01:55:00+09:00,BMS-01,24.376382584344466,26.17550767486871
2026-01-30T02:00:00+09:00,BMS-01,60.32804185379126,30.03698701388551
2026-01-30T02:05:00+09:00,BMS-01,74.39162454392229,30.16518766746852
2026-01-30T02:10:00+09:00,BMS-01,34.99627640612945,29.170999779023848
2026-01-30T02:15:00+09:00,BMS-01,52.560863758910855,29.757934474223347
2026-01-30T02:20:00+09:00,BMS-01,21.194420961387976,25.6503015144422
2026-01-30T02:25:00+09:00,BMS-01,63.82743376537584,32.26994572297701
2026-01-30T02:30:00+09:00,BMS-01,33.5951178719323,28.609420273579165
2026-01-30T02:35:00+09:00,BMS-01,26.613359460544093,28.878292364504006
2026-01-30T02:40:00+09:00,BMS-01,73.37377166498281,25.432623336957324
2026-01-30T02:45:00+09:00,BMS-01,51.00032673459049,31.311742930806368
2026-01-30T02:50:00+09:00,BMS-01,42.601838536451886,29.02036149554484
2026-01-30T02:55:00+09:00,BMS-01,20.211810842574046,30.509100002164462
2026-01-30T03:00:00+09:00,BMS-01,25.873936888305966,28.527569586113458
2026-01-30T03:05:00+09:00,BMS-01,31.877393229029302,28.317624192107736
2026-01-30T03:10:00+09:00,BMS-01,31.92936851684903,28.33332106790656
2026-01-30T03:15:00+09:00,BMS-01,78.0556397648689,30.899452966480457
2026-01-30T03:20:00+09:00,BMS-01,65.73982577596935,28.417557388462576
2026-01-30T03:25:00+09:00,BMS-01,36.40487018077753,29.16763068276011
2026-01-30T03:30:00+09:00,BMS-01,75.54718024685413,31.0585952194459
2026-01-30T03:35:00+09:00,BMS-01,58.28994213356436,31.33071289984989
2026-01-30T03:40:00+09:00,BMS-01,27.2070340312904,29.409108970600887
2026-01-30T03:45:00+09:00,BMS-01,80.6107210252122,29.359694283613255
2026-01-30T03:50:00+09:00,BMS-01,36.32099077257122,30.75114911913537
2026-01-30T03:55:00+09:00,BMS-01,22.87770604454349,30.418989124062303
2026-01-30T04:00:00+09:00,BMS-01,21.35308109988799,28.956238895189
2026-01-30T04:05:00+09:00,BMS-01,30.32960172886859,28.696254738525713
2026-01-30T04:10:00+09:00,BMS-01,88.02623357032563,30.057993340756184
2026-01-30T04:15:00+09:00,BMS-01,40.58186524641468,28.509041271609664
2026-01-30T04:20:00+09:00,BMS-01,53.98555492316547,25.321073653403214
2026-01-30T04:25:00+09:00,BMS-01,36.7832217810978,27.07984451785497
2026-01-30T04:30:00+09:00,BMS-01,80.9638495025571,28.848943259687747
2026-01-30T04:35:00+09:00,BMS-01,58.853609003549806,33.30430010011053
2026-01-30T04:40:00+09:00,BMS-01,87.98005962004784,27.530573076145576
2026-01-30T04:45:00+09:00,BMS-01,32.853793630681345,28.50378524319986
2026-01-30T04:50:00+09:00,BMS-01,83.73069344611906,30.748424619703968
2026-01-30T04:55:00+09:00,BMS-01,23.073667392707932,27.810632210348764
2026-01-30T05:00:00+09:00,BMS-01,24.031648314831497,29.198588075716263
2026-01-30T05:05:00+09:00,BMS-01,26.797432549282966,30.0605774333756
2026-01-30T05:10:00+09:00,BMS-01,45.13467580236835,26.6388736781281
2026-01-30T05:15:00+09:00,BMS-01,56.948442192775744,25.609519580979732
2026-01-30T05:20:00+09:00,BMS-01,59.52275337980138,28.401474978471764
2026-01-30T05:25:00+09:00,BMS-01,36.08849154271681,30.506773608887183
2026-01-30T05:30:00+09:00,BMS-01,81.4025419378835,28.571813600210856
2026-01-30T05:35:00+09:00,BMS-01,34.158961372567866,25.93421268252178
2026-01-30T05:40:00+09:00,BMS-01,27.485808080941524,30.387441700159613
2026-01-30T05:45:00+09:00,BMS-01,20.034906748362374,31.458189992369178
2026-01-30T05:50:00+09:00,BMS-01,50.859584255962716,28.504422902626647
2026-01-30T05:55:00+09:00,BMS-01,42.29166142084228,30.31546130328807
2026-01-30T06:00:00+09:00,BMS-01,30.801151832105273,26.45588548041723
2026-01-30T06:05:00+09:00,BMS-01,86.43063268801937,27.531488309902052
2026-01-30T06:10:00+09:00,BMS-01,49.60362093951295,29.45149355992861
2026-01-30T06:15:00+09:00,BMS-01,36.54082219924941,27.889546134941106
2026-01-30T06:20:00+09:00,BMS-01,71.91211851921156,28.249821830593234
2026-01-30T06:25:00+09:00,BMS-01,65.66670761318284,27.98075071641082
2026-01-30T06:30:00+09:00,BMS-01,68.60226876426854,30.82609015439395
2026-01-30T06:35:00+09:00,BMS-01,25.49459102650198,29.749201143589772
2026-01-30T06:40:00+09:00,BMS-01,69.85863628478718,25.86015016168609
2026-01-30T06:45:00+09:00,BMS-01,63.41586605353531,29.749427241839623
2026-01-30T06:50:00+09:00,BMS-01,26.641942270668387,28.162299570282467
2026-01-30T06:55:00+09:00,BMS-01,23.85151405174275,28.335116707885597
2026-01-30T07:00:00+09:00,BMS-01,52.770913176654034,29.0195331232504
2026-01-30T07:05:00+09:00,BMS-01,23.121597923497536,30.997825932301534
2026-01-30T07:10:00+09:00,BMS-01,68.36998922977733,26.344108355624112
2026-01-30T07:15:00+09:00,BMS-01,49.10458872858047,31.883434509111108
2026-01-30T07:20:00+09:00,BMS-01,55.97150982240536,29.886277613695345
2026-01-30T07:25:00+09:00,BMS-01,84.94588779191928,27.058396116356466
2026-01-30T07:30:00+09:00,BMS-01,33.44499734198795,29.21495682578957
2026-01-30T07:35:00+09:00,BMS-01,38.49531375492543,32.02139746446042
2026-01-30T07:40:00+09:00,BMS-01,31.129607786159546,31.0160701172204
2026-01-30T07:45:00+09:00,BMS-01,66.1700854338864,29.65590433664683
2026-01-30T07:50:00+09:00,BMS-01,62.743168067806565,33.07204679419852
2026-01-30T07:55:00+09:00,BMS-01,72.10850756774794,32.49080300874552
2026-01-30T08:00:00+09:00,BMS-01,50.62575362429462,31.624897302553407
2026-01-30T08:05:00+09:00,BMS-01,28.670595117989915,28.985740846572064
2026-01-30T08:10:00+09:00,BMS-01,71.56441565346067,28.876476212740677
2026-01-30T08:15:00+09:00,BMS-01,31.018366131742084,31.879051295760924
2026-01-30T08:20:00+09:00,BMS-01,70.41921370768172,29.277064059172865
2026-01-30T08:25:00+09:00,BMS-01,20.41869368134965,27.551289481677088
2026-01-30T08:30:00+09:00,BMS-01,41.17825540729034,26.698301238043005
2026-01-30T08:35:00+09:00,BMS-01,25.409488683467117,28.18703165799724
2026-01-30T08:40:00+09:00,BMS-01,86.31007728299679,27.990061262163668
2026-01-30T08:45:00+09:00,BMS-01,30.085981248506563,29.378349006697807
2026-01-30T08:50:00+09:00,BMS-01,62.30585105651592,31.583160423596244
2026-01-30T08:55:00+09:00,BMS-01,20.452034513796214,25.281075113597275
2026-01-30T09:00:00+09:00,BMS-01,64.05746060977872,27.599080107405108
2026-01-30T09:05:00+09:00,BMS-01,60.088191252470295,25.644514762136694
2026-01-30T09:10:00+09:00,BMS-01,31.17266138375254,26.092098967274847
2026-01-30T09:15:00+09:00,BMS-01,21.055768116084202,31.026965911658568
2026-01-30T09:20:00+09:00,BMS-01,47.79009267504878,29.055791383767534
2026-01-30T09:25:00+09:00,BMS-01,54.77731836903189,28.733263987783698
2026-01-30T09:30:00+09:00,BMS-01,69.53656563422784,28.909056555283737
2026-01-30T09:35:00+09:00,BMS-01,55.1813915568329,30.72164684885812
2026-01-30T09:40:00+09:00,BMS-01,72.00789178525413,30.218639022624714
2026-01-30T09:45:00+09:00,BMS-01,39.11406339623224,26.593064600717693
2026-01-30T09:50:00+09:00,BMS-01,29.366233113351676,30.971943202808767
2026-01-30T09:55:00+09:00,BMS-01,68.96479752859959,30.26264377339495
2026-01-30T10:00:00+09:00,BMS-01,36.62364852576043,29.475814210357687
2026-01-30T10:05:00+09:00,BMS-01,25.67884803992161,28.260621007941484
2026-01-30T10:10:00+09:00,BMS-01,21.785146568728543,29.103128909320098
2026-01-30T10:15:00+09:00,BMS-01,42.16403561931847,28.712704059444018
2026-01-30T10:20:00+09:00,BMS-01,33.197791001422985,30.961722789158788
2026-01-30T10:25:00+09:00,BMS-01,62.002181731138435,31.256562815422146
2026-01-30T10:30:00+09:00,BMS-01,30.05096163550946,27.12179836711451
2026-01-30T10:35:00+09:00,BMS-01,31.555942780981248,30.23403765052102
2026-01-30T10:40:00+09:00,BMS-01,61.4969735787666,30.67272517772146
2026-01-30T10:45:00+09:00,BMS-01,27.982626573401404,26.68008768289651
2026-01-30T10:50:00+09:00,BMS-01,38.3295955385049,28.737039306184066
2026-01-30T10:55:00+09:00,BMS-01,25.83844592270389,29.529861580765154
2026-01-30T11:00:00+09:00,BMS-01,72.99893265388529,26.214222837817065
2026-01-30T11:05:00+09:00,BMS-01,51.68257827646368,29.04922160041616
2026-01-30T11:10:00+09:00,BMS-01,26.82459295727748,30.48336391124473
2026-01-30T11:15:00+09:00,BMS-01,34.65356024668027,26.721424215910762
2026-01-30T11:20:00+09:00,BMS-01,80.710033646945,30.42809338551211
2026-01-30T11:25:00+09:00,BMS-01,63.367726463140414,27.724647501213784
2026-01-30T11:30:00+09:00,BMS-01,55.812113961033916,30.022730896400148
2026-01-30T11:35:00+09:00,BMS-01,65.10571657361677,27.71363542616323
2026-01-30T11:40:00+09:00,BMS-01,21.867638451334106,27.310240523699996
2026-01-30T11:45:00+09:00,BMS-01,42.54367288148606,25.03745053382812
2026-01-30T11:50:00+09:00,BMS-01,87.80288412396655,33.97247305632863
2026-01-30T11:55:00+09:00,BMS-01,25.400033829264792,27.49581790495464
2026-01-30T12:00:00+09:00,BMS-01,39.80658083058456,30.623277145662204
2026-01-30T12:05:00+09:00,BMS-01,49.29175100018906,29.27987871532408
2026-01-30T12:10:00+09:00,BMS-01,56.86009808847235,29.454820974928275
2026-01-30T12:15:00+09:00,BMS-01,51.29633013612775,28.326456826227687
2026-01-30T12:20:00+09:00,BMS-01,77.97610808639044,28.650970002580184
2026-01-30T12:25:00+09:00,BMS-01,83.6202125257073,30.55358971333621
2026-01-30T12:30:00+09:00,BMS-01,40.284701633492936,28.560653920968704
2026-01-30T12:35:00+09:00,BMS-01,49.38245134021652,27.297369679284472
2026-01-30T12:40:00+09:00,BMS-01,43.1449443497975,29.8188103427393
2026-01-30T12:45:00+09:00,BMS-01,62.47751234334893,26.338484693256916
2026-01-30T12:50:00+09:00,BMS-01,85.72865503453095,27.182257289612956
2026-01-30T12:55:00+09:00,BMS-01,73.1088952295317,28.628549900956397
2026-01-30T13:00:00+09:00,BMS-01,77.50366060600768,31.273955470654904
2026-01-30T13:05:00+09:00,BMS-01,32.77069200474058,25.86001234320765
2026-01-30T13:10:00+09:00,BMS-01,88.0557270088803,30.644980590633892
2026-01-30T13:15:00+09:00,BMS-01,64.16111324862909,31.923884218911688
2026-01-30T13:20:00+09:00,BMS-01,24.088658699052328,32.67305362338751
2026-01-30T13:25:00+09:00,BMS-01,24.421348232321947,29.906636639826235
2026-01-30T13:30:00+09:00,BMS-01,78.6982146646297,28.890984179423857
2026-01-30T13:35:00+09:00,BMS-01,83.67663356716827,28.815744956454612
2026-01-30T13:40:00+09:00,BMS-01,84.80348999156398,27.394188764197384
2026-01-30T13:45:00+09:00,BMS-01,40.26656190341861,30.58290036829345
2026-01-30T13:50:00+09:00,BMS-01,79.29549495120689,28.95555659772474
2026-01-30T13:55:00+09:00,BMS-01,74.26310248045077,31.31481563302725
2026-01-30T14:00:00+09:00,BMS-01,39.75112855197181,29.893676063887668
2026-01-30T14:05:00+09:00,BMS-01,36.30951278486557,27.697151497298155
2026-01-30T14:10:00+09:00,BMS-01,60.33067629987756,27.647014846033777
2026-01-30T14:15:00+09:00,BMS-01,66.44370448013828,30.269917344397225
2026-01-30T14:20:00+09:00,BMS-01,51.55649035020931,27.8242920436654
2026-01-30T14:25:00+09:00,BMS-01,29.290198670295585,32.81696224203788
2026-01-30T14:30:00+09:00,BMS-01,59.72253045889277,27.754527704491228
2026-01-30T14:35:00+09:00,BMS-01,29.363610798399083,26.3280099527053
2026-01-30T14:40:00+09:00,BMS-01,52.06917985017138,26.69958868614919
2026-01-30T14:45:00+09:00,BMS-01,71.40150835220035,27.28401345728803
2026-01-30T14:50:00+09:00,BMS-01,62.03007369928854,27.946394948067983
2026-01-30T14:55:00+09:00,BMS-01,25.126673898005954,26.45127165515486
2026-01-30T15:00:00+09:00,BMS-01,44.92642270829432,32.60470631250777
2026-01-30T15:05:00+09:00,BMS-01,77.87844092008146,29.348528159916704
2026-01-30T15:10:00+09:00,BMS-01,47.63727596632256,33.7615803861525
2026-01-30T15:15:00+09:00,BMS-01,36.51048067990587,30.19706665327792
2026-01-30T15:20:00+09:00,BMS-01,85.43807903052486,28.120626331299007
2026-01-30T15:25:00+09:00,BMS-01,35.40350066091848,33.38215782226206
2026-01-30T15:30:00+09:00,BMS-01,21.357720824682257,28.89253727568867
2026-01-30T15:35:00+09:00,BMS-01,43.20831779056518,29.640497855766846
2026-01-30T15:40:00+09:00,BMS-01,77.09674377046966,32.13999286654472
2026-01-30T15:45:00+09:00,BMS-01,37.82843054122841,31.178029312754685
2026-01-30T15:50:00+09:00,BMS-01,55.715858267964705,27.307579650585392
2026-01-30T15:55:00+09:00,BMS-01,62.33673062004746,26.45737274592272
2026-01-30T16:00:00+09:00,BMS-01,89.6568476726429,30.306740013452302
2026-01-30T16:05:00+09:00,BMS-01,42.77974825912009,27.315509044992883
2026-01-30T16:10:00+09:00,BMS-01,21.386473631998612,29.210291338501566
2026-01-30T16:15:00+09:00,BMS-01,56.90863701915146,32.206552670725564
2026-01-30T16:20:00+09:00,BMS-01,24.69680878478275,29.303582052516457
2026-01-30T16:25:00+09:00,BMS-01,45.67292348051234,28.008968939633355
2026-01-30T16:30:00+09:00,BMS-01,54.47250900156408,30.421918857474232
2026-01-30T16:35:00+09:00,BMS-01,86.58999324839056,30.59422217039107
2026-01-30T16:40:00+09:00,BMS-01,63.33790446090926,30.185258247206665
2026-01-30T16:45:00+09:00,BMS-01,80.60445574121529,33.305886080701455
2026-01-30T16:50:00+09:00,BMS-01,64.37011814464016,26.770762498387388
2026-01-30T16:55:00+09:00,BMS-01,22.45666090651202,29.706895586319302
2026-01-30T17:00:00+09:00,BMS-01,33.284713292694875,29.44906012877461
2026-01-30T17:05:00+09:00,BMS-01,23.342392440858905,28.4585467491961
2026-01-30T17:10:00+09:00,BMS-01,50.65895351546979,31.815999133331434
2026-01-30T17:15:00+09:00,BMS-01,49.371446002405094,27.26585141479307
2026-01-30T17:20:00+09:00,BMS-01,27.223997421319403,27.79479421766206
2026-01-30T17:25:00+09:00,BMS-01,86.69640644672836,26.6468271939928
2026-01-30T17:30:00+09:00,BMS-01,54.556708956354086,26.81437721953231
2026-01-30T17:35:00+09:00,BMS-01,20.171933291627774,30.78068149771112
2026-01-30T17:40:00+09:00,BMS-01,85.73533170802136,29.9150276943853
2026-01-30T17:45:00+09:00,BMS-01,33.83938559074238,29.928720587165476
2026-01-30T17:50:00+09:00,BMS-01,80.17546004030905,26.952283854223623
2026-01-30T17:55:00+09:00,BMS-01,76.2984402588614,25.126212932151265
2026-01-30T18:00:00+09:00,BMS-01,66.96342556205975,29.82573808793992
2026-01-30T18:05:00+09:00,BMS-01,43.23184729023335,33.10131129520961
2026-01-30T18:10:00+09:00,BMS-01,39.1332448554883,26.86171816865822
2026-01-30T18:15:00+09:00,BMS-01,69.93903263037409,25.685717731693465
2026-01-30T18:20:00+09:00,BMS-01,30.0438103411455,26.29146815291336
2026-01-30T18:25:00+09:00,BMS-01,45.56265624824351,30.853705249296667
2026-01-30T18:30:00+09:00,BMS-01,78.08570096775483,27.93618093397821
2026-01-30T18:35:00+09:00,BMS-01,78.99332550214227,29.145635641606432
2026-01-30T18:40:00+09:00,BMS-01,57.23851573442967,28.754760489918137
2026-01-30T18:45:00+09:00,BMS-01,67.12298487099979,31.008547096536685
2026-01-30T18:50:00+09:00,BMS-01,89.46384056478648,25.920958547681792
2026-01-30T18:55:00+09:00,BMS-01,79.79424103341927,28.38022488060688
2026-01-30T19:00:00+09:00,BMS-01,44.42156526218032,28.094754194135245
2026-01-30T19:05:00+09:00,BMS-01,86.06406715955653,27.63579434241266
2026-01-30T19:10:00+09:00,BMS-01,67.66909069277439,30.70896883403598
2026-01-30T19:15:00+09:00,BMS-01,72.19883828299407,26.50695604713202
2026-01-30T19:20:00+09:00,BMS-01,64.08887149929866,29.210544480837466
2026-01-30T19:25:00+09:00,BMS-01,39.38166040328703,29.74785016223728
2026-01-30T19:30:00+09:00,BMS-01,21.99085058944722,27.346119832995523
2026-01-30T19:35:00+09:00,BMS-01,44.76472121402599,30.643771084904795
2026-01-30T19:40:00+09:00,BMS-01,41.437612489303,30.45782747608633
2026-01-30T19:45:00+09:00,BMS-01,63.890255221439844,30.393141490559053
2026-01-30T19:50:00+09:00,BMS-01,73.65833724192606,30.783437321175853
2026-01-30T19:55:00+09:00,BMS-01,40.99856723653913,27.046169219485975
2026-01-30T20:00:00+09:00,BMS-01,67.92168295242777,30.298877398176835
2026-01-30T20:05:00+09:00,BMS-01,80.87268844028145,29.15615612611113
2026-01-30T20:10:00+09:00,BMS-01,86.97299373555647,27.02838955203104
2026-01-30T20:15:00+09:00,BMS-01,82.71162871057462,29.3869090263332
2026-01-30T20:20:00+09:00,BMS-01,28.18442497571833,28.145111590855848
2026-01-30T20:25:00+09:00,BMS-01,89.19154055034458,28.765902133778972
2026-01-30T20:30:00+09:00,BMS-01,21.085702261508434,29.00161544475629
2026-01-30T20:35:00+09:00,BMS-01,64.76100220732047,28.47712263707359
2026-01-30T20:40:00+09:00,BMS-01,46.11950518844938,25.74212731219827
2026-01-30T20:45:00+09:00,BMS-01,35.62975711382643,29.179659952266977
2026-01-30T20:50:00+09:00,BMS-01,65.64072283359037,27.31799497813097
2026-01-30T20:55:00+09:00,BMS-01,42.516823088004394,25.695515875192886
2026-01-30T21:00:00+09:00,BMS-01,54.84380257042825,27.259324082245772
2026-01-30T21:05:00+09:00,BMS-01,28.487191662668117,27.643683964418226
2026-01-30T21:10:00+09:00,BMS-01,36.96707464939007,27.52576231782321
2026-01-30T21:15:00+09:00,BMS-01,31.957815834797643,29.465943475590684
2026-01-30T21:20:00+09:00,BMS-01,82.6843338390392,33.062147315899765
2026-01-30T21:25:00+09:00,BMS-01,52.057325630615736,31.345789293126693
2026-01-30T21:30:00+09:00,BMS-01,81.69565376814904,27.110713556029207
2026-01-30T21:35:00+09:00,BMS-01,47.595349711564246,28.326852893592548
2026-01-30T21:40:00+09:00,BMS-01,87.53060797139705,30.92934481672346
2026-01-30T21:45:00+09:00,BMS-01,46.35648831670369,28.932682760979336
2026-01-30T21:50:00+09:00,BMS-01,43.63408939466796,30.151329351034928
2026-01-30T21:55:00+09:00,BMS-01,71.75819806021524,27.853564153252712
2026-01-30T22:00:00+09:00,BMS-01,76.70528048077759,28.407012925509097
2026-01-30T22:05:00+09:00,BMS-01,33.57902799166326,28.587950515316574
2026-01-30T22:10:00+09:00,BMS-01,75.4645119071635,29.354644905737356
2026-01-30T22:15:00+09:00,BMS-01,52.09754194108068,27.031855802139635
2026-01-30T22:20:00+09:00,BMS-01,49.02942899363514,26.234176432808674
2026-01-30T22:25:00+09:00,BMS-01,82.2347853107304,28.93872797341004
2026-01-30T22:30:00+09:00,BMS-01,74.01461323671792,29.350362442645913
2026-01-30T22:35:00+09:00,BMS-01,62.36539961611673,26.117004560467894
2026-01-30T22:40:00+09:00,BMS-01,40.35324611735447,27.859756164688395
2026-01-30T22:45:00+09:00,BMS-01,26.468779915037118,28.28788829101895
2026-01-30T22:50:00+09:00,BMS-01,27.833957507667343,27.4996980824549
2026-01-30T22:55:00+09:00,BMS-01,24.34196764532648,31.362892339849363
2026-01-30T23:00:00+09:00,BMS-01,30.26863597955995,28.375585623206998
2026-01-30T23:05:00+09:00,BMS-01,79.35165670703331,29.87408967073527
2026-01-30T23:10:00+09:00,BMS-01,82.36437798351692,28.217619838619722
2026-01-30T23:15:00+09:00,BMS-01,71.70147367124157,29.952021924835822
2026-01-30T23:20:00+09:00,BMS-01,33.95217514627102,30.513176905485764
2026-01-30T23:25:00+09:00,BMS-01,61.140499688972035,33.63239813553604
2026-01-30T23:30:00+09:00,BMS-01,42.15714001109801,28.809059435289473
2026-01-30T23:35:00+09:00,BMS-01,61.2705211218972,26.991955188792247
2026-01-30T23:40:00+09:00,BMS-01,41.06784924211575,28.767109326082803
2026-01-30T23:45:00+09:00,BMS-01,76.59003580182473,27.984322291829624
2026-01-30T23:50:00+09:00,BMS-01,23.480149007149812,31.552012224039828
2026-01-30T23:55:00+09:00,BMS-01,78.29639140889236,29.665915433586072
