ts,device,volt,curr,temp_c,status_code
2026-01-01 00:00:00,PCS-01,385.8754246834025,-5.073252583958878,31.44238890193724,0
2026-01-01 00:05:00,PCS-01,378.877753093354,0.7829533945891874,28.99690655581663,0
2026-01-01 00:10:00,PCS-01,377.13307459801393,22.8270907380565,29.7188743075758,0
2026-01-01 00:15:00,PCS-01,379.2901359233505,-21.333384043649588,32.49364089742713,0
2026-01-01 00:20:00,PCS-01,381.27415460750603,-78.7422903780445,23.166484505843147,0
2026-01-01 00:25:00,PCS-01,380.60216589568915,-0.3811943113438907,27.476644612754978,0
2026-01-01 00:30:00,PCS-01,380.18639417883077,-51.689435923566876,25.08473178073809,0
2026-01-01 00:35:00,PCS-01,380.17496494752277,-20.323562292041156,27.035961991949925,0
2026-01-01 00:40:00,PCS-01,376.26533048719784,-26.655284659889475,31.615363898550388,0
2026-01-01 00:45:00,PCS-01,376.4873712640875,-24.888698642217477,26.195743019294447,0
2026-01-01 00:50:00,PCS-01,384.07773092019966,33.46786459811891,27.827023665148005,0
2026-01-01 00:55:00,PCS-01,379.0783508502612,35.9848595498158,25.620307002342713,0
2026-01-01 01:00:00,PCS-01,376.97416675280846,47.17544500231681,29.392542707704134,0
2026-01-01 01:05:00,PCS-01,383.675047602536,-55.19067789583324,26.605146586679243,0
2026-01-01 01:10:00,PCS-01,381.0262892106803,-12.416485582874778,27.47654898539018,0
2026-01-01 01:15:00,PCS-01,376.845249922664,26.84194161745795,28.300018971607916,0
2026-01-01 01:20:00,PCS-01,379.1688843893732,46.03720007979013,25.448328102586654,0
2026-01-01 01:25:00,PCS-01,377.5250066362557,46.27923962018198,33.70678606277401,0
2026-01-01 01:30:00,PCS-01,382.2640437842086,-51.57531928996765,25.89862445168791,0
2026-01-01 01:35:00,PCS-01,384.23355758061246,-0.1382944745558256,28.169658700637584,0
2026-01-01 01:40:00,PCS-01,375.5297818253961,4.36026491191995,24.309904317512252,0
2026-01-01 01:45:00,PCS-01,380.30981825067795,-20.456311407332915,25.8384836908942,0
2026-01-01 01:50:00,PCS-01,381.41464653952056,-17.671096575978634,22.800605686056493,0
2026-01-01 01:55:00,PCS-01,382.626143067477,-42.281083198429876,27.399129674645966,0
2026-01-01 02:00:00,PCS-01,382.8146621628025,-50.41395744668626,27.2679039483467,0
2026-01-01 02:05:00,PCS-01,383.2947592368469,-16.59681785029987,23.509774316681636,0
2026-01-01 02:10:00,PCS-01,384.1196042868556,-32.14407579441157,30.514446655846502,0
2026-01-01 02:15:00,PCS-01,377.4828116959819,-31.333646903990285,30.738776022777998,0
2026-01-01 02:20:00,PCS-01,379.6514457817051,-2.101312298687664,28.15801609175104,0
2026-01-01 02:25:00,PCS-01,383.0187686444115,-16.820299406834618,27.059997504154637,0
2026-01-01 02:30:00,PCS-01,380.74317931921274,-65.09809754775965,31.662667774012967,0
2026-01-01 02:35:00,PCS-01,378.13516154086955,-31.927990495660616,26.20856147029893,0
2026-01-01 02:40:00,PCS-01,380.82617012262676,24.54730667550112,31.567336932329887,0
2026-01-01 02:45:00,PCS-01,384.8950925160632,-4.697123069873813,26.77272238013697,0
2026-01-01 02:50:00,PCS-01,374.7727613648905,-51.00179287609475,25.186974533175,0
2026-01-01 02:55:00,PCS-01,380.7473086660379,-88.17187835753472,25.49850720587824,0
2026-01-01 03:00:00,PCS-01,383.37549383829236,25.483101785820175,24.519505066170282,0
2026-01-01 03:05:00,PCS-01,382.80592901127,29.74644590723291,29.00536275006162,0
2026-01-01 03:10:00,PCS-01,373.79536340495207,-60.50107006727326,28.525862542327683,0
2026-01-01 03:15:00,PCS-01,380.89323818784885,-23.918927955041667,25.715092307054665,0
2026-01-01 03:20:00,PCS-01,378.11603306923774,26.47320036385352,24.39210286490932,0
2026-01-01 03:25:00,PCS-01,385.16021132953705,-42.153988068102876,26.850672823369294,0
2026-01-01 03:30:00,PCS-01,374.7146024174939,18.695093199696903,29.748247986089645,0
2026-01-01 03:35:00,PCS-01,379.0739969577262,4.7904104589171155,27.384688128330286,0
2026-01-01 03:40:00,PCS-01,380.08830801196166,21.48599420293159,25.87660819634325,0
2026-01-01 03:45:00,PCS-01,379.3950538745355,37.59991548466868,25.888295447895512,0
2026-01-01 03:50:00,PCS-01,378.2504803775416,17.879980771324043,24.409543458261155,0
2026-01-01 03:55:00,PCS-01,378.7713697514985,15.638575649357966,28.082260754136094,0
2026-01-01 04:00:00,PCS-01,381.2169110533415,51.189459288849896,26.49515253917344,0
2026-01-01 04:05:00,PCS-01,373.60181244730455,-12.237834601832612,27.850744919613025,0
2026-01-01 04:10:00,PCS-01,375.6508392326569,-24.592710972358446,30.436522649202384,0
2026-01-01 04:15:00,PCS-01,382.597831779538,-20.02595699546017,28.07968904491277,0
2026-01-01 04:20:00,PCS-01,380.33391095922394,-41.45658290919635,25.96273856415791,0
2026-01-01 04:25:00,PCS-01,382.1955147204872,-27.988822361206388,26.687740025876256,0
2026-01-01 04:30:00,PCS-01,378.63256959184486,-61.100687524860604,25.67705141737614,0
2026-01-01 04:35:00,PCS-01,373.8186963173302,-95.16787368164978,21.719504635466176,0
2026-01-01 04:40:00,PCS-01,378.90568805913585,-18.131273374545895,30.192650633754898,0
2026-01-01 04:45:00,PCS-01,376.9681474955657,18.692238723384232,32.68863957468997,0
2026-01-01 04:50:00,PCS-01,382.50463994590444,23.388016675735827,25.667356038862863,0
2026-01-01 04:55:00,PCS-01,381.8936408112908,-16.30456062425327,28.117278232395336,0
2026-01-01 05:00:00,PCS-01,376.9766429574962,2.02867369468682,30.23864438786933,0
2026-01-01 05:05:00,PCS-01,379.5521405505583,-44.345530903073566,23.37711000414664,0
2026-01-01 05:10:00,PCS-01,377.6587846914509,9.533320601217083,31.87756064724492,0
2026-01-01 05:15:00,PCS-01,380.43524735176584,8.679409683928407,28.229563233343654,0
2026-01-01 05:20:00,PCS-01,372.7793831228069,14.525787441341958,28.690284815613744,0
2026-01-01 05:25:00,PCS-01,380.14381725687343,65.62847139406804,25.959680645918002,0
2026-01-01 05:30:00,PCS-01,375.24308294690906,-21.063572515860642,26.36895065030099,0
2026-01-01 05:35:00,PCS-01,382.2633700972545,-5.851914536913822,25.563960507243994,0
2026-01-01 05:40:00,PCS-01,379.1048950107499,10.292655608891039,30.321450795616098,0
2026-01-01 05:45:00,PCS-01,375.4112344275998,-117.57492069710138,27.540616319084368,0
2026-01-01 05:50:00,PCS-01,375.1356756439741,34.52603900086694,30.599488181781126,0
2026-01-01 05:55:00,PCS-01,386.0425343942128,-21.497770495813743,26.531147928234414,0
2026-01-01 06:00:00,PCS-01,379.89770407417035,32.96055117350119,30.862412649807208,0
2026-01-01 06:05:00,PCS-01,379.1796010736188,24.89374567562932,25.44704990140612,0
2026-01-01 06:10:00,PCS-01,387.1051009593984,22.59974959507208,26.762834716539647,0
2026-01-01 06:15:00,PCS-01,377.97835726499335,-2.26577312864706,27.705225612942968,0
2026-01-01 06:20:00,PCS-01,378.79481097324253,-7.158352653824628,29.71291983575507,0
2026-01-01 06:25:00,PCS-01,380.30147890314834,-50.05948766066702,29.40877991455062,0
2026-01-01 06:30:00,PCS-01,383.38479767336446,23.97684236013398,30.033032721649782,0
2026-01-01 06:35:00,PCS-01,377.89357951459493,-33.47772252107486,27.66831724100603,0
2026-01-01 06:40:00,PCS-01,378.7501959758586,30.693588578539,30.467065824193575,0
2026-01-01 06:45:00,PCS-01,380.573025577669,-26.554563648947777,27.438952148689452,0
2026-01-01 06:50:00,PCS-01,382.0792607687877,-4.310094406487198,30.076300356289607,0
2026-01-01 06:55:00,PCS-01,374.22114861442356,-45.17161271685451,34.56404493376697,0
2026-01-01 07:00:00,PCS-01,380.07948204867034,8.744041713795259,24.525392735499715,0
2026-01-01 07:05:00,PCS-01,380.76171488023647,59.83143013664567,27.73205260022383,0
2026-01-01 07:10:00,PCS-01,380.1340964118801,-2.7211296753798457,25.618008426458903,0
2026-01-01 07:15:00,PCS-01,378.5939634141369,16.49271285115042,30.063151272082163,0
2026-01-01 07:20:00,PCS-01,383.30357666825535,21.917046400095778,29.583979810274865,0
2026-01-01 07:25:00,PCS-01,380.1552550958751,39.43610509631115,28.70209774632527,0
2026-01-01 07:30:00,PCS-01,380.6026651169799,-15.786695003602702,25.289319153751688,0
2026-01-01 07:35:00,PCS-01,379.3648939723931,-11.301073536203788,26.865287815087587,0
2026-01-01 07:40:00,PCS-01,376.55269709190185,-44.911915538412536,25.168217513174994,0
2026-01-01 07:45:00,PCS-01,382.77930474286677,33.34922086869988,25.830785895739837,0
2026-01-01 07:50:00,PCS-01,377.33865628930556,58.33666354472315,29.656529981061926,0
2026-01-01 07:55:00,PCS-01,382.2174612046375,37.436208618363224,28.399384338824113,0
2026-01-01 08:00:00,PCS-01,384.43094236668435,28.237184823973433,26.716406162960055,0
2026-01-01 08:05:00,PCS-01,377.45006300211844,-50.09366236054469,28.511235042073714,0
2026-01-01 08:10:00,PCS-01,374.6039651462331,13.684281186078584,30.27109542388692,0
2026-01-01 08:15:00,PCS-01,378.75296256156014,-20.141437167570942,29.212218421389256,0
2026-01-01 08:20:00,PCS-01,377.5703360491518,2.786508808165096,27.33889668641632,0
2026-01-01 08:25:00,PCS-01,377.317876688152,19.804321201497082,34.77420557383784,0
2026-01-01 08:30:00,PCS-01,378.3338181721539,2.275310721709678,24.155075677502555,0
2026-01-01 08:35:00,PCS-01,382.9114526379325,-79.61346229944917,29.767670560760596,0
2026-01-01 08:40:00,PCS-01,380.77495887726127,-53.05609525470528,28.37332459034241,0
2026-01-01 08:45:00,PCS-01,380.8101932849827,42.41957419480083,31.528062325850538,0
2026-01-01 08:50:00,PCS-01,378.9706514465915,-19.48821802057698,32.72286973549961,0
2026-01-01 08:55:00,PCS-01,381.60122323824356,42.37564962298278,31.336788915567098,0
2026-01-01 09:00:00,PCS-01,381.06816271665696,-31.291015568761825,27.81382196278013,0
2026-01-01 09:05:00,PCS-01,380.04665157027205,-4.57921069332285,26.372761576445555,0
2026-01-01 09:10:00,PCS-01,379.9866761532297,3.770838617872951,27.641020423047973,0
2026-01-01 09:15:00,PCS-01,376.84146929237494,-40.63839852513381,27.622411590605978,0
2026-01-01 09:20:00,PCS-01,377.52198935110044,-36.85894116849354,30.454660416040053,0
2026-01-01 09:25:00,PCS-01,383.62511967636374,-24.866818257518347,24.55171403358962,0
2026-01-01 09:30:00,PCS-01,377.55251378870037,-55.29996910024221,27.600569954310973,0
2026-01-01 09:35:00,PCS-01,381.1695731590344,4.547592905880221,26.023896929126074,0
2026-01-01 09:40:00,PCS-01,382.3227369093049,33.97117609975249,19.600002389865633,0
2026-01-01 09:45:00,PCS-01,375.5978130890241,-51.726847999870316,27.252380766463908,0
2026-01-01 09:50:00,PCS-01,382.4053659345171,40.05667979810434,21.12548463578734,0
2026-01-01 09:55:00,PCS-01,384.78544714250967,52.385019827566815,30.08753990442709,0
2026-01-01 10:00:00,PCS-01,381.5914037924518,-58.25878689880514,26.426837755659342,0
2026-01-01 10:05:00,PCS-01,381.22152387045526,37.413857441404105,30.734253382996187,0
2026-01-01 10:10:00,PCS-01,381.2383359668183,4.3596052457194014,27.06846628225153,0
2026-01-01 10:15:00,PCS-01,380.56939072435966,2.600460015735919,30.44990786181753,0
2026-01-01 10:20:00,PCS-01,374.43515464052257,-5.991721530919869,25.744501364118737,0
2026-01-01 10:25:00,PCS-01,378.7770879611082,40.27467439389443,26.908450627375753,0
2026-01-01 10:30:00,PCS-01,383.69012015898096,-0.3822310171441531,31.063173777530615,0
2026-01-01 10:35:00,PCS-01,376.8268030855099,17.190397018371794,30.211448314342267,0
2026-01-01 10:40:00,PCS-01,378.30801918473935,-53.92089615728715,26.069673819832968,0
2026-01-01 10:45:00,PCS-01,380.5049172831681,40.97324304860339,30.10281694727458,0
2026-01-01 10:50:00,PCS-01,382.57939613035416,3.6355394709138027,34.74392623153891,0
2026-01-01 10:55:00,PCS-01,380.96382639178813,-16.655068996587726,27.441708046562535,0
2026-01-01 11:00:00,PCS-01,377.4094379772406,46.64028352218619,27.278949682170452,0
2026-01-01 11:05:00,PCS-01,380.5821476133784,65.19714279854169,27.93758794830714,0
2026-01-01 11:10:00,PCS-01,375.3554425004194,27.161669456152538,30.755496156914806,0
2026-01-01 11:15:00,PCS-01,384.80198400279477,3.4212207355910467,30.034478421393324,0
2026-01-01 11:20:00,PCS-01,378.1997058690918,9.405338628168453,27.464100079557735,0
2026-01-01 11:25:00,PCS-01,373.4306539085226,-6.416781421211791,25.651663047343373,0
2026-01-01 11:30:00,PCS-01,382.4003729252631,1.8288566160303654,31.566157562622458,0
2026-01-01 11:35:00,PCS-01,381.21913350396306,91.07935823449131,24.63842385248654,0
2026-01-01 11:40:00,PCS-01,378.89570744921133,-37.762644317286664,30.51180822640337,0
2026-01-01 11:45:00,PCS-01,377.94651969194587,38.456895707488556,28.97190506264935,0
2026-01-01 11:50:00,PCS-01,382.88125666393626,4.393660798466636,23.031611478078485,0
2026-01-01 11:55:00,PCS-01,380.576082414143,16.84199447163621,28.659728611796858,0
2026-01-01 12:00:00,PCS-01,380.862266431606,-2.248010123063982,30.663723522347247,0
2026-01-01 12:05:00,PCS-01,380.949543055537,33.05873190752344,27.75303651146686,0
2026-01-01 12:10:00,PCS-01,380.84806412155694,-75.45624368182933,25.104310161636533,0
2026-01-01 12:15:00,PCS-01,381.8870408036033,-114.2405562846878,25.92121533381969,0
2026-01-01 12:20:00,PCS-01,375.84049314762274,30.753617746102808,25.052288406513945,0
2026-01-01 12:25:00,PCS-01,377.24113869640485,35.37856810080805,28.287486214683614,0
2026-01-01 12:30:00,PCS-01,379.69770999596204,-41.88862371834712,26.259141776302815,0
2026-01-01 12:35:00,PCS-01,376.9955019192488,20.71695038424192,27.005702448041138,0
2026-01-01 12:40:00,PCS-01,378.73644797831827,-35.618759720337735,25.99092907480424,0
2026-01-01 12:45:00,PCS-01,381.77782214662886,33.29464641936908,23.86594340482599,0
2026-01-01 12:50:00,PCS-01,376.73373430533314,14.645358370821473,26.001948710196316,0
2026-01-01 12:55:00,PCS-01,379.81431187729396,-10.965707445177541,25.080744204501514,0
2026-01-01 13:00:00,PCS-01,372.8392689506962,29.618858584365285,27.435617778903136,0
2026-01-01 13:05:00,PCS-01,382.25885712189825,-20.479592444149873,23.677906419735596,0
2026-01-01 13:10:00,PCS-01,384.52749630082803,-9.464983997284456,31.284056158604802,0
2026-01-01 13:15:00,PCS-01,382.57517415118724,-10.001132215285441,28.85487841868184,0
2026-01-01 13:20:00,PCS-01,375.9610284106265,-55.379232199048914,29.5180083782077,0
2026-01-01 13:25:00,PCS-01,383.91930968160744,13.045588311985751,28.496111182344524,0
2026-01-01 13:30:00,PCS-01,380.6035213524773,-2.5466053025151556,29.879613046778307,0
2026-01-01 13:35:00,PCS-01,380.92778454537864,79.32240585640147,25.582717338996225,0
2026-01-01 13:40:00,PCS-01,382.59035749505256,2.940887484609562,32.35810153083204,0
2026-01-01 13:45:00,PCS-01,376.94486798224034,59.769724936943675,22.837506783409246,0
2026-01-01 13:50:00,PCS-01,373.926014616644,11.668801546417832,29.991988147536706,0
2026-01-01 13:55:00,PCS-01,378.46464989097575,11.294422468645145,24.69046605636083,0
2026-01-01 14:00:00,PCS-01,382.22099584286303,-21.600922328640717,25.662622047339767,0
2026-01-01 14:05:00,PCS-01,373.71591768808923,57.20607237870168,27.822133104472808,0
2026-01-01 14:10:00,PCS-01,378.8283366816239,39.86040383324442,31.028585888494604,0
2026-01-01 14:15:00,PCS-01,380.666100030341,-29.12114271277341,28.7380183995649,0
2026-01-01 14:20:00,PCS-01,380.8904562389965,-47.42336204803843,26.36577537555275,0
2026-01-01 14:25:00,PCS-01,381.06571567648876,-16.11049859551361,29.743216525807505,0
2026-01-01 14:30:00,PCS-01,377.01200135463796,27.607865768509043,27.55041225650484,0
2026-01-01 14:35:00,PCS-01,380.32030944871565,11.537537070527147,28.857339630908914,0
2026-01-01 14:40:00,PCS-01,380.3901678949348,-1.0505746212842315,26.133375746833433,0
2026-01-01 14:45:00,PCS-01,382.3487647527936,-4.967127056354738,28.530284157618567,0
2026-01-01 14:50:00,PCS-01,380.4910044093893,-45.48101690123276,31.307803834660852,0
2026-01-01 14:55:00,PCS-01,379.58791549635714,-88.45580813433162,29.16055086782222,0
2026-01-01 15:00:00,PCS-01,379.2427232261325,-3.628692582141509,23.990719163424934,0
2026-01-01 15:05:00,PCS-01,376.5893288489778,60.77359186672237,25.12848786299987,0
2026-01-01 15:10:00,PCS-01,380.2777773534353,11.543890344749608,31.524426114837993,0
2026-01-01 15:15:00,PCS-01,379.01266300015993,37.20090150335295,27.341658815482344,0
2026-01-01 15:20:00,PCS-01,382.53412373934833,-27.208522234934517,29.57907741432222,0
2026-01-01 15:25:00,PCS-01,383.2439875987624,-35.11970881877035,26.007064167795807,0
2026-01-01 15:30:00,PCS-01,382.07940414867267,64.53784547007633,28.921672325958966,0
2026-01-01 15:35:00,PCS-01,372.80643506377095,18.808384513580528,29.341671363827484,0
2026-01-01 15:40:00,PCS-01,382.92009779543406,-4.8910028968307815,29.691535977750277,0
2026-01-01 15:45:00,PCS-01,380.66322858950826,71.5364225922063,26.5829871852155,0
2026-01-01 15:50:00,PCS-01,375.9562222963531,15.6207445170932,28.93273904205813,0
2026-01-01 15:55:00,PCS-01,375.8386728867596,12.492301225113241,28.6780248058247,0
2026-01-01 16:00:00,PCS-01,381.1725441100709,-27.757921822876863,27.306628693248943,0
2026-01-01 16:05:00,PCS-01,382.9717530203398,45.318312594195575,25.832722946568566,0
2026-01-01 16:10:00,PCS-01,380.8145414125896,-0.5115442856172294,26.55237716298835,0
2026-01-01 16:15:00,PCS-01,379.382159566563,4.852236391667244,28.956222401808667,0
2026-01-01 16:20:00,PCS-01,377.87147476000126,31.055700693824882,26.124705833284633,0
2026-01-01 16:25:00,PCS-01,383.1675394531256,-30.512947166900734,30.131587196321902,0
2026-01-01 16:30:00,PCS-01,381.9712816470739,31.97275063293977,27.06556875026603,0
2026-01-01 16:35:00,PCS-01,380.33021077561307,-12.622702431255295,30.207677532551994,0
2026-01-01 16:40:00,PCS-01,378.822149409184,9.581976807969655,25.49271854637476,0
2026-01-01 16:45:00,PCS-01,382.9851127567701,69.3300957851733,23.30847841048834,0
2026-01-01 16:50:00,PCS-01,381.43262290355443,-50.28211148323087,28.662408873128825,0
2026-01-01 16:55:00,PCS-01,376.117524703887,-1.4935465107085097,24.32767414079072,0
2026-01-01 17:00:00,PCS-01,381.5284231756164,-71.35697861258558,27.812321090225037,0
2026-01-01 17:05:00,PCS-01,379.607277104512,-108.9865091452104,23.972169616849232,0
2026-01-01 17:10:00,PCS-01,378.5274972996254,7.15729012214084,24.113781875672636,0
2026-01-01 17:15:00,PCS-01,379.73910051268894,25.85191933704628,24.401301009538606,0
2026-01-01 17:20:00,PCS-01,377.5750909826858,20.943650609674048,33.71975943352673,0
2026-01-01 17:25:00,PCS-01,380.7351716457823,55.213359779017054,28.941422961395695,0
2026-01-01 17:30:00,PCS-01,380.7918541046175,6.260044688879846,26.612164013543683,0
2026-01-01 17:35:00,PCS-01,382.57029680917833,39.189358656468734,26.14614717157762,0
2026-01-01 17:40:00,PCS-01,383.4104082245054,-7.9456173974876165,25.696265517684747,0
2026-01-01 17:45:00,PCS-01,385.75827029336665,-25.116826337281193,28.456729243564016,0
2026-01-01 17:50:00,PCS-01,380.47365990160245,26.042632590280665,29.672610781385572,0
2026-01-01 17:55:00,PCS-01,381.3598032552115,47.371506033637715,21.456492212787744,0
2026-01-01 18:00:00,PCS-01,377.6854806541262,32.96759960731808,28.812424977961115,0
2026-01-01 18:05:00,PCS-01,380.3975045062881,8.462943286622558,28.465090616669613,0
2026-01-01 18:10:00,PCS-01,380.27244722299974,35.52633681446789,32.486238063168315,0
2026-01-01 18:15:00,PCS-01,381.3300194111953,-103.66834829929986,28.703607157916593,0
2026-01-01 18:20:00,PCS-01,380.0314719690113,21.08318932913924,26.673055576615983,0
2026-01-01 18:25:00,PCS-01,382.79705612344355,-10.717156814913045,25.305732839482708,0
2026-01-01 18:30:00,PCS-01,375.90162787083415,-87.99340375110008,33.2688676205873,0
2026-01-01 18:35:00,PCS-01,382.98111620855565,-34.388670255208375,26.511619976501006,0
2026-01-01 18:40:00,PCS-01,380.84301371793856,-27.527663604586326,30.330384136489027,0
2026-01-01 18:45:00,PCS-01,376.6983731138144,29.052348250567164,25.427421835018066,0
2026-01-01 18:50:00,PCS-01,382.9054168838613,-8.605194628944536,23.86368837224715,0
2026-01-01 18:55:00,PCS-01,375.57634453374413,-63.139063889793576,27.028503916129026,0
2026-01-01 19:00:00,PCS-01,385.4467563702961,-58.767531449199694,25.263174481417902,0
2026-01-01 19:05:00,PCS-01,372.4357007840029,34.985044591905286,34.75514197815528,0
2026-01-01 19:10:00,PCS-01,382.5618961115246,-14.98075834142701,28.50254575465785,0
2026-01-01 19:15:00,PCS-01,382.2508688791123,44.447519671153415,32.39042907304087,0
2026-01-01 19:20:00,PCS-01,384.1546750077649,-46.95634776326364,30.54294286427431,0
2026-01-01 19:25:00,PCS-01,382.73253391630925,-8.679224807921248,30.068369664966415,0
2026-01-01 19:30:00,PCS-01,373.9523499979505,-20.31666575675729,27.925920242230962,0
2026-01-01 19:35:00,PCS-01,375.7412893640753,-23.208617396727863,31.89953217618836,0
2026-01-01 19:40:00,PCS-01,380.10521321720347,-30.427732583919056,28.129444409629834,0
2026-01-01 19:45:00,PCS-01,380.5381866749084,59.418027908321285,33.85593796032237,0
2026-01-01 19:50:00,PCS-01,384.91773006776117,16.159638627684906,30.396742246411318,0
2026-01-01 19:55:00,PCS-01,382.75503103517246,38.652113455666836,25.26721871922347,0
2026-01-01 20:00:00,PCS-01,379.06197971831074,-0.2701037922205415,29.393453957023613,0
2026-01-01 20:05:00,PCS-01,381.2090786083947,-30.328263266188532,28.387430676774716,0
2026-01-01 20:10:00,PCS-01,385.1113734912138,1.5353466403827363,28.68955127292558,0
2026-01-01 20:15:00,PCS-01,378.9409090475158,73.054990918196,33.468103323692674,0
2026-01-01 20:20:00,PCS-01,382.8800022934123,41.22967003642263,29.166698511983512,0
2026-01-01 20:25:00,PCS-01,379.17770844352395,-10.805157961659418,27.097650043813882,0
2026-01-01 20:30:00,PCS-01,381.4652831840265,6.863476602395071,30.649145465719446,0
2026-01-01 20:35:00,PCS-01,372.5882985919236,-56.8182998891662,29.68822149726776,0
2026-01-01 20:40:00,PCS-01,380.9994246103226,-29.43307713796259,31.551736574722458,0
2026-01-01 20:45:00,PCS-01,382.8496456863482,45.86091850256142,24.902617999591342,0
2026-01-01 20:50:00,PCS-01,380.7620699768381,-61.55104304270027,28.756556344116508,0
2026-01-01 20:55:00,PCS-01,383.1382156297362,-14.383420697126423,25.868983759805264,0
2026-01-01 21:00:00,PCS-01,380.63572384792207,-28.80430324544279,26.800883090154542,0
2026-01-01 21:05:00,PCS-01,379.76313093241976,8.586210860410684,27.844708681761716,0
2026-01-01 21:10:00,PCS-01,376.2528654994177,-71.37307459564668,28.411159806235712,0
2026-01-01 21:15:00,PCS-01,380.59221010934436,-0.9273637939183392,28.751388618117502,0
2026-01-01 21:20:00,PCS-01,375.8110849812683,-33.3475877617768,25.04580317171855,0
2026-01-01 21:25:00,PCS-01,377.9239908094858,-1.1461507061304896,29.751097725270675,0
2026-01-01 21:30:00,PCS-01,375.3382948279841,68.02118605415049,31.528535240012854,0
2026-01-01 21:35:00,PCS-01,379.0509762598996,20.221079477191893,31.53618092660218,0
2026-01-01 21:40:00,PCS-01,380.34852438998723,-28.77193962076191,28.140855294398776,0
2026-01-01 21:45:00,PCS-01,374.10676442047674,-17.396859914559123,34.368878632528244,0
2026-01-01 21:50:00,PCS-01,375.7519861475866,32.34513217458759,29.445144506023603,0
2026-01-01 21:55:00,PCS-01,382.52219201676525,-7.710727664572018,28.083392065033618,0
2026-01-01 22:00:00,PCS-01,379.5160664791257,-27.950330420343,24.047497731917055,0
2026-01-01 22:05:00,PCS-01,372.75825511347597,26.35382196070344,29.806920052444333,0
2026-01-01 22:10:00,PCS-01,383.8871628876215,18.99997391015773,29.375020043804142,0
2026-01-01 22:15:00,PCS-01,382.5432229473757,87.6769506547642,22.770579711146922,0
2026-01-01 22:20:00,PCS-01,376.7334063781815,11.691404701672194,22.93044168436179,0
2026-01-01 22:25:00,PCS-01,374.38641779517314,-42.61774970455761,26.319417727296862,0
2026-01-01 22:30:00,PCS-01,379.70466820736266,8.967187046087703,25.463914328575903,0
2026-01-01 22:35:00,PCS-01,378.6290892993151,-57.102480857287354,23.686015460755062,0
2026-01-01 22:40:00,PCS-01,380.40455107570386,41.0912096863257,31.161452430699104,0
2026-01-01 22:45:00,PCS-01,384.97856392064836,20.007188227314337,26.52431897579437,0
2026-01-01 22:50:00,PCS-01,380.9378773670785,-24.860995056546752,27.34625724212891,0
2026-01-01 22:55:00,PCS-01,377.7330818749816,-37.22948741519753,28.961126003454034,0
2026-01-01 23:00:00,PCS-01,373.19984868077,-25.418689858032796,25.719649426767546,0
2026-01-01 23:05:00,PCS-01,374.92777286905124,-3.3148814228731327,31.356988053834947,0
2026-01-01 23:10:00,PCS-01,383.37702682121625,-32.42080064223244,30.042608689020827,0
2026-01-01 23:15:00,PCS-01,378.74132137703623,5.21368216182135,27.97741705213926,0
2026-01-01 23:20:00,PCS-01,382.74841487562685,45.28921129218251,23.705024637197386,0
2026-01-01 23:25:00,PCS-01,382.90743822000036,-1.5038734286651148,30.314019257754772,0
2026-01-01 23:30:00,PCS-01,379.05157544769054,94.59972357271562,31.639252348813798,0
2026-01-01 23:35:00,PCS-01,379.58032580833725,-30.225880741669503,27.303919330450313,0
2026-01-01 23:40:00,PCS-01,381.39965533218054,33.61265946697973,29.166236879031885,0
2026-01-01 23:45:00,PCS-01,377.51987936247906,2.1160253699116844,29.480581705708364,0
2026-01-01 23:50:00,PCS-01,376.4121004906427,-45.5774554030626,26.723090203803178,0
2026-01-01 23:55:00,PCS-01,382.1786512250751,-44.42756829217849,30.875951407015204,0
2026-01-02 00:00:00,PCS-01,381.1329088475348,-36.28675174891599,24.08789013801473,0
2026-01-02 00:05:00,PCS-01,378.4931359448998,47.033004634161095,27.70123356701707,0
2026-01-02 00:10:00,PCS-01,378.6618387461584,-4.33657793831641,26.838238345269357,0
2026-01-02 00:15:00,PCS-01,377.5308515474298,144.71025110837533,28.364997353774648,0
2026-01-02 00:20:00,PCS-01,378.06876780635054,2.936215786254289,28.039735792119163,0
2026-01-02 00:25:00,PCS-01,379.6341071007379,-3.5956453488052187,22.92688555975614,0
2026-01-02 00:30:00,PCS-01,370.5571148358743,15.548502935031092,32.88692937604965,0
2026-01-02 00:35:00,PCS-01,380.80257728704527,63.19341764246532,31.565891310734195,0
2026-01-02 00:40:00,PCS-01,385.40858831133903,-7.777459378392378,27.464345278080398,0
2026-01-02 00:45:00,PCS-01,372.79561833901346,-12.228517513719314,25.796583424491374,0
2026-01-02 00:50:00,PCS-01,374.6593913580445,44.80062137599414,23.61241169664783,0
2026-01-02 00:55:00,PCS-01,378.6582659367224,-11.040407065616193,26.542925558383505,0
2026-01-02 01:00:00,PCS-01,378.254855592764,-0.0036937009864262535,24.67996707761307,0
2026-01-02 01:05:00,PCS-01,383.7287816880486,21.26291843397674,24.57498351128741,0
2026-01-02 01:10:00,PCS-01,380.83598134684024,-47.95239960405916,26.305428843660298,0
2026-01-02 01:15:00,PCS-01,380.4926231186851,-1.581980928535123,30.11332934793909,0
2026-01-02 01:20:00,PCS-01,379.40616471316395,26.55166989035449,32.52662132209713,0
2026-01-02 01:25:00,PCS-01,374.10243850132815,28.88513049101593,26.751350541668476,0
2026-01-02 01:30:00,PCS-01,381.2513523784907,-4.47535279238732,27.389481350674053,0
2026-01-02 01:35:00,PCS-01,385.55145606828563,12.804589019206304,30.259381883592322,0
2026-01-02 01:40:00,PCS-01,379.16267937864137,69.79683754116054,27.15563489677049,0
2026-01-02 01:45:00,PCS-01,381.92496118064435,-4.051862425878035,32.16434003865533,0
2026-01-02 01:50:00,PCS-01,382.08929833527134,41.37256367174781,21.031692563896407,0
2026-01-02 01:55:00,PCS-01,378.01345218879766,-40.39942680789434,25.18342154416711,0
2026-01-02 02:00:00,PCS-01,383.9789132576517,10.608060599042968,24.65872257880627,0
2026-01-02 02:05:00,PCS-01,380.3234195851272,11.262592554753923,25.899901254706048,0
2026-01-02 02:10:00,PCS-01,378.96352384057803,-4.283757888203901,24.476781635293143,0
2026-01-02 02:15:00,PCS-01,381.8306779157415,-4.332409071221753,25.844977744798044,0
2026-01-02 02:20:00,PCS-01,378.30408172775753,-17.97927475717551,28.27819734358994,0
2026-01-02 02:25:00,PCS-01,379.84455145153737,37.47821697589989,27.391256568057923,0
2026-01-02 02:30:00,PCS-01,378.041383642972,-12.574793017796825,26.690548189754733,0
2026-01-02 02:35:00,PCS-01,381.24925184465826,5.0741672360246,25.514251981039042,0
2026-01-02 02:40:00,PCS-01,381.5776694014069,55.791971765244135,27.027574900917113,0
2026-01-02 02:45:00,PCS-01,382.42318395912,12.430253599163736,23.5635221202425,0
2026-01-02 02:50:00,PCS-01,383.89909512204434,-8.224343791579217,31.12463252580961,0
2026-01-02 02:55:00,PCS-01,379.8984209316063,-36.394592199100835,25.85240077971945,0
2026-01-02 03:00:00,PCS-01,385.3382933982153,-24.088367297424575,31.633549960090107,0
2026-01-02 03:05:00,PCS-01,381.66246061717334,21.286496370664985,22.143582374748,0
2026-01-02 03:10:00,PCS-01,381.3921607341593,-11.722201710972062,28.45670436565252,0
2026-01-02 03:15:00,PCS-01,383.5183559424243,-51.46947715198971,29.07688057034725,0
2026-01-02 03:20:00,PCS-01,382.4196048407729,-93.46183531752884,29.72489835222752,0
2026-01-02 03:25:00,PCS-01,377.012502697703,60.058233284761194,24.12705887058303,0
2026-01-02 03:30:00,PCS-01,380.91178287182277,37.86427606131225,30.60881590010113,0
2026-01-02 03:35:00,PCS-01,381.4814179322984,25.395926703422532,27.630778271987342,0
2026-01-02 03:40:00,PCS-01,377.4122481120285,15.59516676003045,24.927438541050943,0
2026-01-02 03:45:00,PCS-01,380.1966154155518,18.635060330932607,24.07107952366911,0
2026-01-02 03:50:00,PCS-01,380.9684583080299,10.751137028449627,30.609609386400162,0
2026-01-02 03:55:00,PCS-01,379.11635979516126,-26.62841695802229,25.490431329393918,0
2026-01-02 04:00:00,PCS-01,385.2319337434331,15.79140846188351,30.895712214475168,0
2026-01-02 04:05:00,PCS-01,381.16895037331767,46.88175336354905,29.394806905875534,0
2026-01-02 04:10:00,PCS-01,381.88682793446594,83.1645092972329,26.761550415599356,0
2026-01-02 04:15:00,PCS-01,383.14792796630434,-1.1164530666416694,30.7033963573004,0
2026-01-02 04:20:00,PCS-01,379.8806202898351,-27.13508027095375,23.811158753639464,0
2026-01-02 04:25:00,PCS-01,379.1655190339245,-36.59338552226557,30.4556003843532,0
2026-01-02 04:30:00,PCS-01,378.8121795211074,-6.009266151566023,24.7285799742807,0
2026-01-02 04:35:00,PCS-01,376.93056578971795,-20.089239017539406,24.347276543696594,0
2026-01-02 04:40:00,PCS-01,376.44396436293545,-1.1119925643354693,32.61395516009745,0
2026-01-02 04:45:00,PCS-01,382.64902478901865,-35.665662071218044,29.37037668758746,0
2026-01-02 04:50:00,PCS-01,383.8142890802602,-51.3478430263674,27.00546799010832,0
2026-01-02 04:55:00,PCS-01,380.84355768917834,2.0538828362352843,32.3328433804909,0
2026-01-02 05:00:00,PCS-01,382.37502919397593,12.262345509617544,30.363517904251722,0
2026-01-02 05:05:00,PCS-01,372.8226137515948,-45.6402559403588,31.42213659031993,0
2026-01-02 05:10:00,PCS-01,384.7915684937809,-33.53414139853656,27.632969673818934,0
2026-01-02 05:15:00,PCS-01,377.9516706520469,99.902732942815,27.981367525480525,0
2026-01-02 05:20:00,PCS-01,380.9550517708491,3.6263338236261244,27.833600787845704,0
2026-01-02 05:25:00,PCS-01,380.86049600492606,3.8925247469344515,27.274896260850817,0
2026-01-02 05:30:00,PCS-01,378.8086980764567,-14.908227883669532,31.761848774641727,0
2026-01-02 05:35:00,PCS-01,382.03979226885997,48.585002511825806,28.418885721394673,0
2026-01-02 05:40:00,PCS-01,382.7131861695655,26.330903818840817,22.263026102715845,0
2026-01-02 05:45:00,PCS-01,381.8231662236858,-29.04803715036791,25.907766591927697,0
2026-01-02 05:50:00,PCS-01,372.4878057416676,-56.919665517485754,30.97640266283701,0
2026-01-02 05:55:00,PCS-01,380.45730312107895,16.776096002174114,25.261682890531905,0
2026-01-02 06:00:00,PCS-01,378.34990074902373,-21.428757440664377,29.765383642086306,0
2026-01-02 06:05:00,PCS-01,384.93701605127103,-38.31462037556775,27.181123991854186,0
2026-01-02 06:10:00,PCS-01,383.810786449838,-43.46900027425356,28.466617686229267,0
2026-01-02 06:15:00,PCS-01,382.9085243544825,-26.51903457709931,30.338709575331695,0
2026-01-02 06:20:00,PCS-01,381.57756158026797,-6.828994608211319,27.88190512873949,0
2026-01-02 06:25:00,PCS-01,381.2587268523229,35.166030734721176,32.20515441797621,0
2026-01-02 06:30:00,PCS-01,379.4462832352271,57.073601928514854,29.17642498271584,0
2026-01-02 06:35:00,PCS-01,380.36809408888485,22.091490208508688,31.01110786437863,0
2026-01-02 06:40:00,PCS-01,379.60925296078227,-94.4615393171097,31.67826771308454,0
2026-01-02 06:45:00,PCS-01,378.44356843719555,-9.406876527142927,23.74187373402262,0
2026-01-02 06:50:00,PCS-01,377.9952483703518,-34.17750908222081,31.485821630274252,0
2026-01-02 06:55:00,PCS-01,381.22794678413226,-35.66745041377434,22.438143775478018,0
2026-01-02 07:00:00,PCS-01,383.5887447086815,42.28939314319045,26.14545225280728,0
2026-01-02 07:05:00,PCS-01,381.38454116984286,-20.84101158121653,26.5334664479497,0
2026-01-02 07:10:00,PCS-01,380.53400160171213,-85.85038608709476,26.82984817107221,0
2026-01-02 07:15:00,PCS-01,380.361184031797,-49.71543389165365,30.7547386145912,0
2026-01-02 07:20:00,PCS-01,376.30702981771924,-54.09799946634321,32.85301366147327,0
2026-01-02 07:25:00,PCS-01,375.8919392665166,-32.46768177222289,25.95359577616506,0
2026-01-02 07:30:00,PCS-01,375.05060184956415,-56.17960058046229,27.82115972983681,0
2026-01-02 07:35:00,PCS-01,384.5532791264364,123.84972563181304,23.88679474369034,0
2026-01-02 07:40:00,PCS-01,382.4158134971776,-49.76703392304949,26.84127138487196,0
2026-01-02 07:45:00,PCS-01,380.98871141741245,-0.8969501932364012,26.256991165565918,0
2026-01-02 07:50:00,PCS-01,381.07619123661925,-13.186936389346762,27.662202603551783,0
2026-01-02 07:55:00,PCS-01,378.50426523492484,-23.48743724338377,33.33407207886664,0
2026-01-02 08:00:00,PCS-01,374.72170586539255,-65.89356600754668,26.763974705703234,0
2026-01-02 08:05:00,PCS-01,383.6120799165005,52.14434281377419,23.19189660517527,0
2026-01-02 08:10:00,PCS-01,382.575066430719,-92.81264590116692,26.619138696607234,0
2026-01-02 08:15:00,PCS-01,380.2335650281986,74.04130521386583,29.35074144306507,0
2026-01-02 08:20:00,PCS-01,378.8343592063658,-1.6919561058780244,25.350108222398124,0
2026-01-02 08:25:00,PCS-01,377.55200448472203,-12.008714068253159,30.229951797133978,0
2026-01-02 08:30:00,PCS-01,380.4167372754617,-17.902558478901266,28.617031391762964,0
2026-01-02 08:35:00,PCS-01,381.9727935678173,-27.659708241935522,29.65251895780087,0
2026-01-02 08:40:00,PCS-01,378.8065744108748,42.7307217812622,29.84171163524159,0
2026-01-02 08:45:00,PCS-01,379.7662983503847,62.78784957412551,27.156810356945332,0
2026-01-02 08:50:00,PCS-01,379.7832135154663,-24.569942770443177,30.41738810250187,0
2026-01-02 08:55:00,PCS-01,384.1038629746171,-25.497291252179906,22.053284028722494,0
2026-01-02 09:00:00,PCS-01,383.34945886722716,-29.26030801012815,24.473105824577893,0
2026-01-02 09:05:00,PCS-01,378.9708648016617,-38.775328534821085,27.5995887964628,0
2026-01-02 09:10:00,PCS-01,384.2240340549708,7.6635494819660535,30.18484805506733,0
2026-01-02 09:15:00,PCS-01,378.5285808538621,14.003706346960254,24.486628893538718,0
2026-01-02 09:20:00,PCS-01,376.74189523343017,-13.976680019694337,29.50726447122122,0
2026-01-02 09:25:00,PCS-01,378.4713018502441,1.4442388775288424,31.42153531796888,0
2026-01-02 09:30:00,PCS-01,378.449603593749,19.103743058009965,24.431501393900234,0
2026-01-02 09:35:00,PCS-01,384.1687389310892,-113.20654163498833,27.011814382527284,0
2026-01-02 09:40:00,PCS-01,381.36924892921587,28.902159337176304,34.276485487716485,0
2026-01-02 09:45:00,PCS-01,382.3571232860286,54.09617726455221,29.61366427461097,0
2026-01-02 09:50:00,PCS-01,375.660744417683,31.603704510277595,25.75354839792541,0
2026-01-02 09:55:00,PCS-01,380.85628294201723,25.443256501596338,32.22708712812129,0
2026-01-02 10:00:00,PCS-01,375.1618330023261,-39.07865434016003,26.415588493171605,0
2026-01-02 10:05:00,PCS-01,377.51021022064305,-12.73543142671615,28.62407094970231,0
2026-01-02 10:10:00,PCS-01,381.34571174880847,-88.3374602437969,26.286898806459998,0
2026-01-02 10:15:00,PCS-01,378.3212939029328,-9.501173787967742,27.580641922914594,0
2026-01-02 10:20:00,PCS-01,383.38614770493604,-18.993993917351656,30.63518213916846,0
2026-01-02 10:25:00,PCS-01,377.9245614248532,-40.99709079821848,30.869551466928595,0
2026-01-02 10:30:00,PCS-01,371.2522488890979,8.225951742757962,34.401622361320086,0
2026-01-02 10:35:00,PCS-01,378.524532864929,49.67429927975482,27.310445812430263,0
2026-01-02 10:40:00,PCS-01,379.34396370648466,-3.731983152204254,27.580169430842762,0
2026-01-02 10:45:00,PCS-01,380.8676542116099,26.63065406469558,24.318032782006735,0
2026-01-02 10:50:00,PCS-01,376.9748681054455,36.59909929890628,33.78220722121444,0
2026-01-02 10:55:00,PCS-01,382.2992219828471,-31.81057710886051,31.22959286808726,0
2026-01-02 11:00:00,PCS-01,381.4631947461922,-31.15214027173627,28.441030429644133,0
2026-01-02 11:05:00,PCS-01,382.4612706211134,24.142083093599016,31.693460940531875,0
2026-01-02 11:10:00,PCS-01,383.1730371617043,19.384364666246,26.083516047343135,0
2026-01-02 11:15:00,PCS-01,379.6801426448756,-8.676700171887697,31.59011812700697,0
2026-01-02 11:20:00,PCS-01,382.48147288971904,36.28390891833799,21.845078771311346,0
2026-01-02 11:25:00,PCS-01,380.1344380803008,-1.766378750686719,21.92516032202508,0
2026-01-02 11:30:00,PCS-01,377.59161104687837,59.59116789116255,27.20536215504605,0
2026-01-02 11:35:00,PCS-01,382.1326700247743,-19.83617420707541,26.86740490892262,0
2026-01-02 11:40:00,PCS-01,379.6219546590381,-63.57966116096694,25.888527075760678,0
2026-01-02 11:45:00,PCS-01,377.2689507281182,-15.383963759867225,34.83343447899985,0
2026-01-02 11:50:00,PCS-01,378.2943109036652,-22.65389681238378,29.638450711857523,0
2026-01-02 11:55:00,PCS-01,378.5621894457936,15.395663396119826,26.82133164987676,0
2026-01-02 12:00:00,PCS-01,379.2879799228991,-6.209619002400986,30.71684320286881,0
2026-01-02 12:05:00,PCS-01,373.6065747114708,-28.820869008417592,23.09762805564998,0
2026-01-02 12:10:00,PCS-01,375.63453035508593,6.348228847461062,22.31188526849963,0
2026-01-02 12:15:00,PCS-01,378.81842598951954,20.70410820253491,31.028994920807836,0
2026-01-02 12:20:00,PCS-01,379.6037824821486,39.4843016824772,30.103258315728947,0
2026-01-02 12:25:00,PCS-01,377.78237756214327,-40.765736474739796,28.94494255532704,0
2026-01-02 12:30:00,PCS-01,383.17130620441327,-29.072818691884844,28.874453159376912,0
2026-01-02 12:35:00,PCS-01,377.2533183686668,10.790769992538232,24.046229840564802,0
2026-01-02 12:40:00,PCS-01,382.8208420653883,-24.08871798634303,26.050354205651466,0
2026-01-02 12:45:00,PCS-01,376.51490663743067,1.456653219624294,24.32632359949345,0
2026-01-02 12:50:00,PCS-01,378.0909834661813,14.444428608281703,26.90481479716246,0
2026-01-02 12:55:00,PCS-01,380.68820170633404,-34.57938640654008,29.10677611128719,0
2026-01-02 13:00:00,PCS-01,377.0743576000878,-60.727071897995074,27.04413430145687,0
2026-01-02 13:05:00,PCS-01,382.6278189896568,-0.13731339103628543,27.596437070144034,0
2026-01-02 13:10:00,PCS-01,376.2429355700062,-39.792787999271155,26.122893862901215,0
2026-01-02 13:15:00,PCS-01,379.84240850935635,41.81692990202205,25.263583260384898,0
2026-01-02 13:20:00,PCS-01,379.94365671120966,0.6563906649095108,24.32000165233088,0
2026-01-02 13:25:00,PCS-01,379.01618591802594,22.004697621260036,23.829803168164215,0
2026-01-02 13:30:00,PCS-01,381.3114675605443,-22.512247994392315,30.126088182399087,0
2026-01-02 13:35:00,PCS-01,378.0759594888293,6.002831602185409,28.47862097652302,0
2026-01-02 13:40:00,PCS-01,381.2508756472524,67.3602395759777,20.844452854124757,0
2026-01-02 13:45:00,PCS-01,379.09750191225044,20.032537315792286,28.835539937187836,0
2026-01-02 13:50:00,PCS-01,385.477900546295,19.14452066753191,25.43186942467829,0
2026-01-02 13:55:00,PCS-01,372.1951033780262,-8.94947550129469,31.01912092889432,0
2026-01-02 14:00:00,PCS-01,377.28717348560843,-7.615934519519218,30.167780433134844,0
2026-01-02 14:05:00,PCS-01,379.399451548097,-37.09818632606017,25.3932373369622,0
2026-01-02 14:10:00,PCS-01,381.5837496743111,28.87299621695222,26.42998233324595,0
2026-01-02 14:15:00,PCS-01,381.9884440364422,-18.298516543196552,27.45893179401569,0
2026-01-02 14:20:00,PCS-01,381.65624892802435,-42.737192994306724,31.33360551971081,0
2026-01-02 14:25:00,PCS-01,381.0856841494527,14.05414068926201,32.99682267662332,0
2026-01-02 14:30:00,PCS-01,381.901009538216,-27.632702486989835,31.998909533907216,0
2026-01-02 14:35:00,PCS-01,384.99649082350845,-29.65855989541275,26.34047180016446,0
2026-01-02 14:40:00,PCS-01,376.84931868802124,-47.15868740492606,30.795691391131367,0
2026-01-02 14:45:00,PCS-01,378.60663561939793,-9.716797836892122,31.36471970053984,0
2026-01-02 14:50:00,PCS-01,378.10117156433824,-8.41905362830108,28.59586762408109,0
2026-01-02 14:55:00,PCS-01,383.8600098194348,-54.30139003845528,27.09219800567629,0
2026-01-02 15:00:00,PCS-01,376.4027013160711,33.193253761782465,31.882055795395104,0
2026-01-02 15:05:00,PCS-01,383.30718375196324,-6.2476587487299575,32.15129213134015,0
2026-01-02 15:10:00,PCS-01,384.4165045049437,22.253545245759263,29.06717755147449,0
2026-01-02 15:15:00,PCS-01,382.3917605438855,-34.85550280539235,29.035916109455094,0
2026-01-02 15:20:00,PCS-01,381.4804395513206,-45.142249132640956,26.55104307412894,0
2026-01-02 15:25:00,PCS-01,381.7019510898518,19.627995916497355,28.96754073270726,0
2026-01-02 15:30:00,PCS-01,378.503659588328,-5.601615941744122,25.80326957367879,0
2026-01-02 15:35:00,PCS-01,379.4800554400679,-40.98588612134521,29.130143448991333,0
2026-01-02 15:40:00,PCS-01,380.18254954277774,14.383963970860329,25.17138054866046,0
2026-01-02 15:45:00,PCS-01,375.99460363033427,-56.85512965566774,24.696730531889944,0
2026-01-02 15:50:00,PCS-01,379.61204814488644,54.187908116968735,25.996659058823443,0
2026-01-02 15:55:00,PCS-01,383.32350216465096,39.901224981939635,32.012694284376245,0
2026-01-02 16:00:00,PCS-01,379.37920320222867,-30.615733833555684,27.851273745749197,0
2026-01-02 16:05:00,PCS-01,375.19458430022445,30.08323586277738,29.694000570237197,0
2026-01-02 16:10:00,PCS-01,381.93915166014904,7.835202331939831,25.67848315730881,0
2026-01-02 16:15:00,PCS-01,380.0065929747046,-31.850368813266027,30.240669873489125,0
2026-01-02 16:20:00,PCS-01,379.6241717405587,-70.25104307480069,32.69962707295474,0
2026-01-02 16:25:00,PCS-01,375.17878539505296,-9.322371264007206,34.221166624416306,0
2026-01-02 16:30:00,PCS-01,380.0456773818731,-53.57762236479972,31.288136280128747,0
2026-01-02 16:35:00,PCS-01,380.1784085348511,-9.92182070585276,29.264307784823316,0
2026-01-02 16:40:00,PCS-01,379.2341283333927,-40.51847577532038,31.76455402301644,0
2026-01-02 16:45:00,PCS-01,382.4183963945431,-20.64055340883587,29.911889456800566,0
2026-01-02 16:50:00,PCS-01,383.55798201048805,-42.850764730182355,26.179326154728482,0
2026-01-02 16:55:00,PCS-01,382.9207292003943,32.33304401679535,26.37208032185897,0
2026-01-02 17:00:00,PCS-01,373.2760178625095,-29.10584864728198,29.576137234311307,0
2026-01-02 17:05:00,PCS-01,373.65328608196165,-14.155894769124451,26.040176325712007,0
2026-01-02 17:10:00,PCS-01,379.48071282143746,13.490480190142456,20.59527637689828,0
2026-01-02 17:15:00,PCS-01,379.8429709349951,-20.828164967144804,25.893211415295145,0
2026-01-02 17:20:00,PCS-01,379.0427290193525,0.24061922306066374,24.901406697899713,0
2026-01-02 17:25:00,PCS-01,383.26982966922054,-41.80339893585435,24.760324675719417,0
2026-01-02 17:30:00,PCS-01,376.5407295900194,8.820542654121715,28.287600116194742,0
2026-01-02 17:35:00,PCS-01,382.5272064542386,-59.738156379701664,25.564096965675443,0
2026-01-02 17:40:00,PCS-01,378.2110613339318,13.972819341998438,30.013668181314923,0
2026-01-02 17:45:00,PCS-01,381.21406946386867,16.522588517066076,30.47478848521254,0
2026-01-02 17:50:00,PCS-01,381.93715502622626,-19.207556929482365,28.328349644246135,0
2026-01-02 17:55:00,PCS-01,377.2069758824895,2.480066964555158,27.23576859530736,0
2026-01-02 18:00:00,PCS-01,382.82131048441454,-86.5416693751448,30.04238078549567,0
2026-01-02 18:05:00,PCS-01,384.9389278170215,-95.55771761614469,28.211333055390938,0
2026-01-02 18:10:00,PCS-01,381.3302278077321,26.776929993677335,29.426860569070847,0
2026-01-02 18:15:00,PCS-01,380.41610979254034,20.943651460132134,23.835354130484127,0
2026-01-02 18:20:00,PCS-01,380.5367241650138,33.453317074460486,32.04420959552321,0
2026-01-02 18:25:00,PCS-01,382.7754240735768,-37.15492254247094,30.646329415398927,0
2026-01-02 18:30:00,PCS-01,379.37683302751327,-73.04506669239254,28.879059080506476,0
2026-01-02 18:35:00,PCS-01,377.2150467965533,-26.99947911171435,23.158275188682225,0
2026-01-02 18:40:00,PCS-01,372.42709098596964,-39.24341543183047,28.26367476523004,0
2026-01-02 18:45:00,PCS-01,375.8853139829128,-38.889352041082155,27.691577480683993,0
2026-01-02 18:50:00,PCS-01,385.9725822036285,-63.19793756622449,24.89827649888506,0
2026-01-02 18:55:00,PCS-01,381.57309153912286,48.27880404261102,29.405919954541503,0
2026-01-02 19:00:00,PCS-01,380.13891713489886,-61.26462479243311,31.425560615691893,0
2026-01-02 19:05:00,PCS-01,384.63218587706956,-14.353314513494722,21.482776246058133,0
2026-01-02 19:10:00,PCS-01,380.8859974317286,-12.510649405685871,28.703327735788466,0
2026-01-02 19:15:00,PCS-01,382.76254597351755,73.15093312117537,27.51743688931653,0
2026-01-02 19:20:00,PCS-01,372.34605040824016,-56.99862373585078,28.064358651943877,0
2026-01-02 19:25:00,PCS-01,377.71207304843415,-2.3213885148729267,34.386272245155254,0
2026-01-02 19:30:00,PCS-01,383.50905357698934,-1.9096642493066265,27.197046292612995,0
2026-01-02 19:35:00,PCS-01,379.94725433468386,4.158372609801646,27.476782732340652,0
2026-01-02 19:40:00,PCS-01,381.3725579445622,-31.943896765648795,29.21035580640696,0
2026-01-02 19:45:00,PCS-01,382.0070950310182,-59.28740474317121,27.97241987455856,0
2026-01-02 19:50:00,PCS-01,378.1761904521068,17.586648351811057,25.38086516920621,0
2026-01-02 19:55:00,PCS-01,379.45336644666713,-10.34730148671497,23.331656765771402,0
2026-01-02 20:00:00,PCS-01,382.62998426642486,-26.71625627785162,28.7743123562568,0
2026-01-02 20:05:00,PCS-01,380.73313842208955,-28.417718394373793,30.297605253783477,0
2026-01-02 20:10:00,PCS-01,382.3036773371503,45.46456719280336,30.4288359212479,0
2026-01-02 20:15:00,PCS-01,380.3826294491533,-51.4512893887802,27.39758334165977,0
2026-01-02 20:20:00,PCS-01,373.2133953189695,1.25385211012741,30.033129768012486,0
2026-01-02 20:25:00,PCS-01,379.8337155011398,-0.39822791486717146,23.032967145114434,0
2026-01-02 20:30:00,PCS-01,381.08540912893585,13.55135001226915,25.84187956809488,0
2026-01-02 20:35:00,PCS-01,380.6992440590647,74.33523052003909,29.13926315590179,0
2026-01-02 20:40:00,PCS-01,378.4101622077844,14.425309105998972,31.01137883416024,0
2026-01-02 20:45:00,PCS-01,381.77475743025605,16.33010889916355,27.94291787702693,0
2026-01-02 20:50:00,PCS-01,380.4140185560269,9.354104568153293,28.259477511888207,0
2026-01-02 20:55:00,PCS-01,384.85611867331,-0.7010805959477785,32.16701688695389,0
2026-01-02 21:00:00,PCS-01,378.22021365358734,13.318548120002582,24.00162412208634,0
2026-01-02 21:05:00,PCS-01,380.82003687934804,-41.40487602162466,29.346917597777754,0
2026-01-02 21:10:00,PCS-01,376.5413402569179,-55.120533108905875,27.264139872842982,0
2026-01-02 21:15:00,PCS-01,384.5896743351123,8.631191598886861,26.970988432716766,0
2026-01-02 21:20:00,PCS-01,379.57069237161227,26.663906879597196,28.805073739839827,0
2026-01-02 21:25:00,PCS-01,383.43404177717804,-87.25667586042584,20.55769621775572,0
2026-01-02 21:30:00,PCS-01,376.3286497023444,18.95730177233353,31.403202403273628,0
2026-01-02 21:35:00,PCS-01,376.6070645833817,-32.778601684639945,29.416744128191038,0
2026-01-02 21:40:00,PCS-01,377.6943632467958,6.747144103384381,22.885101304881907,0
2026-01-02 21:45:00,PCS-01,381.5557789884806,19.43387386537446,27.911692362598014,0
2026-01-02 21:50:00,PCS-01,385.1278342610554,7.955235580092287,25.478549650079927,0
2026-01-02 21:55:00,PCS-01,381.3433673151399,-33.45559984911929,24.97219655205553,0
2026-01-02 22:00:00,PCS-01,379.58924170287054,-16.117744347064008,27.371400351365903,0
2026-01-02 22:05:00,PCS-01,381.0966811051194,-27.875849853439245,33.847313451468864,0
2026-01-02 22:10:00,PCS-01,386.75038720150826,-51.52238335185278,31.86763461180594,0
2026-01-02 22:15:00,PCS-01,379.3896542229003,15.340558127933976,27.13585365796382,0
2026-01-02 22:20:00,PCS-01,381.4013457059058,-41.227267153602504,26.261940548053584,0
2026-01-02 22:25:00,PCS-01,373.1230603438729,31.447517645750928,26.955582036187597,0
2026-01-02 22:30:00,PCS-01,382.42729067622247,14.219240293523532,32.378261103882565,0
2026-01-02 22:35:00,PCS-01,379.94094013935586,-8.232918947103808,26.524658014400842,0
2026-01-02 22:40:00,PCS-01,381.0635501123488,64.83791648687284,24.595739565910357,0
2026-01-02 22:45:00,PCS-01,385.34650249521957,-5.132470485097079,28.765129387909163,0
2026-01-02 22:50:00,PCS-01,377.07300850106066,-0.8906515977183629,33.02764605526645,0
2026-01-02 22:55:00,PCS-01,383.0590569909354,-17.986783133928487,28.581246394214215,0
2026-01-02 23:00:00,PCS-01,377.3447832227104,-20.48395035598031,26.95897617646935,0
2026-01-02 23:05:00,PCS-01,376.09670120182574,-10.07493655075061,29.799929868219902,0
2026-01-02 23:10:00,PCS-01,382.2919062093859,9.310673422367934,26.43226160136064,0
2026-01-02 23:15:00,PCS-01,377.10907878857597,14.49435823401121,28.197020299045928,0
2026-01-02 23:20:00,PCS-01,372.4690873363402,4.983555138936003,25.135335971916195,0
2026-01-02 23:25:00,PCS-01,381.73059841277643,-11.353634836816756,30.88362066420443,0
2026-01-02 23:30:00,PCS-01,375.93196574025757,-85.55495261598489,33.48845236614296,0
2026-01-02 23:35:00,PCS-01,375.5073519164277,19.324845079392844,32.760445739626846,0
2026-01-02 23:40:00,PCS-01,381.5896087573991,-26.228197419603767,29.273974043631906,0
2026-01-02 23:45:00,PCS-01,383.86747241016576,-35.498148724601336,28.915691598835124,0
2026-01-02 23:50:00,PCS-01,375.15075420412325,11.584140329950943,28.425192800441984,0
2026-01-02 23:55:00,PCS-01,378.54752738708316,-0.7023299906558138,30.89612023248683,0
2026-01-03 00:00:00,PCS-01,384.09384355853973,4.229988389189972,23.82729831645943,0
2026-01-03 00:05:00,PCS-01,383.9244857723854,9.209846734667439,31.9698694174311,0
2026-01-03 00:10:00,PCS-01,381.3411683537955,17.453623964594314,31.23323217552208,0
2026-01-03 00:15:00,PCS-01,377.0238601283125,-92.78138236461884,27.370873753397404,0
2026-01-03 00:20:00,PCS-01,377.86780124397603,-40.528847023909556,23.878380028404912,0
2026-01-03 00:25:00,PCS-01,381.90069565996373,55.519557912665846,24.749844312168513,0
2026-01-03 00:30:00,PCS-01,382.15517237698174,-3.0955457182716533,27.392490693022534,0
2026-01-03 00:35:00,PCS-01,372.48817713715306,37.53420897049182,23.935497051428335,0
2026-01-03 00:40:00,PCS-01,378.1220822398771,16.998999740297535,23.558287866250957,0
2026-01-03 00:45:00,PCS-01,380.6901711121633,21.11077649040989,30.14670328371579,0
2026-01-03 00:50:00,PCS-01,375.4764006360393,49.73498606360074,29.121853418090573,0
2026-01-03 00:55:00,PCS-01,376.6040765976465,3.932244110766907,25.084401659644122,0
2026-01-03 01:00:00,PCS-01,379.15521567350413,-0.8610534789050042,30.942103926489025,0
2026-01-03 01:05:00,PCS-01,382.0193518803828,18.563637276754378,33.035384026937336,0
2026-01-03 01:10:00,PCS-01,375.216028612671,7.902731366614165,25.638641469145032,0
2026-01-03 01:15:00,PCS-01,381.0336184655904,-25.25969843347099,29.4804012810209,0
2026-01-03 01:20:00,PCS-01,378.927431614324,68.50583222980775,27.54144308409194,0
2026-01-03 01:25:00,PCS-01,382.2262559565225,-10.223703418846014,26.086276059091094,0
2026-01-03 01:30:00,PCS-01,375.49894227825956,4.511485280830762,26.647541412787252,0
2026-01-03 01:35:00,PCS-01,375.2569733121101,51.04985793225205,29.534953742420125,0
2026-01-03 01:40:00,PCS-01,377.567904676924,-24.323900028361997,27.19080472696339,0
2026-01-03 01:45:00,PCS-01,383.702407305434,37.6279660611684,21.677439599848032,0
2026-01-03 01:50:00,PCS-01,378.16141099796374,33.22103613302736,25.76243422719849,0
2026-01-03 01:55:00,PCS-01,381.9794408933888,4.852210925816269,27.811666668253636,0
2026-01-03 02:00:00,PCS-01,379.4266909931294,-14.818304791150945,27.781185423685674,0
2026-01-03 02:05:00,PCS-01,378.1418146676829,81.06184762057843,27.597117605907425,0
2026-01-03 02:10:00,PCS-01,383.4717910866537,-55.143246654294,24.779802759182285,0
2026-01-03 02:15:00,PCS-01,382.14045886517783,-1.4860493736036702,24.426412270517698,0
2026-01-03 02:20:00,PCS-01,379.182924378933,61.658043052324565,24.87424548949737,0
2026-01-03 02:25:00,PCS-01,380.71250676518616,-9.802759336567584,30.022104533532357,0
2026-01-03 02:30:00,PCS-01,380.13902331302984,36.1668048294269,28.411592427710744,0
2026-01-03 02:35:00,PCS-01,381.6142750997214,-55.88038583729168,32.99197159628309,0
2026-01-03 02:40:00,PCS-01,377.59422865661264,7.2507326875868285,28.771426967498346,0
2026-01-03 02:45:00,PCS-01,374.93482073909223,-31.788411719133265,30.607941675503632,0
2026-01-03 02:50:00,PCS-01,377.97071854649397,65.1765558395052,30.423752397389315,0
2026-01-03 02:55:00,PCS-01,374.96481787487704,29.788296131700736,26.394716702883454,0
2026-01-03 03:00:00,PCS-01,377.7227669862223,-19.412782104109162,28.264327485821685,0
2026-01-03 03:05:00,PCS-01,383.9803636030162,36.95346803342625,26.938411391529208,0
2026-01-03 03:10:00,PCS-01,376.82884801434614,1.054999387652589,31.09579821054443,0
2026-01-03 03:15:00,PCS-01,380.1012386557826,20.304996685053784,30.99494971175374,0
2026-01-03 03:20:00,PCS-01,381.55379205001026,-18.86190918850756,30.223113347123352,0
2026-01-03 03:25:00,PCS-01,376.0423447839844,35.537208202959235,31.366753281498752,0
2026-01-03 03:30:00,PCS-01,380.1796555605378,29.487973697551972,26.463682257717892,0
2026-01-03 03:35:00,PCS-01,379.30796775599606,49.526181424329025,28.209795517256325,0
2026-01-03 03:40:00,PCS-01,377.9881963809956,-15.565059465289488,29.96234962738547,0
2026-01-03 03:45:00,PCS-01,382.56075102414997,-42.68095589223268,24.056840136247896,0
2026-01-03 03:50:00,PCS-01,379.48859159596657,-22.968162128751082,26.42534478983824,0
2026-01-03 03:55:00,PCS-01,378.68796738633586,29.51551114841132,26.581521093242326,0
2026-01-03 04:00:00,PCS-01,381.95001809205183,-46.44217114822244,28.410798103883106,0
2026-01-03 04:05:00,PCS-01,378.93462355426067,5.542373683654176,24.90714986816456,0
2026-01-03 04:10:00,PCS-01,382.1549086100916,-10.49393305275552,28.41984539592076,0
2026-01-03 04:15:00,PCS-01,379.74539332003917,-91.09449779180426,26.99909038529796,0
2026-01-03 04:20:00,PCS-01,383.8272220373843,33.494745737610934,29.271820213378412,0
2026-01-03 04:25:00,PCS-01,380.75653553973586,25.914051122329553,23.156412218468677,0
2026-01-03 04:30:00,PCS-01,377.89603636271744,40.001105810979624,29.574459139534483,0
2026-01-03 04:35:00,PCS-01,379.39417769608457,-25.871171969029877,26.30428419946225,0
2026-01-03 04:40:00,PCS-01,382.2761911348197,33.48260332119159,26.020941038938453,0
2026-01-03 04:45:00,PCS-01,380.3115664122706,-34.90661515761367,26.269451070735688,0
2026-01-03 04:50:00,PCS-01,383.28734339880725,57.784332275660205,30.39258036180203,0
2026-01-03 04:55:00,PCS-01,381.6816831621434,48.72977646129748,24.88347640080283,0
2026-01-03 05:00:00,PCS-01,379.36655879091865,-28.39468532243082,26.718730742574074,0
2026-01-03 05:05:00,PCS-01,377.9571015960269,-5.287593126767187,29.416898515324164,0
2026-01-03 05:10:00,PCS-01,379.59443636910896,-96.6010867117697,25.400503022246415,0
2026-01-03 05:15:00,PCS-01,378.68647541552536,-0.24069497561606934,30.12112870558962,0
2026-01-03 05:20:00,PCS-01,379.3098781063305,-9.005200072488677,27.32258564556554,0
2026-01-03 05:25:00,PCS-01,378.43892298800495,65.716277842852,30.26516458089886,0
2026-01-03 05:30:00,PCS-01,384.7794654168208,-50.49610341519453,30.7581535365448,0
2026-01-03 05:35:00,PCS-01,384.1380420518194,-67.9238751340628,28.615514721433726,0
2026-01-03 05:40:00,PCS-01,378.30481189621514,60.47048927119334,33.707383674267206,0
2026-01-03 05:45:00,PCS-01,382.36418480615964,-6.6367732522136595,25.71289890438727,0
2026-01-03 05:50:00,PCS-01,377.2560764897739,27.71283687324933,28.45311453301826,0
2026-01-03 05:55:00,PCS-01,379.2036313260367,-5.305177100725854,28.88760174109879,0
2026-01-03 06:00:00,PCS-01,378.56229445624535,45.565115492864486,24.51396679327775,0
2026-01-03 06:05:00,PCS-01,382.5328661147187,61.97568937567805,28.896040602829686,0
2026-01-03 06:10:00,PCS-01,375.8335323043583,62.55987932792489,30.667559555653625,0
2026-01-03 06:15:00,PCS-01,376.9492766205589,-32.550329646738156,27.490608040882446,0
2026-01-03 06:20:00,PCS-01,380.40761867294924,-72.17978639669448,25.896218900414702,0
2026-01-03 06:25:00,PCS-01,377.4884436319034,39.941588430199914,29.34019455547097,0
2026-01-03 06:30:00,PCS-01,379.29944251596487,23.23510558216268,27.435021410044826,0
2026-01-03 06:35:00,PCS-01,374.91716544838073,6.584182917573188,29.724026582688712,0
2026-01-03 06:40:00,PCS-01,380.54675150795697,20.394313265506632,31.864047187008055,0
2026-01-03 06:45:00,PCS-01,384.035096156474,-36.53222453731457,25.519256105119492,0
2026-01-03 06:50:00,PCS-01,381.664379171819,87.04833777855447,24.041689865508992,0
2026-01-03 06:55:00,PCS-01,383.61173119015496,-18.757356316833764,27.567534341498533,0
2026-01-03 07:00:00,PCS-01,380.17609209270074,43.03113528283912,33.098230793878635,0
2026-01-03 07:05:00,PCS-01,382.99584596594804,-99.57854758915039,25.58198208701327,0
2026-01-03 07:10:00,PCS-01,378.6763734350814,17.035865395399924,29.871367626829418,0
2026-01-03 07:15:00,PCS-01,381.6267334132426,-23.74593877074339,28.091953843837807,0
2026-01-03 07:20:00,PCS-01,376.9054233955463,30.170305946080354,29.52745947039266,0
2026-01-03 07:25:00,PCS-01,378.3742870984808,-13.319742851332471,26.15541409549207,0
2026-01-03 07:30:00,PCS-01,377.79129992839194,28.746907770903274,30.440128174114154,0
2026-01-03 07:35:00,PCS-01,378.6168569171169,10.5633393804403,25.811375995295936,0
2026-01-03 07:40:00,PCS-01,375.48612901179456,8.13934272615397,27.81439392676211,0
2026-01-03 07:45:00,PCS-01,374.48986382442746,48.311773508830555,29.2286766586214,0
2026-01-03 07:50:00,PCS-01,380.9337613181296,-63.5377077294453,27.455590980026052,0
2026-01-03 07:55:00,PCS-01,382.7038491987819,93.16830502883164,33.68953831709538,0
2026-01-03 08:00:00,PCS-01,380.42161258247523,-11.456614375901301,28.005475212529316,0
2026-01-03 08:05:00,PCS-01,378.2587125817884,-10.514618312084327,28.881432462143817,0
2026-01-03 08:10:00,PCS-01,380.5550207910749,14.456320576571365,23.90095115771745,0
2026-01-03 08:15:00,PCS-01,384.9124811848581,-25.738895753572727,31.854781022636487,0
2026-01-03 08:20:00,PCS-01,386.5009043977668,1.2840705731845548,29.736909834891577,0
2026-01-03 08:25:00,PCS-01,387.0058828925397,70.13866846818505,32.829376061150306,0
2026-01-03 08:30:00,PCS-01,382.517034999352,-18.72552869927868,26.872650368752403,0
2026-01-03 08:35:00,PCS-01,378.05773849971837,-15.980938379208226,28.861005425308146,0
2026-01-03 08:40:00,PCS-01,382.40208036076183,6.445638542490169,28.398108086327046,0
2026-01-03 08:45:00,PCS-01,384.4813782922027,14.076738475443955,22.43995432541921,0
2026-01-03 08:50:00,PCS-01,383.12594560156975,-25.809667866276875,25.091800747373323,0
2026-01-03 08:55:00,PCS-01,375.5632814031217,-11.688182034863273,30.102129757325773,0
2026-01-03 09:00:00,PCS-01,377.5114345079284,-33.2416238862878,29.563632808240367,0
2026-01-03 09:05:00,PCS-01,376.48596243888096,28.4848834419695,25.643267819980746,0
2026-01-03 09:10:00,PCS-01,374.4273555987042,36.363813451405925,29.04907702563306,0
2026-01-03 09:15:00,PCS-01,382.5059426504445,-14.82874762034931,23.485995398335675,0
2026-01-03 09:20:00,PCS-01,380.4677290387689,-12.389991344056705,27.11639704023607,0
2026-01-03 09:25:00,PCS-01,380.51422278284474,-12.75319919963109,31.682980554169028,0
2026-01-03 09:30:00,PCS-01,378.99344285315647,-51.42892328404226,30.93003450109609,0
2026-01-03 09:35:00,PCS-01,381.2133642473438,-60.096317453862795,25.8403534451562,0
2026-01-03 09:40:00,PCS-01,378.6769653377273,7.790277578271314,31.517562899716527,0
2026-01-03 09:45:00,PCS-01,376.6650067457246,-61.96341395136922,31.0881315244943,0
2026-01-03 09:50:00,PCS-01,377.9444458985278,2.8710959689531634,28.965338413556044,0
2026-01-03 09:55:00,PCS-01,376.6054196916306,61.681734655887965,28.316696061953493,0
2026-01-03 10:00:00,PCS-01,380.29637163673164,-0.27867025184258815,23.120683589918208,0
2026-01-03 10:05:00,PCS-01,380.3100811078605,-2.2327120910893226,23.40286042258257,0
2026-01-03 10:10:00,PCS-01,380.4961010448615,-16.25111561596799,28.813470368559926,0
2026-01-03 10:15:00,PCS-01,382.5465490358138,-32.50698032539858,28.703171097228303,0
2026-01-03 10:20:00,PCS-01,383.6292771482013,103.97356226566046,28.007047915404122,0
2026-01-03 10:25:00,PCS-01,384.0570197064293,57.195106501261435,25.679923220214313,0
2026-01-03 10:30:00,PCS-01,388.96493735271434,-64.29235936898856,32.25314073676842,0
2026-01-03 10:35:00,PCS-01,378.30149072261383,0.15743839423870767,24.14848156156798,0
2026-01-03 10:40:00,PCS-01,385.40862381139357,18.864221597069545,31.769495673311624,0
2026-01-03 10:45:00,PCS-01,384.7304650342803,-26.035371881099184,24.668522352916746,0
2026-01-03 10:50:00,PCS-01,382.69020459100955,-12.152272240582771,26.901712439253647,0
2026-01-03 10:55:00,PCS-01,377.2093484071789,6.56972517499682,30.61715812657436,0
2026-01-03 11:00:00,PCS-01,383.22552759588484,68.05066121383214,29.827307237369617,0
2026-01-03 11:05:00,PCS-01,383.71464513427924,-15.006275923594966,31.415261717117932,0
2026-01-03 11:10:00,PCS-01,373.7806274521081,17.81648279779413,28.418371960781272,0
2026-01-03 11:15:00,PCS-01,381.8214329685272,63.640210784265896,28.054106159034593,0
2026-01-03 11:20:00,PCS-01,380.21788079369077,-55.847031930622975,26.504744115250645,0
2026-01-03 11:25:00,PCS-01,383.4226765293812,-43.888699466595455,28.348100271536687,0
2026-01-03 11:30:00,PCS-01,380.27179397657676,-30.65471212776258,26.308675627876408,0
2026-01-03 11:35:00,PCS-01,379.21226988658606,-42.72923133141195,24.576284298842527,0
2026-01-03 11:40:00,PCS-01,377.78969909976007,-0.15343582325890778,26.061836277888847,0
2026-01-03 11:45:00,PCS-01,382.2192382716337,3.3830421600395693,21.15385843540851,0
2026-01-03 11:50:00,PCS-01,379.9221334760429,10.105791862337528,22.348577258590257,0
2026-01-03 11:55:00,PCS-01,384.0326095164685,4.5109252673458275,25.999851835040012,0
2026-01-03 12:00:00,PCS-01,381.74763317138667,31.83543945899743,31.38344606244405,0
2026-01-03 12:05:00,PCS-01,375.8043424797216,-9.965440854457857,30.161280383630466,0
2026-01-03 12:10:00,PCS-01,379.5249603244391,61.291043387361896,26.90379733456831,0
2026-01-03 12:15:00,PCS-01,377.76011875365344,105.81827939116567,30.015281197019323,0
2026-01-03 12:20:00,PCS-01,381.79128582707455,-3.190351797883992,30.3614860515383,0
2026-01-03 12:25:00,PCS-01,380.39407219227513,-20.34926998031963,33.093726253659945,0
2026-01-03 12:30:00,PCS-01,382.60057491629885,86.89646409933889,29.810406936338246,0
2026-01-03 12:35:00,PCS-01,379.1130450043917,34.26903155279731,26.392060640984305,0
2026-01-03 12:40:00,PCS-01,383.31657956453586,40.63227405986788,24.98812576726265,0
2026-01-03 12:45:00,PCS-01,378.62026462642257,-12.858436889516454,28.694855346268994,0
2026-01-03 12:50:00,PCS-01,380.4755805862898,-1.487099120648283,27.75908752157409,0
2026-01-03 12:55:00,PCS-01,377.61415262089525,46.705960461523446,26.841868214638545,0
2026-01-03 13:00:00,PCS-01,376.9668907869357,-1.5879069434196516,23.814598361640538,0
2026-01-03 13:05:00,PCS-01,383.407652690044,-31.45438345053116,32.11738825651194,0
2026-01-03 13:10:00,PCS-01,375.27293914015155,-21.666536622079317,33.52362373543562,0
2026-01-03 13:15:00,PCS-01,383.51897067510214,35.76808491002482,27.757722847920604,0
2026-01-03 13:20:00,PCS-01,374.49266540038866,-16.475949647449934,31.097791048069276,0
2026-01-03 13:25:00,PCS-01,379.94444963856904,14.475606417310393,24.612013337754956,0
2026-01-03 13:30:00,PCS-01,380.56363983349974,64.10283352127165,30.329094520636488,0
2026-01-03 13:35:00,PCS-01,384.5967886965544,0.7378479609112344,25.26312233521112,0
2026-01-03 13:40:00,PCS-01,379.7633411764957,-43.34394115782982,28.015386215890473,0
2026-01-03 13:45:00,PCS-01,383.3172580272329,16.61212101393902,27.738033501700464,0
2026-01-03 13:50:00,PCS-01,380.8134527426565,13.857400372619606,28.384307127307082,0
2026-01-03 13:55:00,PCS-01,384.01081739398444,-15.566995525002499,27.729639241822742,0
2026-01-03 14:00:00,PCS-01,377.7740688913078,57.29100265464947,25.337191701858984,0
2026-01-03 14:05:00,PCS-01,380.7416192257585,6.183290328160948,38.03718005964798,0
2026-01-03 14:10:00,PCS-01,380.58252306955046,25.474996079038323,23.492846332720625,0
2026-01-03 14:15:00,PCS-01,377.33266089444993,-5.492552778521126,26.902531411996577,0
2026-01-03 14:20:00,PCS-01,381.62782484353846,49.409212130015376,27.76311398393435,0
2026-01-03 14:25:00,PCS-01,377.72607719848924,-60.27496090065171,29.78394739454968,0
2026-01-03 14:30:00,PCS-01,379.14456156678665,12.852745824927789,26.737054334356486,0
2026-01-03 14:35:00,PCS-01,377.3702304463344,-50.07348101239608,23.62814300693508,0
2026-01-03 14:40:00,PCS-01,380.6590620917868,-56.67022414193638,24.13617053195298,0
2026-01-03 14:45:00,PCS-01,377.81443512242157,-49.596094556038814,28.81225800733355,0
2026-01-03 14:50:00,PCS-01,381.024322699019,-1.9694519861182502,23.69049442727034,0
2026-01-03 14:55:00,PCS-01,378.62944540006634,6.8129012302603575,23.806563647009416,0
2026-01-03 15:00:00,PCS-01,381.03504513941914,60.872408121330615,27.836359041141055,0
2026-01-03 15:05:00,PCS-01,379.0119216697582,4.09692656094238,34.73735759197382,0
2026-01-03 15:10:00,PCS-01,377.08473563941476,0.4727271916150738,32.05298441053309,0
2026-01-03 15:15:00,PCS-01,379.6846017849354,-14.802695335577159,25.20418644001367,0
2026-01-03 15:20:00,PCS-01,377.71969492509197,-26.654022758650925,31.178973344070357,0
2026-01-03 15:25:00,PCS-01,382.65934595600675,-45.9638652244223,24.85696043545144,0
2026-01-03 15:30:00,PCS-01,377.9735659977778,-61.33069558393673,23.7569621533832,0
2026-01-03 15:35:00,PCS-01,378.8607228022321,-76.90673829241804,32.16744987220274,0
2026-01-03 15:40:00,PCS-01,384.13935876236053,26.01623229170321,23.504310929337652,0
2026-01-03 15:45:00,PCS-01,378.04270083540104,51.87224347602702,33.740377540512476,0
2026-01-03 15:50:00,PCS-01,378.2643060342332,35.95653725340163,27.449932177614837,0
2026-01-03 15:55:00,PCS-01,375.7590790205466,-93.48627486295692,29.273070483308665,0
2026-01-03 16:00:00,PCS-01,374.31549121254267,19.803248003837812,31.941002785396982,0
2026-01-03 16:05:00,PCS-01,378.7288010094915,-20.963802323897518,32.27040336561079,0
2026-01-03 16:10:00,PCS-01,376.45167595310477,20.049986183142366,29.666716795318813,0
2026-01-03 16:15:00,PCS-01,384.86865563563543,-11.521185058072517,29.35100413722191,0
2026-01-03 16:20:00,PCS-01,383.6104793708309,26.52769876311027,25.677891351533297,0
2026-01-03 16:25:00,PCS-01,379.78859939668047,13.286895095904525,29.955263673515496,0
2026-01-03 16:30:00,PCS-01,373.74121925387084,26.448126647663766,29.72884463392462,0
2026-01-03 16:35:00,PCS-01,381.7196919540056,17.906395033094185,29.911892447877378,0
2026-01-03 16:40:00,PCS-01,384.50455174480305,57.97031044649293,32.21836981533974,0
2026-01-03 16:45:00,PCS-01,380.1219216849659,-60.13482973254625,23.06872993906197,0
2026-01-03 16:50:00,PCS-01,381.0101922164752,-0.6694676889192617,28.215306744197417,0
2026-01-03 16:55:00,PCS-01,377.86389543546494,-23.310716217150613,24.200483225686817,0
2026-01-03 17:00:00,PCS-01,379.71053712923566,24.749740043229774,28.864080197394873,0
2026-01-03 17:05:00,PCS-01,378.6428329609864,-116.49572870517184,25.825673184158216,0
2026-01-03 17:10:00,PCS-01,374.35268975783805,-32.86569225748085,26.331828323902663,0
2026-01-03 17:15:00,PCS-01,381.9305248604913,-22.715755062677054,22.41331410378764,0
2026-01-03 17:20:00,PCS-01,383.8930580730616,50.37174425710432,28.71736514666432,0
2026-01-03 17:25:00,PCS-01,381.954067368127,-13.322682119228313,33.4618028955297,0
2026-01-03 17:30:00,PCS-01,375.4055928506665,-58.58264983024628,30.058034507549692,0
2026-01-03 17:35:00,PCS-01,380.2953693838893,13.361052080010365,32.31395267799006,0
2026-01-03 17:40:00,PCS-01,378.56838597558556,-73.29334335524022,26.930533069521328,0
2026-01-03 17:45:00,PCS-01,378.07837798540135,55.55833075968866,28.357849327037307,0
2026-01-03 17:50:00,PCS-01,377.1621463224262,-3.822798951389629,24.499827562703306,0
2026-01-03 17:55:00,PCS-01,374.5446951248152,-15.251600871161147,31.271641204479863,0
2026-01-03 18:00:00,PCS-01,376.1331358706832,32.83645781569495,24.716082905592586,0
2026-01-03 18:05:00,PCS-01,379.1514984174173,10.090313848855871,32.429738241205605,0
2026-01-03 18:10:00,PCS-01,378.1663211282066,24.804650309456832,29.669800874480924,0
2026-01-03 18:15:00,PCS-01,385.66794938951836,-27.542655335242046,29.929865437873868,0
2026-01-03 18:20:00,PCS-01,378.8311843686832,-3.603144139789225,27.98038942733874,0
2026-01-03 18:25:00,PCS-01,384.1487880770652,-46.718458880110475,31.246794266307848,0
2026-01-03 18:30:00,PCS-01,376.289165142683,-22.22553534597342,26.127552304150846,0
2026-01-03 18:35:00,PCS-01,382.17351736782945,26.34339474741393,26.974327266327215,0
2026-01-03 18:40:00,PCS-01,373.6716242100522,94.56168983934674,24.69518875192013,0
2026-01-03 18:45:00,PCS-01,379.01522306031995,18.119831843038227,32.86852947478619,0
2026-01-03 18:50:00,PCS-01,379.6286074976823,-28.18537103492893,28.156859210681805,0
2026-01-03 18:55:00,PCS-01,380.6938592884501,-32.5742991998231,22.185227031876508,0
2026-01-03 19:00:00,PCS-01,379.93846871932755,-48.170691123737,25.766580912577634,0
2026-01-03 19:05:00,PCS-01,375.1005285462102,7.623259231202501,24.939406370315666,0
2026-01-03 19:10:00,PCS-01,373.61449605401134,1.823468547356576,30.086900903285727,0
2026-01-03 19:15:00,PCS-01,381.7349777589989,18.346470292782552,32.50245944948805,0
2026-01-03 19:20:00,PCS-01,384.97592764840226,-4.6006722617285,26.98525733816055,0
2026-01-03 19:25:00,PCS-01,373.79220027581147,0.1432104622323115,30.329363236791934,0
2026-01-03 19:30:00,PCS-01,376.8947651259936,-70.13227360061356,24.435096357730565,0
2026-01-03 19:35:00,PCS-01,375.5146766140087,12.226023887959707,27.341393173442267,0
2026-01-03 19:40:00,PCS-01,376.04647657886136,-31.92886539306268,29.840373456976277,0
2026-01-03 19:45:00,PCS-01,376.8697210241118,17.96517155499493,25.37802374204466,0
2026-01-03 19:50:00,PCS-01,378.68543256201815,-37.52899847050404,27.979292934163688,0
2026-01-03 19:55:00,PCS-01,383.08196873786835,-16.888084737327343,21.683026944099787,0
2026-01-03 20:00:00,PCS-01,377.78342273934453,-39.959442416736394,24.276346506665845,0
2026-01-03 20:05:00,PCS-01,380.85609209789317,11.456718819492792,26.557742655646408,0
2026-01-03 20:10:00,PCS-01,379.37206362190443,-32.74372281126049,25.242164808544775,0
2026-01-03 20:15:00,PCS-01,381.27572938386936,-65.65831902100459,27.80434582709685,0
2026-01-03 20:20:00,PCS-01,383.78510663999185,-31.342703970057354,25.284616736844676,0
2026-01-03 20:25:00,PCS-01,383.439076690866,4.522139735929592,25.28339966949512,0
2026-01-03 20:30:00,PCS-01,379.8801004785673,26.885640572344272,25.30678804135509,0
2026-01-03 20:35:00,PCS-01,377.82772422669854,4.577054939800457,31.119289230912244,0
2026-01-03 20:40:00,PCS-01,383.0895667671969,-14.13791168172066,26.320361121764943,0
2026-01-03 20:45:00,PCS-01,378.45619021721416,86.15998270989003,33.22173866099784,0
2026-01-03 20:50:00,PCS-01,384.060309223659,-61.275858219961286,27.674358090840684,0
2026-01-03 20:55:00,PCS-01,384.9593299412666,-56.657560531228405,27.04148613673942,0
2026-01-03 21:00:00,PCS-01,380.3686909079978,-16.994743806386218,32.294141902778854,0
2026-01-03 21:05:00,PCS-01,377.38379753507536,-19.4774857530905,29.690261059478864,0
2026-01-03 21:10:00,PCS-01,382.85285608550805,4.317299529220798,30.27423201967438,0
2026-01-03 21:15:00,PCS-01,376.960378958723,47.44373085186146,35.82662615638471,0
2026-01-03 21:20:00,PCS-01,379.63730402689873,-82.04460443296149,26.53551551848409,0
2026-01-03 21:25:00,PCS-01,380.0638626502081,14.697888208368257,30.663902934694185,0
2026-01-03 21:30:00,PCS-01,376.51881515070403,3.6319391453099885,25.936269660071996,0
2026-01-03 21:35:00,PCS-01,377.90800307253295,-16.64921437618403,30.281039598188883,0
2026-01-03 21:40:00,PCS-01,379.53213628476556,64.20511455066844,27.554283396203292,0
2026-01-03 21:45:00,PCS-01,382.76266445269636,-47.03586645969517,28.48669983957884,0
2026-01-03 21:50:00,PCS-01,378.1362531899743,59.019205584138675,23.232185100257276,0
2026-01-03 21:55:00,PCS-01,374.96509044230095,-2.89526936833638,24.101211398444466,0
2026-01-03 22:00:00,PCS-01,384.1303947420262,12.204395083597383,28.761624236147348,0
2026-01-03 22:05:00,PCS-01,379.5658013587737,118.5590404547793,34.1659862177446,0
2026-01-03 22:10:00,PCS-01,379.0068366372978,43.72935986846347,23.753576628769395,0
2026-01-03 22:15:00,PCS-01,381.6535817096628,11.549690913906645,28.387284860733015,0
2026-01-03 22:20:00,PCS-01,379.89555677288683,-61.095338607705386,30.43663302136595,0
2026-01-03 22:25:00,PCS-01,378.91606853548996,29.66907022948533,30.295569839291588,0
2026-01-03 22:30:00,PCS-01,380.24169740382786,-10.149738158032125,32.573100997533395,0
2026-01-03 22:35:00,PCS-01,380.9115921655864,-32.355582450246644,19.41995597056204,0
2026-01-03 22:40:00,PCS-01,380.67201239294866,-50.839462196267,30.506667984806978,0
2026-01-03 22:45:00,PCS-01,376.60312250052306,-26.888852662161057,21.26150781499897,0
2026-01-03 22:50:00,PCS-01,380.7126856559053,-6.2920569268529025,30.853153202508793,0
2026-01-03 22:55:00,PCS-01,377.26398815292225,-5.164752639009283,28.061585222209885,0
2026-01-03 23:00:00,PCS-01,380.7708497637734,44.83119066643161,26.349233914477857,0
2026-01-03 23:05:00,PCS-01,378.9681757543435,-49.215149550642565,26.620843559521013,0
2026-01-03 23:10:00,PCS-01,381.47367515223397,-60.88112300871021,25.28660126014467,0
2026-01-03 23:15:00,PCS-01,382.615033774991,19.76473710572965,25.181411655690958,0
2026-01-03 23:20:00,PCS-01,378.38077028955576,-7.624809744005655,28.029335523557968,0
2026-01-03 23:25:00,PCS-01,379.11732012161457,-60.03438446967543,23.04928934893231,0
2026-01-03 23:30:00,PCS-01,382.6156522348822,-9.23924673975461,23.982174478211018,0
2026-01-03 23:35:00,PCS-01,379.20942483949057,7.5049554902751145,33.00692148617017,0
2026-01-03 23:40:00,PCS-01,378.8712700357921,10.14649818181288,26.93078701106971,0
2026-01-03 23:45:00,PCS-01,382.7267091076968,105.02814439626219,24.40044503982073,0
2026-01-03 23:50:00,PCS-01,380.63043925995163,10.733533663585067,26.90597334393139,0
2026-01-03 23:55:00,PCS-01,380.88301598825797,-41.484394161610695,32.06847712398548,0
2026-01-04 00:00:00,PCS-01,380.7164449016507,19.068594660053996,29.17091801340262,0
2026-01-04 00:05:00,PCS-01,382.4905552821872,-22.22778423831612,30.909725888810655,0
2026-01-04 00:10:00,PCS-01,380.5843070197408,57.769329181257085,25.58780814471145,0
2026-01-04 00:15:00,PCS-01,378.31887225419666,-58.23926864742774,30.830225185354422,0
2026-01-04 00:20:00,PCS-01,377.22315713520595,18.201386185741583,24.009569758281064,0
2026-01-04 00:25:00,PCS-01,378.4257556617514,-2.727971982810477,28.805905329926297,0
2026-01-04 00:30:00,PCS-01,377.27777258251535,2.778317370226862,25.376898464675005,0
2026-01-04 00:35:00,PCS-01,382.5587780181157,-24.981230003463892,22.764871104153535,0
2026-01-04 00:40:00,PCS-01,383.2353052462852,-95.92500545991628,24.049632465901666,0
2026-01-04 00:45:00,PCS-01,377.36087240864356,-6.7625661006536655,28.03086236644542,0
2026-01-04 00:50:00,PCS-01,377.0717221763679,25.57645727471432,28.47777344389293,0
2026-01-04 00:55:00,PCS-01,373.31499395208067,11.564110860606798,29.459492789877366,0
2026-01-04 01:00:00,PCS-01,381.8852214858153,12.096602933195012,27.87499114136978,0
2026-01-04 01:05:00,PCS-01,382.70167781025793,-16.248544249777417,30.261502322972905,0
2026-01-04 01:10:00,PCS-01,376.2426127128227,68.1914862627749,33.73078097138484,0
2026-01-04 01:15:00,PCS-01,379.26311552852206,29.201111017877295,25.817877733114393,0
2026-01-04 01:20:00,PCS-01,379.05324645149426,13.224705749062139,25.97866967552453,0
2026-01-04 01:25:00,PCS-01,384.21618888591394,-6.618177907499422,28.586327389115183,0
2026-01-04 01:30:00,PCS-01,380.315259095868,29.958766121718075,27.920260141069306,0
2026-01-04 01:35:00,PCS-01,378.34986373827195,19.38364203858874,26.646526504357844,0
2026-01-04 01:40:00,PCS-01,378.811026605924,-8.706577927002064,24.876190142377407,0
2026-01-04 01:45:00,PCS-01,380.80133459542975,-2.5565520004002935,24.748897051263153,0
2026-01-04 01:50:00,PCS-01,376.6280735273866,-63.67832928581972,29.785591729978087,0
2026-01-04 01:55:00,PCS-01,379.78280602123243,-16.985681110173662,30.980516002259527,0
2026-01-04 02:00:00,PCS-01,377.4502621281958,-18.653544772010566,30.3301518135159,0
2026-01-04 02:05:00,PCS-01,380.405305493537,32.18203911115737,35.79733766522482,0
2026-01-04 02:10:00,PCS-01,383.5515911461229,15.204702700010662,31.5932430877808,0
2026-01-04 02:15:00,PCS-01,377.46528682300703,12.419831265781568,26.97307849125821,0
2026-01-04 02:20:00,PCS-01,376.0554340411787,-11.601288739441475,25.45442009658689,0
2026-01-04 02:25:00,PCS-01,375.31196682132986,23.255011255903504,32.434546382541804,0
2026-01-04 02:30:00,PCS-01,376.1806131718642,9.913694434661387,24.62931001176163,0
2026-01-04 02:35:00,PCS-01,385.2318087203808,32.62592197423415,30.471490959759326,0
2026-01-04 02:40:00,PCS-01,382.3058677177498,-42.85340581602958,27.744721312349224,0
2026-01-04 02:45:00,PCS-01,384.3171451923622,-9.70484831443107,26.325193109231193,0
2026-01-04 02:50:00,PCS-01,374.9130241315223,-7.101733984519752,28.2058193632618,0
2026-01-04 02:55:00,PCS-01,376.44013995196906,-1.1433935697727369,27.147282815974265,0
2026-01-04 03:00:00,PCS-01,379.7289358995148,47.31890051559201,31.814051998015792,0
2026-01-04 03:05:00,PCS-01,378.9533490110346,12.639094828099147,25.456148920133067,0
2026-01-04 03:10:00,PCS-01,382.574587544703,-88.55479883923115,30.170495946788808,0
2026-01-04 03:15:00,PCS-01,378.2592190842252,30.43249131274385,25.967808303633127,0
2026-01-04 03:20:00,PCS-01,379.1987922585031,-27.89242254348125,29.30544137797337,0
2026-01-04 03:25:00,PCS-01,381.7527323031414,44.06449812236109,26.673418864903105,0
2026-01-04 03:30:00,PCS-01,375.7901670026361,-5.991181640438027,30.33483839420609,0
2026-01-04 03:35:00,PCS-01,381.1118668474742,18.97256579369393,28.269865936599206,0
2026-01-04 03:40:00,PCS-01,379.0857168869988,-62.3414356266119,24.772600979528004,0
2026-01-04 03:45:00,PCS-01,380.19390480541614,28.322604740848057,17.976760051629316,0
2026-01-04 03:50:00,PCS-01,378.22788979605707,58.9634355432337,30.694996658895032,0
2026-01-04 03:55:00,PCS-01,382.0925478075924,-8.370130048950058,29.52775512964767,0
2026-01-04 04:00:00,PCS-01,383.74706473081505,37.12324738121498,25.395803224749844,0
2026-01-04 04:05:00,PCS-01,379.55226340573233,-12.485393488799462,28.64840745944527,0
2026-01-04 04:10:00,PCS-01,378.3654335042202,37.69239963586512,27.497248137008338,0
2026-01-04 04:15:00,PCS-01,384.1512056877192,-74.19880942899512,29.567809129780493,0
2026-01-04 04:20:00,PCS-01,380.1467242437381,-47.81291381892331,35.584322300021945,0
2026-01-04 04:25:00,PCS-01,378.91211593253246,28.10979491422674,27.690341304345786,0
2026-01-04 04:30:00,PCS-01,383.8986803042582,-15.186922021417057,25.340289590436615,0
2026-01-04 04:35:00,PCS-01,378.21931894081314,-19.858235226303808,24.950887182809662,0
2026-01-04 04:40:00,PCS-01,376.16598755032174,31.518567819782547,29.21115893365522,0
2026-01-04 04:45:00,PCS-01,381.9381028833952,-51.270128258180875,24.025432211689903,0
2026-01-04 04:50:00,PCS-01,379.10699102327646,-23.86680636958694,29.913385525519935,0
2026-01-04 04:55:00,PCS-01,375.25055314952687,9.451524134961462,29.3539537118076,0
2026-01-04 05:00:00,PCS-01,375.8265072510468,-1.058354620286122,24.303515682653725,0
2026-01-04 05:05:00,PCS-01,379.5607868165925,-65.31108590576576,26.217262053638386,0
2026-01-04 05:10:00,PCS-01,371.9578423254007,31.06729244744959,23.858333150728303,0
2026-01-04 05:15:00,PCS-01,381.7130275982356,63.47425326939724,28.28656721019283,0
2026-01-04 05:20:00,PCS-01,382.57349550562463,-11.855186191686442,25.854948516335504,0
2026-01-04 05:25:00,PCS-01,379.49529703679076,3.8555407342749755,32.584716080237136,0
2026-01-04 05:30:00,PCS-01,382.4516719141175,33.82375587973163,28.04943725262746,0
2026-01-04 05:35:00,PCS-01,376.7997532719833,-63.98186004774388,27.62389750836699,0
2026-01-04 05:40:00,PCS-01,376.5096268134564,95.76129727449913,29.0919273094968,0
2026-01-04 05:45:00,PCS-01,381.0994346124559,5.077610066299695,26.654642236753133,0
2026-01-04 05:50:00,PCS-01,379.65915369576913,61.07557718941383,30.698323474496537,0
2026-01-04 05:55:00,PCS-01,385.3207519441374,-1.7916180506828538,33.90421565195193,0
2026-01-04 06:00:00,PCS-01,386.38581717258114,21.99232678306413,24.48476628709167,0
2026-01-04 06:05:00,PCS-01,382.03474145558124,18.349408846854615,27.654279106655544,0
2026-01-04 06:10:00,PCS-01,382.5099979611808,-29.180238586014227,31.61960247086201,0
2026-01-04 06:15:00,PCS-01,379.5818254142833,36.66997969128891,28.845858852906666,0
2026-01-04 06:20:00,PCS-01,380.8548893636359,-43.64666699690409,26.659264122907516,0
2026-01-04 06:25:00,PCS-01,376.0742529274435,20.945929645165975,27.650806228869428,0
2026-01-04 06:30:00,PCS-01,382.1254892521869,-8.12650590331904,24.70255846981433,0
2026-01-04 06:35:00,PCS-01,386.4506102693288,-11.966520059808003,29.44502115116308,0
2026-01-04 06:40:00,PCS-01,381.28977255081696,-94.04074582066877,31.78699470054865,0
2026-01-04 06:45:00,PCS-01,380.61041246788994,-9.792798280708801,27.671022633989192,0
2026-01-04 06:50:00,PCS-01,376.9287796128575,-14.167303229844377,28.86662852383563,0
2026-01-04 06:55:00,PCS-01,374.826474218524,-29.291652664837613,27.6122220800976,0
2026-01-04 07:00:00,PCS-01,378.33577223628373,43.81661843846316,26.720133721270205,0
2026-01-04 07:05:00,PCS-01,380.9561806941885,92.00113746154904,27.622396474877277,0
2026-01-04 07:10:00,PCS-01,378.67557996219966,44.013640654846434,30.36332808924613,0
2026-01-04 07:15:00,PCS-01,380.25705368148164,-21.31599297063676,30.34963975609042,0
2026-01-04 07:20:00,PCS-01,378.9308326526516,-94.21029665235702,24.246264619671116,0
2026-01-04 07:25:00,PCS-01,381.2204656861078,13.147027362091606,23.80933083071545,0
2026-01-04 07:30:00,PCS-01,380.5041479977792,14.44017053407282,26.066656382635248,0
2026-01-04 07:35:00,PCS-01,379.34796697657004,7.724237471561399,26.06478649344726,0
2026-01-04 07:40:00,PCS-01,383.52480337646466,-62.47488810016045,29.918982329003725,0
2026-01-04 07:45:00,PCS-01,378.1891513206608,62.30266068616388,23.44766097035071,0
2026-01-04 07:50:00,PCS-01,384.0791712463447,-19.722089673519122,26.21160644535913,0
2026-01-04 07:55:00,PCS-01,374.71671376454066,54.095114500183314,30.280352966265575,0
2026-01-04 08:00:00,PCS-01,379.79124783305997,69.73726783451556,28.54744425165732,0
2026-01-04 08:05:00,PCS-01,379.1686306025753,97.15246873848133,25.56164686313462,0
2026-01-04 08:10:00,PCS-01,380.0490531469513,39.75131280126853,32.17263441636167,0
2026-01-04 08:15:00,PCS-01,375.77379390443116,20.598723537138458,30.039937154980244,0
2026-01-04 08:20:00,PCS-01,378.2414351498938,1.7903903495129985,27.891771045274762,0
2026-01-04 08:25:00,PCS-01,378.0743029935893,15.672032345207098,23.371324328414893,0
2026-01-04 08:30:00,PCS-01,376.2964482517835,0.5438575450623577,27.90973816574732,0
2026-01-04 08:35:00,PCS-01,383.2880515355299,-16.21601263057425,27.863508164603974,0
2026-01-04 08:40:00,PCS-01,382.75704287618964,-0.8062956112751464,28.57445123422271,0
2026-01-04 08:45:00,PCS-01,382.1359446891373,-48.44653346975612,26.28092375179524,0
2026-01-04 08:50:00,PCS-01,381.37832598714726,4.027408573873007,23.077970528409402,0
2026-01-04 08:55:00,PCS-01,382.1920704751833,36.205115980914215,21.27269525024352,0
2026-01-04 09:00:00,PCS-01,373.5250726987207,-10.520048641091591,28.702094231555833,0
2026-01-04 09:05:00,PCS-01,377.9296247873022,2.155825667967499,24.314438688009172,0
2026-01-04 09:10:00,PCS-01,378.1844189510904,27.93471282011048,28.247992447120495,0
2026-01-04 09:15:00,PCS-01,379.89633056307406,53.92494355796189,33.86394890132741,0
2026-01-04 09:20:00,PCS-01,382.35407250087883,-31.720287903841147,22.557221178034993,0
2026-01-04 09:25:00,PCS-01,379.68758909966004,50.819860248652475,25.25303045278902,0
2026-01-04 09:30:00,PCS-01,376.1220045591431,14.788529121457044,28.534489352214976,0
2026-01-04 09:35:00,PCS-01,379.0363346562319,-29.24535808725033,31.963876688611155,0
2026-01-04 09:40:00,PCS-01,378.24924034944775,30.566026934957314,29.397666837535777,0
2026-01-04 09:45:00,PCS-01,380.4678223301861,-18.036811506887528,33.92929134119948,0
2026-01-04 09:50:00,PCS-01,379.7673702092825,87.42185230708172,28.77830805620146,0
2026-01-04 09:55:00,PCS-01,376.22565571942266,4.926637670951488,31.417007102939344,0
2026-01-04 10:00:00,PCS-01,383.8446943762718,28.934401348187308,27.588730126922805,0
2026-01-04 10:05:00,PCS-01,377.0741699037602,-27.201272707338457,25.75909199436093,0
2026-01-04 10:10:00,PCS-01,380.3827245016368,-20.280842001428518,25.270936147294037,0
2026-01-04 10:15:00,PCS-01,386.6170371797598,50.21715017397585,24.34435261480969,0
2026-01-04 10:20:00,PCS-01,379.0177164407422,-6.202986485484079,26.91495272438976,0
2026-01-04 10:25:00,PCS-01,381.42929507146914,-48.78581641150469,30.75956125294739,0
2026-01-04 10:30:00,PCS-01,380.5241193576472,29.978642705063685,27.394992271248633,0
2026-01-04 10:35:00,PCS-01,375.5437517703866,33.975369160748755,27.856781286423608,0
2026-01-04 10:40:00,PCS-01,375.84794898522574,16.384328797771026,32.74602305250266,0
2026-01-04 10:45:00,PCS-01,378.3139887509584,-49.93084490885526,27.179765394351065,0
2026-01-04 10:50:00,PCS-01,381.9649576035136,21.664288684230403,26.15386316021067,0
2026-01-04 10:55:00,PCS-01,380.4836388531343,-20.830919105880884,29.578991475697563,0
2026-01-04 11:00:00,PCS-01,376.72482885692943,23.38213460638317,27.42061067971075,0
2026-01-04 11:05:00,PCS-01,377.3655102835058,-44.01485674305129,30.233255465206838,0
2026-01-04 11:10:00,PCS-01,385.60334451331016,29.49668608972558,37.15923926765137,0
2026-01-04 11:15:00,PCS-01,381.70212563381386,-5.133243915917624,33.227105341579275,0
2026-01-04 11:20:00,PCS-01,378.3861463042005,53.1264040964875,34.43427670158733,0
2026-01-04 11:25:00,PCS-01,382.8303980024346,8.951557774003803,27.87861308644135,0
2026-01-04 11:30:00,PCS-01,380.3957172037673,45.48368952745021,28.422901100803966,0
2026-01-04 11:35:00,PCS-01,376.8231869915201,-22.326574047887267,26.979733585377815,0
2026-01-04 11:40:00,PCS-01,379.31964226352136,8.47744367599139,30.50616961063677,0
2026-01-04 11:45:00,PCS-01,373.8501362363462,26.80216948413519,26.98073101992346,0
2026-01-04 11:50:00,PCS-01,381.0353331571946,-55.35755608238358,29.504589161371484,0
2026-01-04 11:55:00,PCS-01,380.8428807631788,-66.01217776902512,26.88310822781083,0
2026-01-04 12:00:00,PCS-01,381.97951809240004,35.61430663854571,30.422678413285922,0
2026-01-04 12:05:00,PCS-01,377.6758854476899,-39.80198433316123,28.788018620491915,0
2026-01-04 12:10:00,PCS-01,379.81025994540664,46.44303785477866,27.17789878620883,0
2026-01-04 12:15:00,PCS-01,375.93991673223474,22.415386470221314,28.337652774688014,0
2026-01-04 12:20:00,PCS-01,383.2019056420015,49.070718951154895,29.188260151304245,0
2026-01-04 12:25:00,PCS-01,379.56332292127445,80.86641973985982,25.262228422264915,0
2026-01-04 12:30:00,PCS-01,381.43873646876784,16.450526004932534,28.524417675265504,0
2026-01-04 12:35:00,PCS-01,383.20656720800565,-5.504328400997135,32.07802717222663,0
2026-01-04 12:40:00,PCS-01,381.0623411358135,23.59897075358805,29.0061658277849,0
2026-01-04 12:45:00,PCS-01,377.2520526397326,-63.12182699468126,28.289766819940777,0
2026-01-04 12:50:00,PCS-01,378.2800845887738,7.972735149200172,33.77919352892395,0
2026-01-04 12:55:00,PCS-01,378.3186448202469,-4.987813754692794,29.017104063789056,0
2026-01-04 13:00:00,PCS-01,380.6089929310084,29.331445616918067,28.52785029534227,0
2026-01-04 13:05:00,PCS-01,385.08406454841,-43.47706935437043,31.068945643159942,0
2026-01-04 13:10:00,PCS-01,381.7655414448458,-61.63829212832866,28.64141818704234,0
2026-01-04 13:15:00,PCS-01,374.1474611057264,-66.91665301796678,25.896809080385843,0
2026-01-04 13:20:00,PCS-01,384.6305610701318,21.050881233331467,28.665657719309067,0
2026-01-04 13:25:00,PCS-01,376.2463701632674,-23.58015853699529,26.8152151295075,0
2026-01-04 13:30:00,PCS-01,379.5942131677738,-24.226386552197003,29.656738832700906,0
2026-01-04 13:35:00,PCS-01,377.6505015477458,34.18658158731647,30.74064732718039,0
2026-01-04 13:40:00,PCS-01,379.4297433627179,-6.9902157491341175,22.398546866434454,0
2026-01-04 13:45:00,PCS-01,380.5185385057331,-23.52169695797556,26.46287420858653,0
2026-01-04 13:50:00,PCS-01,383.96804241192064,75.48636873591015,26.9175277972627,0
2026-01-04 13:55:00,PCS-01,381.3008440287602,12.806096934604414,24.60483621279251,0
2026-01-04 14:00:00,PCS-01,377.97565796725377,69.02410065202942,28.488954046750347,0
2026-01-04 14:05:00,PCS-01,381.95532244697097,12.893590500871898,26.63240149966873,0
2026-01-04 14:10:00,PCS-01,376.3408047505817,30.097498091208976,31.479175445586833,0
2026-01-04 14:15:00,PCS-01,378.4466681797902,-21.706370197084116,27.223922116049216,0
2026-01-04 14:20:00,PCS-01,382.9796221955607,-55.28784538183725,30.43932485456153,0
2026-01-04 14:25:00,PCS-01,379.1366650928576,41.255473736165726,24.015395871091343,0
2026-01-04 14:30:00,PCS-01,383.32803008812357,-6.0298383685463,25.55548608464786,0
2026-01-04 14:35:00,PCS-01,381.111141029334,-17.83659314450833,24.817720813659594,0
2026-01-04 14:40:00,PCS-01,377.3916214301159,32.10081289385553,28.27275587749249,0
2026-01-04 14:45:00,PCS-01,381.6348109140771,-20.73209360136627,27.594109414028644,0
2026-01-04 14:50:00,PCS-01,382.593753917182,-85.54723371809422,26.471817547642033,0
2026-01-04 14:55:00,PCS-01,378.8099886990243,8.349819929049925,29.29887373501393,0
2026-01-04 15:00:00,PCS-01,384.4670008545812,27.201445418355277,25.978866873298788,0
2026-01-04 15:05:00,PCS-01,387.7018688225231,61.231010711522345,30.47982567678182,0
2026-01-04 15:10:00,PCS-01,380.1870420756952,23.64532117459493,31.190990998782908,0
2026-01-04 15:15:00,PCS-01,383.06293672192425,21.67625355996172,28.22692893968312,0
2026-01-04 15:20:00,PCS-01,379.9225964437718,9.029435203916403,23.570218483990306,0
2026-01-04 15:25:00,PCS-01,375.45857996187647,-82.65359988226264,26.8866174749092,0
2026-01-04 15:30:00,PCS-01,379.09592559045325,44.18729336425783,28.536945394834518,0
2026-01-04 15:35:00,PCS-01,376.51906583824757,50.790462326863945,25.969003763766388,0
2026-01-04 15:40:00,PCS-01,380.050832577081,18.475189986100055,29.056661040696635,0
2026-01-04 15:45:00,PCS-01,386.68249689364393,-35.82003152133931,27.38521273910792,0
2026-01-04 15:50:00,PCS-01,378.1912130870357,-66.29544725152455,31.304281629777563,0
2026-01-04 15:55:00,PCS-01,383.3586946313237,-12.731336043341129,26.827082436040946,0
2026-01-04 16:00:00,PCS-01,380.2699575135424,-33.422116095237016,29.494355355995808,0
2026-01-04 16:05:00,PCS-01,377.75303062551745,38.28383554732944,25.728531879602347,0
2026-01-04 16:10:00,PCS-01,379.5666554376781,-65.35565968666123,30.98695093958728,0
2026-01-04 16:15:00,PCS-01,380.84738183608914,-10.849020692154417,27.937900899347724,0
2026-01-04 16:20:00,PCS-01,382.40498823191894,16.89406314054381,31.383334276134917,0
2026-01-04 16:25:00,PCS-01,379.9477577925362,112.13224129551135,24.085510777168583,0
2026-01-04 16:30:00,PCS-01,381.0469251340927,13.398122316949499,32.27797052274335,0
2026-01-04 16:35:00,PCS-01,383.5344917765397,54.014823710961934,29.244076445584,0
2026-01-04 16:40:00,PCS-01,382.75955288401866,-57.98474727589852,32.71363744629628,0
2026-01-04 16:45:00,PCS-01,381.41773992509906,38.33497676925952,29.117840680183253,0
2026-01-04 16:50:00,PCS-01,377.23661735059335,9.28055989025281,25.449179900692833,0
2026-01-04 16:55:00,PCS-01,379.6809214752037,29.597309292394584,30.597953991471496,0
2026-01-04 17:00:00,PCS-01,381.14604593714733,-75.45650142188195,29.347427988898854,0
2026-01-04 17:05:00,PCS-01,379.07687434789625,-24.841565471247876,28.54167857183915,0
2026-01-04 17:10:00,PCS-01,382.17170903140385,22.06666532238274,26.394647030428967,0
2026-01-04 17:15:00,PCS-01,382.94104259554297,43.63661401062701,28.148156238646006,0
2026-01-04 17:20:00,PCS-01,376.05261001072444,79.41682150885964,30.784882872363795,0
2026-01-04 17:25:00,PCS-01,382.8085663931548,-28.63488440889428,31.13722520634618,0
2026-01-04 17:30:00,PCS-01,383.2213771982664,0.42249886936705844,27.782698717973165,0
2026-01-04 17:35:00,PCS-01,380.72639991088573,-4.26843955738188,25.815336136650195,0
2026-01-04 17:40:00,PCS-01,379.4619993006498,-38.566800946125085,25.43302084207464,0
2026-01-04 17:45:00,PCS-01,376.2616349500695,27.13967433520366,28.48525394526779,0
2026-01-04 17:50:00,PCS-01,381.87705398392364,-11.894981038532709,24.563936326627868,0
2026-01-04 17:55:00,PCS-01,378.2986505438569,35.435032655944,23.856871236599225,0
2026-01-04 18:00:00,PCS-01,381.3511335486901,78.86401090024573,24.901460071349767,0
2026-01-04 18:05:00,PCS-01,383.5023372737417,1.548606136694814,33.15915376467401,0
2026-01-04 18:10:00,PCS-01,375.5906108019421,5.945050330449736,28.069809008016318,0
2026-01-04 18:15:00,PCS-01,378.94343725451785,36.35931996157969,28.79838619927202,0
2026-01-04 18:20:00,PCS-01,376.5929922453976,15.045358575296481,25.259188592031446,0
2026-01-04 18:25:00,PCS-01,381.35957497881896,47.86912950617491,30.611987344580143,0
2026-01-04 18:30:00,PCS-01,375.1326007202623,7.823668848210433,25.129582271960235,0
2026-01-04 18:35:00,PCS-01,383.58365311153455,46.435894547835645,25.513570752134605,0
2026-01-04 18:40:00,PCS-01,377.75738451830887,-74.85882030748462,27.60351298633305,0
2026-01-04 18:45:00,PCS-01,381.25196781750634,28.962926627874662,24.402383753139556,0
2026-01-04 18:50:00,PCS-01,379.95397573860595,5.253660364651456,22.214814684549772,0
2026-01-04 18:55:00,PCS-01,379.190494462853,-8.048516597491167,32.5931063302157,0
2026-01-04 19:00:00,PCS-01,375.82342775029923,-17.975517028859883,28.559219786551704,0
2026-01-04 19:05:00,PCS-01,376.2015029115433,51.54561328143267,28.951189487770222,0
2026-01-04 19:10:00,PCS-01,382.98226153667366,-0.923412653835223,28.27676599153896,0
2026-01-04 19:15:00,PCS-01,378.82559540025636,-36.922459694441415,25.333282104018586,0
2026-01-04 19:20:00,PCS-01,378.3174271640138,82.2254016921054,29.492679008494726,0
2026-01-04 19:25:00,PCS-01,381.96882717075096,-4.204821908257938,27.315363707813063,0
2026-01-04 19:30:00,PCS-01,384.5352994859397,-71.45569383911868,28.490015436047212,0
2026-01-04 19:35:00,PCS-01,379.44041670457335,2.9081425599970165,19.90096783346112,0
2026-01-04 19:40:00,PCS-01,379.54292776945834,-23.728152897053203,25.85358708886917,0
2026-01-04 19:45:00,PCS-01,376.78997524223377,82.38637356921147,32.778030485884756,0
2026-01-04 19:50:00,PCS-01,377.2493534253523,11.50063169079612,28.556940974567237,0
2026-01-04 19:55:00,PCS-01,378.5393984560282,-32.10318858034838,30.636109435751067,0
2026-01-04 20:00:00,PCS-01,385.6904035942485,15.619805248908838,31.331862601083593,0
2026-01-04 20:05:00,PCS-01,375.4336085960569,35.05406950761304,27.33477294293685,0
2026-01-04 20:10:00,PCS-01,375.412627159264,-51.09074965318467,31.736525817525845,0
2026-01-04 20:15:00,PCS-01,378.6502141728683,-113.14183259135399,25.05761372547354,0
2026-01-04 20:20:00,PCS-01,379.6496621949453,-28.7192346749953,33.094683317654344,0
2026-01-04 20:25:00,PCS-01,382.92183380165704,4.1297882940163335,30.180524813348722,0
2026-01-04 20:30:00,PCS-01,383.3830130930122,17.348315474252818,30.564740743414962,0
2026-01-04 20:35:00,PCS-01,385.55470788076644,-22.2886565488972,30.28497863248446,0
2026-01-04 20:40:00,PCS-01,378.8779965581243,48.77217834209002,30.180586905641714,0
2026-01-04 20:45:00,PCS-01,383.27078640788875,-41.43895498363019,24.570899253249937,0
2026-01-04 20:50:00,PCS-01,377.97181332461344,8.186549773643224,24.677040326027523,0
2026-01-04 20:55:00,PCS-01,382.25669466476285,-27.562514426549004,25.621126307462525,0
2026-01-04 21:00:00,PCS-01,377.0905860093407,-11.55530492481554,28.29752238121289,0
2026-01-04 21:05:00,PCS-01,383.6428304907755,-52.98539419408158,31.072905302620647,0
2026-01-04 21:10:00,PCS-01,374.29036852532175,2.821358243024627,27.96282604756928,0
2026-01-04 21:15:00,PCS-01,378.6684701824849,-25.839061290107534,33.67985860864097,0
2026-01-04 21:20:00,PCS-01,380.6916552810888,26.360043665846824,22.772650179635257,0
2026-01-04 21:25:00,PCS-01,381.99904823903023,-25.638331153312674,31.28421107777022,0
2026-01-04 21:30:00,PCS-01,378.4272266394761,23.472694998465002,27.24991455704235,0
2026-01-04 21:35:00,PCS-01,373.06840491630106,-32.08502702237613,25.143172599476884,0
2026-01-04 21:40:00,PCS-01,378.8616917552667,-9.916853340895543,28.61764666691418,0
2026-01-04 21:45:00,PCS-01,383.39073170034544,-47.925175887779865,26.129207730334457,0
2026-01-04 21:50:00,PCS-01,378.7689594723592,-27.568482252448018,28.731225073333395,0
2026-01-04 21:55:00,PCS-01,382.3543836242606,67.7681659049882,26.706955709552883,0
2026-01-04 22:00:00,PCS-01,374.833318008606,2.5208634775916967,26.924437013888106,0
2026-01-04 22:05:00,PCS-01,373.35734733772455,43.269718534368316,23.06089166493576,0
2026-01-04 22:10:00,PCS-01,379.115872362233,7.366658367225404,25.0315140173682,0
2026-01-04 22:15:00,PCS-01,378.08148346824515,23.215296809042147,29.317537456815067,0
2026-01-04 22:20:00,PCS-01,380.41919040067046,19.648001707362,26.531895514080905,0
2026-01-04 22:25:00,PCS-01,375.2640183971267,32.51845159351424,26.179850972657707,0
2026-01-04 22:30:00,PCS-01,383.56861393666384,19.22300267409488,28.976655690795827,0
2026-01-04 22:35:00,PCS-01,379.5850105099833,-52.50165750098873,32.05278289143187,0
2026-01-04 22:40:00,PCS-01,379.35776265222705,-7.030535630226522,29.630117794350397,0
2026-01-04 22:45:00,PCS-01,381.98028696420596,25.791135983264546,24.569194383929574,0
2026-01-04 22:50:00,PCS-01,382.53757749080216,38.11522794304472,30.18349285673846,0
2026-01-04 22:55:00,PCS-01,384.7349409950827,39.119793208053125,27.61803150745571,0
2026-01-04 23:00:00,PCS-01,383.18891196263587,18.81016721994595,28.132653760833872,0
2026-01-04 23:05:00,PCS-01,377.1165616104891,8.235428919592609,30.79447958841934,0
2026-01-04 23:10:00,PCS-01,380.30237055736416,-17.70508043299977,28.958063435669906,0
2026-01-04 23:15:00,PCS-01,376.78108323334516,10.081740485006453,28.214341524736113,0
2026-01-04 23:20:00,PCS-01,381.11190534648057,-98.66852004555356,34.1487926065259,0
2026-01-04 23:25:00,PCS-01,375.8820477707307,26.44242987327199,26.972998786880865,0
2026-01-04 23:30:00,PCS-01,381.5084781058794,-20.6951085431883,25.508561522262042,0
2026-01-04 23:35:00,PCS-01,380.5656177765526,-15.27912046100093,29.128579436258423,0
2026-01-04 23:40:00,PCS-01,377.3139299832775,8.833723335780828,28.663970926179093,0
2026-01-04 23:45:00,PCS-01,380.03171282829265,17.927538259229404,26.889560721632865,0
2026-01-04 23:50:00,PCS-01,379.93486060642164,-49.04539461675934,25.946147174281712,0
2026-01-04 23:55:00,PCS-01,375.1966514771306,-79.65249736856124,26.701475620425477,0
2026-01-05 00:00:00,PCS-01,379.6119011891856,133.26546789431666,26.077803660700003,0
2026-01-05 00:05:00,PCS-01,380.65756457436703,-30.43654702152913,26.422251455478442,0
2026-01-05 00:10:00,PCS-01,380.96650625134504,-53.5381355302977,29.643429979548717,0
2026-01-05 00:15:00,PCS-01,380.7628829368429,27.186738661503995,20.48099161904796,0
2026-01-05 00:20:00,PCS-01,374.4944177382955,-110.51022813121551,29.474770450737747,0
2026-01-05 00:25:00,PCS-01,379.6648134397409,-22.06448628765323,29.612447142442317,0
2026-01-05 00:30:00,PCS-01,380.97531775313735,-4.47092616923578,23.58504694417783,0
2026-01-05 00:35:00,PCS-01,383.2488146066304,-55.26640869129781,26.11588742867447,0
2026-01-05 00:40:00,PCS-01,381.8065728789523,-30.263624008561752,30.65683257889924,0
2026-01-05 00:45:00,PCS-01,379.8574013447892,23.52620718070674,27.233654193142602,0
2026-01-05 00:50:00,PCS-01,378.04006038934773,60.36037967166625,28.405324117453116,0
2026-01-05 00:55:00,PCS-01,380.6470348516322,0.18061131762700422,27.587113906868655,0
2026-01-05 01:00:00,PCS-01,376.2565959639416,6.916947036560636,27.611085022826458,0
2026-01-05 01:05:00,PCS-01,383.2778825459725,25.016346614842476,23.88815195854569,0
2026-01-05 01:10:00,PCS-01,380.6137758036328,-25.472182404039728,31.330578534026433,0
2026-01-05 01:15:00,PCS-01,378.4875738351029,-15.37182560876612,22.84288003636815,0
2026-01-05 01:20:00,PCS-01,375.1069848290102,-20.07152066742659,26.599941233411535,0
2026-01-05 01:25:00,PCS-01,380.91173256495927,-18.505133811025054,26.400441014488337,0
2026-01-05 01:30:00,PCS-01,376.5320751502842,40.97025125036291,25.448901617060244,0
2026-01-05 01:35:00,PCS-01,374.78401130362033,-21.609999945576416,28.12799857242709,0
2026-01-05 01:40:00,PCS-01,380.46658022238194,-55.83548630411627,21.979773956867078,0
2026-01-05 01:45:00,PCS-01,378.20623286936205,28.27646784520799,26.762545495613626,0
2026-01-05 01:50:00,PCS-01,378.04025985547116,-48.795129397475456,32.11322220005498,0
2026-01-05 01:55:00,PCS-01,379.7825600118178,-99.97522693053108,32.95808534738435,0
2026-01-05 02:00:00,PCS-01,379.8845961682428,-3.2175612376956844,28.212857748272103,0
2026-01-05 02:05:00,PCS-01,381.9546819758872,86.5911197840104,30.61708084402176,0
2026-01-05 02:10:00,PCS-01,374.63465647943883,-71.86089634938055,23.15449446463355,0
2026-01-05 02:15:00,PCS-01,380.8886794868372,86.85399856668299,29.286438790709255,0
2026-01-05 02:20:00,PCS-01,381.1989134380485,-50.349845444213884,29.88690279570106,0
2026-01-05 02:25:00,PCS-01,379.14050087414137,-81.93278194048287,31.565265826568226,0
2026-01-05 02:30:00,PCS-01,380.83771119152607,70.81354972916793,26.308734565642876,0
2026-01-05 02:35:00,PCS-01,381.87884601072636,52.16070636377278,29.91242597835345,0
2026-01-05 02:40:00,PCS-01,378.6126674706154,-22.81553074747048,26.324899393198717,0
2026-01-05 02:45:00,PCS-01,375.94417390664637,-25.711068761197918,31.718181825722276,0
2026-01-05 02:50:00,PCS-01,381.7589911536179,-19.812944563013456,24.36139613850839,0
2026-01-05 02:55:00,PCS-01,387.16314981325485,-10.619970283423958,24.399198432606504,0
2026-01-05 03:00:00,PCS-01,384.0419541099446,26.68900245475017,25.339223133076665,0
2026-01-05 03:05:00,PCS-01,376.80485301635525,6.618699134088601,19.706127028032117,0
2026-01-05 03:10:00,PCS-01,376.92971863990783,-71.25930409710844,31.79975461412914,0
2026-01-05 03:15:00,PCS-01,375.30144950678863,12.249524590575982,28.48007167131997,0
2026-01-05 03:20:00,PCS-01,377.88030348636585,-22.997099495428973,30.941546684502438,0
2026-01-05 03:25:00,PCS-01,379.3327535473972,-43.32209930278441,31.468899582268186,0
2026-01-05 03:30:00,PCS-01,377.07189074049285,27.044947005082562,27.930182412601287,0
2026-01-05 03:35:00,PCS-01,381.32948054961435,-48.10812029158413,25.150191344930416,0
2026-01-05 03:40:00,PCS-01,382.5247966783769,-14.610459877022366,29.968550786822515,0
2026-01-05 03:45:00,PCS-01,374.54219199346124,21.328045886212877,29.003255006011784,0
2026-01-05 03:50:00,PCS-01,374.6102210781593,-18.792120256805042,23.968171485627522,0
2026-01-05 03:55:00,PCS-01,373.44474054541456,-108.39983622711615,31.174692172051426,0
2026-01-05 04:00:00,PCS-01,376.4854899463758,-28.615964115494606,25.456403425346164,0
2026-01-05 04:05:00,PCS-01,385.31086335445593,5.206563775316544,30.18375593293704,0
2026-01-05 04:10:00,PCS-01,383.6579918457293,-8.096346269338335,29.769916110767113,0
2026-01-05 04:15:00,PCS-01,385.62708126680036,26.215841561257655,30.705927206743695,0
2026-01-05 04:20:00,PCS-01,383.9372898198612,-10.857713086029989,28.252433938923744,0
2026-01-05 04:25:00,PCS-01,386.63342645637107,-37.924703909264124,29.70420008860882,0
2026-01-05 04:30:00,PCS-01,377.1828106147787,-17.394433817614335,24.25734107794097,0
2026-01-05 04:35:00,PCS-01,381.7308971136195,29.56866613122115,24.39255026943851,0
2026-01-05 04:40:00,PCS-01,383.7105209601268,-1.133374841965273,32.023346744789684,0
2026-01-05 04:45:00,PCS-01,378.402043696956,78.51748387293917,23.072220039309908,0
2026-01-05 04:50:00,PCS-01,372.4071119136277,-20.46024922170995,32.12557533641367,0
2026-01-05 04:55:00,PCS-01,378.8516898855112,-68.23274781363867,27.306230177767077,0
2026-01-05 05:00:00,PCS-01,384.6493774530344,-48.12367169692847,20.810999961840984,0
2026-01-05 05:05:00,PCS-01,374.9948133534604,-66.68853377592835,27.87465239956007,0
2026-01-05 05:10:00,PCS-01,377.3241138550705,-65.09335609110225,30.179393218689665,0
2026-01-05 05:15:00,PCS-01,376.44193574465635,-4.962547997109243,24.384512378011603,0
2026-01-05 05:20:00,PCS-01,375.7061460334749,-62.80792998998778,29.049629652243052,0
2026-01-05 05:25:00,PCS-01,376.31092776715377,-82.00765284356834,31.78378753017649,0
2026-01-05 05:30:00,PCS-01,382.04159051776554,-13.188770225986444,31.38906331483285,0
2026-01-05 05:35:00,PCS-01,380.7352779411393,-20.763139486499348,29.441457261360995,0
2026-01-05 05:40:00,PCS-01,379.2476385475572,-34.77402791054287,24.794567639659945,0
2026-01-05 05:45:00,PCS-01,379.68058826839325,-3.098368080559104,26.29309764064794,0
2026-01-05 05:50:00,PCS-01,378.7973643332846,25.72114736804524,26.57215232220417,0
2026-01-05 05:55:00,PCS-01,380.57718346105935,-20.93612802430797,24.14460816124933,0
2026-01-05 06:00:00,PCS-01,378.9890711728277,-34.229069404644235,30.72421475983342,0
2026-01-05 06:05:00,PCS-01,380.94942015720886,-36.30376100769562,29.689577117483882,0
2026-01-05 06:10:00,PCS-01,377.31042440607587,40.64060987860493,31.1940550325975,0
2026-01-05 06:15:00,PCS-01,381.25844117651985,-53.51524783518794,30.757840493311512,0
2026-01-05 06:20:00,PCS-01,375.6441627942681,-0.889668825910672,25.219977447324734,0
2026-01-05 06:25:00,PCS-01,383.16588528277515,-10.853714531837886,27.02203425705295,0
2026-01-05 06:30:00,PCS-01,379.00399194520685,-51.30690225619654,31.507976691115058,0
2026-01-05 06:35:00,PCS-01,379.8057731437372,1.61620621560745,28.97874634000491,0
2026-01-05 06:40:00,PCS-01,378.6689260277897,47.008566111491625,22.836088518425857,0
2026-01-05 06:45:00,PCS-01,379.18477005085066,65.1312253404723,26.80901662257052,0
2026-01-05 06:50:00,PCS-01,381.3568124720807,6.130189239808271,22.63971747390453,0
2026-01-05 06:55:00,PCS-01,379.5624806505394,-52.63597220241306,27.594508902231297,0
2026-01-05 07:00:00,PCS-01,374.8958019117613,-10.599367738787581,23.162265255914733,0
2026-01-05 07:05:00,PCS-01,383.0742405562376,-17.87856364017259,26.459427316475065,0
2026-01-05 07:10:00,PCS-01,383.5915956159841,28.98402830863047,26.364192892165388,0
2026-01-05 07:15:00,PCS-01,386.1011362566247,-24.650433580190064,25.743608610316503,0
2026-01-05 07:20:00,PCS-01,387.2332047786177,30.20617028359967,29.286960094898195,0
2026-01-05 07:25:00,PCS-01,383.1136352334033,-48.41138325803141,22.0573298456063,0
2026-01-05 07:30:00,PCS-01,382.78987453346264,0.07407871868333372,26.290161151782936,0
2026-01-05 07:35:00,PCS-01,383.19377739877064,9.947615692062156,25.64530028812628,0
2026-01-05 07:40:00,PCS-01,384.609924647358,20.78391702872224,28.14606684830057,0
2026-01-05 07:45:00,PCS-01,381.66472204427924,51.29815587054278,33.868176489122106,0
2026-01-05 07:50:00,PCS-01,378.1342015039373,44.28372666533206,30.39602408552235,0
2026-01-05 07:55:00,PCS-01,381.7276703979321,56.97380779339896,26.150930925388675,0
2026-01-05 08:00:00,PCS-01,383.2886146868973,-12.902181544423625,30.5919310631591,0
2026-01-05 08:05:00,PCS-01,381.4732348143352,7.322514935087395,25.563187256618193,0
2026-01-05 08:10:00,PCS-01,376.4926052136403,-6.418211304560808,27.03466689771545,0
2026-01-05 08:15:00,PCS-01,379.11108405307687,55.764919830163294,26.38456856950514,0
2026-01-05 08:20:00,PCS-01,378.9669209798942,-31.774941883187218,27.68755613672069,0
2026-01-05 08:25:00,PCS-01,381.85451575598637,42.77026816745241,26.25843940430096,0
2026-01-05 08:30:00,PCS-01,381.54532484796266,67.79894885698849,31.024757362286092,0
2026-01-05 08:35:00,PCS-01,380.43614264583215,-8.478674496310688,31.283416732630883,0
2026-01-05 08:40:00,PCS-01,380.56789232133605,-39.94329409911997,26.550870790094667,0
2026-01-05 08:45:00,PCS-01,378.4856988086605,40.22397079187356,20.657816950422298,0
2026-01-05 08:50:00,PCS-01,377.8829499765582,52.6060868638323,30.309573695458838,0
2026-01-05 08:55:00,PCS-01,381.08829193924544,-3.933425267350312,28.100064565610506,0
2026-01-05 09:00:00,PCS-01,380.7282302346305,47.52616980314195,27.123435108811687,0
2026-01-05 09:05:00,PCS-01,379.69968914119795,58.5533036797446,28.228148336695703,0
2026-01-05 09:10:00,PCS-01,375.0538422567913,0.6007778324337534,24.80463320949843,0
2026-01-05 09:15:00,PCS-01,385.19125035123255,52.75049416209674,25.62655637642974,0
2026-01-05 09:20:00,PCS-01,384.5428373325518,-19.346235999883003,32.886260578001085,0
2026-01-05 09:25:00,PCS-01,378.03806187930536,-32.5439962490487,23.210086780212063,0
2026-01-05 09:30:00,PCS-01,385.2303217806129,-59.59159328148199,30.72069131327845,0
2026-01-05 09:35:00,PCS-01,376.2572283543842,-17.77343543778472,27.060434700039888,0
2026-01-05 09:40:00,PCS-01,380.63479431776017,-25.03067810685424,29.886507791677626,0
2026-01-05 09:45:00,PCS-01,381.72396828252795,-1.589968615086401,26.370617438331635,0
2026-01-05 09:50:00,PCS-01,381.6380333972649,19.949286718013283,24.414739669484575,0
2026-01-05 09:55:00,PCS-01,379.55585660172255,31.836777900626608,24.447802992675076,0
2026-01-05 10:00:00,PCS-01,380.6846258159825,-22.498849002210722,28.17901545834018,0
2026-01-05 10:05:00,PCS-01,380.0722611065756,3.5141837267622518,26.049368593175423,0
2026-01-05 10:10:00,PCS-01,381.2283427883395,-6.15625519148531,23.405840242723364,0
2026-01-05 10:15:00,PCS-01,380.38820421496797,-27.741056529185286,28.590878515485606,0
2026-01-05 10:20:00,PCS-01,384.9118165426672,-51.675190279699585,25.046051207166105,0
2026-01-05 10:25:00,PCS-01,387.97338484290975,36.67441347666147,29.203205462103806,0
2026-01-05 10:30:00,PCS-01,381.6147722461462,-24.21449706711055,30.261334946488223,0
2026-01-05 10:35:00,PCS-01,381.36685547602417,1.014707991608175,30.3361100549034,0
2026-01-05 10:40:00,PCS-01,382.3437449289757,-46.96427112967847,23.22954968943342,0
2026-01-05 10:45:00,PCS-01,381.54718178583187,26.849183814520444,28.78921260275869,0
2026-01-05 10:50:00,PCS-01,383.2435895945443,2.1350495273294543,32.23518787015634,0
2026-01-05 10:55:00,PCS-01,378.46935818579743,68.5612352203372,26.753304495946516,0
2026-01-05 11:00:00,PCS-01,380.7367609193254,-4.449780312562343,29.224794798561994,0
2026-01-05 11:05:00,PCS-01,375.2194557009255,53.64098234954639,34.17507762645865,0
2026-01-05 11:10:00,PCS-01,375.51374221744817,-45.967935763963865,29.669674682575472,0
2026-01-05 11:15:00,PCS-01,378.51750696323734,-70.81266581479417,27.443231649277937,0
2026-01-05 11:20:00,PCS-01,376.96648708595194,-14.273674928370752,25.961505537348337,0
2026-01-05 11:25:00,PCS-01,380.45881451829797,-35.74975896087871,26.474101051996016,0
2026-01-05 11:30:00,PCS-01,385.25133341214087,-19.793329684924437,19.38234280338573,0
2026-01-05 11:35:00,PCS-01,381.0644375301323,-35.880497734845804,36.08365395582627,0
2026-01-05 11:40:00,PCS-01,383.09606694565724,-11.01626082358796,25.978096021953398,0
2026-01-05 11:45:00,PCS-01,377.4662101460484,40.69360012474639,31.141107908547017,0
2026-01-05 11:50:00,PCS-01,380.821092346279,35.193310678337966,26.17330822419914,0
2026-01-05 11:55:00,PCS-01,378.408315977508,33.769528911892394,28.659493709090853,0
2026-01-05 12:00:00,PCS-01,380.5416794562939,-44.87603793315695,26.296837804292174,0
2026-01-05 12:05:00,PCS-01,382.5826702163372,17.69304762869266,25.85112017021248,0
2026-01-05 12:10:00,PCS-01,378.3398816467954,74.25257760838049,22.575871975869127,0
2026-01-05 12:15:00,PCS-01,382.0256866676444,12.327600490332596,32.260102469725425,0
2026-01-05 12:20:00,PCS-01,383.38488951886916,-111.23235983401167,29.477150062099867,0
2026-01-05 12:25:00,PCS-01,376.93827790827123,-21.187595702244607,23.62362227098368,0
2026-01-05 12:30:00,PCS-01,378.4149770471102,-72.1399183510329,23.175285967991723,0
2026-01-05 12:35:00,PCS-01,378.98185587377094,80.61017643793512,25.838923631653106,0
2026-01-05 12:40:00,PCS-01,380.35056241274714,27.40370720728994,28.31524673784694,0
2026-01-05 12:45:00,PCS-01,383.005878885763,2.5826661693694772,30.62166508788585,0
2026-01-05 12:50:00,PCS-01,381.03934789551005,-43.47991491816596,33.80159757298176,0
2026-01-05 12:55:00,PCS-01,380.06678049322466,-54.68500734811645,28.489015554644826,0
2026-01-05 13:00:00,PCS-01,378.8940396893467,55.81989697677878,30.1444522288344,0
2026-01-05 13:05:00,PCS-01,382.40748832865444,-51.353090385334276,31.699684589150557,0
2026-01-05 13:10:00,PCS-01,376.61094698965735,1.8588622078961516,27.152601547656563,0
2026-01-05 13:15:00,PCS-01,379.62972847398805,38.111725490033784,27.614749815462574,0
2026-01-05 13:20:00,PCS-01,377.9583572741789,6.743461928461018,32.74850616237103,0
2026-01-05 13:25:00,PCS-01,380.79457896723983,-0.5520957366736907,24.967274015062397,0
2026-01-05 13:30:00,PCS-01,385.0465143370645,54.62356310250905,26.251227845958187,0
2026-01-05 13:35:00,PCS-01,385.9609226784665,25.219328922838,28.540310196971618,0
2026-01-05 13:40:00,PCS-01,379.48413939076346,-24.017698940638127,30.1447458355453,0
2026-01-05 13:45:00,PCS-01,377.92179757194157,44.71557871270691,29.695189017005315,0
2026-01-05 13:50:00,PCS-01,380.51638570005684,33.27042636474006,25.605556509950965,0
2026-01-05 13:55:00,PCS-01,383.3998263773845,34.846838973340205,22.216537594817265,0
2026-01-05 14:00:00,PCS-01,376.15227374026006,-93.10428523797562,29.1789078842281,0
2026-01-05 14:05:00,PCS-01,379.58634624612665,-27.18742262932935,26.394322943654593,0
2026-01-05 14:10:00,PCS-01,380.65304030101214,-71.37335352678957,29.336249903895315,0
2026-01-05 14:15:00,PCS-01,381.15190313980787,-7.973671848786367,30.66116097860926,0
2026-01-05 14:20:00,PCS-01,377.4838042750268,11.4505275928759,35.74575604512126,0
2026-01-05 14:25:00,PCS-01,382.64844100775935,0.1268429287904908,34.39260527091288,0
2026-01-05 14:30:00,PCS-01,389.8529491003294,-29.183851359595117,23.80438145594998,0
2026-01-05 14:35:00,PCS-01,380.3068896744253,20.64156510025626,25.483811336168397,0
2026-01-05 14:40:00,PCS-01,377.41686656569414,-23.073152567604165,29.942956553065727,0
2026-01-05 14:45:00,PCS-01,378.0045620344613,-55.29178019615518,26.482160101664512,0
2026-01-05 14:50:00,PCS-01,377.00544877748797,12.301476142444374,30.071433609800362,0
2026-01-05 14:55:00,PCS-01,383.9099490806855,34.84352585200517,28.99047588940198,0
2026-01-05 15:00:00,PCS-01,380.94183555876833,-13.557609276929032,26.29702900029839,0
2026-01-05 15:05:00,PCS-01,376.35503822665635,35.73440250109685,31.187158204265128,0
2026-01-05 15:10:00,PCS-01,380.37925149029985,14.653102678265594,33.772092390135306,0
2026-01-05 15:15:00,PCS-01,376.19273830269407,40.18526614223895,23.581971923942568,0
2026-01-05 15:20:00,PCS-01,377.00491589042673,68.8459714580449,31.93744172770523,0
2026-01-05 15:25:00,PCS-01,379.4467037466187,48.08331390233013,29.560156354565276,0
2026-01-05 15:30:00,PCS-01,375.1378848180125,-31.56048046638751,29.245560009503453,0
2026-01-05 15:35:00,PCS-01,382.16737337948354,-34.92701785728755,28.470377207861837,0
2026-01-05 15:40:00,PCS-01,380.8332111962371,2.3633242489520723,25.694625221785923,0
2026-01-05 15:45:00,PCS-01,376.8751865366382,-68.76549003282337,23.21453471018431,0
2026-01-05 15:50:00,PCS-01,379.3219276153163,-10.768593974263199,28.37577429914974,0
2026-01-05 15:55:00,PCS-01,380.66621751663325,-38.051379492026086,28.626223077386612,0
2026-01-05 16:00:00,PCS-01,375.1620932931568,-42.14183556666495,30.153072856881828,0
2026-01-05 16:05:00,PCS-01,377.75499232351257,-54.5124781871406,31.903390730777524,0
2026-01-05 16:10:00,PCS-01,385.2513817747299,-27.233142715925197,31.127985775151174,0
2026-01-05 16:15:00,PCS-01,377.49961562331345,57.56278054343255,19.95583554538613,0
2026-01-05 16:20:00,PCS-01,382.1581786492816,-32.93417547231301,26.08182131439094,0
2026-01-05 16:25:00,PCS-01,378.00637739544425,33.589518184405,25.106281972122833,0
2026-01-05 16:30:00,PCS-01,378.48902284066384,-17.572960513817357,21.558838956301337,0
2026-01-05 16:35:00,PCS-01,377.15950219020306,-34.552557356350405,32.44781526745164,0
2026-01-05 16:40:00,PCS-01,381.70043046981266,-0.012553898771763043,29.458684353788165,0
2026-01-05 16:45:00,PCS-01,380.4653877676406,-38.402462553215486,27.426764570293297,0
2026-01-05 16:50:00,PCS-01,385.13333022255506,-20.383820564059064,27.71511586591855,0
2026-01-05 16:55:00,PCS-01,377.3356160773525,23.052946861916976,34.17512794803996,0
2026-01-05 17:00:00,PCS-01,378.2281280581955,-55.91670020049335,26.013254404357355,0
2026-01-05 17:05:00,PCS-01,381.2418159786587,-42.34328067291977,27.984612834411354,0
2026-01-05 17:10:00,PCS-01,380.63225532046766,-50.118469287126324,28.41242319722295,0
2026-01-05 17:15:00,PCS-01,380.8242247249233,-36.974773365557844,32.60475659360636,0
2026-01-05 17:20:00,PCS-01,384.37534286434266,11.243198551137418,25.029305281005982,0
2026-01-05 17:25:00,PCS-01,380.4620930731676,-2.0889384462743004,30.114352851083527,0
2026-01-05 17:30:00,PCS-01,380.8640794904077,-8.29993989901311,22.29149489752619,0
2026-01-05 17:35:00,PCS-01,377.93784496301555,51.52146342380448,24.319922589708376,0
2026-01-05 17:40:00,PCS-01,375.95505077515116,-60.01839428233639,28.945855944171562,0
2026-01-05 17:45:00,PCS-01,377.4641111157332,-33.1576584998058,27.265949850230488,0
2026-01-05 17:50:00,PCS-01,379.6741440553057,25.433504900837246,24.630220867829518,0
2026-01-05 17:55:00,PCS-01,380.20742962859106,-67.62596006219715,25.38821533986045,0
2026-01-05 18:00:00,PCS-01,382.39325866140916,-66.00773653300982,30.36732345393272,0
2026-01-05 18:05:00,PCS-01,384.04888905882757,1.9634206587779481,29.870171394514216,0
2026-01-05 18:10:00,PCS-01,380.8454879076511,-68.62826676978396,32.69608651317273,0
2026-01-05 18:15:00,PCS-01,376.5893224018145,-5.971638927054201,26.295236068357987,0
2026-01-05 18:20:00,PCS-01,381.16994684376704,2.526229060370047,26.80703025651118,0
2026-01-05 18:25:00,PCS-01,380.7619122933256,-13.946515702573496,29.687573059951255,0
2026-01-05 18:30:00,PCS-01,380.5143071700175,-25.33908061529572,24.848196062386545,0
2026-01-05 18:35:00,PCS-01,380.01214944393615,-63.28678982463512,31.837191319734092,0
2026-01-05 18:40:00,PCS-01,382.66711267792994,-50.91867034132242,26.28487274992937,0
2026-01-05 18:45:00,PCS-01,375.6809939264867,9.611145583275768,28.225395171078944,0
2026-01-05 18:50:00,PCS-01,382.40784521513757,39.62826419775502,24.843145242184413,0
2026-01-05 18:55:00,PCS-01,383.8188889925043,-2.857531369940643,25.3632676628334,0
2026-01-05 19:00:00,PCS-01,386.2281553599256,61.2689891598488,25.63722507114391,0
2026-01-05 19:05:00,PCS-01,378.0954833842291,7.998069003190667,28.73947332678006,0
2026-01-05 19:10:00,PCS-01,384.7977351679872,14.987007463387602,28.7980254439322,0
2026-01-05 19:15:00,PCS-01,381.5565237973721,-0.8544192633319136,29.01819794383188,0
2026-01-05 19:20:00,PCS-01,381.0212858430791,26.346492223426992,27.569213208844797,0
2026-01-05 19:25:00,PCS-01,379.37246254495204,4.935194014686192,25.24887274565548,0
2026-01-05 19:30:00,PCS-01,378.6946893065155,37.79272038042518,28.7864937841524,0
2026-01-05 19:35:00,PCS-01,380.2262890439718,77.28463541304343,26.289108775131805,0
2026-01-05 19:40:00,PCS-01,379.0392334993394,-24.743204921139412,24.564827407824605,0
2026-01-05 19:45:00,PCS-01,377.2281227610931,-58.62304163094145,26.82385013658189,0
2026-01-05 19:50:00,PCS-01,382.9433211758326,73.94332230569961,25.192158911775337,0
2026-01-05 19:55:00,PCS-01,379.7961044813577,-0.7190598948007719,24.193645929115362,0
2026-01-05 20:00:00,PCS-01,380.7647555708955,41.6209062535711,26.56171611617056,0
2026-01-05 20:05:00,PCS-01,384.88467994095134,31.45939560665575,29.499574482211212,0
2026-01-05 20:10:00,PCS-01,381.9941650840678,-21.62286984760033,25.020483915146777,0
2026-01-05 20:15:00,PCS-01,377.21413975975884,50.32221501495299,28.930235095287344,0
2026-01-05 20:20:00,PCS-01,375.7804806707825,-25.457668861675508,28.485314206670125,0
2026-01-05 20:25:00,PCS-01,376.57713194950196,-5.122113272050831,24.606318470680893,0
2026-01-05 20:30:00,PCS-01,384.50004618522325,-21.86625516512679,32.76045253150674,0
2026-01-05 20:35:00,PCS-01,383.4707646459969,40.528944995875364,26.42474759800635,0
2026-01-05 20:40:00,PCS-01,375.1884424537245,22.86225754912634,32.75563235584839,0
2026-01-05 20:45:00,PCS-01,378.38774595637705,88.40116932072152,27.29988900669545,0
2026-01-05 20:50:00,PCS-01,381.7782550354497,-21.10081824583021,27.62996452883787,0
2026-01-05 20:55:00,PCS-01,381.41194904551384,25.845731988243635,26.402818722676738,0
2026-01-05 21:00:00,PCS-01,375.54199042606336,67.89800268856851,31.401165549180003,0
2026-01-05 21:05:00,PCS-01,380.24211764905726,50.57544029423866,30.1911888340786,0
2026-01-05 21:10:00,PCS-01,382.2957621340412,2.1015863089807905,30.097748481961304,0
2026-01-05 21:15:00,PCS-01,376.9648018013359,-19.723171875346424,23.091988160933617,0
2026-01-05 21:20:00,PCS-01,378.5197747601941,57.228469641404004,25.071100965438916,0
2026-01-05 21:25:00,PCS-01,381.77167371864033,26.688535403686807,27.432176135820733,0
2026-01-05 21:30:00,PCS-01,384.14072845438915,-19.63949969830865,29.96599253051221,0
2026-01-05 21:35:00,PCS-01,378.1687182515251,-14.449112424534658,26.88421664552709,0
2026-01-05 21:40:00,PCS-01,379.63418454870026,51.565852153307645,30.162768681273725,0
2026-01-05 21:45:00,PCS-01,384.283266089162,51.319978376241515,25.918374686446654,0
2026-01-05 21:50:00,PCS-01,378.99708314503135,-24.863962186032676,25.447499798284056,0
2026-01-05 21:55:00,PCS-01,380.9920496383587,11.458412708193705,30.881159562713528,0
2026-01-05 22:00:00,PCS-01,382.17069728820667,51.204450988853196,30.433057302051058,0
2026-01-05 22:05:00,PCS-01,378.46830010164655,1.820116770194272,23.540271680544645,0
2026-01-05 22:10:00,PCS-01,385.58917034631827,-43.651183132159744,24.567570995700386,0
2026-01-05 22:15:00,PCS-01,380.24712036620406,54.0917219463895,25.048315097541966,0
2026-01-05 22:20:00,PCS-01,380.80385299975677,-3.7298973844172867,30.804964370424113,0
2026-01-05 22:25:00,PCS-01,373.6360115665083,22.4227872809361,28.336335783200614,0
2026-01-05 22:30:00,PCS-01,382.3545761689113,-26.458442621581618,28.034521481105923,0
2026-01-05 22:35:00,PCS-01,379.99630341764833,-9.373424190828242,29.24161872001498,0
2026-01-05 22:40:00,PCS-01,378.53218248395876,-43.881643633722945,27.256388429474413,0
2026-01-05 22:45:00,PCS-01,379.859277664218,65.20900679181952,25.1823001553179,0
2026-01-05 22:50:00,PCS-01,374.56843328045534,-30.036410159294196,27.806900229626564,0
2026-01-05 22:55:00,PCS-01,380.95935281107904,9.24326714866981,23.44684346459559,0
2026-01-05 23:00:00,PCS-01,381.1676206416195,1.6593113189268212,30.82631543546572,0
2026-01-05 23:05:00,PCS-01,381.0506463441912,-6.057985001913076,27.07236277982671,0
2026-01-05 23:10:00,PCS-01,380.0442484933126,-10.770866060948418,25.636208654368318,0
2026-01-05 23:15:00,PCS-01,378.1162849027496,-52.475153623310426,29.206593451653408,0
2026-01-05 23:20:00,PCS-01,378.5764538590695,-92.95044480092659,30.520590133158308,0
2026-01-05 23:25:00,PCS-01,375.9453449733891,-30.18798249841923,23.424759807121205,0
2026-01-05 23:30:00,PCS-01,386.0914018860233,21.904591507575613,31.759663154906615,0
2026-01-05 23:35:00,PCS-01,379.5949879767582,-27.412501862840966,27.307846881077133,0
2026-01-05 23:40:00,PCS-01,377.43315609483517,-16.59169836914061,22.898685850781582,0
2026-01-05 23:45:00,PCS-01,381.5995213246249,-2.403524465160935,24.449595712589915,0
2026-01-05 23:50:00,PCS-01,373.14215169966263,-85.32580918378156,27.695884548591177,0
2026-01-05 23:55:00,PCS-01,381.2319145203664,-11.997084807563667,30.689097241772693,0
2026-01-06 00:00:00,PCS-01,374.11156332234214,107.67587420516939,26.184920212448926,0
2026-01-06 00:05:00,PCS-01,377.44928456118737,-43.437116830138,29.210581949372823,0
2026-01-06 00:10:00,PCS-01,377.6882347987708,61.441448476357785,32.835694080335,0
2026-01-06 00:15:00,PCS-01,378.1281491476699,20.951249956928457,30.59391326513351,0
2026-01-06 00:20:00,PCS-01,377.66544670842217,-8.158035274132265,28.361546860552306,0
2026-01-06 00:25:00,PCS-01,382.6955355755399,23.88646374202142,26.717987782107603,0
2026-01-06 00:30:00,PCS-01,380.14959662927697,44.47418899257397,29.81018608781807,0
2026-01-06 00:35:00,PCS-01,374.6271747549609,-19.849290067353017,29.040741746497492,0
2026-01-06 00:40:00,PCS-01,384.0138831322002,7.664884488608736,26.789975479305806,0
2026-01-06 00:45:00,PCS-01,382.81088576126945,-97.76059517276974,31.043744259188674,0
2026-01-06 00:50:00,PCS-01,382.37328731953806,31.89186237512098,28.109690508861455,0
2026-01-06 00:55:00,PCS-01,379.5738935740639,23.606699747568744,25.104254662152258,0
2026-01-06 01:00:00,PCS-01,378.1543530167728,-28.414078793123675,31.243888949962802,0
2026-01-06 01:05:00,PCS-01,378.83968574268613,-7.25319406391466,32.62084061073967,0
2026-01-06 01:10:00,PCS-01,383.2133470141821,-7.1008651215621725,31.761822980145602,0
2026-01-06 01:15:00,PCS-01,377.7566183679939,18.018811904448885,25.001383720709352,0
2026-01-06 01:20:00,PCS-01,381.109491730728,-9.831044244877285,32.889056498130756,0
2026-01-06 01:25:00,PCS-01,379.8276622713867,-13.139449027124053,26.93315489710619,0
2026-01-06 01:30:00,PCS-01,383.42242023165016,2.0112364583235722,22.247196046135183,0
2026-01-06 01:35:00,PCS-01,381.37163980128736,12.271742039530482,22.793878864320337,0
2026-01-06 01:40:00,PCS-01,387.1036114297586,-68.1474475171767,27.141555770701718,0
2026-01-06 01:45:00,PCS-01,376.78744678386334,23.576483853902737,29.973390769804364,0
2026-01-06 01:50:00,PCS-01,381.58932816613566,42.53474377238746,28.564448893191468,0
2026-01-06 01:55:00,PCS-01,377.0060044273389,22.437233555213787,29.90456051047493,0
2026-01-06 02:00:00,PCS-01,380.36886586594244,-20.590316772816266,22.561767839504395,0
2026-01-06 02:05:00,PCS-01,383.32895116654777,46.54809813061891,24.114778784579084,0
2026-01-06 02:10:00,PCS-01,381.2596834263788,24.998865510247615,32.337866988897304,0
2026-01-06 02:15:00,PCS-01,375.94627975672563,69.11853931185802,27.820506143945284,0
2026-01-06 02:20:00,PCS-01,379.00878853645474,-36.158531226454,25.68612932381169,0
2026-01-06 02:25:00,PCS-01,381.60550841609876,-8.769503539263106,30.148968966276342,0
2026-01-06 02:30:00,PCS-01,375.9769867288317,-43.33824223629968,25.76565197518017,0
2026-01-06 02:35:00,PCS-01,379.23825250941,-7.5850712615250115,25.737162456377234,0
2026-01-06 02:40:00,PCS-01,376.20400815717727,-66.81822708240426,26.545622459486392,0
2026-01-06 02:45:00,PCS-01,382.1690829013944,-8.677523532693991,36.38740831226512,0
2026-01-06 02:50:00,PCS-01,377.02229774448926,3.2405688448282977,32.87672070718169,0
2026-01-06 02:55:00,PCS-01,379.552830629905,-63.89168379775527,26.331102232926632,0
2026-01-06 03:00:00,PCS-01,377.85781022789905,-59.76362252658474,27.808239763059593,0
2026-01-06 03:05:00,PCS-01,376.9576529818879,30.542357363159766,24.271149975390003,0
2026-01-06 03:10:00,PCS-01,381.5258752490052,83.01245743863477,29.84453110787749,0
2026-01-06 03:15:00,PCS-01,376.48901094886253,40.28626482151686,28.83493207229003,0
2026-01-06 03:20:00,PCS-01,383.53754210413393,-82.32572177843923,26.99580989716343,0
2026-01-06 03:25:00,PCS-01,378.0162300462575,-20.216534982530394,29.215783091291126,0
2026-01-06 03:30:00,PCS-01,382.33822378212966,42.437017571064416,30.424896873032402,0
2026-01-06 03:35:00,PCS-01,374.713619791809,-20.392164348015093,32.450103022253785,0
2026-01-06 03:40:00,PCS-01,379.850683022748,-11.759730343049704,26.94154777922421,0
2026-01-06 03:45:00,PCS-01,374.29635569250297,-26.47756205745634,31.244866927706596,0
2026-01-06 03:50:00,PCS-01,374.9242741716447,-5.2324730705468205,25.375386844653285,0
2026-01-06 03:55:00,PCS-01,385.862214599096,6.003130122926209,27.261480807767434,0
2026-01-06 04:00:00,PCS-01,381.8854685442285,-69.8173607878932,26.233061462960528,0
2026-01-06 04:05:00,PCS-01,374.8302880986247,-28.456446792542643,18.126385882034292,0
2026-01-06 04:10:00,PCS-01,376.2936662451514,-22.66416905496569,26.11281079265549,0
2026-01-06 04:15:00,PCS-01,379.39890731429193,48.57265379440402,28.02589808459375,0
2026-01-06 04:20:00,PCS-01,383.17903552161476,-12.164170606827865,27.824697307518395,0
2026-01-06 04:25:00,PCS-01,379.4223156526974,6.315829212271264,22.91484757666535,0
2026-01-06 04:30:00,PCS-01,389.30444010946877,-25.89946605098266,26.201759685265156,0
2026-01-06 04:35:00,PCS-01,378.93807274397585,-51.53200306447812,29.968917450676088,0
2026-01-06 04:40:00,PCS-01,380.53981466540637,33.74246891434258,28.06916488321636,0
2026-01-06 04:45:00,PCS-01,380.4127798909363,8.227625433425093,31.103502340522688,0
2026-01-06 04:50:00,PCS-01,377.8011194582127,28.68442764192215,20.732654447512665,0
2026-01-06 04:55:00,PCS-01,379.6843283513258,88.61946312665947,26.951336869235714,0
2026-01-06 05:00:00,PCS-01,376.7519564852873,6.814667509682824,26.131634725236978,0
2026-01-06 05:05:00,PCS-01,375.2651989459765,-90.80207521406535,35.75363116115466,0
2026-01-06 05:10:00,PCS-01,376.25787587133544,-26.281842707593036,29.776355120536056,0
2026-01-06 05:15:00,PCS-01,383.3063846476093,-28.37532084623142,30.228240499113703,0
2026-01-06 05:20:00,PCS-01,381.87813638083793,-25.08838275475453,32.75441106122359,0
2026-01-06 05:25:00,PCS-01,380.46865034697595,-96.105028036916,28.59645431581362,0
2026-01-06 05:30:00,PCS-01,379.5992818841962,68.02610038121486,31.224337345387283,0
2026-01-06 05:35:00,PCS-01,383.21433442940616,7.882655022542071,29.050202496906433,0
2026-01-06 05:40:00,PCS-01,378.6738472588746,-24.925857470373924,28.82488586281713,0
2026-01-06 05:45:00,PCS-01,379.7572491651838,41.29534998543485,26.19681730469292,0
2026-01-06 05:50:00,PCS-01,379.7796629775341,0.4530419728237134,26.424506484070548,0
2026-01-06 05:55:00,PCS-01,379.0697900848559,28.594032829804434,24.936328404164065,0
2026-01-06 06:00:00,PCS-01,375.60517587901376,36.91649963295974,27.507757022458236,0
2026-01-06 06:05:00,PCS-01,376.19651886461963,26.09382921757897,22.557896964646034,0
2026-01-06 06:10:00,PCS-01,379.1805193443095,-20.339018086369663,31.80004871799602,0
2026-01-06 06:15:00,PCS-01,377.8282855483253,24.205870436272413,24.623731841850617,0
2026-01-06 06:20:00,PCS-01,380.444137036585,32.163734146299404,26.504897995415682,0
2026-01-06 06:25:00,PCS-01,382.12572197953466,-63.2931401245814,27.345626443547804,0
2026-01-06 06:30:00,PCS-01,379.01847330033877,-62.66694015511937,29.24349739310615,0
2026-01-06 06:35:00,PCS-01,377.17052566803795,43.75143611418753,24.48075846034837,0
2026-01-06 06:40:00,PCS-01,379.8132689857218,-6.046209742821551,34.65731293615469,0
2026-01-06 06:45:00,PCS-01,379.2248361265583,15.919320460966194,25.829363183785407,0
2026-01-06 06:50:00,PCS-01,379.0199809844492,52.90575796042422,30.569921304356846,0
2026-01-06 06:55:00,PCS-01,388.0928522858781,-9.464605173186007,33.1613460716615,0
2026-01-06 07:00:00,PCS-01,378.19826756974516,11.072264256173465,27.900323631494395,0
2026-01-06 07:05:00,PCS-01,383.07668239205753,-43.81779508783147,32.42779835170437,0
2026-01-06 07:10:00,PCS-01,377.20263979213195,12.196142530721726,24.81946601381641,0
2026-01-06 07:15:00,PCS-01,378.01590103435746,17.375563236826178,32.87923438786221,0
2026-01-06 07:20:00,PCS-01,378.27436756250466,22.8641158310612,33.86742382710915,0
2026-01-06 07:25:00,PCS-01,377.68160328373926,-1.5681431476596117,30.28918134005894,0
2026-01-06 07:30:00,PCS-01,384.57959002830836,-26.530268418819976,28.679505299117157,0
2026-01-06 07:35:00,PCS-01,384.55399421163247,-55.633678956331345,25.211959745090162,0
2026-01-06 07:40:00,PCS-01,380.98635875203775,-16.270921620212132,27.11408449305696,0
2026-01-06 07:45:00,PCS-01,382.70192865947564,3.8304192839629825,27.8892671858692,0
2026-01-06 07:50:00,PCS-01,378.46974226227,-12.153120840579923,33.69731747458032,0
2026-01-06 07:55:00,PCS-01,375.26078850599373,-24.996805207235823,34.65043036353499,0
2026-01-06 08:00:00,PCS-01,378.59678288618557,1.1986921190127433,24.87889666547225,0
2026-01-06 08:05:00,PCS-01,378.4853827679746,-10.170536250699605,28.374996081500367,0
2026-01-06 08:10:00,PCS-01,381.84744521499607,-19.479838817637923,27.362510543026346,0
2026-01-06 08:15:00,PCS-01,377.72441510733796,-5.096520211673935,32.72509891044274,0
2026-01-06 08:20:00,PCS-01,383.66079426512425,-10.38573201194346,33.71019085812267,0
2026-01-06 08:25:00,PCS-01,381.23075943158665,-24.96604352001161,30.28733949986278,0
2026-01-06 08:30:00,PCS-01,380.7104849694855,49.32401860555185,33.02023570637995,0
2026-01-06 08:35:00,PCS-01,382.6574409369252,72.4724881286251,30.787823743512316,0
2026-01-06 08:40:00,PCS-01,377.72351456817,39.488238949747455,28.351281563053682,0
2026-01-06 08:45:00,PCS-01,385.4753093550331,-23.72534764333983,29.53765547996216,0
2026-01-06 08:50:00,PCS-01,380.45684772538317,-47.135446316718735,26.552160895328534,0
2026-01-06 08:55:00,PCS-01,384.34494412070677,46.71826013256358,31.918775460927897,0
2026-01-06 09:00:00,PCS-01,378.26168257610135,33.857903431177604,27.09997849533952,0
2026-01-06 09:05:00,PCS-01,381.3432090449605,-35.68691000440302,31.84460235848099,0
2026-01-06 09:10:00,PCS-01,378.6474633359586,-7.700096778979859,25.66934586574241,0
2026-01-06 09:15:00,PCS-01,381.8582767598254,-23.123766325433046,30.816392759068922,0
2026-01-06 09:20:00,PCS-01,381.25588407115237,-32.41224905891119,24.392634878814274,0
2026-01-06 09:25:00,PCS-01,379.6945535491968,-8.072969363589015,23.343579230864417,0
2026-01-06 09:30:00,PCS-01,378.02884705230207,-27.60216460541537,31.694615960116522,0
2026-01-06 09:35:00,PCS-01,380.54783587282924,19.54310892338746,24.10359016278284,0
2026-01-06 09:40:00,PCS-01,383.90109849177264,-52.33300178836491,25.817305508043958,0
2026-01-06 09:45:00,PCS-01,380.34853768038255,-1.6052406095061391,27.51724595211723,0
2026-01-06 09:50:00,PCS-01,381.49656661977247,13.69052877123046,30.04950359683227,0
2026-01-06 09:55:00,PCS-01,378.42037110016224,19.90052928046875,26.042858007843293,0
2026-01-06 10:00:00,PCS-01,381.0603103298071,-34.13577286088948,25.618005129639894,0
2026-01-06 10:05:00,PCS-01,380.1543215350437,-16.521431485257896,28.220932100869838,0
2026-01-06 10:10:00,PCS-01,379.9952707452965,-24.883874895213076,29.965969255731295,0
2026-01-06 10:15:00,PCS-01,379.2703384581683,-76.77389293398828,25.50562705142651,0
2026-01-06 10:20:00,PCS-01,380.3933786790461,-83.01679958634432,24.312077061959403,0
2026-01-06 10:25:00,PCS-01,383.2492411869332,26.939929374027336,29.156459040095847,0
2026-01-06 10:30:00,PCS-01,377.3954175867837,-55.226535371940415,23.23850538935652,0
2026-01-06 10:35:00,PCS-01,383.93342240805595,45.818496187692105,25.779546065955866,0
2026-01-06 10:40:00,PCS-01,377.60162742024505,38.82128660155626,27.16192122441016,0
2026-01-06 10:45:00,PCS-01,381.269528720749,9.587892202767724,27.07717364737042,0
2026-01-06 10:50:00,PCS-01,381.594591871949,25.766565433175938,30.95139673252671,0
2026-01-06 10:55:00,PCS-01,376.25614695204945,7.436227176528991,27.711495463289,0
2026-01-06 11:00:00,PCS-01,378.59705082248803,51.38437264404121,26.893091546915876,0
2026-01-06 11:05:00,PCS-01,379.69773408720926,8.721020824822656,29.89743833593854,0
2026-01-06 11:10:00,PCS-01,379.25090453166223,16.9589133535295,26.72654575672183,0
2026-01-06 11:15:00,PCS-01,380.71683207880386,33.32281469189127,32.1480696736905,0
2026-01-06 11:20:00,PCS-01,384.0900160240308,-54.42308451256906,26.66321558640502,0
2026-01-06 11:25:00,PCS-01,376.69928205404943,-12.868275032359444,28.914023851490093,0
2026-01-06 11:30:00,PCS-01,383.02447486814646,11.691836696765465,31.46880073288927,0
2026-01-06 11:35:00,PCS-01,384.34672488533346,-25.466059531772437,25.90637724599468,0
2026-01-06 11:40:00,PCS-01,373.5296614049115,42.23154677011648,30.112993116477025,0
2026-01-06 11:45:00,PCS-01,386.6930217208327,58.58143288575129,19.33981460161156,0
2026-01-06 11:50:00,PCS-01,383.7391892135621,-75.10820783943524,29.833987123969493,0
2026-01-06 11:55:00,PCS-01,380.67886231801623,36.49506830139338,23.12877398832703,0
2026-01-06 12:00:00,PCS-01,380.473135989919,-41.04166932777838,30.249502902070386,0
2026-01-06 12:05:00,PCS-01,381.1410765232907,-16.61880778398631,27.854408295737755,0
2026-01-06 12:10:00,PCS-01,379.62331267067304,26.942368972711964,30.035128564944497,0
2026-01-06 12:15:00,PCS-01,382.49105915247446,-0.6170289069956496,25.38866625853515,0
2026-01-06 12:20:00,PCS-01,382.55879136747615,48.21592648851272,27.135275725084444,0
2026-01-06 12:25:00,PCS-01,379.28577563495213,52.326444085216025,28.0638042964019,0
2026-01-06 12:30:00,PCS-01,381.88369043020674,-6.242467932184688,25.251626444445524,0
2026-01-06 12:35:00,PCS-01,383.00155039066414,-50.18312002735107,24.5243583438438,0
2026-01-06 12:40:00,PCS-01,380.4890246004248,-37.390657697012756,29.343159420632123,0
2026-01-06 12:45:00,PCS-01,379.2649285956885,60.65156318685468,26.897094227155115,0
2026-01-06 12:50:00,PCS-01,381.41165220641204,73.67635340350178,34.487699749712164,0
2026-01-06 12:55:00,PCS-01,383.7115411355088,52.380581967133686,31.963556009445295,0
2026-01-06 13:00:00,PCS-01,380.6822308571437,-32.725933357020644,30.585906403798216,0
2026-01-06 13:05:00,PCS-01,385.1048698389623,34.44840310334331,26.71131419552379,0
2026-01-06 13:10:00,PCS-01,374.0023706879714,-24.138313723982364,30.09247890163272,0
2026-01-06 13:15:00,PCS-01,387.54683417803113,-29.01961600524647,30.48760253223454,0
2026-01-06 13:20:00,PCS-01,374.1997713320946,-37.29285641966661,29.785185687436442,0
2026-01-06 13:25:00,PCS-01,378.6659295534227,-64.4663904185772,29.531898794058055,0
2026-01-06 13:30:00,PCS-01,378.49567668979654,6.38245429408559,25.20232577129276,0
2026-01-06 13:35:00,PCS-01,388.4220630939005,9.37024189520607,25.019521014656846,0
2026-01-06 13:40:00,PCS-01,379.5332955529207,-53.63346318508099,27.542756751661788,0
2026-01-06 13:45:00,PCS-01,384.2351343761643,-22.238142204741198,28.112364416053616,0
2026-01-06 13:50:00,PCS-01,380.6203422347874,31.922654088406603,32.33799823304532,0
2026-01-06 13:55:00,PCS-01,380.6611819307514,25.158863820762637,28.492845197447444,0
2026-01-06 14:00:00,PCS-01,386.9129515761836,3.240988966353453,27.859828693831094,0
2026-01-06 14:05:00,PCS-01,384.4672310933987,-56.429154134631574,27.765085441347313,0
2026-01-06 14:10:00,PCS-01,379.98958827443505,-14.737504880238896,29.77016019180462,0
2026-01-06 14:15:00,PCS-01,384.53903964430384,-48.31640023627933,22.24949870475101,0
2026-01-06 14:20:00,PCS-01,378.6984164080023,10.22473305837047,27.40848643127464,0
2026-01-06 14:25:00,PCS-01,378.71222946545913,21.191457909316064,32.09887761333425,0
2026-01-06 14:30:00,PCS-01,379.8877910344717,-11.40431515851289,24.966779836525305,0
2026-01-06 14:35:00,PCS-01,386.7338830781377,48.388387390861645,28.25252260114369,0
2026-01-06 14:40:00,PCS-01,376.9620308400617,26.66604216145075,32.35679759348335,0
2026-01-06 14:45:00,PCS-01,379.688358153125,-29.637760921857705,28.07392851289778,0
2026-01-06 14:50:00,PCS-01,381.8197524210498,32.494256406344356,26.758362528868627,0
2026-01-06 14:55:00,PCS-01,378.4647891394346,27.75239760839936,26.333998820208482,0
2026-01-06 15:00:00,PCS-01,385.41398970049016,-40.52976210705556,29.196313259389715,0
2026-01-06 15:05:00,PCS-01,378.3768874594182,23.143693166409157,30.975860664217297,0
2026-01-06 15:10:00,PCS-01,376.4124826199676,-27.36113021591479,29.84317218683397,0
2026-01-06 15:15:00,PCS-01,376.88822393238274,-14.661312408044424,30.038952625538315,0
2026-01-06 15:20:00,PCS-01,380.5526320301472,-53.71385398698009,29.359817571782386,0
2026-01-06 15:25:00,PCS-01,385.74654584436604,44.15944633103361,29.67663331266968,0
2026-01-06 15:30:00,PCS-01,377.61779405308704,-66.49298201204793,27.022064321743525,0
2026-01-06 15:35:00,PCS-01,377.19279590544255,72.73785123852264,28.167974411669416,0
2026-01-06 15:40:00,PCS-01,380.7606138994055,73.18636003074495,27.810822185619056,0
2026-01-06 15:45:00,PCS-01,380.6976626968759,-61.375654070392294,31.47387084225543,0
2026-01-06 15:50:00,PCS-01,376.32927967198924,-3.9055711918136065,32.434326873262286,0
2026-01-06 15:55:00,PCS-01,381.7253100305905,-73.34624694721657,23.98360924458951,0
2026-01-06 16:00:00,PCS-01,377.93332357230423,-21.154662387861,24.21218720274863,0
2026-01-06 16:05:00,PCS-01,386.58930603847205,42.28154248372812,29.2034188287513,0
2026-01-06 16:10:00,PCS-01,372.33624282947085,76.74493614342141,29.288314837731804,0
2026-01-06 16:15:00,PCS-01,378.48607201675435,9.564205990458223,26.571349744906467,0
2026-01-06 16:20:00,PCS-01,375.3873161058783,-50.676439656724234,28.125552049000863,0
2026-01-06 16:25:00,PCS-01,377.58542765559844,24.44048698823936,28.10675546957506,0
2026-01-06 16:30:00,PCS-01,377.4434385907628,0.23331430416469107,28.29462533165611,0
2026-01-06 16:35:00,PCS-01,383.1961454057396,28.275334185600688,27.09342662822413,0
2026-01-06 16:40:00,PCS-01,386.96851130172263,-51.877502983097074,31.149970521505526,0
2026-01-06 16:45:00,PCS-01,383.46569765319805,-23.709856613536214,25.40062965005437,0
2026-01-06 16:50:00,PCS-01,381.6004435700919,64.01968455421756,23.56645018173068,0
2026-01-06 16:55:00,PCS-01,380.96716224717875,17.473419915176294,30.89318091986179,0
2026-01-06 17:00:00,PCS-01,382.55258556974223,5.662888044968066,24.934107525027738,0
2026-01-06 17:05:00,PCS-01,375.474265807404,2.6395782208671803,34.17930755493743,0
2026-01-06 17:10:00,PCS-01,383.4070210152496,-15.02634225148425,27.42842307578032,0
2026-01-06 17:15:00,PCS-01,381.19381276089103,-31.3236953952349,25.938389730682733,0
2026-01-06 17:20:00,PCS-01,381.7559894382563,-39.30144820647539,32.61910256202825,0
2026-01-06 17:25:00,PCS-01,378.18051610493643,-22.61533933495041,30.43495415122954,0
2026-01-06 17:30:00,PCS-01,388.66803272484816,-11.992150140332516,25.746561806783294,0
2026-01-06 17:35:00,PCS-01,377.655163816699,-4.9460291238636325,26.740130700888688,0
2026-01-06 17:40:00,PCS-01,381.57791572274,15.29240809444061,30.066611678306028,0
2026-01-06 17:45:00,PCS-01,380.1593909389341,15.279152620496745,30.59770550578722,0
2026-01-06 17:50:00,PCS-01,379.2734225903384,55.92965378405272,27.379674667113882,0
2026-01-06 17:55:00,PCS-01,381.23895162799585,2.3493610687657176,25.686757530638353,0
2026-01-06 18:00:00,PCS-01,386.8401531850052,-80.77351231471494,26.59975932735645,0
2026-01-06 18:05:00,PCS-01,379.9771379840058,-6.988848804470962,27.488599377056453,0
2026-01-06 18:10:00,PCS-01,379.7736602525936,78.97360435163287,28.3452101593555,0
2026-01-06 18:15:00,PCS-01,375.92549824046256,4.481439912999555,29.16566014136186,0
2026-01-06 18:20:00,PCS-01,378.55072281582596,1.9380224609637824,25.351067987534904,0
2026-01-06 18:25:00,PCS-01,374.6314925545409,-0.40611875379918694,33.16623500757409,0
2026-01-06 18:30:00,PCS-01,378.5749394213991,2.2412244611912295,31.57788599225199,0
2026-01-06 18:35:00,PCS-01,380.6559885219351,-40.557918308633276,24.877941289862257,0
2026-01-06 18:40:00,PCS-01,376.09312038665746,42.91618757322432,27.08868255619101,0
2026-01-06 18:45:00,PCS-01,381.747290503384,69.26358632975369,22.606351327153426,0
2026-01-06 18:50:00,PCS-01,378.1194160688586,30.7198558991846,28.079638318366257,0
2026-01-06 18:55:00,PCS-01,383.45323474345753,-22.18480887125031,24.243672607834355,0
2026-01-06 19:00:00,PCS-01,375.5991378160223,32.47953041795235,31.442940020676396,0
2026-01-06 19:05:00,PCS-01,373.6609922147539,22.343327897300252,26.773950905173077,0
2026-01-06 19:10:00,PCS-01,378.21682969840066,-14.679596135504928,25.824880425601265,0
2026-01-06 19:15:00,PCS-01,379.517310294616,8.742557814077593,23.30875611896852,0
2026-01-06 19:20:00,PCS-01,379.9016886375781,-29.822796651706188,27.033168900939938,0
2026-01-06 19:25:00,PCS-01,380.7706550616013,-15.701520348582847,27.529723931395193,0
2026-01-06 19:30:00,PCS-01,379.5973022876428,34.56350203454488,27.321782808324944,0
2026-01-06 19:35:00,PCS-01,381.7893948463115,42.66920522191364,33.5930972194221,0
2026-01-06 19:40:00,PCS-01,381.11057577621636,41.30132725672518,29.497012927519787,0
2026-01-06 19:45:00,PCS-01,381.32487157586485,16.58243170763274,26.452974864867723,0
2026-01-06 19:50:00,PCS-01,384.4451343275205,-20.498226031137907,31.690017327892654,0
2026-01-06 19:55:00,PCS-01,381.834157172515,37.42578927801227,32.04281989652342,0
2026-01-06 20:00:00,PCS-01,382.78320548662873,74.28217333117445,28.45071783807252,0
2026-01-06 20:05:00,PCS-01,379.0265036385755,51.940831693477264,28.800586807203764,0
2026-01-06 20:10:00,PCS-01,377.8443120273348,7.292911838302968,31.865444669122514,0
2026-01-06 20:15:00,PCS-01,375.24272266987566,14.015891799758386,26.516034141293833,0
2026-01-06 20:20:00,PCS-01,376.33885357235204,68.61027391823954,31.70042983189316,0
2026-01-06 20:25:00,PCS-01,376.32628711678444,18.736776186013888,29.121519392894065,0
2026-01-06 20:30:00,PCS-01,387.0926435003899,-0.3311790120946033,25.261913166506798,0
2026-01-06 20:35:00,PCS-01,376.1383222925755,-1.3726992974896888,29.657122123820834,0
2026-01-06 20:40:00,PCS-01,376.49435335570865,-41.74644326557973,28.902096753649552,0
2026-01-06 20:45:00,PCS-01,380.5810521450113,-4.729336868698713,33.975238536677324,0
2026-01-06 20:50:00,PCS-01,378.6285225462416,-38.04198560930934,31.40353699759615,0
2026-01-06 20:55:00,PCS-01,378.51684881253624,-3.642202744657428,20.40438899133337,0
2026-01-06 21:00:00,PCS-01,378.5911520624947,-22.32361566869685,29.98973909803288,0
2026-01-06 21:05:00,PCS-01,380.4630386454075,53.71792199400029,34.315262227756975,0
2026-01-06 21:10:00,PCS-01,379.8829601213725,-27.90323943247577,33.798527381299536,0
2026-01-06 21:15:00,PCS-01,381.8432431262554,-34.00771856001336,31.55491872054526,0
2026-01-06 21:20:00,PCS-01,381.28051943861897,87.62273872641494,25.490838520577796,0
2026-01-06 21:25:00,PCS-01,382.0827980217576,14.683694481143304,28.470628199382123,0
2026-01-06 21:30:00,PCS-01,380.04076858589167,74.5272953469928,25.100907869244477,0
2026-01-06 21:35:00,PCS-01,386.62546649702074,-4.577118992621748,32.3920754678977,0
2026-01-06 21:40:00,PCS-01,380.5887023119647,0.27875467778415897,27.636661736691405,0
2026-01-06 21:45:00,PCS-01,380.3142963854108,66.78847928824567,25.435038330667144,0
2026-01-06 21:50:00,PCS-01,378.25213337165343,-11.983669040315492,33.311956120338486,0
2026-01-06 21:55:00,PCS-01,376.488357492353,10.159889189304563,25.011399769429758,0
2026-01-06 22:00:00,PCS-01,382.116008333806,0.8069344563130938,32.17484931082527,0
2026-01-06 22:05:00,PCS-01,381.43087093112274,30.928073005506555,29.78270504418352,0
2026-01-06 22:10:00,PCS-01,377.2326893050782,24.35730180798562,28.766293811479606,0
2026-01-06 22:15:00,PCS-01,385.27069784561917,-42.55421275005805,30.60726851955987,0
2026-01-06 22:20:00,PCS-01,375.3431836965615,15.362332186515523,30.02544276209188,0
2026-01-06 22:25:00,PCS-01,382.70351713142463,-43.5099806345573,28.337793989415783,0
2026-01-06 22:30:00,PCS-01,381.22506651781623,-63.007587644446716,21.112237860720338,0
2026-01-06 22:35:00,PCS-01,380.0282544330943,-41.36842026169739,28.813035344202458,0
2026-01-06 22:40:00,PCS-01,376.29919652895234,-6.500544965808625,20.051534383056296,0
2026-01-06 22:45:00,PCS-01,375.2269105963677,-18.96770774763483,31.918141891254045,0
2026-01-06 22:50:00,PCS-01,379.6510822079668,31.310976272987524,35.674881099343885,0
2026-01-06 22:55:00,PCS-01,377.2673162749693,1.0872663575300598,28.767287655376045,0
2026-01-06 23:00:00,PCS-01,382.94903691725165,-1.6586105515803276,28.972758583718967,0
2026-01-06 23:05:00,PCS-01,380.7494343730655,-24.978698611778967,28.36212045549306,0
2026-01-06 23:10:00,PCS-01,382.727553195357,-14.699664401447855,26.21466693718351,0
2026-01-06 23:15:00,PCS-01,381.1249658294742,-18.81703410861266,24.21337555753993,0
2026-01-06 23:20:00,PCS-01,381.6537374832756,-48.51694652046119,24.178034959045277,0
2026-01-06 23:25:00,PCS-01,387.6155059206354,-61.59125701302336,28.40483905519443,0
2026-01-06 23:30:00,PCS-01,374.1201568435709,-40.958055133799,28.726777828089407,0
2026-01-06 23:35:00,PCS-01,385.80199051874837,46.38959819133092,25.053137015392455,0
2026-01-06 23:40:00,PCS-01,376.11463272028,6.723555702354739,26.423648051317155,0
2026-01-06 23:45:00,PCS-01,379.76543006515027,-10.142381691066916,20.355559736157957,0
2026-01-06 23:50:00,PCS-01,379.0697662208827,-45.05039257998106,28.720802362203877,0
2026-01-06 23:55:00,PCS-01,382.63783197863546,7.278120834228275,24.668780007184132,0
2026-01-07 00:00:00,PCS-01,378.48553452290344,47.83843812009372,31.275093488307515,0
2026-01-07 00:05:00,PCS-01,379.6578673043788,3.2599074041140588,28.235607332805152,0
2026-01-07 00:10:00,PCS-01,376.0013418548129,64.6764582573948,30.87143391728734,0
2026-01-07 00:15:00,PCS-01,382.78156505041466,-33.64522186982054,21.47041567821648,0
2026-01-07 00:20:00,PCS-01,382.5786925547899,3.235186058624472,27.361741490908813,0
2026-01-07 00:25:00,PCS-01,380.7040369058327,-40.70198076133332,24.393994610738087,0
2026-01-07 00:30:00,PCS-01,382.9443639316712,0.14037555957557718,26.80465538771132,0
2026-01-07 00:35:00,PCS-01,383.3744028586586,43.24598270204425,26.00185827318984,0
2026-01-07 00:40:00,PCS-01,382.74689511937265,12.672748546222735,25.43519041897865,0
2026-01-07 00:45:00,PCS-01,377.7794760537284,-64.43508709895642,29.150035771132014,0
2026-01-07 00:50:00,PCS-01,382.52020614599195,-29.15531487881955,27.852270553161656,0
2026-01-07 00:55:00,PCS-01,379.0898409534967,-20.381113293062214,26.16948198899136,0
2026-01-07 01:00:00,PCS-01,381.01483562066284,62.63930082924866,29.250823689778283,0
2026-01-07 01:05:00,PCS-01,384.0006480553857,66.77420061741039,29.01510833314382,0
2026-01-07 01:10:00,PCS-01,376.35855598022647,-2.8459079767869326,28.350091747454194,0
2026-01-07 01:15:00,PCS-01,379.2784357353847,91.92983567859399,28.675970057710384,0
2026-01-07 01:20:00,PCS-01,381.7275053166868,54.883587155252904,26.372698760772792,0
2026-01-07 01:25:00,PCS-01,375.214269079002,14.07878844487974,31.799391746522208,0
2026-01-07 01:30:00,PCS-01,377.8622213558758,-71.27629730354805,26.42293925196448,0
2026-01-07 01:35:00,PCS-01,382.77823501589705,-115.8370728366223,24.27185126213237,0
2026-01-07 01:40:00,PCS-01,382.31251261439104,30.307761054439673,29.083838854328548,0
2026-01-07 01:45:00,PCS-01,383.3735979834237,-38.682930169694274,23.23913554031702,0
2026-01-07 01:50:00,PCS-01,383.7316148112376,-14.257620343423667,28.905282385858044,0
2026-01-07 01:55:00,PCS-01,380.5493962753673,-42.027032715178564,33.63674435527665,0
2026-01-07 02:00:00,PCS-01,377.63209364744574,62.61674139143872,30.727473918308718,0
2026-01-07 02:05:00,PCS-01,379.28050343505157,-17.53858630429779,29.47924623454666,0
2026-01-07 02:10:00,PCS-01,374.34440633502004,-70.29227798483986,31.79098556232566,0
2026-01-07 02:15:00,PCS-01,380.5405616285938,-16.442028691578038,26.916885155983238,0
2026-01-07 02:20:00,PCS-01,377.00594407099476,48.34072235084075,25.924617150915267,0
2026-01-07 02:25:00,PCS-01,380.43890667580763,-1.8426455451898385,31.25717119356904,0
2026-01-07 02:30:00,PCS-01,377.6647686157891,-29.315648175409642,30.11596567410782,0
2026-01-07 02:35:00,PCS-01,379.51325209144966,43.56687391339541,23.967823329327178,0
2026-01-07 02:40:00,PCS-01,380.0526593759856,-28.795873178328787,33.441663360617696,0
2026-01-07 02:45:00,PCS-01,376.0647173645899,1.8791773807674623,25.514614433118652,0
2026-01-07 02:50:00,PCS-01,378.29853793223424,-47.38467424861859,30.179995009940654,0
2026-01-07 02:55:00,PCS-01,377.0885571068672,32.07416304432458,26.872673651317246,0
2026-01-07 03:00:00,PCS-01,380.30400672217445,-18.101666614251936,31.96734670171946,0
2026-01-07 03:05:00,PCS-01,379.28939021037735,51.17985950139139,29.27307888519748,0
2026-01-07 03:10:00,PCS-01,380.91897188253694,-25.955810710825045,30.26534976958114,0
2026-01-07 03:15:00,PCS-01,384.58708251509705,12.930954968216524,25.373783625372376,0
2026-01-07 03:20:00,PCS-01,380.0761873328211,-31.380657987010864,29.739265536560676,0
2026-01-07 03:25:00,PCS-01,377.1253779598533,5.551734862962471,24.858786558278396,0
2026-01-07 03:30:00,PCS-01,374.80418519781404,48.75670356227672,27.19256106080952,0
2026-01-07 03:35:00,PCS-01,378.73689132719244,53.995279362284464,30.57089482420914,0
2026-01-07 03:40:00,PCS-01,379.410249898784,-97.70502623482633,25.082130378083402,0
2026-01-07 03:45:00,PCS-01,375.4143348111418,8.626564601496446,25.505911212274587,0
2026-01-07 03:50:00,PCS-01,376.56905249735837,3.383506946270635,23.31882259088091,0
2026-01-07 03:55:00,PCS-01,380.54833365349884,-49.635619008894125,28.808977055423398,0
2026-01-07 04:00:00,PCS-01,383.54101740794295,-54.17233799460362,28.92609615284104,0
2026-01-07 04:05:00,PCS-01,384.2469276077517,20.25198591416241,29.457387439473564,0
2026-01-07 04:10:00,PCS-01,376.83596689613023,37.99263126869317,32.03334201226898,0
2026-01-07 04:15:00,PCS-01,376.56645423000526,84.1963987268933,27.968797606257166,0
2026-01-07 04:20:00,PCS-01,378.17585262156206,34.592237336381345,31.19678849022899,0
2026-01-07 04:25:00,PCS-01,381.50323748821427,23.54687819803456,28.532675362769563,0
2026-01-07 04:30:00,PCS-01,381.0953532431709,33.99005166279879,29.905592810260863,0
2026-01-07 04:35:00,PCS-01,374.97146948015984,26.62211947910635,31.051606880869187,0
2026-01-07 04:40:00,PCS-01,378.6341165285752,-54.59285911925721,24.301572378235353,0
2026-01-07 04:45:00,PCS-01,381.34351265177787,-3.399002180312065,26.313329105410336,0
2026-01-07 04:50:00,PCS-01,380.25053510534985,-31.17271034497652,33.064604697867225,0
2026-01-07 04:55:00,PCS-01,379.73833926050924,69.40689323741702,30.584151755763845,0
2026-01-07 05:00:00,PCS-01,377.55437633703866,63.54483064010002,23.963975478561093,0
2026-01-07 05:05:00,PCS-01,379.6520815363318,-10.58223156162222,21.926983840947393,0
2026-01-07 05:10:00,PCS-01,385.6039846549237,63.038200572355045,30.832301152058363,0
2026-01-07 05:15:00,PCS-01,379.08605979741606,-38.166206967875105,21.28928867741781,0
2026-01-07 05:20:00,PCS-01,389.65744373741103,-63.16218797065707,28.982412918935953,0
2026-01-07 05:25:00,PCS-01,380.112121461947,-66.84771736511281,24.869876194169045,0
2026-01-07 05:30:00,PCS-01,378.5195350993927,-42.27429995164299,27.330022681618164,0
2026-01-07 05:35:00,PCS-01,381.6794813249432,33.40077062796344,27.050166165967223,0
2026-01-07 05:40:00,PCS-01,384.1148561248241,-16.12495899728549,29.613065565573617,0
2026-01-07 05:45:00,PCS-01,376.6054151506155,40.69772214257267,29.654967982523118,0
2026-01-07 05:50:00,PCS-01,375.0691208492896,-22.836883089840548,30.864662170112375,0
2026-01-07 05:55:00,PCS-01,376.1033723267105,-37.29510760071113,28.56106855682877,0
2026-01-07 06:00:00,PCS-01,385.841868465498,5.932472421164991,27.381195961417998,0
2026-01-07 06:05:00,PCS-01,380.7540357406778,-13.505912657214473,26.175568733129452,0
2026-01-07 06:10:00,PCS-01,377.28495430009076,-63.47138434114915,30.534715529107807,0
2026-01-07 06:15:00,PCS-01,378.066873003663,-81.81014392635885,32.71049601745406,0
2026-01-07 06:20:00,PCS-01,373.8329043049751,-17.335099528082402,25.17753946470766,0
2026-01-07 06:25:00,PCS-01,384.05641134272884,-21.211391832407713,25.59392935115567,0
2026-01-07 06:30:00,PCS-01,376.8870158464004,14.504069490285518,27.060054412013688,0
2026-01-07 06:35:00,PCS-01,384.3832004496105,-127.9170473351439,28.749986682879612,0
2026-01-07 06:40:00,PCS-01,378.87025830734495,-33.84044990725579,31.746929305547958,0
2026-01-07 06:45:00,PCS-01,376.82479121345386,-1.628744093457982,27.930392714704226,0
2026-01-07 06:50:00,PCS-01,378.1540284690402,68.95020542839538,25.797475346456256,0
2026-01-07 06:55:00,PCS-01,382.16608241211776,-9.914380008189266,25.71650355944462,0
2026-01-07 07:00:00,PCS-01,381.66734105113073,-42.99550206083647,31.594808424751626,0
2026-01-07 07:05:00,PCS-01,378.73154135820783,58.55031556060222,24.714001022134397,0
2026-01-07 07:10:00,PCS-01,375.83803199278697,-10.42488416805764,24.0678181247403,0
2026-01-07 07:15:00,PCS-01,381.02646704839634,61.38069359504803,31.627915604571907,0
2026-01-07 07:20:00,PCS-01,376.1533953894158,24.88327799337498,31.102150435032364,0
2026-01-07 07:25:00,PCS-01,379.2766297103609,-43.53635699345007,24.865670559091146,0
2026-01-07 07:30:00,PCS-01,381.41863431496614,-40.180807358359516,28.242665477020918,0
2026-01-07 07:35:00,PCS-01,383.69441707956474,-11.299464248631148,28.171191627710087,0
2026-01-07 07:40:00,PCS-01,381.3704363934759,-28.92000904687869,24.045603850666268,0
2026-01-07 07:45:00,PCS-01,384.66731652154056,-18.359096079953122,27.503668365131222,0
2026-01-07 07:50:00,PCS-01,375.85050962803643,1.8019009219800888,31.02475597216114,0
2026-01-07 07:55:00,PCS-01,382.9663566362944,-9.12266280996046,30.01852435159614,0
2026-01-07 08:00:00,PCS-01,384.7490281765462,-70.5777085862948,28.11251324247293,0
2026-01-07 08:05:00,PCS-01,375.82381330669665,51.72652190232975,28.39320606563472,0
2026-01-07 08:10:00,PCS-01,379.59699589757565,69.02799107857223,25.339925266871337,0
2026-01-07 08:15:00,PCS-01,371.3729750911471,40.96786142171439,27.01173118331707,0
2026-01-07 08:20:00,PCS-01,375.1755114696804,20.514348866910147,29.831854752983457,0
2026-01-07 08:25:00,PCS-01,376.5270741973287,-7.024826717843544,28.527663902285514,0
2026-01-07 08:30:00,PCS-01,375.7090812223726,8.285533964783518,30.595341226155444,0
2026-01-07 08:35:00,PCS-01,380.1465827090517,-61.01775452283106,28.834906175836046,0
2026-01-07 08:40:00,PCS-01,376.54094813322365,20.08413204308791,29.081153265245366,0
2026-01-07 08:45:00,PCS-01,385.57274014642024,37.39185655751263,29.535390500027333,0
2026-01-07 08:50:00,PCS-01,376.85385212134565,-3.6508481566873185,22.756571417088367,0
2026-01-07 08:55:00,PCS-01,385.23403812393815,29.133103840216712,29.59980828060987,0
2026-01-07 09:00:00,PCS-01,382.11193932603663,37.30021849876604,26.864323196525856,0
2026-01-07 09:05:00,PCS-01,377.33985628311666,20.032882967290035,26.684638574103104,0
2026-01-07 09:10:00,PCS-01,385.44693326415427,-45.44234780947633,25.729929373330254,0
2026-01-07 09:15:00,PCS-01,386.9230044821359,-1.7551748246245138,29.89774970245174,0
2026-01-07 09:20:00,PCS-01,379.82555010505956,6.167092244467806,29.615173330023843,0
2026-01-07 09:25:00,PCS-01,384.856940634004,-20.937387878589135,24.669234571897665,0
2026-01-07 09:30:00,PCS-01,379.63709163001647,33.055944317990786,31.653342977138678,0
2026-01-07 09:35:00,PCS-01,377.10992024977213,35.77703011797606,28.439754479121458,0
2026-01-07 09:40:00,PCS-01,381.47989177572913,-29.68701118783862,24.900512091178456,0
2026-01-07 09:45:00,PCS-01,379.99797827339023,31.27544839279261,27.102121212937483,0
2026-01-07 09:50:00,PCS-01,378.4518287501343,129.11764993012756,24.943307595672152,0
2026-01-07 09:55:00,PCS-01,381.6090634638477,102.1498339532392,26.964550457994218,0
2026-01-07 10:00:00,PCS-01,380.4279888655904,-54.61467324244626,28.159121756982817,0
2026-01-07 10:05:00,PCS-01,383.9511831299445,-75.12436589938744,24.12932130020265,0
2026-01-07 10:10:00,PCS-01,381.5602818278882,35.81614024460998,27.048289520237564,0
2026-01-07 10:15:00,PCS-01,377.65190921322215,37.50757860121827,31.618535101707362,0
2026-01-07 10:20:00,PCS-01,378.7584044361286,27.44518354853705,29.461699870434032,0
2026-01-07 10:25:00,PCS-01,373.3436140363741,21.89790768436405,31.838689338815797,0
2026-01-07 10:30:00,PCS-01,376.5253127585942,1.4478321111117995,27.009775319331677,0
2026-01-07 10:35:00,PCS-01,385.16617690897556,-24.36315646959067,23.118514666317015,0
2026-01-07 10:40:00,PCS-01,377.36638540964964,-6.215345061503443,25.322041099988702,0
2026-01-07 10:45:00,PCS-01,377.3113506258887,27.877258762840412,29.538113054439002,0
2026-01-07 10:50:00,PCS-01,376.3177385753569,-45.79730839696051,30.558680612451333,0
2026-01-07 10:55:00,PCS-01,380.87648590152645,43.74646976505864,25.588277104210608,0
2026-01-07 11:00:00,PCS-01,376.06683051744795,89.62353912767382,28.236825540571644,0
2026-01-07 11:05:00,PCS-01,379.96111412265776,-38.82624385638684,25.739171461391003,0
2026-01-07 11:10:00,PCS-01,382.5094456058132,-4.524739017669071,27.681901955608506,0
2026-01-07 11:15:00,PCS-01,372.75080624586616,-37.538619975970995,28.024132394356997,0
2026-01-07 11:20:00,PCS-01,378.1767840062101,15.879909142775281,28.812188792115737,0
2026-01-07 11:25:00,PCS-01,384.76764021294167,-9.63580664221709,28.567952601158385,0
2026-01-07 11:30:00,PCS-01,381.7101663531672,-24.5773428575745,27.661631286110534,0
2026-01-07 11:35:00,PCS-01,377.88270772477233,27.72009162601387,25.683817955097453,0
2026-01-07 11:40:00,PCS-01,385.32249251550667,34.900921344430124,22.638962821612875,0
2026-01-07 11:45:00,PCS-01,377.0756322538414,-39.894059302453094,28.240845662592765,0
2026-01-07 11:50:00,PCS-01,382.6593668775745,-53.158925593348826,28.088237646885354,0
2026-01-07 11:55:00,PCS-01,377.66179024929824,19.541523832479683,27.8365318237707,0
2026-01-07 12:00:00,PCS-01,374.7451192438267,15.201180565193495,30.098572569589592,0
2026-01-07 12:05:00,PCS-01,382.17833575267997,-1.1818896816937523,28.643483414858025,0
2026-01-07 12:10:00,PCS-01,380.2084339134552,13.485276116374635,33.07206605103244,0
2026-01-07 12:15:00,PCS-01,380.77676310250314,138.29376209393,29.878625467812963,0
2026-01-07 12:20:00,PCS-01,380.99632847814405,-25.473962488084968,24.689673691675196,0
2026-01-07 12:25:00,PCS-01,383.52733479038886,-35.224323227720895,27.65305882452309,0
2026-01-07 12:30:00,PCS-01,380.67637870860807,2.3215635808016337,34.63996901134165,0
2026-01-07 12:35:00,PCS-01,383.3317152032567,-80.35063645074965,26.35111753945158,0
2026-01-07 12:40:00,PCS-01,380.73636549496746,31.35570104445518,24.09161108773689,0
2026-01-07 12:45:00,PCS-01,380.58576354564383,119.25802572352472,26.55442531950861,0
2026-01-07 12:50:00,PCS-01,383.5095519238569,3.246327841927873,30.34646221966756,0
2026-01-07 12:55:00,PCS-01,379.86428103168066,34.294027696910796,31.26808892800696,0
2026-01-07 13:00:00,PCS-01,378.6880552942373,60.09498323836822,27.951589279261665,0
2026-01-07 13:05:00,PCS-01,376.86909020909104,127.35008040602715,25.56195639274547,0
2026-01-07 13:10:00,PCS-01,376.53081163965845,3.709737400806798,24.701337680645487,0
2026-01-07 13:15:00,PCS-01,380.73693846337756,79.66996720909088,30.300177813633557,0
2026-01-07 13:20:00,PCS-01,380.6031525829071,46.746435220715234,29.62765702139141,0
2026-01-07 13:25:00,PCS-01,379.5331419065125,27.231731860453504,30.582390546667114,0
2026-01-07 13:30:00,PCS-01,381.93403794447806,41.445022057034286,30.67772681856814,0
2026-01-07 13:35:00,PCS-01,376.9952833826836,16.439021040911996,24.855564925114265,0
2026-01-07 13:40:00,PCS-01,384.972708968454,-14.802008289974989,21.999629978779623,0
2026-01-07 13:45:00,PCS-01,377.41957335810196,9.32962657041158,22.31157005967524,0
2026-01-07 13:50:00,PCS-01,375.87516602015614,-21.713562211364472,31.3507649971796,0
2026-01-07 13:55:00,PCS-01,379.60029485592776,47.09406059340266,35.09779425050883,0
2026-01-07 14:00:00,PCS-01,376.7527128178959,59.85026836151608,28.84763468263372,0
2026-01-07 14:05:00,PCS-01,379.0059860369087,-72.34854268729413,26.088534682507827,0
2026-01-07 14:10:00,PCS-01,380.1231928296505,50.272288968775634,25.266706410636168,0
2026-01-07 14:15:00,PCS-01,375.95317481129393,29.34447491897844,32.537919274699846,0
2026-01-07 14:20:00,PCS-01,381.1217116203369,-10.710179396047765,25.547404078592656,0
2026-01-07 14:25:00,PCS-01,384.36336146642094,21.09430127890932,28.436782189620114,0
2026-01-07 14:30:00,PCS-01,380.14741085966205,9.058323602508846,29.92615808099297,0
2026-01-07 14:35:00,PCS-01,380.2293603289395,-3.7857009578025487,33.31369021614057,0
2026-01-07 14:40:00,PCS-01,380.23736234326407,-34.56434511378836,28.723985886698745,0
2026-01-07 14:45:00,PCS-01,376.9473844928728,69.5468863208003,32.57868836353233,0
2026-01-07 14:50:00,PCS-01,374.4871741494051,24.940521942542176,30.860718134481846,0
2026-01-07 14:55:00,PCS-01,381.0211487543988,-39.23490560975201,22.399072329632062,0
2026-01-07 15:00:00,PCS-01,384.22339277718265,-38.5433693766833,37.82906139604048,0
2026-01-07 15:05:00,PCS-01,385.3224884759539,81.25487800290034,28.322100560159797,0
2026-01-07 15:10:00,PCS-01,378.3756113596676,-48.305772261601675,27.80724018117635,0
2026-01-07 15:15:00,PCS-01,378.02545128863215,12.077174876145865,21.913282195385897,0
2026-01-07 15:20:00,PCS-01,377.3875878868441,14.744241389490432,26.417527889891943,0
2026-01-07 15:25:00,PCS-01,378.7910203748102,33.13435028630502,29.936292932935014,0
2026-01-07 15:30:00,PCS-01,379.56770358179756,2.212745563346865,29.0710933148212,0
2026-01-07 15:35:00,PCS-01,384.43002269392537,7.270968766053905,23.955325431504498,0
2026-01-07 15:40:00,PCS-01,379.86209177883,49.99894063844912,29.18177224417444,0
2026-01-07 15:45:00,PCS-01,377.7530607701769,18.78686007122712,26.68790538547309,0
2026-01-07 15:50:00,PCS-01,378.4275336920422,-52.26191728631708,27.719146433059166,0
2026-01-07 15:55:00,PCS-01,384.95310726689127,1.380202566266446,25.40440515242549,0
2026-01-07 16:00:00,PCS-01,384.4314346749254,51.42308584136551,30.5383811481822,0
2026-01-07 16:05:00,PCS-01,382.3859737188078,-16.35185845426169,28.393722046384184,0
2026-01-07 16:10:00,PCS-01,377.6422646981043,-18.663671981031943,24.415402626900317,0
2026-01-07 16:15:00,PCS-01,382.84546074969757,42.13165154226275,27.492923655127843,0
2026-01-07 16:20:00,PCS-01,380.98333051872925,29.42524612311479,29.411411109028194,0
2026-01-07 16:25:00,PCS-01,379.52226868351664,43.08821244138954,29.06240276729157,0
2026-01-07 16:30:00,PCS-01,376.8853022390325,75.75296518370213,25.186346731025107,0
2026-01-07 16:35:00,PCS-01,382.0486028388267,-52.77184416802087,28.995374494331337,0
2026-01-07 16:40:00,PCS-01,383.38293276357393,39.37495504809722,27.363854678729414,0
2026-01-07 16:45:00,PCS-01,382.43050373752817,15.487037963391392,31.922707607577955,0
2026-01-07 16:50:00,PCS-01,378.9985413745127,-56.06805275439295,31.653768556517022,0
2026-01-07 16:55:00,PCS-01,376.32559524801366,46.19222378673588,26.02000785718973,0
2026-01-07 17:00:00,PCS-01,381.60486041787175,-7.10642708771545,27.896584784084954,0
2026-01-07 17:05:00,PCS-01,379.21747352311456,4.711402823133566,21.7122027929613,0
2026-01-07 17:10:00,PCS-01,375.2504175037237,-1.2181061836275386,30.216302811798986,0
2026-01-07 17:15:00,PCS-01,383.2175716941231,-25.187756056933708,24.85461197862959,0
2026-01-07 17:20:00,PCS-01,381.0668224237255,-13.383489137025018,27.41635051990858,0
2026-01-07 17:25:00,PCS-01,381.5202651921684,1.2264851591669552,27.274672204522023,0
2026-01-07 17:30:00,PCS-01,375.8372062499929,25.41711481388573,26.09279708501757,0
2026-01-07 17:35:00,PCS-01,375.7858144467045,-78.87715675966875,31.015686967481578,0
2026-01-07 17:40:00,PCS-01,374.65285372878037,-55.24830428662345,27.32498062262824,0
2026-01-07 17:45:00,PCS-01,381.6715618815311,16.727463559179306,30.72238670182773,0
2026-01-07 17:50:00,PCS-01,381.5691921164731,-75.94686756785397,27.85535698076361,0
2026-01-07 17:55:00,PCS-01,375.7095630598312,-5.808714183221669,26.44305272754,0
2026-01-07 18:00:00,PCS-01,378.51442262874394,42.221309101528696,25.863665085302017,0
2026-01-07 18:05:00,PCS-01,377.58720956400975,-51.73947915113842,26.763769484655032,0
2026-01-07 18:10:00,PCS-01,378.0072716874647,-36.17218437710987,25.78327693473114,0
2026-01-07 18:15:00,PCS-01,378.7881484518116,-25.97936275596135,27.33367427487872,0
2026-01-07 18:20:00,PCS-01,382.89570729115843,-27.77839715035843,27.145249835050286,0
2026-01-07 18:25:00,PCS-01,382.0498827734139,37.62427526666426,28.936045802211208,0
2026-01-07 18:30:00,PCS-01,380.95854027129536,-42.488165735658015,27.745851605674122,0
2026-01-07 18:35:00,PCS-01,372.5617800742516,7.855190663738103,30.105384756885122,0
2026-01-07 18:40:00,PCS-01,377.68639856092943,-40.06282124801582,33.1161185528564,0
2026-01-07 18:45:00,PCS-01,380.0916164685387,-14.6624263804543,26.743391939942338,0
2026-01-07 18:50:00,PCS-01,380.8709875871183,20.64387134001153,29.655510567827957,0
2026-01-07 18:55:00,PCS-01,381.0609285999529,-17.05414338849826,29.95516369085289,0
2026-01-07 19:00:00,PCS-01,377.423898151021,-0.9060181982731212,27.993274763973325,0
2026-01-07 19:05:00,PCS-01,382.2764774801401,58.10636759220414,26.74652516311106,0
2026-01-07 19:10:00,PCS-01,380.37934783543756,14.6962819259619,28.702084929443682,0
2026-01-07 19:15:00,PCS-01,380.45181528754944,28.75641599684952,25.811719253911747,0
2026-01-07 19:20:00,PCS-01,385.0074521399692,83.59880964489176,26.492278889474246,0
2026-01-07 19:25:00,PCS-01,377.82364702950105,2.758122779965655,31.656126135774386,0
2026-01-07 19:30:00,PCS-01,375.56265300125756,49.73169888132222,28.793738000346337,0
2026-01-07 19:35:00,PCS-01,379.1115018677129,-34.79015791429764,28.30519432119639,0
2026-01-07 19:40:00,PCS-01,380.79963959995996,-54.393353358955665,32.306915714102026,0
2026-01-07 19:45:00,PCS-01,385.4101616920725,-1.050911596219606,26.58737470694692,0
2026-01-07 19:50:00,PCS-01,377.207265203199,-25.752198434122697,27.803262681562416,0
2026-01-07 19:55:00,PCS-01,378.0808907882172,-66.39928030822003,27.786837114228025,0
2026-01-07 20:00:00,PCS-01,384.4351237942766,-40.62988191369876,33.564252342625885,0
2026-01-07 20:05:00,PCS-01,386.608336425306,36.83447889864822,25.398835958325012,0
2026-01-07 20:10:00,PCS-01,380.9467516441359,-55.33440618390512,29.82030040690841,0
2026-01-07 20:15:00,PCS-01,373.96803840465395,55.50131153465842,31.671089628684513,0
2026-01-07 20:20:00,PCS-01,381.38949109378484,32.26345037237341,26.700882733806615,0
2026-01-07 20:25:00,PCS-01,377.85247333142263,14.709223197961308,31.522349693240262,0
2026-01-07 20:30:00,PCS-01,385.9291729874971,36.099848689054895,24.175658955494853,0
2026-01-07 20:35:00,PCS-01,383.3725334036573,69.86471259535448,26.227845686920947,0
2026-01-07 20:40:00,PCS-01,379.9109092338322,58.95807016501497,26.78885058923861,0
2026-01-07 20:45:00,PCS-01,377.8688574533633,46.76763510485259,26.320913222313,0
2026-01-07 20:50:00,PCS-01,381.26126348512946,36.61311691310238,26.48583640452625,0
2026-01-07 20:55:00,PCS-01,383.892335053637,-59.05242494261153,28.85855959579749,0
2026-01-07 21:00:00,PCS-01,374.84390494477856,-99.15588629357913,32.01836468173435,0
2026-01-07 21:05:00,PCS-01,380.3717967403158,-34.01414211830018,30.584507172640347,0
2026-01-07 21:10:00,PCS-01,378.14530837787794,7.090791561143126,31.74639450408551,0
2026-01-07 21:15:00,PCS-01,380.52902660097584,-44.80128333509384,25.757673309166275,0
2026-01-07 21:20:00,PCS-01,382.5018211567789,-12.821193298816096,25.758724603991958,0
2026-01-07 21:25:00,PCS-01,375.05851378247576,6.006994646117512,28.119932915210022,0
2026-01-07 21:30:00,PCS-01,378.85288844739824,-68.72062990489952,27.079631739814843,0
2026-01-07 21:35:00,PCS-01,383.2054255748999,21.282378782380327,26.697428241877613,0
2026-01-07 21:40:00,PCS-01,378.4311147629997,-8.975666880138379,25.216142183454398,0
2026-01-07 21:45:00,PCS-01,380.79111226751434,-54.201759693632155,30.07644609238565,0
2026-01-07 21:50:00,PCS-01,382.3577060889628,-42.89473818958414,29.81707462121664,0
2026-01-07 21:55:00,PCS-01,383.0775000339655,-0.838986838345151,25.485226426713314,0
2026-01-07 22:00:00,PCS-01,374.165446961326,8.065671490213687,30.94171101737291,0
2026-01-07 22:05:00,PCS-01,372.00355991212274,-58.74157519208231,28.57957837190545,0
2026-01-07 22:10:00,PCS-01,383.5958261598985,-2.2341923229371714,28.59563480927767,0
2026-01-07 22:15:00,PCS-01,382.1151934452542,19.34913781653535,34.67894299973263,0
2026-01-07 22:20:00,PCS-01,380.5159500430876,65.92822575248532,26.164547842303232,0
2026-01-07 22:25:00,PCS-01,381.1987776667726,-25.328356095030916,27.16834492247054,0
2026-01-07 22:30:00,PCS-01,380.0811224284252,-75.94109582973394,21.75369969522759,0
2026-01-07 22:35:00,PCS-01,378.8375039332174,6.558720050226161,27.388946039092264,0
2026-01-07 22:40:00,PCS-01,378.954122450199,-51.26507371158222,30.91989055198193,0
2026-01-07 22:45:00,PCS-01,379.93075304685607,9.074510424807206,27.327079526863336,0
2026-01-07 22:50:00,PCS-01,380.6707211325557,39.553767890194685,27.029321040646558,0
2026-01-07 22:55:00,PCS-01,382.4804677946043,24.07442113217278,25.105234444276913,0
2026-01-07 23:00:00,PCS-01,379.9012035093607,32.22668856897714,26.25425324704526,0
2026-01-07 23:05:00,PCS-01,387.88305131084167,-1.7922016293942802,28.573294322969403,0
2026-01-07 23:10:00,PCS-01,384.2480421056106,16.554865374136448,21.910100890172,0
2026-01-07 23:15:00,PCS-01,382.7164752197499,-15.657261432509035,31.622044652240128,0
2026-01-07 23:20:00,PCS-01,384.27050609023223,-7.300330438215279,24.386863444442465,0
2026-01-07 23:25:00,PCS-01,378.1777267190079,-20.817029816931623,22.88002046037033,0
2026-01-07 23:30:00,PCS-01,383.8310042821956,-7.871053431050323,25.9275491351609,0
2026-01-07 23:35:00,PCS-01,386.2093752859346,-34.35524112604729,25.36063854225061,0
2026-01-07 23:40:00,PCS-01,377.4412992020163,-21.607891877434152,28.692424441210008,0
2026-01-07 23:45:00,PCS-01,374.71784985163106,61.33042983599408,27.04564343670494,0
2026-01-07 23:50:00,PCS-01,377.89776573401105,-26.668541015002326,25.82937106152964,0
2026-01-07 23:55:00,PCS-01,379.8896580419794,-45.47527354217054,25.202851381576394,0
2026-01-08 00:00:00,PCS-01,381.44503898613357,32.43598519348966,24.488061409118956,0
2026-01-08 00:05:00,PCS-01,380.33685356751533,-20.619639692417614,26.423360910749555,0
2026-01-08 00:10:00,PCS-01,381.37868102447044,-37.77811495824068,27.108109312041677,0
2026-01-08 00:15:00,PCS-01,384.3068688202402,16.066815854735307,26.699716584583506,0
2026-01-08 00:20:00,PCS-01,382.3860793651456,-0.6563247336435571,28.415449049182556,0
2026-01-08 00:25:00,PCS-01,381.0611726873573,71.0630184928743,29.68243183787046,0
2026-01-08 00:30:00,PCS-01,387.84508363158795,35.745445210095504,22.381162745385502,0
2026-01-08 00:35:00,PCS-01,383.14845572306206,2.037396202127068,29.801368118825433,0
2026-01-08 00:40:00,PCS-01,379.97073509805176,42.88706782592087,30.114798939545995,0
2026-01-08 00:45:00,PCS-01,381.9200837377082,-68.22523159877369,27.867460259803273,0
2026-01-08 00:50:00,PCS-01,379.4415069747049,34.05754895101624,29.772374656093493,0
2026-01-08 00:55:00,PCS-01,379.32639103011434,53.263061594816506,28.84872576020097,0
2026-01-08 01:00:00,PCS-01,383.35018807953435,63.461187881712874,30.45673513145662,0
2026-01-08 01:05:00,PCS-01,377.5330819649898,2.7788203057128418,27.664539794748812,0
2026-01-08 01:10:00,PCS-01,380.9597042065067,39.733359425459696,26.261379823376988,0
2026-01-08 01:15:00,PCS-01,377.7706658550958,-37.6870240741899,28.119134896924425,0
2026-01-08 01:20:00,PCS-01,379.23102763816655,-34.550338858828674,29.86508241503261,0
2026-01-08 01:25:00,PCS-01,380.24647451670506,39.043318324439504,26.940095037366234,0
2026-01-08 01:30:00,PCS-01,379.75792018220113,74.6867798030961,27.663657257118583,0
2026-01-08 01:35:00,PCS-01,382.6471946053567,-24.655422357119487,32.38100974647063,0
2026-01-08 01:40:00,PCS-01,380.6584829231252,-13.1693541875974,28.233942008624847,0
2026-01-08 01:45:00,PCS-01,377.99011078230717,-79.31104582006292,28.912012824843572,0
2026-01-08 01:50:00,PCS-01,381.6759810731319,-18.513587419189125,28.936385528259596,0
2026-01-08 01:55:00,PCS-01,377.001554512028,0.12558332698405753,26.349722035640234,0
2026-01-08 02:00:00,PCS-01,377.29195131506265,-26.128966565077228,27.72402447634574,0
2026-01-08 02:05:00,PCS-01,374.2765940737531,20.883953658597946,29.782778136162733,0
2026-01-08 02:10:00,PCS-01,381.8866136741489,-10.778885406834176,28.52045787575161,0
2026-01-08 02:15:00,PCS-01,373.0429334635736,-9.0963851072216,30.916496017453024,0
2026-01-08 02:20:00,PCS-01,379.6839315337244,-2.961645020502981,30.161508404764497,0
2026-01-08 02:25:00,PCS-01,381.24204904820357,9.708701562611639,26.07060026463933,0
2026-01-08 02:30:00,PCS-01,377.8200247943701,-46.881895156612465,29.083484534387377,0
2026-01-08 02:35:00,PCS-01,381.18577651151037,2.2261347084960708,25.735818576383675,0
2026-01-08 02:40:00,PCS-01,380.1134427162828,42.68881923669749,30.902908229254084,0
2026-01-08 02:45:00,PCS-01,377.1738022931161,32.272915202474735,29.06863600857578,0
2026-01-08 02:50:00,PCS-01,387.16634042593506,35.85819450725547,27.415172719728726,0
2026-01-08 02:55:00,PCS-01,380.6914943283533,57.45510680286806,30.106546058645897,0
2026-01-08 03:00:00,PCS-01,375.660581591594,15.089836359284618,29.137277843395655,0
2026-01-08 03:05:00,PCS-01,381.44544169196155,11.37053863452439,31.925043081809974,0
2026-01-08 03:10:00,PCS-01,374.2812305088156,-85.27594281507893,25.74470994364362,0
2026-01-08 03:15:00,PCS-01,381.1130149507039,3.131102976605711,21.360638683914,0
2026-01-08 03:20:00,PCS-01,380.9360847369795,-46.26434250383135,31.8975130992104,0
2026-01-08 03:25:00,PCS-01,384.04183435419026,-49.620892916907536,25.799825609751835,0
2026-01-08 03:30:00,PCS-01,384.0485172432379,43.614163623001104,28.257925635038518,0
2026-01-08 03:35:00,PCS-01,380.0814005155779,58.34788160371954,25.349460402199067,0
2026-01-08 03:40:00,PCS-01,381.02833347843045,-6.661372295834194,31.67286171107834,0
2026-01-08 03:45:00,PCS-01,376.86814978825754,-11.41090968995015,27.08104740472852,0
2026-01-08 03:50:00,PCS-01,376.77021184517946,-27.483047015717034,28.844347585425837,0
2026-01-08 03:55:00,PCS-01,378.47775095111024,-54.69264816595075,24.865096237027903,0
2026-01-08 04:00:00,PCS-01,380.85915497336595,1.8178363791714267,29.374113401825035,0
2026-01-08 04:05:00,PCS-01,385.12031106117854,43.545114064621075,26.33450302516603,0
2026-01-08 04:10:00,PCS-01,380.5427904760343,37.75964082956692,27.568307887028322,0
2026-01-08 04:15:00,PCS-01,374.7133969123867,-12.598046305640839,28.800245449417837,0
2026-01-08 04:20:00,PCS-01,378.3113106459802,-3.26321315503613,24.56845859344236,0
2026-01-08 04:25:00,PCS-01,381.8145787025864,34.08946684115537,24.765262954441514,0
2026-01-08 04:30:00,PCS-01,384.1746424094225,48.363568387736294,25.922241511250164,0
2026-01-08 04:35:00,PCS-01,377.4355946981478,20.708455975360962,31.573431692760877,0
2026-01-08 04:40:00,PCS-01,381.7890821484191,-4.537019873766101,27.48074244889984,0
2026-01-08 04:45:00,PCS-01,381.9744331740315,-1.9340689858821656,29.032909637447265,0
2026-01-08 04:50:00,PCS-01,374.6929564605694,29.201664968289286,24.47033589742512,0
2026-01-08 04:55:00,PCS-01,377.89413545597796,-8.01753353010891,26.909942838205474,0
2026-01-08 05:00:00,PCS-01,376.5953723283768,51.23443378685765,29.85630467913345,0
2026-01-08 05:05:00,PCS-01,376.2720710590648,80.70152144401568,30.57849822971015,0
2026-01-08 05:10:00,PCS-01,383.55799678097674,35.79433242344335,26.48654098212433,0
2026-01-08 05:15:00,PCS-01,379.34050609171385,45.83861723156911,31.92997262590463,0
2026-01-08 05:20:00,PCS-01,374.2596535179521,-32.9645349917609,26.50392823604602,0
2026-01-08 05:25:00,PCS-01,379.1442527832683,-37.29424662006646,31.537742236068993,0
2026-01-08 05:30:00,PCS-01,378.96447594000006,28.998790834090013,28.040034090078493,0
2026-01-08 05:35:00,PCS-01,384.5101165972005,17.75175030568422,29.938022148348903,0
2026-01-08 05:40:00,PCS-01,385.4508430740577,61.20547614806291,28.34465693722245,0
2026-01-08 05:45:00,PCS-01,374.5651841145485,31.776349627729992,25.813730928604098,0
2026-01-08 05:50:00,PCS-01,384.71844572070694,-36.86849059480787,28.998050553639196,0
2026-01-08 05:55:00,PCS-01,378.00114645738,-58.91617252433507,26.699143784144752,0
2026-01-08 06:00:00,PCS-01,382.03103423616886,65.14522735593947,26.109528544351676,0
2026-01-08 06:05:00,PCS-01,380.5817302623671,-16.720743357896847,22.28848533810013,0
2026-01-08 06:10:00,PCS-01,382.7104751195509,-22.629801436884314,22.995331023794936,0
2026-01-08 06:15:00,PCS-01,376.8066977783844,53.523733987005784,26.881027814005545,0
2026-01-08 06:20:00,PCS-01,377.65526911271996,-63.143164404277115,26.127476132267173,0
2026-01-08 06:25:00,PCS-01,378.5484986056406,15.835895571282165,29.281148064257707,0
2026-01-08 06:30:00,PCS-01,381.64833227571137,20.19483261590315,27.5906605602692,0
2026-01-08 06:35:00,PCS-01,379.22236941410307,-25.026302529419358,26.445067826527175,0
2026-01-08 06:40:00,PCS-01,382.75655653388645,23.221233415105882,31.278749906031067,0
2026-01-08 06:45:00,PCS-01,383.4278140249738,-61.681290253159275,32.23283770239173,0
2026-01-08 06:50:00,PCS-01,376.9310679045383,23.571892313625057,27.414439589285287,0
2026-01-08 06:55:00,PCS-01,375.89573411619216,-45.43985675927754,26.102250971962466,0
2026-01-08 07:00:00,PCS-01,380.7484183312402,40.80311232970662,35.38583817842408,0
2026-01-08 07:05:00,PCS-01,381.60963759569046,29.74167495932834,25.538687357571913,0
2026-01-08 07:10:00,PCS-01,381.025576820978,3.964336127079226,28.135230225561987,0
2026-01-08 07:15:00,PCS-01,382.9378937213173,-11.034957592952484,23.87808434588823,0
2026-01-08 07:20:00,PCS-01,378.0870352168319,13.822001235994302,26.1431927286074,0
2026-01-08 07:25:00,PCS-01,382.5276542463245,25.34868347003016,28.80346651306551,0
2026-01-08 07:30:00,PCS-01,376.0873288819004,5.918552421637171,23.33632493576721,0
2026-01-08 07:35:00,PCS-01,380.53293040397466,68.67738146767908,28.675614347721183,0
2026-01-08 07:40:00,PCS-01,378.2475239314131,-5.8743149223886775,26.803674206381842,0
2026-01-08 07:45:00,PCS-01,376.36148895538275,6.7305254199567095,28.454145940161126,0
2026-01-08 07:50:00,PCS-01,384.1563144196861,-56.166907105453426,27.912440137519706,0
2026-01-08 07:55:00,PCS-01,376.8077230949803,-23.26388539600973,26.737636798137984,0
2026-01-08 08:00:00,PCS-01,378.72858960662984,43.40175009756973,30.008638693781254,0
2026-01-08 08:05:00,PCS-01,376.96864145982755,75.76444208369081,23.602802201336818,0
2026-01-08 08:10:00,PCS-01,377.6405042312044,41.847784785562645,23.930829203853516,0
2026-01-08 08:15:00,PCS-01,382.9123334669713,-35.91593371658794,31.92994474165646,0
2026-01-08 08:20:00,PCS-01,379.80865701511544,1.9577783552096308,29.274010314064263,0
2026-01-08 08:25:00,PCS-01,380.9324453461531,42.3388609902642,24.776249661474562,0
2026-01-08 08:30:00,PCS-01,375.96322096992367,8.490371295548545,26.60657329582656,0
2026-01-08 08:35:00,PCS-01,379.8124513692924,5.708058120618407,28.793313065397765,0
2026-01-08 08:40:00,PCS-01,378.0499022262225,1.7685814245433003,23.56211648753402,0
2026-01-08 08:45:00,PCS-01,380.00502650265895,26.41810282377641,22.862016918221286,0
2026-01-08 08:50:00,PCS-01,384.4395539099356,56.915736135283666,25.911998743563366,0
2026-01-08 08:55:00,PCS-01,381.6950143955122,-72.34555287752733,28.624399104852156,0
2026-01-08 09:00:00,PCS-01,378.681488428388,20.213891015640225,20.383045362614574,0
2026-01-08 09:05:00,PCS-01,378.59087702873234,29.521213095765695,26.52967263522113,0
2026-01-08 09:10:00,PCS-01,379.3741476432065,29.348939604159,28.868886100212862,0
2026-01-08 09:15:00,PCS-01,375.8784375492478,17.472127526065226,25.621898564327285,0
2026-01-08 09:20:00,PCS-01,386.7382746256067,7.042670463493803,28.924559143100637,0
2026-01-08 09:25:00,PCS-01,378.72260551237207,64.55371017749013,26.978579434212254,0
2026-01-08 09:30:00,PCS-01,375.44077382548596,41.22255931071685,25.17870205098915,0
2026-01-08 09:35:00,PCS-01,379.7224590436418,31.182406188954793,24.728620337113984,0
2026-01-08 09:40:00,PCS-01,382.7390436637425,79.17755898197947,34.86594446466727,0
2026-01-08 09:45:00,PCS-01,378.40729991188306,-47.286921995065185,25.63600598887915,0
2026-01-08 09:50:00,PCS-01,379.66836265071896,-5.885912848877631,30.563301904673487,0
2026-01-08 09:55:00,PCS-01,382.11292256758645,15.602665447060302,28.72609646183755,0
2026-01-08 10:00:00,PCS-01,383.9751968980129,-8.029884199984288,32.1245624214156,0
2026-01-08 10:05:00,PCS-01,379.32060872114243,-32.69278591132155,27.48789547702592,0
2026-01-08 10:10:00,PCS-01,379.66167944870614,-5.521501424243821,24.86587829590186,0
2026-01-08 10:15:00,PCS-01,378.9741902542589,75.4499806549837,28.477493496542756,0
2026-01-08 10:20:00,PCS-01,383.37265119775105,42.42952185124099,25.301688962678845,0
2026-01-08 10:25:00,PCS-01,384.47456091190725,41.03616713308107,24.56916615600047,0
2026-01-08 10:30:00,PCS-01,381.53649824230195,36.57395333237322,20.579748512159888,0
2026-01-08 10:35:00,PCS-01,379.3406819757867,-56.539191708568026,26.499888216495435,0
2026-01-08 10:40:00,PCS-01,381.7801765633824,8.241080018260545,30.812095321886996,0
2026-01-08 10:45:00,PCS-01,378.3840923044948,73.18006406270887,30.110411605162852,0
2026-01-08 10:50:00,PCS-01,378.00788741138246,-51.33947335790068,31.45163468118473,0
2026-01-08 10:55:00,PCS-01,380.12331645781734,23.080987728452307,30.38912117180064,0
2026-01-08 11:00:00,PCS-01,383.76879347765464,40.3182272726876,29.501914800685295,0
2026-01-08 11:05:00,PCS-01,377.8068237891868,-9.391523949373427,30.537555983818486,0
2026-01-08 11:10:00,PCS-01,383.0038761866445,-40.02348440529454,29.159353948179984,0
2026-01-08 11:15:00,PCS-01,376.92102709564875,14.043866904320648,29.127763246425413,0
2026-01-08 11:20:00,PCS-01,379.0698783021969,-5.101065422996424,25.50579377188078,0
2026-01-08 11:25:00,PCS-01,375.7342366288893,-55.12469750902143,28.78392552080221,0
2026-01-08 11:30:00,PCS-01,382.12611824793095,10.092254652094896,27.71911385684295,0
2026-01-08 11:35:00,PCS-01,374.6727389768254,-85.7601187436407,21.537386364401975,0
2026-01-08 11:40:00,PCS-01,387.4075286425542,-14.859116214646505,23.2211483776517,0
2026-01-08 11:45:00,PCS-01,377.0734992445665,-39.80613126279452,27.755223908429514,0
2026-01-08 11:50:00,PCS-01,386.2620440036006,37.68469656618712,29.31939993374038,0
2026-01-08 11:55:00,PCS-01,381.7258345904034,80.90356599857091,32.8513152886709,0
2026-01-08 12:00:00,PCS-01,386.00918674548393,3.077467390987858,29.066389415546002,0
2026-01-08 12:05:00,PCS-01,374.74254292239897,-24.31169843860086,24.85743728565092,0
2026-01-08 12:10:00,PCS-01,377.41547179630953,-29.30242730097315,26.647323676137603,0
2026-01-08 12:15:00,PCS-01,383.7821043483127,-3.939885238418239,25.4212710273735,0
2026-01-08 12:20:00,PCS-01,379.7380957099382,-41.15337170625185,27.818137875192324,0
2026-01-08 12:25:00,PCS-01,377.2440609662329,-20.751672684280287,35.52391692335674,0
2026-01-08 12:30:00,PCS-01,378.43106694040125,-15.58138194698974,23.915583301816564,0
2026-01-08 12:35:00,PCS-01,380.11515045653914,55.248652777072905,32.55757958007945,0
2026-01-08 12:40:00,PCS-01,378.0710470251346,-42.6097890735086,31.780797127410114,0
2026-01-08 12:45:00,PCS-01,379.2392869060489,-41.38141371574909,28.174155888620273,0
2026-01-08 12:50:00,PCS-01,382.7561100954375,-7.302041243731453,28.871181252670805,0
2026-01-08 12:55:00,PCS-01,384.1738380583233,56.44570745089622,24.918260394221747,0
2026-01-08 13:00:00,PCS-01,382.19975188147566,-34.274798439592324,30.633754810739184,0
2026-01-08 13:05:00,PCS-01,381.3144136119565,30.413547449318656,24.53013254128101,0
2026-01-08 13:10:00,PCS-01,380.69909118229947,42.87066853381787,29.27522556915832,0
2026-01-08 13:15:00,PCS-01,375.6785534133553,-4.755374685488326,26.770510869579706,0
2026-01-08 13:20:00,PCS-01,381.0094921107902,-18.954790000112766,25.954329616671483,0
2026-01-08 13:25:00,PCS-01,380.3034515734773,-9.502387677836817,23.723149201983713,0
2026-01-08 13:30:00,PCS-01,375.5139653146693,26.305230692940768,30.809023109253225,0
2026-01-08 13:35:00,PCS-01,375.82512396621644,-10.833306141610983,33.285979572497155,0
2026-01-08 13:40:00,PCS-01,375.78061431919946,26.53900943871094,22.738570967710675,0
2026-01-08 13:45:00,PCS-01,386.12907427433544,49.11856556771734,30.357178225292383,0
2026-01-08 13:50:00,PCS-01,379.1599019111841,-45.22403872251762,25.494882576224008,0
2026-01-08 13:55:00,PCS-01,378.10368810841544,-47.005452574017696,29.078443770235666,0
2026-01-08 14:00:00,PCS-01,381.8319388988879,-75.10712648959854,26.051972103679155,0
2026-01-08 14:05:00,PCS-01,381.3129179952692,-41.53797404204454,29.884225932267825,0
2026-01-08 14:10:00,PCS-01,382.010380312652,-0.38327586734836167,28.983235021073785,0
2026-01-08 14:15:00,PCS-01,382.69103473108686,-30.425872964248256,24.110133242715126,0
2026-01-08 14:20:00,PCS-01,378.80484448427876,-2.1595297171026293,26.56685653760588,0
2026-01-08 14:25:00,PCS-01,378.73811668291364,5.598024621411216,28.767246087013095,0
2026-01-08 14:30:00,PCS-01,377.17286228254056,1.54787531324999,24.88267544853949,0
2026-01-08 14:35:00,PCS-01,379.92718870353735,-24.18758940565788,25.98673761233615,0
2026-01-08 14:40:00,PCS-01,378.3633318219213,78.49164890776532,27.82076313157017,0
2026-01-08 14:45:00,PCS-01,381.8709086107966,51.43198032801387,35.57837902946216,0
2026-01-08 14:50:00,PCS-01,382.7868044132879,29.98890993709763,21.14628710163135,0
2026-01-08 14:55:00,PCS-01,371.9374004239827,-29.197891998833953,30.811375719272668,0
2026-01-08 15:00:00,PCS-01,383.7150901697943,-2.493273990528097,32.457272217986485,0
2026-01-08 15:05:00,PCS-01,384.3022272740881,31.299309461894435,28.015816609417232,0
2026-01-08 15:10:00,PCS-01,374.5433515714081,-5.349209926984068,28.287190143076128,0
2026-01-08 15:15:00,PCS-01,382.18399025712216,-9.377683358668396,29.444256389098893,0
2026-01-08 15:20:00,PCS-01,377.3091623335793,38.63615740515803,34.326912799117,0
2026-01-08 15:25:00,PCS-01,381.9128652063928,-10.061367808155504,25.719789448163723,0
2026-01-08 15:30:00,PCS-01,380.35901034443503,-25.442330237721507,27.07731888098804,0
2026-01-08 15:35:00,PCS-01,381.20120700774754,-13.309345425973024,28.797122322325496,0
2026-01-08 15:40:00,PCS-01,385.2745417335729,14.313704511379266,32.41736214074657,0
2026-01-08 15:45:00,PCS-01,380.59331117614835,-7.823960689282682,30.48920478496189,0
2026-01-08 15:50:00,PCS-01,380.3848053590078,122.13020538702706,30.447398422974032,0
2026-01-08 15:55:00,PCS-01,380.5381585272514,3.6503263598112135,26.72642061907089,0
2026-01-08 16:00:00,PCS-01,377.61113247765303,6.119542192281971,26.559492536188852,0
2026-01-08 16:05:00,PCS-01,382.7025622320293,-24.839164214506106,29.114185159476293,0
2026-01-08 16:10:00,PCS-01,380.5771519428114,-36.47887138525982,28.871965576060703,0
2026-01-08 16:15:00,PCS-01,381.74193797703464,24.143547440541223,29.484790308016205,0
2026-01-08 16:20:00,PCS-01,378.9680090838932,-34.46496994854671,31.003968910369696,0
2026-01-08 16:25:00,PCS-01,380.4616682630078,-16.973322422823774,25.323221864456865,0
2026-01-08 16:30:00,PCS-01,380.61835270519936,-21.39805473091061,31.319192669652285,0
2026-01-08 16:35:00,PCS-01,383.524348220644,-27.800576606430063,25.412775406437543,0
2026-01-08 16:40:00,PCS-01,377.28721309475384,-38.415617599773185,29.93463374837253,0
2026-01-08 16:45:00,PCS-01,377.0989075841325,-45.307262524149166,29.578804273308005,0
2026-01-08 16:50:00,PCS-01,377.18632087373805,53.94475597749113,28.74040335425679,0
2026-01-08 16:55:00,PCS-01,379.91533327702416,28.359205533920367,31.091136339194154,0
2026-01-08 17:00:00,PCS-01,379.1535293725804,18.314375618279406,28.612277555551245,0
2026-01-08 17:05:00,PCS-01,376.8731146405923,-64.4879536545131,30.403747834239358,0
2026-01-08 17:10:00,PCS-01,380.6175276788957,-18.981536463175534,25.329269021579158,0
2026-01-08 17:15:00,PCS-01,377.2564594920683,45.10457173988758,27.466607335433743,0
2026-01-08 17:20:00,PCS-01,380.8193903336415,19.065696131960895,35.822803207068866,0
2026-01-08 17:25:00,PCS-01,382.75974097742255,22.444231519096675,26.009759508691104,0
2026-01-08 17:30:00,PCS-01,379.56724146333363,-4.689024721192968,28.41549715458388,0
2026-01-08 17:35:00,PCS-01,380.20907898129724,10.955676381801961,29.656018597033643,0
2026-01-08 17:40:00,PCS-01,377.9030926211107,-7.65220504248168,32.61266359295323,0
2026-01-08 17:45:00,PCS-01,374.97331619121707,-51.31296920573524,31.763611301478438,0
2026-01-08 17:50:00,PCS-01,381.24769240373706,33.14921615792632,28.58168706154814,0
2026-01-08 17:55:00,PCS-01,374.41226051631804,-16.412857915149925,23.165003144190894,0
2026-01-08 18:00:00,PCS-01,378.72296489474905,-5.072808480027372,28.704979816089047,0
2026-01-08 18:05:00,PCS-01,376.70202914000504,36.60289442861845,34.13571898978219,0
2026-01-08 18:10:00,PCS-01,381.04728417303096,-22.533813545071425,22.368867605951774,0
2026-01-08 18:15:00,PCS-01,377.98636097626184,-22.664430167809307,31.392778406441963,0
2026-01-08 18:20:00,PCS-01,375.3780558568339,42.6724806524206,29.920130349743975,0
2026-01-08 18:25:00,PCS-01,378.9217698307645,4.109789671313808,29.844775813146775,0
2026-01-08 18:30:00,PCS-01,382.1447744780638,47.60219916517097,25.441646687893087,0
2026-01-08 18:35:00,PCS-01,379.4663058966437,42.80118432024363,25.1118104029329,0
2026-01-08 18:40:00,PCS-01,378.48025607590347,-15.38842694632688,28.788309871085865,0
2026-01-08 18:45:00,PCS-01,380.7319638465767,86.99115949998165,27.45820676614318,0
2026-01-08 18:50:00,PCS-01,385.8153146457157,16.66570907187527,27.98785399012207,0
2026-01-08 18:55:00,PCS-01,379.06616125046463,39.72366011930882,33.299070295924665,0
2026-01-08 19:00:00,PCS-01,385.02754136531195,38.64905458622318,29.95194870596038,0
2026-01-08 19:05:00,PCS-01,378.8822612489818,60.59282707324933,26.395223761664358,0
2026-01-08 19:10:00,PCS-01,381.4592184442565,54.64494618594708,33.97387191375571,0
2026-01-08 19:15:00,PCS-01,381.3174761516867,-12.226890134204858,30.302123255303847,0
2026-01-08 19:20:00,PCS-01,381.0297012795774,60.534698903777134,23.060770615611574,0
2026-01-08 19:25:00,PCS-01,380.4744573132084,54.61131841039722,34.16277419280508,0
2026-01-08 19:30:00,PCS-01,382.18947149135056,-53.03825420884532,24.77030631300906,0
2026-01-08 19:35:00,PCS-01,377.79274518670127,7.770484532517433,25.03297146641206,0
2026-01-08 19:40:00,PCS-01,376.84624662377337,0.5794873731142073,34.672397731634526,0
2026-01-08 19:45:00,PCS-01,379.6736932213841,-33.61374365700616,25.369141677680254,0
2026-01-08 19:50:00,PCS-01,375.0595553581145,-9.276884526727995,30.80390407608153,0
2026-01-08 19:55:00,PCS-01,380.4089342237715,-3.8936216674609385,29.095499015153244,0
2026-01-08 20:00:00,PCS-01,378.11864496545627,-33.59138122134381,27.446182175544696,0
2026-01-08 20:05:00,PCS-01,380.6935636644992,1.72201199156787,26.82819056899985,0
2026-01-08 20:10:00,PCS-01,379.9060764259032,-66.89942210321044,25.522405569973106,0
2026-01-08 20:15:00,PCS-01,379.0179238225737,16.82505630237857,25.77348251636319,0
2026-01-08 20:20:00,PCS-01,377.4312433760522,-60.9324369085092,30.24196065337551,0
2026-01-08 20:25:00,PCS-01,378.8068588533235,-1.1938447992391665,29.099625496486322,0
2026-01-08 20:30:00,PCS-01,380.22665931946096,-107.67900707909081,30.238321282107076,0
2026-01-08 20:35:00,PCS-01,376.20560423050966,-44.5622251094398,24.8820843460489,0
2026-01-08 20:40:00,PCS-01,379.5515673266529,23.70141765885167,24.713179234591628,0
2026-01-08 20:45:00,PCS-01,386.8788881667463,-16.573466817446327,28.810147575734877,0
2026-01-08 20:50:00,PCS-01,379.1207204283083,59.04160741249164,31.718659583229165,0
2026-01-08 20:55:00,PCS-01,380.49133945244034,-65.03418770996336,30.25617117813414,0
2026-01-08 21:00:00,PCS-01,374.3286304443969,40.22863543863324,26.93542315346424,0
2026-01-08 21:05:00,PCS-01,376.922249840693,23.496511064605347,28.62119180399564,0
2026-01-08 21:10:00,PCS-01,377.80784157042024,-63.27575395727571,29.83795997295733,0
2026-01-08 21:15:00,PCS-01,384.40902153878875,66.26270686739485,27.885244941633353,0
2026-01-08 21:20:00,PCS-01,382.3768414559366,-52.151422121287744,28.454679527435946,0
2026-01-08 21:25:00,PCS-01,377.78610169158827,17.710024087248144,26.098669395286592,0
2026-01-08 21:30:00,PCS-01,374.4505045147538,-37.55578298988624,28.153710486562037,0
2026-01-08 21:35:00,PCS-01,381.1615263322213,62.74342108833775,26.34324785870825,0
2026-01-08 21:40:00,PCS-01,379.41089430912876,40.96677978130976,21.785337638873653,0
2026-01-08 21:45:00,PCS-01,381.18202716665,56.31321787126684,33.99310393538986,0
2026-01-08 21:50:00,PCS-01,383.9911281310153,49.26011891174323,31.12428862416633,0
2026-01-08 21:55:00,PCS-01,377.81147261817745,0.460986716613488,24.573276007266642,0
2026-01-08 22:00:00,PCS-01,376.02556425691347,-33.53069662288715,31.336710852111306,0
2026-01-08 22:05:00,PCS-01,380.8677566445725,-29.777313916835556,28.351061736367313,0
2026-01-08 22:10:00,PCS-01,379.2872184326932,-40.32460643400671,27.61952615511886,0
2026-01-08 22:15:00,PCS-01,378.83255955690595,66.11348432970561,27.111693200617786,0
2026-01-08 22:20:00,PCS-01,375.8361042099566,88.68229594395302,25.875287820420574,0
2026-01-08 22:25:00,PCS-01,381.1296470821825,41.212671803071544,29.580924116128283,0
2026-01-08 22:30:00,PCS-01,378.6577663530559,8.86293245813657,26.955084894683687,0
2026-01-08 22:35:00,PCS-01,382.0102105121985,-7.566063254758894,23.21235270140676,0
2026-01-08 22:40:00,PCS-01,380.6425227462115,8.068139820146625,26.781658962515717,0
2026-01-08 22:45:00,PCS-01,377.1047792413639,4.7012921891029755,32.29530113386622,0
2026-01-08 22:50:00,PCS-01,378.51078241010885,47.32328227950977,27.96273017248594,0
2026-01-08 22:55:00,PCS-01,375.46621252400007,24.87156799202941,28.4002759953878,0
2026-01-08 23:00:00,PCS-01,380.36866400386094,10.543445224403579,35.13043566162903,0
2026-01-08 23:05:00,PCS-01,373.07977466625056,33.424495775246,23.739300152585237,0
2026-01-08 23:10:00,PCS-01,379.27011428835266,-40.96012891217267,27.643670115078166,0
2026-01-08 23:15:00,PCS-01,382.8322331514827,15.648233905598863,25.728649538657976,0
2026-01-08 23:20:00,PCS-01,375.99852122501164,-31.731922012376316,23.14530288398992,0
2026-01-08 23:25:00,PCS-01,376.52219873093003,3.3543131906352257,23.205397465426934,0
2026-01-08 23:30:00,PCS-01,384.30879159688334,-16.32898456640482,32.03645133368451,0
2026-01-08 23:35:00,PCS-01,380.1845386619656,-8.148908368626483,26.095672958339016,0
2026-01-08 23:40:00,PCS-01,380.2063756740993,-34.65607413095242,30.719135537103124,0
2026-01-08 23:45:00,PCS-01,384.1972393409528,7.65718386608145,25.020296338925995,0
2026-01-08 23:50:00,PCS-01,381.56213969034434,1.1117615055481145,31.942127304829775,0
2026-01-08 23:55:00,PCS-01,379.50351759256705,-25.129684557535118,26.660695231097616,0
2026-01-09 00:00:00,PCS-01,378.49209854004926,-12.710673650042024,22.354765022033064,0
2026-01-09 00:05:00,PCS-01,378.53554785814225,-5.885894931923463,29.571209821157794,0
2026-01-09 00:10:00,PCS-01,385.7644050126613,-32.63668429346844,25.219337598493855,0
2026-01-09 00:15:00,PCS-01,381.1048386634101,-56.79673173980877,30.720469713944595,0
2026-01-09 00:20:00,PCS-01,387.63504575143435,-9.908389673368909,25.057879471669963,0
2026-01-09 00:25:00,PCS-01,382.2329862334033,-46.712963550397134,29.319980061402415,0
2026-01-09 00:30:00,PCS-01,383.78485759899576,-8.956191828774399,31.0205829335281,0
2026-01-09 00:35:00,PCS-01,378.2859936737725,42.543384255707366,27.12507708179356,0
2026-01-09 00:40:00,PCS-01,377.79423606499404,40.544169441718935,20.700856448536474,0
2026-01-09 00:45:00,PCS-01,377.5765793438039,25.243726155471432,27.695362769995608,0
2026-01-09 00:50:00,PCS-01,382.657385441129,-3.256415673994224,29.008384835631613,0
2026-01-09 00:55:00,PCS-01,381.5357829082646,-36.36197505150266,34.640182908247404,0
2026-01-09 01:00:00,PCS-01,382.46449604073035,12.72694260197624,28.24145176432509,0
2026-01-09 01:05:00,PCS-01,381.8367615438972,30.75398280620449,32.26849140953563,0
2026-01-09 01:10:00,PCS-01,379.65789446941443,-29.61257585337295,29.550652814753512,0
2026-01-09 01:15:00,PCS-01,381.740763724589,-36.81286821744254,24.666775064049467,0
2026-01-09 01:20:00,PCS-01,384.8337717773872,42.64866846592745,24.90541491827523,0
2026-01-09 01:25:00,PCS-01,383.87856324915896,21.00687036686779,27.22769723899351,0
2026-01-09 01:30:00,PCS-01,377.76372331049976,48.33921059492337,28.284282665493134,0
2026-01-09 01:35:00,PCS-01,378.43737188242847,-19.094958880366406,29.8864340127978,0
2026-01-09 01:40:00,PCS-01,381.10321260813976,-41.13215133605303,34.864064780863586,0
2026-01-09 01:45:00,PCS-01,381.12758744309093,22.09987631881125,27.93492057997895,0
2026-01-09 01:50:00,PCS-01,377.2272689651899,-51.664119792790615,29.520760966066288,0
2026-01-09 01:55:00,PCS-01,381.9507815696174,-66.43118800643278,28.78626507781327,0
2026-01-09 02:00:00,PCS-01,383.96444278586915,5.568638028296738,28.649218717902396,0
2026-01-09 02:05:00,PCS-01,379.87747128657196,33.99859371945295,32.6677970820136,0
2026-01-09 02:10:00,PCS-01,379.25827516551493,-3.2769022387581286,27.236178591801902,0
2026-01-09 02:15:00,PCS-01,374.5056207339924,-63.80557919980007,26.258677926859196,0
2026-01-09 02:20:00,PCS-01,380.21300989449736,-0.33963011463060255,24.534043700227002,0
2026-01-09 02:25:00,PCS-01,385.10926139359725,-60.07186414853153,24.889485666185593,0
2026-01-09 02:30:00,PCS-01,375.9669399774175,-63.42125906466024,26.83152464021129,0
2026-01-09 02:35:00,PCS-01,375.15033843509775,0.5681152847279738,25.084101183501026,0
2026-01-09 02:40:00,PCS-01,377.70614098631825,-28.30890661657936,23.523713671987984,0
2026-01-09 02:45:00,PCS-01,381.42079582368456,43.299381570897175,28.682415714387076,0
2026-01-09 02:50:00,PCS-01,381.4142696030803,-59.28131559325061,29.56603149693442,0
2026-01-09 02:55:00,PCS-01,382.53004611547675,7.661074559128812,24.594043041347607,0
2026-01-09 03:00:00,PCS-01,385.5685553126905,34.21619726961942,29.444602074200212,0
2026-01-09 03:05:00,PCS-01,378.71085309910245,-20.67259600344706,29.831830021657446,0
2026-01-09 03:10:00,PCS-01,382.2835105226135,24.973668934414725,28.171654490841956,0
2026-01-09 03:15:00,PCS-01,373.7846482031809,-2.6927068935759824,28.380965293557946,0
2026-01-09 03:20:00,PCS-01,379.4772353833867,-33.47805124015922,34.049195770416155,0
2026-01-09 03:25:00,PCS-01,376.6431318682168,-4.8495264883500875,28.261162018975682,0
2026-01-09 03:30:00,PCS-01,374.5693412661288,-26.855099442429186,22.282145086179952,0
2026-01-09 03:35:00,PCS-01,379.98622237044276,36.05907615674882,31.18910369489158,0
2026-01-09 03:40:00,PCS-01,377.95506801742755,9.387443423356807,25.380539537966154,0
2026-01-09 03:45:00,PCS-01,380.4958737642466,-3.364335556746443,26.80298047596541,0
2026-01-09 03:50:00,PCS-01,379.6813365871167,-23.49900136639256,25.370855854803214,0
2026-01-09 03:55:00,PCS-01,376.07570326677114,-0.984670308959191,31.37693319855402,0
2026-01-09 04:00:00,PCS-01,380.0582664572437,0.886042768401908,28.178992557225982,0
2026-01-09 04:05:00,PCS-01,377.9041064915389,-21.54111227846094,24.9123671554065,0
2026-01-09 04:10:00,PCS-01,374.61864926603465,-29.955927154510476,28.02181525626741,0
2026-01-09 04:15:00,PCS-01,378.18554192205096,-34.89955306272445,24.24240821844903,0
2026-01-09 04:20:00,PCS-01,381.568499737343,52.04689941922989,28.41290127711659,0
2026-01-09 04:25:00,PCS-01,376.6056227716609,65.41456681709539,27.841278242476093,0
2026-01-09 04:30:00,PCS-01,379.5714323061477,10.7977224810453,28.896290753546708,0
2026-01-09 04:35:00,PCS-01,385.2040588330843,-51.92157535476764,29.495391832977216,0
2026-01-09 04:40:00,PCS-01,383.64466919172725,38.47589234590369,25.08932565303611,0
2026-01-09 04:45:00,PCS-01,378.84946969776314,-106.00671081293382,30.405484946544316,0
2026-01-09 04:50:00,PCS-01,376.31493834162666,22.889744709637718,27.17324850688721,0
2026-01-09 04:55:00,PCS-01,383.36640201093667,7.859694041820893,28.359719788983096,0
2026-01-09 05:00:00,PCS-01,380.6855672478137,23.8188572690251,24.13511588224683,0
2026-01-09 05:05:00,PCS-01,386.1877292418439,-19.30430604968067,28.850260359980826,0
2026-01-09 05:10:00,PCS-01,378.16597294111665,-16.39466691165908,30.965634650416508,0
2026-01-09 05:15:00,PCS-01,379.45257826150805,-4.724259104909599,31.00326329473106,0
2026-01-09 05:20:00,PCS-01,377.5400011260899,70.41878000369844,27.167580769257857,0
2026-01-09 05:25:00,PCS-01,379.52331252251327,-64.40696425479196,32.252458357952705,0
2026-01-09 05:30:00,PCS-01,375.08832999406286,-22.28114475252948,23.10086704816546,0
2026-01-09 05:35:00,PCS-01,379.0835173575466,-44.80262294368927,32.39878431337867,0
2026-01-09 05:40:00,PCS-01,380.27080290774757,14.30163176473849,22.53681703908325,0
2026-01-09 05:45:00,PCS-01,386.47480820086275,-42.82928602962066,34.6373761107405,0
2026-01-09 05:50:00,PCS-01,376.2269791524263,38.44476636639919,30.050951318344808,0
2026-01-09 05:55:00,PCS-01,381.9174244781823,-33.25828919936889,25.808352826921748,0
2026-01-09 06:00:00,PCS-01,380.59502336795066,27.398083894829025,24.153202129435993,0
2026-01-09 06:05:00,PCS-01,377.56273551757073,-27.52299358417077,29.03216722688143,0
2026-01-09 06:10:00,PCS-01,378.34982122684545,-0.9894691310638613,26.512209979796758,0
2026-01-09 06:15:00,PCS-01,369.52659565082286,-35.20622058708288,22.20420179297225,0
2026-01-09 06:20:00,PCS-01,378.45688430163864,11.977819641802265,28.00447207165312,0
2026-01-09 06:25:00,PCS-01,382.5604530155886,-69.07550784227456,29.691864730165545,0
2026-01-09 06:30:00,PCS-01,375.31871527439176,39.29794583434588,25.91884023958112,0
2026-01-09 06:35:00,PCS-01,384.2220880609901,-7.850337130961914,30.674340882232407,0
2026-01-09 06:40:00,PCS-01,385.3047078952434,-44.88999205851893,32.494321047948254,0
2026-01-09 06:45:00,PCS-01,380.67446585928445,11.925824840917013,31.257275070072676,0
2026-01-09 06:50:00,PCS-01,378.9214618369082,-7.571883280869059,28.25793539611271,0
2026-01-09 06:55:00,PCS-01,375.48452372658437,-21.624742796390947,23.35274403132715,0
2026-01-09 07:00:00,PCS-01,384.2929379322553,-47.26771726880688,32.17461048568943,0
2026-01-09 07:05:00,PCS-01,375.87217559072803,-50.39244631161087,28.73324863112305,0
2026-01-09 07:10:00,PCS-01,383.4518756143102,-5.83788964508599,28.112933511781083,0
2026-01-09 07:15:00,PCS-01,382.8081860854119,-41.277978384220205,26.257423770097724,0
2026-01-09 07:20:00,PCS-01,377.01435972846053,-10.06766268041709,30.850461687096765,0
2026-01-09 07:25:00,PCS-01,379.60432770912524,-42.55489773992434,20.049576901120204,0
2026-01-09 07:30:00,PCS-01,374.3471804728467,-59.47606012374414,29.708122484686395,0
2026-01-09 07:35:00,PCS-01,378.2648637411767,74.01342540769828,21.76996007734916,0
2026-01-09 07:40:00,PCS-01,377.23669858697986,24.242436512151894,26.85976620356461,0
2026-01-09 07:45:00,PCS-01,381.8518344628378,40.621169216904256,26.872023670318246,0
2026-01-09 07:50:00,PCS-01,382.53737247455143,18.53485637334918,34.3564573343421,0
2026-01-09 07:55:00,PCS-01,383.1275036344141,46.37258582878055,25.925361546428228,0
2026-01-09 08:00:00,PCS-01,382.0160026121144,19.95144838872891,28.745301831684344,0
2026-01-09 08:05:00,PCS-01,380.41963554639136,46.25922759251766,26.416077147440927,0
2026-01-09 08:10:00,PCS-01,380.23626991095233,-19.350819918946918,29.033171150267204,0
2026-01-09 08:15:00,PCS-01,378.40892914820813,13.629244899823714,25.65473677103282,0
2026-01-09 08:20:00,PCS-01,382.4696230560027,68.29508459968393,28.589244509083905,0
2026-01-09 08:25:00,PCS-01,378.6242068551714,-58.076999497995644,28.068336586621903,0
2026-01-09 08:30:00,PCS-01,381.2533002834015,-59.14553642914504,28.15253148983974,0
2026-01-09 08:35:00,PCS-01,379.2295504982254,35.21611183612054,28.118238959516788,0
2026-01-09 08:40:00,PCS-01,377.93165171068085,15.70081179587743,26.134375545834942,0
2026-01-09 08:45:00,PCS-01,379.932615863958,5.68246687931801,26.278874234940126,0
2026-01-09 08:50:00,PCS-01,379.76448235731925,-78.37405999851156,27.25744419027974,0
2026-01-09 08:55:00,PCS-01,380.85424184885113,33.21837377722777,28.514380583561874,0
2026-01-09 09:00:00,PCS-01,381.6698697103083,73.82767571513456,30.374904367973212,0
2026-01-09 09:05:00,PCS-01,383.05302831396864,67.49010015977458,22.92509266651208,0
2026-01-09 09:10:00,PCS-01,382.35660709182736,56.890876404667694,29.77946054943329,0
2026-01-09 09:15:00,PCS-01,379.59182862056133,-61.15372927275751,26.960420472474063,0
2026-01-09 09:20:00,PCS-01,378.096513928325,23.432501822746236,27.023489921574367,0
2026-01-09 09:25:00,PCS-01,382.90239614292364,92.80395442612864,21.387862989714073,0
2026-01-09 09:30:00,PCS-01,375.7082911675107,-23.081091481841703,30.285414195127395,0
2026-01-09 09:35:00,PCS-01,382.5088737046507,-47.21828431445558,26.128901041974565,0
2026-01-09 09:40:00,PCS-01,381.130954402853,-6.7472374205943195,27.82955222215505,0
2026-01-09 09:45:00,PCS-01,382.68247844628826,6.958090321606986,28.01070966601501,0
2026-01-09 09:50:00,PCS-01,381.40743838256475,72.5334211217257,23.78254068138296,0
2026-01-09 09:55:00,PCS-01,376.5684011967361,-26.591035861767736,27.258410679262834,0
2026-01-09 10:00:00,PCS-01,383.41775189169243,-2.4269687278932035,27.75694461427369,0
2026-01-09 10:05:00,PCS-01,382.18113427343565,13.282188312015556,28.371615016240398,0
2026-01-09 10:10:00,PCS-01,378.2621500800601,1.3412602973043564,26.5714743668294,0
2026-01-09 10:15:00,PCS-01,381.3378120840109,61.4104674535224,27.091733826745205,0
2026-01-09 10:20:00,PCS-01,382.29775554331343,-29.169226114534844,31.118709739979142,0
2026-01-09 10:25:00,PCS-01,380.29190123620936,25.475244243801466,32.171384866020624,0
2026-01-09 10:30:00,PCS-01,374.0012085464968,52.34679738103905,27.976005573564414,0
2026-01-09 10:35:00,PCS-01,378.5135606788522,7.03796541649829,21.875326487612906,0
2026-01-09 10:40:00,PCS-01,372.46811518027914,58.4231152279846,29.013410197406788,0
2026-01-09 10:45:00,PCS-01,382.54374755799034,-16.141679397290616,33.16502978356954,0
2026-01-09 10:50:00,PCS-01,381.616451480338,24.41215261823374,29.536890538594445,0
2026-01-09 10:55:00,PCS-01,377.73734142506214,-55.51202656747532,29.68268632995102,0
2026-01-09 11:00:00,PCS-01,379.0573852520098,-15.12553125104958,24.316310542233644,0
2026-01-09 11:05:00,PCS-01,378.8943370717582,-39.611697497439536,23.5810361728998,0
2026-01-09 11:10:00,PCS-01,376.94407794518895,29.76745205059427,22.234289842971407,0
2026-01-09 11:15:00,PCS-01,377.56010007755754,17.035647415010764,24.57365000382625,0
2026-01-09 11:20:00,PCS-01,379.75830961428613,4.403748767633924,33.816665836268676,0
2026-01-09 11:25:00,PCS-01,380.84096867425706,7.975816102812986,25.47951128503657,0
2026-01-09 11:30:00,PCS-01,384.2197539981547,-6.948915408663391,22.373464853437202,0
2026-01-09 11:35:00,PCS-01,380.03742998053906,-17.71115757753577,23.182711571816263,0
2026-01-09 11:40:00,PCS-01,382.9474317040059,-43.485183627082606,22.920147881241853,0
2026-01-09 11:45:00,PCS-01,376.18240031916787,-47.23746064333102,30.44177749023834,0
2026-01-09 11:50:00,PCS-01,376.91357379957594,-70.18291861813601,26.585563567931587,0
2026-01-09 11:55:00,PCS-01,378.2570464538693,52.609283802990525,28.33134114946777,0
2026-01-09 12:00:00,PCS-01,378.7304816957381,18.531280255340846,25.27558855099746,0
2026-01-09 12:05:00,PCS-01,378.0520837610993,50.651067454190354,26.089633846846997,0
2026-01-09 12:10:00,PCS-01,378.46854721522465,57.76276183879472,23.075372471355657,0
2026-01-09 12:15:00,PCS-01,381.85691238484696,52.881224571337086,31.12504720733515,0
2026-01-09 12:20:00,PCS-01,373.48372908990143,-48.13502124422661,26.328342390856744,0
2026-01-09 12:25:00,PCS-01,380.29020996254786,37.41688626914534,28.7996344240971,0
2026-01-09 12:30:00,PCS-01,384.9530134804108,-21.135965002076208,29.34227129713966,0
2026-01-09 12:35:00,PCS-01,377.3045300628178,14.410161830722776,24.720662431555525,0
2026-01-09 12:40:00,PCS-01,382.18245582662087,50.283727428239324,29.258730764770398,0
2026-01-09 12:45:00,PCS-01,381.03383951531293,-29.22835010094437,26.37720936494279,0
2026-01-09 12:50:00,PCS-01,378.83332304276416,22.168043896211987,21.083298252217624,0
2026-01-09 12:55:00,PCS-01,379.6128335921265,-17.596062948081098,35.067250122591524,0
2026-01-09 13:00:00,PCS-01,381.2454430936639,-7.349886709861756,29.132910974983186,0
2026-01-09 13:05:00,PCS-01,383.8663637893997,15.29075988175125,29.484733975759426,0
2026-01-09 13:10:00,PCS-01,379.89138302890393,90.70800894661274,24.517189274809947,0
2026-01-09 13:15:00,PCS-01,381.12745316558903,-35.66835763912552,24.92097972349554,0
2026-01-09 13:20:00,PCS-01,378.53851425970896,11.423687957278613,33.17508866697371,0
2026-01-09 13:25:00,PCS-01,380.47901575003556,-80.55367005242101,30.767078317790016,0
2026-01-09 13:30:00,PCS-01,377.3938656797464,-58.175880504282986,27.696631852354106,0
2026-01-09 13:35:00,PCS-01,377.07219114090844,-37.01078817672731,29.069749315049798,0
2026-01-09 13:40:00,PCS-01,378.0416787485848,-37.08187917231233,26.686653575181587,0
2026-01-09 13:45:00,PCS-01,374.81526079847026,-50.48336440544533,22.55632723870481,0
2026-01-09 13:50:00,PCS-01,379.9363780781747,56.661416117580394,28.619076732207482,0
2026-01-09 13:55:00,PCS-01,378.4792492407561,26.004967784596555,23.202004702311083,0
2026-01-09 14:00:00,PCS-01,380.2993414439137,-1.5195111271270936,30.02967716475856,0
2026-01-09 14:05:00,PCS-01,379.19444875110463,18.447948250817504,26.278700563356228,0
2026-01-09 14:10:00,PCS-01,380.54859760391776,16.912215150463236,30.673018260038297,0
2026-01-09 14:15:00,PCS-01,381.51396231367073,-30.142848116310734,26.59188087880336,0
2026-01-09 14:20:00,PCS-01,374.13540967551955,-40.6902801586687,33.052035985309445,0
2026-01-09 14:25:00,PCS-01,381.00150491218074,1.5520875947795154,30.189398534716748,0
2026-01-09 14:30:00,PCS-01,383.77394309471345,-22.040221864612857,28.187818698344042,0
2026-01-09 14:35:00,PCS-01,384.31654501984383,-52.1915858080437,30.334982759944367,0
2026-01-09 14:40:00,PCS-01,384.59820754674047,53.97920303419579,33.10085082244549,0
2026-01-09 14:45:00,PCS-01,380.1896213403458,36.97102178183212,34.37312447879436,0
2026-01-09 14:50:00,PCS-01,374.76942680556317,38.87443634298633,27.56689702131415,0
2026-01-09 14:55:00,PCS-01,376.53247987088724,19.48316168154434,28.707881713889527,0
2026-01-09 15:00:00,PCS-01,379.56871887753425,-73.87408767841515,24.65803333858026,0
2026-01-09 15:05:00,PCS-01,381.00059247407006,-3.9386105624813803,29.892341647081857,0
2026-01-09 15:10:00,PCS-01,379.8792515808937,-92.63021866702829,31.94088416793731,0
2026-01-09 15:15:00,PCS-01,380.2735562773745,38.41239447819993,30.69262114583354,0
2026-01-09 15:20:00,PCS-01,385.93828589203537,60.344197735748324,30.26238298653115,0
2026-01-09 15:25:00,PCS-01,382.37301939850977,6.824401809192695,26.830998541993655,0
2026-01-09 15:30:00,PCS-01,379.4494973011817,15.874253336296952,30.751986858602518,0
2026-01-09 15:35:00,PCS-01,381.44651193997504,14.524782431854554,28.867759904187906,0
2026-01-09 15:40:00,PCS-01,385.5192685280834,17.169550661036094,31.084252495417395,0
2026-01-09 15:45:00,PCS-01,381.6085586472415,23.879029761959266,32.90598321702078,0
2026-01-09 15:50:00,PCS-01,380.23790059568637,-73.51978094681043,27.041368906907326,0
2026-01-09 15:55:00,PCS-01,383.03344147454726,36.793755487179844,25.45909520013634,0
2026-01-09 16:00:00,PCS-01,380.1998797385972,24.466576737822173,24.593056534317434,0
2026-01-09 16:05:00,PCS-01,376.2878039526681,18.044603072974578,27.376725334348723,0
2026-01-09 16:10:00,PCS-01,379.3811071797346,-30.225513706045795,27.669695033079886,0
2026-01-09 16:15:00,PCS-01,378.4483599729839,-134.2771967256611,24.94927226657097,0
2026-01-09 16:20:00,PCS-01,380.78350124207066,1.8177824941332217,30.110668894602995,0
2026-01-09 16:25:00,PCS-01,380.4135605726618,86.0529567973949,27.353520684619916,0
2026-01-09 16:30:00,PCS-01,379.7427761856639,97.3720940425512,29.11054622813038,0
2026-01-09 16:35:00,PCS-01,381.0351828967358,-52.139277246750225,29.77020789813361,0
2026-01-09 16:40:00,PCS-01,375.96267141775115,45.621200676479184,27.237791778047328,0
2026-01-09 16:45:00,PCS-01,378.4763538500629,17.258848267067027,28.36492354416091,0
2026-01-09 16:50:00,PCS-01,378.5987960797142,18.467452188084767,30.142820733932027,0
2026-01-09 16:55:00,PCS-01,379.95771952773634,-8.226249483857364,28.991980083516278,0
2026-01-09 17:00:00,PCS-01,377.9542664349136,-25.688632578452495,27.114344563014686,0
2026-01-09 17:05:00,PCS-01,377.51217285792654,0.2953375127140328,25.860583714838135,0
2026-01-09 17:10:00,PCS-01,379.57673652005417,-32.0229343861684,28.754780882367665,0
2026-01-09 17:15:00,PCS-01,380.12933441608067,58.541309791149246,24.09095995968322,0
2026-01-09 17:20:00,PCS-01,379.4754950227904,24.198303271941075,28.48097339083792,0
2026-01-09 17:25:00,PCS-01,380.8718120568021,-49.36884458530011,25.529501123943987,0
2026-01-09 17:30:00,PCS-01,379.3749880539603,9.55161280301006,29.315228356274364,0
2026-01-09 17:35:00,PCS-01,379.01644318768246,-6.665676717023753,26.884698418739248,0
2026-01-09 17:40:00,PCS-01,382.5384039027296,14.239892150988638,30.180482637529092,0
2026-01-09 17:45:00,PCS-01,381.2974585339265,-30.048983468472716,24.81520243064056,0
2026-01-09 17:50:00,PCS-01,380.85185187670163,-66.21173950701672,28.123726633903726,0
2026-01-09 17:55:00,PCS-01,379.09368365620344,63.79919421574883,25.00883491092953,0
2026-01-09 18:00:00,PCS-01,382.5089260402527,41.82814449255684,23.619887771503283,0
2026-01-09 18:05:00,PCS-01,381.8569878488275,51.50533009274048,26.267248632460863,0
2026-01-09 18:10:00,PCS-01,386.69210556651285,80.54573513925837,29.726190866466226,0
2026-01-09 18:15:00,PCS-01,384.2424113932756,16.817530349569854,29.844181440880753,0
2026-01-09 18:20:00,PCS-01,380.9769023806499,-81.68813696330307,29.82498601829297,0
2026-01-09 18:25:00,PCS-01,379.95728737572347,22.432284530378205,29.62366238739903,0
2026-01-09 18:30:00,PCS-01,378.2167567670927,-40.23757945365474,33.1795495050111,0
2026-01-09 18:35:00,PCS-01,381.52239647617984,-34.76003585154678,22.449788238270717,0
2026-01-09 18:40:00,PCS-01,381.40221072459525,13.106017092153657,28.492655766343546,0
2026-01-09 18:45:00,PCS-01,377.4932650951936,-31.83031482422937,31.740829596104046,0
2026-01-09 18:50:00,PCS-01,379.7925721984926,19.571832584997782,26.222390567103368,0
2026-01-09 18:55:00,PCS-01,380.21510951266134,-92.89501643138165,30.784859815576883,0
2026-01-09 19:00:00,PCS-01,379.105524523148,37.69030433631142,27.7560846504292,0
2026-01-09 19:05:00,PCS-01,378.92061652731655,-60.77261759509792,29.641815317817525,0
2026-01-09 19:10:00,PCS-01,382.84865781256707,10.45362520241781,29.05853771781178,0
2026-01-09 19:15:00,PCS-01,379.8027945856993,14.703479663560241,23.298989423069898,0
2026-01-09 19:20:00,PCS-01,384.21815842638745,-0.8736261843739124,27.04988857521999,0
2026-01-09 19:25:00,PCS-01,377.40659199017045,-12.084375376477375,32.41724745957414,0
2026-01-09 19:30:00,PCS-01,373.84089877772516,-58.20413214547642,27.379728458440642,0
2026-01-09 19:35:00,PCS-01,376.3240639356259,-61.63211347852975,28.319569483078133,0
2026-01-09 19:40:00,PCS-01,382.15423370887555,-16.527107778777467,29.4948623388309,0
2026-01-09 19:45:00,PCS-01,379.93918316610825,-19.95393784095372,26.162605070497477,0
2026-01-09 19:50:00,PCS-01,385.5234674733186,43.616392961641665,23.098598413105186,0
2026-01-09 19:55:00,PCS-01,381.40361184849604,38.34097683012958,25.716530273255493,0
2026-01-09 20:00:00,PCS-01,377.6216112210493,-17.404523179639288,32.66162829139599,0
2026-01-09 20:05:00,PCS-01,385.07079269449304,50.39514652287393,31.877719089368707,0
2026-01-09 20:10:00,PCS-01,383.82886313432044,-35.68725968217447,29.33619070322817,0
2026-01-09 20:15:00,PCS-01,381.8266830617377,20.850250328228988,30.650666917183507,0
2026-01-09 20:20:00,PCS-01,383.51534118209344,-3.0296226203196976,30.620731317433275,0
2026-01-09 20:25:00,PCS-01,380.7574195038829,8.457505654473598,26.88394094147087,0
2026-01-09 20:30:00,PCS-01,382.306083030829,-18.91284328811929,27.56606876229362,0
2026-01-09 20:35:00,PCS-01,382.49357481368196,13.226302477266426,27.601474672141215,0
2026-01-09 20:40:00,PCS-01,383.9880581652934,-50.42882488048092,23.298655505411777,0
2026-01-09 20:45:00,PCS-01,376.02452519094334,-43.32757338646434,24.592387948476507,0
2026-01-09 20:50:00,PCS-01,378.2757164362179,7.208637750996623,23.4381244301006,0
2026-01-09 20:55:00,PCS-01,385.2798221229259,-67.70996869900243,27.603239188327645,0
2026-01-09 21:00:00,PCS-01,375.99116753333476,-18.958531212165962,29.975170732669532,0
2026-01-09 21:05:00,PCS-01,380.06241579278725,-16.90538554832138,28.160095292501424,0
2026-01-09 21:10:00,PCS-01,378.48012283008103,51.5953691955314,31.271867506098157,0
2026-01-09 21:15:00,PCS-01,380.91409995578346,-6.09608659731202,32.65873780454445,0
2026-01-09 21:20:00,PCS-01,382.0623695694394,-12.146942798146716,26.934999912297194,0
2026-01-09 21:25:00,PCS-01,380.0048314615328,32.40316359513673,24.75565336791471,0
2026-01-09 21:30:00,PCS-01,380.3511521827438,14.851454736478722,26.70308714131775,0
2026-01-09 21:35:00,PCS-01,380.7535358414213,-15.519143439187053,25.099201368877566,0
2026-01-09 21:40:00,PCS-01,377.0817669442641,14.941910203868272,29.81739529889662,0
2026-01-09 21:45:00,PCS-01,380.97828763708105,-17.835351416810763,29.042722019901007,0
2026-01-09 21:50:00,PCS-01,380.67043680282364,60.234697129084445,30.784461785872455,0
2026-01-09 21:55:00,PCS-01,381.48613044495767,-52.030991125591,31.99594803801919,0
2026-01-09 22:00:00,PCS-01,379.60754839068187,-92.224353600023,29.634704488393705,0
2026-01-09 22:05:00,PCS-01,384.93121629711055,-2.350191865808711,25.57933388028436,0
2026-01-09 22:10:00,PCS-01,384.75099840500684,-30.721588194196634,26.13740043486287,0
2026-01-09 22:15:00,PCS-01,377.83181865210094,60.11955299669755,27.202187317075424,0
2026-01-09 22:20:00,PCS-01,379.7322849533368,-0.23202780391820846,30.798377047876503,0
2026-01-09 22:25:00,PCS-01,378.88253919429053,19.600461149673777,29.06986562839229,0
2026-01-09 22:30:00,PCS-01,383.29618127284283,-50.05088964938648,20.58945549582596,0
2026-01-09 22:35:00,PCS-01,375.53970977541934,-12.391808708668659,21.5227234352951,0
2026-01-09 22:40:00,PCS-01,383.9375868618091,43.642095180771214,28.49742837935758,0
2026-01-09 22:45:00,PCS-01,383.33774707086064,-27.493784572044934,26.155093390798953,0
2026-01-09 22:50:00,PCS-01,380.5393546143863,-18.993293748076624,24.1948078968739,0
2026-01-09 22:55:00,PCS-01,377.950308953862,-36.20122169054853,30.2784194305858,0
2026-01-09 23:00:00,PCS-01,383.0845467871587,17.15073852422668,33.340440324289425,0
2026-01-09 23:05:00,PCS-01,380.0664546063338,-85.16921384506084,32.820460391100205,0
2026-01-09 23:10:00,PCS-01,376.3744385677752,1.764738519552734,21.616969553219256,0
2026-01-09 23:15:00,PCS-01,382.79891546662964,-61.234506206541816,26.818965218283335,0
2026-01-09 23:20:00,PCS-01,381.43398584267396,25.756789342205337,27.556817824529556,0
2026-01-09 23:25:00,PCS-01,377.9085120817189,13.215785221564731,29.416996653536156,0
2026-01-09 23:30:00,PCS-01,383.290994462216,-9.703227908584045,30.179367809249058,0
2026-01-09 23:35:00,PCS-01,380.73413640072545,32.346473236696596,16.998693273652613,0
2026-01-09 23:40:00,PCS-01,374.26903813940754,52.33571785590618,24.902742616131935,0
2026-01-09 23:45:00,PCS-01,376.83120291134037,48.94707984930627,27.670709968857842,0
2026-01-09 23:50:00,PCS-01,386.74977426859596,8.363299532187611,29.433009182751807,0
2026-01-09 23:55:00,PCS-01,384.00753088817845,-16.40658982358268,29.517046496811908,0
2026-01-10 00:00:00,PCS-01,377.999615962524,-21.0105600719571,31.404450016016973,0
2026-01-10 00:05:00,PCS-01,378.09688467495664,-11.69961118316518,29.114632541989824,0
2026-01-10 00:10:00,PCS-01,381.3580145405104,-59.77950785687857,30.572361929948354,0
2026-01-10 00:15:00,PCS-01,377.2900388003107,-34.97730807906433,26.66193310887569,0
2026-01-10 00:20:00,PCS-01,380.5789273337328,-9.58601772353057,27.009447008411204,0
2026-01-10 00:25:00,PCS-01,383.37881576887423,-54.15020296724765,29.584395161277946,0
2026-01-10 00:30:00,PCS-01,379.9359430983417,2.4306626697957383,31.05268184916904,0
2026-01-10 00:35:00,PCS-01,383.0476784958472,-22.683743837824558,33.05176800655743,0
2026-01-10 00:40:00,PCS-01,379.9556336454672,-6.942041967389131,27.531188055446368,0
2026-01-10 00:45:00,PCS-01,382.3735072891773,48.38541176337435,28.252110844811757,0
2026-01-10 00:50:00,PCS-01,377.8758235785545,-10.728729951632667,26.85187345317015,0
2026-01-10 00:55:00,PCS-01,379.8306101165351,-46.605541166390125,28.44122118596727,0
2026-01-10 01:00:00,PCS-01,382.1726456880859,21.644996794698823,31.194457390396455,0
2026-01-10 01:05:00,PCS-01,378.87695898288314,-22.276944723859007,29.95915398188642,0
2026-01-10 01:10:00,PCS-01,383.404707729264,-40.973471349976606,27.658342057683452,0
2026-01-10 01:15:00,PCS-01,377.86319323009826,21.516304234851702,27.92480403872875,0
2026-01-10 01:20:00,PCS-01,373.38909446156265,5.042066144932806,27.804408074033528,0
2026-01-10 01:25:00,PCS-01,379.48345178294517,-38.84052969930606,24.892143580116464,0
2026-01-10 01:30:00,PCS-01,377.2705570716757,-54.93036038826812,26.595962173522114,0
2026-01-10 01:35:00,PCS-01,379.1653780394415,-18.926725950659947,28.76309199806178,0
2026-01-10 01:40:00,PCS-01,384.15329039745353,24.60842247089797,30.46924437366371,0
2026-01-10 01:45:00,PCS-01,387.6745966667417,-12.9643456306109,24.65977378443849,0
2026-01-10 01:50:00,PCS-01,381.76753446562833,-13.821153910461057,29.294788582946964,0
2026-01-10 01:55:00,PCS-01,376.54534184301855,-43.07630463431864,30.907948780949713,0
2026-01-10 02:00:00,PCS-01,374.1399901566995,8.37041984313144,30.189441505306807,0
2026-01-10 02:05:00,PCS-01,374.7293178912864,29.435187285485092,26.259426438433167,0
2026-01-10 02:10:00,PCS-01,377.1506642153569,47.74404571037684,33.249224483723495,0
2026-01-10 02:15:00,PCS-01,376.3632086223104,114.35275553967602,25.534291640927098,0
2026-01-10 02:20:00,PCS-01,383.5383188198161,6.534645494499612,25.425654145233423,0
2026-01-10 02:25:00,PCS-01,379.72211326846985,-4.116663053498398,29.553864929414672,0
2026-01-10 02:30:00,PCS-01,382.29017788037885,6.447673676012933,27.417537691716326,0
2026-01-10 02:35:00,PCS-01,382.1433010298545,-38.55260985180264,25.3768634222703,0
2026-01-10 02:40:00,PCS-01,378.84324481438136,-15.584540332959183,21.851269248251914,0
2026-01-10 02:45:00,PCS-01,382.75655178321705,2.8825471286706517,29.057820062956935,0
2026-01-10 02:50:00,PCS-01,376.47641824827525,8.319940094159076,25.778910592693517,0
2026-01-10 02:55:00,PCS-01,383.2414430530403,-20.97692380326391,26.633064137204574,0
2026-01-10 03:00:00,PCS-01,377.6744844263772,73.54928614328455,27.08478508143098,0
2026-01-10 03:05:00,PCS-01,380.83670776914005,-38.35944388986023,33.038845522579734,0
2026-01-10 03:10:00,PCS-01,374.6377053344849,-100.03612448539549,30.357257038040125,0
2026-01-10 03:15:00,PCS-01,381.6859016915378,8.570392006567177,26.633460790934343,0
2026-01-10 03:20:00,PCS-01,385.94675431485325,-55.96655962951243,31.57224733878309,0
2026-01-10 03:25:00,PCS-01,375.310352284055,23.460828588559725,29.706492517932453,0
2026-01-10 03:30:00,PCS-01,375.7209629270755,38.790816853422115,27.75904748941376,0
2026-01-10 03:35:00,PCS-01,378.90561040990065,72.67983185043302,37.26917333419136,0
2026-01-10 03:40:00,PCS-01,376.6869839745871,13.022642187011826,28.172103416963665,0
2026-01-10 03:45:00,PCS-01,377.85499436782493,-24.28539895709871,29.478395109078903,0
2026-01-10 03:50:00,PCS-01,375.59611963008155,-6.907158916293933,22.17390547954719,0
2026-01-10 03:55:00,PCS-01,377.8435013036786,4.090827300589288,29.07435320400727,0
2026-01-10 04:00:00,PCS-01,380.4212015270963,19.539404502011333,32.72979138402644,0
2026-01-10 04:05:00,PCS-01,379.83860945552743,-52.96303514232454,27.36219497156365,0
2026-01-10 04:10:00,PCS-01,379.5870915549403,33.28390807308371,30.296902904017834,0
2026-01-10 04:15:00,PCS-01,379.1223228254892,-11.51671253073945,25.57508372633965,0
2026-01-10 04:20:00,PCS-01,375.6936432324128,-44.761045487968225,29.06675284579849,0
2026-01-10 04:25:00,PCS-01,380.3644213576047,31.815624947266734,21.96220057090189,0
2026-01-10 04:30:00,PCS-01,376.74183977726494,-16.983666083231533,28.765920981559184,0
2026-01-10 04:35:00,PCS-01,381.1904821566683,8.149729181033074,32.74871164772399,0
2026-01-10 04:40:00,PCS-01,380.3485992242061,4.918044780863031,29.59163573838597,0
2026-01-10 04:45:00,PCS-01,373.6897911225895,-9.917100561955115,28.139148864944172,0
2026-01-10 04:50:00,PCS-01,384.8393501187928,-29.250876985258323,26.474376336122972,0
2026-01-10 04:55:00,PCS-01,382.1429510687118,-13.40156349269565,30.368413431160963,0
2026-01-10 05:00:00,PCS-01,379.78375362991335,-81.57294136078305,30.870509401356998,0
2026-01-10 05:05:00,PCS-01,380.84653056048074,-71.60663142472723,25.457354649166927,0
2026-01-10 05:10:00,PCS-01,378.90232927951456,10.926497957450396,34.322545849307396,0
2026-01-10 05:15:00,PCS-01,381.0115511237789,-52.30068330888749,25.795836604156246,0
2026-01-10 05:20:00,PCS-01,381.172396226738,48.62634341149011,26.307057698685753,0
2026-01-10 05:25:00,PCS-01,382.6994786290456,-22.642990740193266,26.374867839487756,0
2026-01-10 05:30:00,PCS-01,380.80425432779117,53.59362331087381,30.697094931084482,0
2026-01-10 05:35:00,PCS-01,379.1656211688152,-1.6649868797747323,32.30347611710495,0
2026-01-10 05:40:00,PCS-01,381.4244319774714,-3.458437236003466,28.169031304488655,0
2026-01-10 05:45:00,PCS-01,377.65177797918653,48.01141290663612,26.558506894652602,0
2026-01-10 05:50:00,PCS-01,379.9747850741607,1.5250668815321187,26.600622463031442,0
2026-01-10 05:55:00,PCS-01,378.20871033618374,39.131532218995304,31.87644575551219,0
2026-01-10 06:00:00,PCS-01,376.9801484170466,2.7811940809315754,26.20075523957546,0
2026-01-10 06:05:00,PCS-01,381.7266801261933,-71.76810753962212,29.696379609808364,0
2026-01-10 06:10:00,PCS-01,383.76103353598984,22.64580446989315,28.530103104260686,0
2026-01-10 06:15:00,PCS-01,380.26351138472813,14.910140388260139,26.899798476469222,0
2026-01-10 06:20:00,PCS-01,387.4213337478467,-8.659278204779614,32.58981161866588,0
2026-01-10 06:25:00,PCS-01,384.5025625736508,-20.88309534931852,27.77140011732701,0
2026-01-10 06:30:00,PCS-01,374.3954329345665,40.12532979117526,27.7388087261135,0
2026-01-10 06:35:00,PCS-01,383.0338906764188,39.63682090680183,27.17472409533544,0
2026-01-10 06:40:00,PCS-01,372.2323294361509,-39.26555784670582,35.330737848304395,0
2026-01-10 06:45:00,PCS-01,380.985445655919,-12.059261394864533,28.61457241239538,0
2026-01-10 06:50:00,PCS-01,382.3624916905618,-76.14285532820257,28.77483264702059,0
2026-01-10 06:55:00,PCS-01,378.6054751999132,30.63190471251625,27.145007856634116,0
2026-01-10 07:00:00,PCS-01,380.71326034384236,-50.68022707576331,24.907894869799755,0
2026-01-10 07:05:00,PCS-01,373.14672748650906,2.6247416709467912,26.11536404657979,0
2026-01-10 07:10:00,PCS-01,385.9174126552324,-26.46213827237059,25.37531951162926,0
2026-01-10 07:15:00,PCS-01,386.6320290082926,-37.994075951359825,23.590186547774557,0
2026-01-10 07:20:00,PCS-01,381.5533253740837,-36.19888947061758,27.272403557319706,0
2026-01-10 07:25:00,PCS-01,378.3397540390891,-54.14019959933215,26.118528534868872,0
2026-01-10 07:30:00,PCS-01,379.1008654171192,12.789478019129703,27.859083849327305,0
2026-01-10 07:35:00,PCS-01,380.5237750825943,35.871257049135636,27.549738039056972,0
2026-01-10 07:40:00,PCS-01,382.6685132136747,-35.32693076867691,23.993561140717734,0
2026-01-10 07:45:00,PCS-01,381.6711025984133,-76.75399834109923,31.080676124071537,0
2026-01-10 07:50:00,PCS-01,374.4127613063155,20.91294862689532,24.623177952095205,0
2026-01-10 07:55:00,PCS-01,376.4110921373779,-35.67783692359553,32.85632303056369,0
2026-01-10 08:00:00,PCS-01,378.53405030276514,-0.494069573548006,28.64626735318866,0
2026-01-10 08:05:00,PCS-01,379.3322753901576,17.565871170059033,31.813980860319116,0
2026-01-10 08:10:00,PCS-01,379.2178120850109,77.73495846664493,25.05585200941018,0
2026-01-10 08:15:00,PCS-01,383.41832940114244,53.5726121484112,29.63227498152273,0
2026-01-10 08:20:00,PCS-01,380.4672175608823,-36.94141241271527,24.846079633212707,0
2026-01-10 08:25:00,PCS-01,380.706713666554,30.547181975988728,31.50490231331146,0
2026-01-10 08:30:00,PCS-01,381.25699881461395,-1.779678190619346,29.92723736283259,0
2026-01-10 08:35:00,PCS-01,378.81935284664337,-42.60002730115032,22.692406944621233,0
2026-01-10 08:40:00,PCS-01,376.37006680073335,1.0680360008749967,31.664570445378494,0
2026-01-10 08:45:00,PCS-01,379.8419383425649,-10.064188300797749,24.709339239950218,0
2026-01-10 08:50:00,PCS-01,378.6079776329829,-37.30045789225392,34.97165764330239,0
2026-01-10 08:55:00,PCS-01,378.53127655831304,-90.73740977664313,29.60412649829009,0
2026-01-10 09:00:00,PCS-01,378.29793523767603,-13.218134134860978,21.748557935646293,0
2026-01-10 09:05:00,PCS-01,383.9047855223551,-25.102647416671793,30.262999263922982,0
2026-01-10 09:10:00,PCS-01,381.98531615695236,18.039281372145698,25.896360655908932,0
2026-01-10 09:15:00,PCS-01,381.1495687291615,-13.545915999701192,23.247053464523365,0
2026-01-10 09:20:00,PCS-01,374.4688999976574,-4.654023398516899,27.076530701099358,0
2026-01-10 09:25:00,PCS-01,381.13545190625086,-68.39611142793204,28.88765049687339,0
2026-01-10 09:30:00,PCS-01,377.5805657895526,21.60898037318386,31.212659262591163,0
2026-01-10 09:35:00,PCS-01,381.1569514937109,-14.943232587913899,30.77858790425022,0
2026-01-10 09:40:00,PCS-01,380.1569189892224,37.49731363972248,27.799681202546164,0
2026-01-10 09:45:00,PCS-01,374.8439765657502,46.32201631990032,25.655523498372162,0
2026-01-10 09:50:00,PCS-01,382.21316514813174,9.642598347397865,26.77485819600026,0
2026-01-10 09:55:00,PCS-01,376.13149350993046,15.375662957559662,30.026577022877127,0
2026-01-10 10:00:00,PCS-01,382.59225289078967,2.923567915010285,29.792105374157984,0
2026-01-10 10:05:00,PCS-01,376.0879940996557,-21.987098695454414,31.918089332404335,0
2026-01-10 10:10:00,PCS-01,379.55302332024127,67.15704216605467,25.69357652459049,0
2026-01-10 10:15:00,PCS-01,378.6335465401915,-86.96514670716141,29.57923449878487,0
2026-01-10 10:20:00,PCS-01,379.02186116934286,45.66108074088244,30.651202254188657,0
2026-01-10 10:25:00,PCS-01,381.3498707374497,28.850796800215257,25.30106761215178,0
2026-01-10 10:30:00,PCS-01,379.48900287622513,-22.320071806243895,30.60466579309286,0
2026-01-10 10:35:00,PCS-01,381.5743001269359,-19.215461260892816,27.709935740365008,0
2026-01-10 10:40:00,PCS-01,383.01371697221253,68.41545363756072,27.671453856539568,0
2026-01-10 10:45:00,PCS-01,375.44414168495763,71.10886113905647,25.843233543698148,0
2026-01-10 10:50:00,PCS-01,384.92809936508036,18.39449734640876,29.32654734008235,0
2026-01-10 10:55:00,PCS-01,381.1022122275241,-38.5536962649794,27.22337298954544,0
2026-01-10 11:00:00,PCS-01,380.78243319292676,-9.723527511104246,28.747739184096687,0
2026-01-10 11:05:00,PCS-01,380.2992381728357,-27.91221998377955,25.552248925083457,0
2026-01-10 11:10:00,PCS-01,377.62431629475554,21.812350492029427,23.46189053575967,0
2026-01-10 11:15:00,PCS-01,378.4465707009396,38.86476145109141,25.118599472079946,0
2026-01-10 11:20:00,PCS-01,382.4431532911654,-4.2396801677753135,23.558012680761053,0
2026-01-10 11:25:00,PCS-01,376.89515795629717,-4.318274767878711,25.39212020409696,0
2026-01-10 11:30:00,PCS-01,376.2547459062421,12.511396476004023,30.123563478488773,0
2026-01-10 11:35:00,PCS-01,384.8177183874457,16.998518377164743,26.724597051773852,0
2026-01-10 11:40:00,PCS-01,381.76105923428315,-63.638079929371536,23.664540581638228,0
2026-01-10 11:45:00,PCS-01,377.1804467154008,3.352175173426578,26.98942477154023,0
2026-01-10 11:50:00,PCS-01,386.50938433397124,-35.534540106237216,27.123263255710118,0
2026-01-10 11:55:00,PCS-01,381.936717252481,-27.54256459295481,21.18471820199951,0
2026-01-10 12:00:00,PCS-01,380.8021996825414,-102.67664832717426,28.388355667145362,0
2026-01-10 12:05:00,PCS-01,379.9313144595981,32.15962018463669,31.543871386861724,0
2026-01-10 12:10:00,PCS-01,378.6005258963465,27.272119289880145,23.660668689928723,0
2026-01-10 12:15:00,PCS-01,379.0775168886044,-20.01975086830766,27.604819718249463,0
2026-01-10 12:20:00,PCS-01,373.0568968631388,71.21515045177232,26.315159859811676,0
2026-01-10 12:25:00,PCS-01,383.10444201417926,-6.427774288891919,20.20669615094063,0
2026-01-10 12:30:00,PCS-01,381.84575196363716,7.829393878945334,27.39053429971275,0
2026-01-10 12:35:00,PCS-01,384.3642091958073,16.115442741785465,26.79106076309832,0
2026-01-10 12:40:00,PCS-01,378.3430583790339,-61.132494491574654,29.061633403578643,0
2026-01-10 12:45:00,PCS-01,379.3842267177936,57.37418934120511,23.98039335283946,0
2026-01-10 12:50:00,PCS-01,385.1729409548216,-72.1801122897915,29.745143709661384,0
2026-01-10 12:55:00,PCS-01,376.1604481465745,-5.553910034224724,29.179704339802807,0
2026-01-10 13:00:00,PCS-01,375.8530484055591,-27.84902138266778,24.620236228614605,0
2026-01-10 13:05:00,PCS-01,375.1513540745842,57.43438315877953,31.50513172460641,0
2026-01-10 13:10:00,PCS-01,379.43000623222133,-5.951195764551914,26.27262127891221,0
2026-01-10 13:15:00,PCS-01,375.6218048005111,-23.83791154478712,21.694645099561185,0
2026-01-10 13:20:00,PCS-01,381.2286804796398,-23.75485815151642,22.497825299160798,0
2026-01-10 13:25:00,PCS-01,380.20330592164555,19.702795789173845,26.59552876621003,0
2026-01-10 13:30:00,PCS-01,380.1562224265725,-40.79988533005306,29.27501963226248,0
2026-01-10 13:35:00,PCS-01,382.3140607545399,-5.604302767490818,30.892619826996967,0
2026-01-10 13:40:00,PCS-01,377.3947093219049,73.70324755755382,27.498755688200553,0
2026-01-10 13:45:00,PCS-01,380.96452055705134,18.127886570689633,29.600703046113832,0
2026-01-10 13:50:00,PCS-01,378.83900433485763,25.107399530731534,32.45744546066379,0
2026-01-10 13:55:00,PCS-01,381.73932093062496,1.354197320370742,33.04447697655929,0
2026-01-10 14:00:00,PCS-01,382.63064262719575,-19.298510680861117,30.732006436075867,0
2026-01-10 14:05:00,PCS-01,377.5093236074901,39.326584599477556,26.50613327438158,0
2026-01-10 14:10:00,PCS-01,379.62349223004304,17.847457631346927,29.39906592911199,0
2026-01-10 14:15:00,PCS-01,376.8076644951238,-18.666138029555093,28.562292492868092,0
2026-01-10 14:20:00,PCS-01,381.7534194239594,42.70768123222338,28.842441019181777,0
2026-01-10 14:25:00,PCS-01,380.9088267021595,-5.015653776092114,21.094309156341545,0
2026-01-10 14:30:00,PCS-01,381.30623026203875,63.881005145430514,21.11242385909082,0
2026-01-10 14:35:00,PCS-01,383.9302323167276,-1.6220867792628222,27.957615170432852,0
2026-01-10 14:40:00,PCS-01,380.125563085888,33.190086082361134,29.248369087438256,0
2026-01-10 14:45:00,PCS-01,380.6069543457103,58.32748746495823,30.747044082568028,0
2026-01-10 14:50:00,PCS-01,380.7163211042445,55.93016100208978,27.445955956802237,0
2026-01-10 14:55:00,PCS-01,379.1638693055926,-30.86620020233148,24.239084194024446,0
2026-01-10 15:00:00,PCS-01,387.55805791854004,22.20589088594368,28.351119597358192,0
2026-01-10 15:05:00,PCS-01,383.26306383651206,-8.205451537960645,28.759375628003514,0
2026-01-10 15:10:00,PCS-01,381.4808076397305,-12.253369324491405,31.73073948400194,0
2026-01-10 15:15:00,PCS-01,377.4269829768315,19.373969761613107,30.568938961022027,0
2026-01-10 15:20:00,PCS-01,382.8002969923132,27.519482548877168,29.798803485274096,0
2026-01-10 15:25:00,PCS-01,377.1879750499587,-83.04335540877852,28.180734692189265,0
2026-01-10 15:30:00,PCS-01,384.3659656101977,-10.906477428758867,31.598426543143702,0
2026-01-10 15:35:00,PCS-01,380.3845138389657,84.20369890351317,25.85931952229243,0
2026-01-10 15:40:00,PCS-01,379.001645639728,-10.897573367530974,22.55713258985425,0
2026-01-10 15:45:00,PCS-01,383.29906145988764,-23.592872703484904,27.67342315143713,0
2026-01-10 15:50:00,PCS-01,378.4640881576548,-79.17095266070808,26.880016720583793,0
2026-01-10 15:55:00,PCS-01,373.26885514959463,-53.94342523470172,32.60604098462201,0
2026-01-10 16:00:00,PCS-01,382.6610443921176,2.4486379233388376,30.875666187554657,0
2026-01-10 16:05:00,PCS-01,386.1886825013017,13.959487802900162,25.279070949778923,0
2026-01-10 16:10:00,PCS-01,381.74029490801416,-14.732720193719498,29.32341138041445,0
2026-01-10 16:15:00,PCS-01,383.17325251222866,-53.586969946596156,28.55594027090813,0
2026-01-10 16:20:00,PCS-01,375.7444082039935,-42.58286847902103,29.29263911169809,0
2026-01-10 16:25:00,PCS-01,381.47961227177086,57.83183476982407,28.327578775333148,0
2026-01-10 16:30:00,PCS-01,379.51115185549975,-73.77236130311005,31.573195884457093,0
2026-01-10 16:35:00,PCS-01,375.38826983555464,-12.152602497066765,30.49083350371433,0
2026-01-10 16:40:00,PCS-01,380.3848960564605,97.1910658554344,27.98471820617538,0
2026-01-10 16:45:00,PCS-01,384.5508319176257,-47.756002133972075,26.318404507610673,0
2026-01-10 16:50:00,PCS-01,379.57638850345216,-51.08189009554504,31.11685753052548,0
2026-01-10 16:55:00,PCS-01,379.44143154906754,0.7239114137383349,28.87198141505875,0
2026-01-10 17:00:00,PCS-01,380.6454940877437,-21.020832632851885,29.268089622366418,0
2026-01-10 17:05:00,PCS-01,384.60356813009446,67.22154790319267,28.663950158493115,0
2026-01-10 17:10:00,PCS-01,379.0353741150062,21.525599848459535,32.33783905952181,0
2026-01-10 17:15:00,PCS-01,378.6704242481379,29.959388254328164,30.218144606489382,0
2026-01-10 17:20:00,PCS-01,384.1632390770731,-1.1801451130807448,22.002180155353297,0
2026-01-10 17:25:00,PCS-01,383.7124018509727,16.889333606872018,31.903128981463833,0
2026-01-10 17:30:00,PCS-01,376.13868881340403,28.9768790247783,28.205547562389807,0
2026-01-10 17:35:00,PCS-01,378.6268073179735,-16.620284312835075,33.757979487222684,0
2026-01-10 17:40:00,PCS-01,380.68294791041467,-59.76578317816622,26.672256460203368,0
2026-01-10 17:45:00,PCS-01,378.1005428405978,-44.807336925642986,31.825006362044594,0
2026-01-10 17:50:00,PCS-01,381.2866459897189,-53.129402088542236,26.43475404655949,0
2026-01-10 17:55:00,PCS-01,378.93972933169135,-0.2907610605596332,29.757113688893487,0
2026-01-10 18:00:00,PCS-01,383.8915196220178,-35.45348830505471,29.897207493719428,0
2026-01-10 18:05:00,PCS-01,375.4089912004069,-38.73791422340995,32.427032508026116,0
2026-01-10 18:10:00,PCS-01,371.2575891693661,53.09289347188646,27.545387690475643,0
2026-01-10 18:15:00,PCS-01,380.852769178781,1.9323756585073864,27.866185831909156,0
2026-01-10 18:20:00,PCS-01,377.33790898357466,-84.68090130883184,25.611994030779528,0
2026-01-10 18:25:00,PCS-01,372.83591397942024,-16.9144869626983,33.49423055024519,0
2026-01-10 18:30:00,PCS-01,378.99052787653324,73.81853085936378,32.954186668557334,0
2026-01-10 18:35:00,PCS-01,376.5131278505629,-79.09251816784038,30.50535459064153,0
2026-01-10 18:40:00,PCS-01,380.81602375623527,-17.21464981183057,25.228190683579584,0
2026-01-10 18:45:00,PCS-01,377.9566789790358,17.50285152912845,29.63075938767499,0
2026-01-10 18:50:00,PCS-01,378.44537825621785,-50.06739005619338,28.107971009468656,0
2026-01-10 18:55:00,PCS-01,374.5239915976582,119.65654520866849,27.206672589629168,0
2026-01-10 19:00:00,PCS-01,379.7018031221195,-0.6315339135014758,28.43141541385856,0
2026-01-10 19:05:00,PCS-01,382.86828235983626,-0.5732405571841979,30.049413767518327,0
2026-01-10 19:10:00,PCS-01,378.9377800988831,40.56170040071247,26.06258370246012,0
2026-01-10 19:15:00,PCS-01,385.78232049209987,-42.701914421456884,31.861699157786134,0
2026-01-10 19:20:00,PCS-01,379.403703200933,32.03953526491198,31.613470399542166,0
2026-01-10 19:25:00,PCS-01,380.92890855550814,68.88422731252805,32.35880027132815,0
2026-01-10 19:30:00,PCS-01,386.6243651077106,59.27725920676985,30.11492142113244,0
2026-01-10 19:35:00,PCS-01,375.05363750592005,-38.33277935982787,22.696094922538126,0
2026-01-10 19:40:00,PCS-01,380.035546529732,5.025615390403226,24.82288513154212,0
2026-01-10 19:45:00,PCS-01,382.4351230962487,46.59205289008125,33.417501148418694,0
2026-01-10 19:50:00,PCS-01,382.94905967994345,24.13472404443081,28.56985265231818,0
2026-01-10 19:55:00,PCS-01,378.36003410100443,13.857154086096601,25.632541278829983,0
2026-01-10 20:00:00,PCS-01,380.72798639553804,-16.544560625533467,26.63649752515953,0
2026-01-10 20:05:00,PCS-01,377.18161389342765,-6.7982996366408805,30.316964332027077,0
2026-01-10 20:10:00,PCS-01,379.947716321508,-35.59038504538636,22.334537976919094,0
2026-01-10 20:15:00,PCS-01,381.231863542436,24.010136897948566,26.415713926086404,0
2026-01-10 20:20:00,PCS-01,379.58112837753475,-27.654620581286817,29.549167238357875,0
2026-01-10 20:25:00,PCS-01,377.55821516804343,13.16760479601328,29.159718142752478,0
2026-01-10 20:30:00,PCS-01,380.51574960571827,83.36792221462561,30.106446322200288,0
2026-01-10 20:35:00,PCS-01,381.79578042163047,-83.26903150697531,30.52815918257423,0
2026-01-10 20:40:00,PCS-01,379.10601731546194,31.2537919519769,32.537893190287804,0
2026-01-10 20:45:00,PCS-01,378.7635967924069,7.526331354312652,26.08240876235812,0
2026-01-10 20:50:00,PCS-01,376.7586916297063,54.33322939951819,25.22266239966533,0
2026-01-10 20:55:00,PCS-01,376.21970129255834,11.520787321068418,25.564239866990846,0
2026-01-10 21:00:00,PCS-01,383.227702158359,38.51383864639962,24.066747477385583,0
2026-01-10 21:05:00,PCS-01,381.9401184177159,-70.73761718194072,22.419361671222102,0
2026-01-10 21:10:00,PCS-01,382.19086749534057,71.39042760363274,29.245316243478985,0
2026-01-10 21:15:00,PCS-01,379.27198955875105,-7.695006032230404,26.95176799158443,0
2026-01-10 21:20:00,PCS-01,375.5396974812113,-53.001125162332684,23.2129891401271,0
2026-01-10 21:25:00,PCS-01,379.11150301238905,36.686858618283566,30.035436749255176,0
2026-01-10 21:30:00,PCS-01,380.716019878339,87.9200548122826,25.43019497494153,0
2026-01-10 21:35:00,PCS-01,381.94251329246816,-43.10638670466791,25.33626460300858,0
2026-01-10 21:40:00,PCS-01,378.5227195500116,-21.49285374924262,25.353511820920446,0
2026-01-10 21:45:00,PCS-01,380.5786868868239,81.87879448831112,29.46081607592662,0
2026-01-10 21:50:00,PCS-01,383.7368096977469,-9.592153911844209,28.473602209386975,0
2026-01-10 21:55:00,PCS-01,379.26200128917606,33.78474034944347,25.45560098207756,0
2026-01-10 22:00:00,PCS-01,385.3690256532384,0.5843190257118802,23.956143496922287,0
2026-01-10 22:05:00,PCS-01,379.61243822667024,26.411728858774076,28.016655138729927,0
2026-01-10 22:10:00,PCS-01,381.04793786926837,51.118862856272926,27.046491001684313,0
2026-01-10 22:15:00,PCS-01,379.7076417782614,-4.7757091232052105,33.29260771319088,0
2026-01-10 22:20:00,PCS-01,389.5446438530815,-38.599978140617,25.73791798743401,0
2026-01-10 22:25:00,PCS-01,378.0766262892216,-76.88540608527772,22.9949299784644,0
2026-01-10 22:30:00,PCS-01,377.2579782950138,6.821282796084608,20.89033196120097,0
2026-01-10 22:35:00,PCS-01,375.85195993774227,112.84294438203504,29.557924088263018,0
2026-01-10 22:40:00,PCS-01,374.8317621297274,6.333951964339104,22.573874732605415,0
2026-01-10 22:45:00,PCS-01,381.5414893891257,-28.091460448265913,24.22235864578673,0
2026-01-10 22:50:00,PCS-01,375.03884647591576,-37.29465527807792,30.970015817881357,0
2026-01-10 22:55:00,PCS-01,378.76197470320477,52.130664054433176,23.799346525779917,0
2026-01-10 23:00:00,PCS-01,378.73159304182724,38.04822746926219,30.872314274251792,0
2026-01-10 23:05:00,PCS-01,378.68291425816966,26.77407006413304,22.73027523440823,0
2026-01-10 23:10:00,PCS-01,384.0220130555115,13.19658922995259,31.740071567848762,0
2026-01-10 23:15:00,PCS-01,383.0622215336593,60.4924096570759,25.723705154038445,0
2026-01-10 23:20:00,PCS-01,379.780057334224,-44.781458699734486,26.09468604753593,0
2026-01-10 23:25:00,PCS-01,383.3932756642418,19.13856938256122,28.383869751700963,0
2026-01-10 23:30:00,PCS-01,381.60147035991696,-53.74142143999638,31.052832081030413,0
2026-01-10 23:35:00,PCS-01,382.806549182404,55.28241545819547,24.942534028815363,0
2026-01-10 23:40:00,PCS-01,381.1588068396962,105.86868549039393,31.80183480084368,0
2026-01-10 23:45:00,PCS-01,378.74717740737225,-1.2512163427902374,28.648166676033878,0
2026-01-10 23:50:00,PCS-01,376.1775125177598,16.964081247725836,28.43033575679029,0
2026-01-10 23:55:00,PCS-01,381.4938595394001,-4.3369905249512435,23.85578228594589,0
2026-01-11 00:00:00,PCS-01,374.39875157362053,-18.501216046690597,27.438606694286545,0
2026-01-11 00:05:00,PCS-01,378.41965584339357,45.01494567556086,26.92082263513922,0
2026-01-11 00:10:00,PCS-01,381.3971468705838,-12.098967060835033,32.072392554203645,0
2026-01-11 00:15:00,PCS-01,376.92681998621555,63.70455007156728,27.263100337935253,0
2026-01-11 00:20:00,PCS-01,375.9026320842679,-74.28146082101348,26.295218328380752,0
2026-01-11 00:25:00,PCS-01,378.1287666086191,24.782887605242895,31.397390662417205,0
2026-01-11 00:30:00,PCS-01,383.8599588601431,-19.04510689148835,23.233693864182065,0
2026-01-11 00:35:00,PCS-01,377.90411027797876,20.58646325263738,25.036681891239073,0
2026-01-11 00:40:00,PCS-01,380.2227587857953,35.930974700838945,29.717237969385916,0
2026-01-11 00:45:00,PCS-01,382.92770180015555,-23.94490060380582,27.611766142475282,0
2026-01-11 00:50:00,PCS-01,386.97070281097604,17.662761406839586,31.267224646016224,0
2026-01-11 00:55:00,PCS-01,374.1883283893488,-22.081803187979524,29.058578555150824,0
2026-01-11 01:00:00,PCS-01,381.9924051404519,-18.677727604781417,26.720681653673164,0
2026-01-11 01:05:00,PCS-01,380.02990494351684,-4.934492088834423,28.486963383110943,0
2026-01-11 01:10:00,PCS-01,382.1576110849668,-20.95215130999862,27.04786546856432,0
2026-01-11 01:15:00,PCS-01,381.06805272025565,-0.31047063516148377,28.233990562161097,0
2026-01-11 01:20:00,PCS-01,372.29339976513376,-39.54249361271296,26.876092196199956,0
2026-01-11 01:25:00,PCS-01,380.1843029382635,-20.783858385387166,28.12965663567511,0
2026-01-11 01:30:00,PCS-01,372.9325119423066,-14.287530850520032,24.195134491488684,0
2026-01-11 01:35:00,PCS-01,380.08284277111756,66.16626579511323,30.303881791626374,0
2026-01-11 01:40:00,PCS-01,384.37526780050064,23.209469120725394,28.836021279344926,0
2026-01-11 01:45:00,PCS-01,380.29716176393464,-25.600388770403562,27.325696577140878,0
2026-01-11 01:50:00,PCS-01,375.86290616045346,7.16062485241428,31.001836583613827,0
2026-01-11 01:55:00,PCS-01,379.45320105289983,-19.93831963288312,32.3345742118928,0
2026-01-11 02:00:00,PCS-01,376.64460958534943,55.990148584178,28.786583064579474,0
2026-01-11 02:05:00,PCS-01,378.07443054168135,-41.73835853929986,32.046422481357446,0
2026-01-11 02:10:00,PCS-01,385.7245423510689,-3.5268842398382043,28.822848326998237,0
2026-01-11 02:15:00,PCS-01,373.94728806473006,20.45654539334759,26.501642517453575,0
2026-01-11 02:20:00,PCS-01,382.71167678166995,42.801133078292246,29.563522201099143,0
2026-01-11 02:25:00,PCS-01,377.6338577106609,17.306704441513155,25.764809990911832,0
2026-01-11 02:30:00,PCS-01,383.66229402892856,12.810245666872447,28.727588463952223,0
2026-01-11 02:35:00,PCS-01,379.20508343500944,-39.40939430782153,25.822120154804765,0
2026-01-11 02:40:00,PCS-01,380.4573764337512,-8.343635004235555,26.19685062354477,0
2026-01-11 02:45:00,PCS-01,384.8852297452132,174.6076190750338,26.509006700826884,0
2026-01-11 02:50:00,PCS-01,383.6463061627929,36.512521561066656,30.499753918629462,0
2026-01-11 02:55:00,PCS-01,381.4471373222547,-99.10766812930461,23.738276780893305,0
2026-01-11 03:00:00,PCS-01,373.5768996267347,38.18827533912942,23.170883864372534,0
2026-01-11 03:05:00,PCS-01,378.38465559987407,10.54430565903947,31.577909428254404,0
2026-01-11 03:10:00,PCS-01,377.30159248225294,64.35576145196958,34.00111948574076,0
2026-01-11 03:15:00,PCS-01,385.9822448153915,-14.376684621375444,21.9131698872802,0
2026-01-11 03:20:00,PCS-01,382.94148660098216,68.81223764162434,31.06701035576302,0
2026-01-11 03:25:00,PCS-01,378.83135565169624,37.131465854497485,29.325997397810198,0
2026-01-11 03:30:00,PCS-01,379.1716753779553,4.648812336922112,28.972554786629185,0
2026-01-11 03:35:00,PCS-01,381.0340226740827,23.571891671217898,26.85961239266969,0
2026-01-11 03:40:00,PCS-01,381.3441207431898,-25.19637287730973,26.120423678646084,0
2026-01-11 03:45:00,PCS-01,377.3287072053982,15.638940399724353,30.349602932986517,0
2026-01-11 03:50:00,PCS-01,382.69226256565446,-44.53893333592109,26.98369943105046,0
2026-01-11 03:55:00,PCS-01,383.0120916520868,13.112830601009772,24.111599919520692,0
2026-01-11 04:00:00,PCS-01,381.53782639851056,8.784502205178427,22.835862359015483,0
2026-01-11 04:05:00,PCS-01,375.4232161134495,-10.201317964073603,25.872305655859883,0
2026-01-11 04:10:00,PCS-01,378.39283718968056,-4.909631203924768,32.57972733936367,0
2026-01-11 04:15:00,PCS-01,380.6926721720843,0.13407944193599136,28.821770184980586,0
2026-01-11 04:20:00,PCS-01,378.71514572841187,-23.022029852577106,29.765598646607504,0
2026-01-11 04:25:00,PCS-01,378.59129924122556,17.33440450376882,28.539900196222582,0
2026-01-11 04:30:00,PCS-01,379.70279646771985,48.47107651712331,28.44065757059934,0
2026-01-11 04:35:00,PCS-01,384.47829979327315,8.927092699527961,29.425657343273777,0
2026-01-11 04:40:00,PCS-01,373.97571352763464,36.31629776351907,27.00646831832268,0
2026-01-11 04:45:00,PCS-01,376.3632048540243,-48.69968823067186,23.407294281533776,0
2026-01-11 04:50:00,PCS-01,381.30644111362005,-9.7329878753834,23.4193305828794,0
2026-01-11 04:55:00,PCS-01,378.78222786578715,97.46499081603943,28.589067279293864,0
2026-01-11 05:00:00,PCS-01,385.08248359313774,62.04995838334733,32.274105939831,0
2026-01-11 05:05:00,PCS-01,380.3364473729894,-52.37810464773105,28.135828350147598,0
2026-01-11 05:10:00,PCS-01,382.9705727465614,-18.895882542101525,22.393617706706,0
2026-01-11 05:15:00,PCS-01,382.8369940781326,39.73216078533314,28.17042812102808,0
2026-01-11 05:20:00,PCS-01,377.4799048881423,-2.817489183459651,24.773985306887656,0
2026-01-11 05:25:00,PCS-01,379.90036604755574,-22.372410384688834,31.592909973182177,0
2026-01-11 05:30:00,PCS-01,379.3805250346522,32.92652325737214,23.72061235325777,0
2026-01-11 05:35:00,PCS-01,375.8238775485375,-29.480149142615023,30.759028928193715,0
2026-01-11 05:40:00,PCS-01,380.1141457848086,46.13462438873805,28.206010801645245,0
2026-01-11 05:45:00,PCS-01,380.6540447732711,-67.13002074481493,33.87603667046338,0
2026-01-11 05:50:00,PCS-01,379.1807696449202,22.90654661412117,30.354234543319237,0
2026-01-11 05:55:00,PCS-01,379.09798437130627,60.252438966345565,29.972591367749608,0
2026-01-11 06:00:00,PCS-01,381.3908259923392,41.95556749152942,24.534589623152907,0
2026-01-11 06:05:00,PCS-01,379.3427895889835,-23.437361417433916,26.49781717610222,0
2026-01-11 06:10:00,PCS-01,380.7204339639024,-41.62053555911061,25.67264341192037,0
2026-01-11 06:15:00,PCS-01,380.4525042890447,13.496609878260728,32.46353578367925,0
2026-01-11 06:20:00,PCS-01,378.01195968976236,-59.45189334947885,30.15591274269411,0
2026-01-11 06:25:00,PCS-01,380.4081968035071,-12.619492438010042,23.528593124609504,0
2026-01-11 06:30:00,PCS-01,380.7323335548483,2.3335236139213675,25.872295367911867,0
2026-01-11 06:35:00,PCS-01,379.6716091907163,-35.62524748380673,27.283364765094156,0
2026-01-11 06:40:00,PCS-01,380.1283725641038,-11.048516917793144,24.92464205173908,0
2026-01-11 06:45:00,PCS-01,377.34207484987587,23.650445653138917,30.30798431301912,0
2026-01-11 06:50:00,PCS-01,384.27380400499146,46.28383365201358,29.799774720158435,0
2026-01-11 06:55:00,PCS-01,380.89708609153655,21.854319764913804,27.54855570231988,0
2026-01-11 07:00:00,PCS-01,381.415600276329,-2.80213995460056,26.361653696489245,0
2026-01-11 07:05:00,PCS-01,382.98412431099075,-80.17971681799041,22.81039942252973,0
2026-01-11 07:10:00,PCS-01,381.0101114088166,-32.72385169226704,29.13343407834554,0
2026-01-11 07:15:00,PCS-01,380.6239051957502,24.568545521159667,28.355477834820725,0
2026-01-11 07:20:00,PCS-01,381.61196415187715,-14.878773452391664,33.144453902818654,0
2026-01-11 07:25:00,PCS-01,373.145333342179,3.863852339289627,25.444685485924815,0
2026-01-11 07:30:00,PCS-01,379.62678259894534,-25.169124251429306,28.55293105428218,0
2026-01-11 07:35:00,PCS-01,380.7772478742478,10.259136088447576,25.696955961382105,0
2026-01-11 07:40:00,PCS-01,376.46097314965147,-60.717146731605844,20.915136072884586,0
2026-01-11 07:45:00,PCS-01,377.326910476988,-36.59137580281899,33.91691849662742,0
2026-01-11 07:50:00,PCS-01,383.10658926372133,79.24006313424704,26.474331549667358,0
2026-01-11 07:55:00,PCS-01,378.86741417931137,-41.75127507674801,29.83580163122096,0
2026-01-11 08:00:00,PCS-01,378.60994741536,-30.21255351814429,27.000385352635067,0
2026-01-11 08:05:00,PCS-01,385.3129755995574,-63.73474660192307,29.203566348232133,0
2026-01-11 08:10:00,PCS-01,379.8172606085772,-19.28670608490131,29.31610349733993,0
2026-01-11 08:15:00,PCS-01,383.4251448400479,-28.023054234293223,27.673638592397637,0
2026-01-11 08:20:00,PCS-01,383.9378116007881,14.513911885212325,29.902457903359643,0
2026-01-11 08:25:00,PCS-01,383.3290808002103,-4.193271713460408,25.19405229571454,0
2026-01-11 08:30:00,PCS-01,377.61265563749225,-47.78465410618125,33.55849768124845,0
2026-01-11 08:35:00,PCS-01,379.09082357896403,75.36720421372816,26.654399172660227,0
2026-01-11 08:40:00,PCS-01,379.9566065757849,21.215563055739214,28.02045362037145,0
2026-01-11 08:45:00,PCS-01,385.5246537762928,-2.3164180933545793,29.727952438228602,0
2026-01-11 08:50:00,PCS-01,377.2201573594268,-11.701292971718287,26.046671764044355,0
2026-01-11 08:55:00,PCS-01,382.76734205501765,-11.82984838012841,29.42916787514206,0
2026-01-11 09:00:00,PCS-01,382.8244467554525,-23.83944148223307,29.864825948996796,0
2026-01-11 09:05:00,PCS-01,374.4744696839715,-20.527327865794746,25.149340689871533,0
2026-01-11 09:10:00,PCS-01,380.06063692375056,22.39314443343079,26.090201655261467,0
2026-01-11 09:15:00,PCS-01,381.2715017222361,-46.24752612989706,30.405035002500497,0
2026-01-11 09:20:00,PCS-01,380.88624960669694,31.56782363963178,30.479521577049905,0
2026-01-11 09:25:00,PCS-01,385.72165263450177,17.016713818376303,28.272341226956947,0
2026-01-11 09:30:00,PCS-01,382.4306543967029,-1.8320838365788392,29.073685144873515,0
2026-01-11 09:35:00,PCS-01,377.078222054391,27.14728018220263,23.439066678771052,0
2026-01-11 09:40:00,PCS-01,373.52841123776363,-21.63068962152552,28.441495927650454,0
2026-01-11 09:45:00,PCS-01,379.1131386518432,18.67222123761596,31.177390369180394,0
2026-01-11 09:50:00,PCS-01,379.3697620598825,-9.606441667579773,24.734505515706555,0
2026-01-11 09:55:00,PCS-01,376.3260143848174,13.465804608562413,31.518540858986974,0
2026-01-11 10:00:00,PCS-01,383.0040694011094,4.799266854521217,28.10337720141615,0
2026-01-11 10:05:00,PCS-01,385.3622186406694,-57.07353235572577,25.861398151141024,0
2026-01-11 10:10:00,PCS-01,376.7947441227471,30.72735255947899,26.65375288470622,0
2026-01-11 10:15:00,PCS-01,380.6752958547332,27.907747804480536,27.678745661203223,0
2026-01-11 10:20:00,PCS-01,381.54211345828145,-68.00511622892267,25.025500371561492,0
2026-01-11 10:25:00,PCS-01,374.55428451461125,-61.223327463464514,33.91120970158788,0
2026-01-11 10:30:00,PCS-01,382.26833078876365,15.578836887313123,25.773938965621934,0
2026-01-11 10:35:00,PCS-01,374.6267304393885,-70.17876789386541,26.23090987986796,0
2026-01-11 10:40:00,PCS-01,376.2521672266676,53.81542893153458,26.600364645610494,0
2026-01-11 10:45:00,PCS-01,380.37155749764565,33.27056087053671,26.54342208216861,0
2026-01-11 10:50:00,PCS-01,379.1703494938225,18.66124756109071,31.397027713827743,0
2026-01-11 10:55:00,PCS-01,382.9173042919578,-5.343221184982666,26.277345930820683,0
2026-01-11 11:00:00,PCS-01,379.9637377701721,19.749634518961628,26.363269360758476,0
2026-01-11 11:05:00,PCS-01,382.5853795834552,-23.438842936144816,30.208740053646427,0
2026-01-11 11:10:00,PCS-01,381.6149655713899,-32.74244294230186,28.94353387460282,0
2026-01-11 11:15:00,PCS-01,382.3363733183534,-61.56884221652739,25.463143009284444,0
2026-01-11 11:20:00,PCS-01,380.67076055008954,12.540143109672757,29.998900087879306,0
2026-01-11 11:25:00,PCS-01,375.1879746939528,-57.31314961636567,30.553984545935105,0
2026-01-11 11:30:00,PCS-01,382.2703178750101,30.829775480167704,28.971279088085815,0
2026-01-11 11:35:00,PCS-01,381.25765850897733,20.87157213992453,28.833832946958662,0
2026-01-11 11:40:00,PCS-01,383.0424573165678,-56.17475779761823,31.519072830998873,0
2026-01-11 11:45:00,PCS-01,382.0250675410403,1.6614532458063693,25.73395852648119,0
2026-01-11 11:50:00,PCS-01,373.9649456438994,-4.533228305026732,31.278091109039934,0
2026-01-11 11:55:00,PCS-01,382.77889651865166,41.36402881292274,27.373870417603722,0
2026-01-11 12:00:00,PCS-01,382.1281733005584,-37.57978273766283,26.28101218567857,0
2026-01-11 12:05:00,PCS-01,377.92735560105933,0.5953857892569476,30.38645908261398,0
2026-01-11 12:10:00,PCS-01,377.27701401791626,12.011983179291848,24.705960922180996,0
2026-01-11 12:15:00,PCS-01,382.4304104968911,75.304622798726,29.382391393180217,0
2026-01-11 12:20:00,PCS-01,385.61163644520326,27.995921986517637,30.032144510220462,0
2026-01-11 12:25:00,PCS-01,379.30905856941814,-7.96817543171605,31.59896534445061,0
2026-01-11 12:30:00,PCS-01,379.4443949651703,-0.04614629470674461,28.195220506189546,0
2026-01-11 12:35:00,PCS-01,379.6766432312991,2.8710248548367687,29.130221790594092,0
2026-01-11 12:40:00,PCS-01,378.70806881206744,46.204093182988146,29.36559210909269,0
2026-01-11 12:45:00,PCS-01,379.4021496815011,27.213723475997288,28.640940377789953,0
2026-01-11 12:50:00,PCS-01,379.4451479540913,79.04169164416982,29.6576324837859,0
2026-01-11 12:55:00,PCS-01,377.4066355643602,-111.06383279926321,26.27221839138417,0
2026-01-11 13:00:00,PCS-01,379.35647310112677,-1.82219408539279,25.790598928671557,0
2026-01-11 13:05:00,PCS-01,380.8515254045009,-33.866620891667864,30.043678019411654,0
2026-01-11 13:10:00,PCS-01,380.24647830727866,-27.42326316446658,22.212267798379187,0
2026-01-11 13:15:00,PCS-01,383.54616038824327,54.618646943846926,24.966331635276905,0
2026-01-11 13:20:00,PCS-01,379.0671403812161,3.5698253056448914,29.80093620619162,0
2026-01-11 13:25:00,PCS-01,378.5923808562846,28.3104471260585,23.588478541214425,0
2026-01-11 13:30:00,PCS-01,381.7358671142529,-14.463387527168088,30.908281692314304,0
2026-01-11 13:35:00,PCS-01,383.8218862901751,-4.027474923798125,30.170409206805033,0
2026-01-11 13:40:00,PCS-01,388.0014361922349,16.822678047399183,28.26605628743097,0
2026-01-11 13:45:00,PCS-01,379.88664825011773,50.890091861751046,33.235626211629686,0
2026-01-11 13:50:00,PCS-01,377.71163681572483,6.734784155167289,25.109021038292155,0
2026-01-11 13:55:00,PCS-01,379.38478138464,-11.289994643981016,36.673504437210745,0
2026-01-11 14:00:00,PCS-01,381.4123878893786,27.52366097278745,29.12263437236876,0
2026-01-11 14:05:00,PCS-01,388.04992518033777,26.03026235402611,26.84075450117348,0
2026-01-11 14:10:00,PCS-01,381.15097280213996,-49.540864571911996,30.330523203159956,0
2026-01-11 14:15:00,PCS-01,382.113243410865,-16.524322475127263,28.08483534081565,0
2026-01-11 14:20:00,PCS-01,379.5636401128376,-37.119940538951475,32.53933843289386,0
2026-01-11 14:25:00,PCS-01,384.92311719459144,-44.98256823744319,26.280310355609448,0
2026-01-11 14:30:00,PCS-01,376.72963129974517,-6.112239133620622,30.60820756464301,0
2026-01-11 14:35:00,PCS-01,378.45884401738164,-20.21674109087472,25.99100308583838,0
2026-01-11 14:40:00,PCS-01,380.3107387183709,-83.06813005013345,28.32523136580862,0
2026-01-11 14:45:00,PCS-01,376.98219509680655,-50.0666115645162,26.930050918045897,0
2026-01-11 14:50:00,PCS-01,377.1635540822182,58.196727781065796,23.550201291357197,0
2026-01-11 14:55:00,PCS-01,378.6276350180728,42.30204769325749,24.498889195830586,0
2026-01-11 15:00:00,PCS-01,381.52336667328075,-28.26847758065125,25.117203105668498,0
2026-01-11 15:05:00,PCS-01,384.28076215676697,-48.87043446484193,28.45486925526512,0
2026-01-11 15:10:00,PCS-01,380.4019049362984,47.696335239355136,23.837750131313914,0
2026-01-11 15:15:00,PCS-01,379.3115988625081,5.325194829816381,23.303900937457776,0
2026-01-11 15:20:00,PCS-01,376.52384069641283,-48.876039946353735,30.13263827801678,0
2026-01-11 15:25:00,PCS-01,382.82107270762384,-6.854037052375568,24.967512253742278,0
2026-01-11 15:30:00,PCS-01,382.31232386807744,-19.08088059075955,29.895817550706745,0
2026-01-11 15:35:00,PCS-01,379.39293616599883,57.722688805892226,28.088613242123223,0
2026-01-11 15:40:00,PCS-01,382.01448352791374,21.3095895842523,32.63662044772996,0
2026-01-11 15:45:00,PCS-01,384.4255442349758,-25.41442597420062,26.279759441187753,0
2026-01-11 15:50:00,PCS-01,380.44506450443845,15.799130471625109,30.931083802554706,0
2026-01-11 15:55:00,PCS-01,384.71603176745754,54.480131317621044,28.47483885085658,0
2026-01-11 16:00:00,PCS-01,378.04371388117045,-48.45176974490343,31.209570282707077,0
2026-01-11 16:05:00,PCS-01,377.8975000829853,15.66633571596918,27.393617821139422,0
2026-01-11 16:10:00,PCS-01,381.2743813637154,30.142650975287708,32.98532624627391,0
2026-01-11 16:15:00,PCS-01,376.12729184434653,12.04441294984661,28.561849861397526,0
2026-01-11 16:20:00,PCS-01,379.0178040729066,40.298450216986275,30.463407252788734,0
2026-01-11 16:25:00,PCS-01,383.70487675054795,34.35107556849678,24.332896512367256,0
2026-01-11 16:30:00,PCS-01,379.96941244889837,-13.484493959144547,29.429150439753215,0
2026-01-11 16:35:00,PCS-01,380.1784300039071,-36.989452760553576,27.38272304893892,0
2026-01-11 16:40:00,PCS-01,378.4461833431029,80.0676170452858,27.918692291236834,0
2026-01-11 16:45:00,PCS-01,382.3263808737915,-15.538292817656384,26.659138831719847,0
2026-01-11 16:50:00,PCS-01,373.11168915132106,12.78159758408379,31.069513189707564,0
2026-01-11 16:55:00,PCS-01,378.9743281585888,-47.5779065784933,24.72383129984342,0
2026-01-11 17:00:00,PCS-01,380.9817782245203,0.6937896413096521,27.073693598075245,0
2026-01-11 17:05:00,PCS-01,384.2937188803191,14.046301514133386,23.52269292091991,0
2026-01-11 17:10:00,PCS-01,383.103470509734,2.0842219730825327,27.612887741531296,0
2026-01-11 17:15:00,PCS-01,379.80011372494755,-58.2778080017568,24.473233806398405,0
2026-01-11 17:20:00,PCS-01,379.99645831561054,-44.85465192535532,21.489421182663417,0
2026-01-11 17:25:00,PCS-01,378.6134939029288,-63.80569083538735,22.651472110359524,0
2026-01-11 17:30:00,PCS-01,374.3142901843859,-65.55228541442717,31.257715015514968,0
2026-01-11 17:35:00,PCS-01,380.70468996250145,38.524074565100804,32.92709562830164,0
2026-01-11 17:40:00,PCS-01,382.9369506291788,38.82904757902931,31.63154700691823,0
2026-01-11 17:45:00,PCS-01,384.33437666873584,1.6726393235598072,29.90428792738381,0
2026-01-11 17:50:00,PCS-01,381.0813659033785,-34.773971185847344,25.19380208600315,0
2026-01-11 17:55:00,PCS-01,377.66459472848976,-18.267825818230154,27.10200474108898,0
2026-01-11 18:00:00,PCS-01,378.55302540969217,-48.51302208653162,27.345194926548388,0
2026-01-11 18:05:00,PCS-01,379.2788629121417,-47.930464176132645,24.768631183037513,0
2026-01-11 18:10:00,PCS-01,381.1358269553405,4.184707682536915,31.050453041064447,0
2026-01-11 18:15:00,PCS-01,377.4196458362902,1.642141835041941,30.102021542471988,0
2026-01-11 18:20:00,PCS-01,378.30717470882763,-32.5602710110926,25.250087165880792,0
2026-01-11 18:25:00,PCS-01,381.2954080093962,5.997331136508236,24.312726049723295,0
2026-01-11 18:30:00,PCS-01,380.0254005425862,-15.654173370233666,24.4352552618697,0
2026-01-11 18:35:00,PCS-01,380.6416525041017,12.063653139496166,27.107927073316933,0
2026-01-11 18:40:00,PCS-01,384.15501702997744,-11.793806096371355,22.26074933253557,0
2026-01-11 18:45:00,PCS-01,385.00563798556135,-19.30378134944813,32.015585551909645,0
2026-01-11 18:50:00,PCS-01,374.72058071399755,-22.607698540844417,27.425725318008066,0
2026-01-11 18:55:00,PCS-01,379.72465838470845,3.4137478279244418,31.404868938103554,0
2026-01-11 19:00:00,PCS-01,380.46402888348035,75.59757382207954,27.152808100150004,0
2026-01-11 19:05:00,PCS-01,381.654617036919,51.927025193902466,22.834326781014397,0
2026-01-11 19:10:00,PCS-01,379.83611918461787,-35.98572604309474,23.426240857494687,0
2026-01-11 19:15:00,PCS-01,382.062816174835,-39.242415852376226,25.919589937315628,0
2026-01-11 19:20:00,PCS-01,382.29186555141666,-43.63748276697493,19.1378896163115,0
2026-01-11 19:25:00,PCS-01,377.66075022854943,-24.86720505971568,29.806420694819405,0
2026-01-11 19:30:00,PCS-01,376.43848476067546,-32.63882013344224,30.27320560385285,0
2026-01-11 19:35:00,PCS-01,380.3163179478549,7.9056858460270885,24.88626576492838,0
2026-01-11 19:40:00,PCS-01,381.03476379675317,30.342536888184988,26.505975542406006,0
2026-01-11 19:45:00,PCS-01,384.36036670782966,126.50571724461577,24.31737360648693,0
2026-01-11 19:50:00,PCS-01,381.5584213668784,17.728693656563244,23.424785360379758,0
2026-01-11 19:55:00,PCS-01,382.126810825679,10.472720854462361,32.7303426674166,0
2026-01-11 20:00:00,PCS-01,385.05151807619893,14.921159251532455,28.546980122900727,0
2026-01-11 20:05:00,PCS-01,381.79992574743835,53.51803591400201,31.698808087948358,0
2026-01-11 20:10:00,PCS-01,379.0362800921947,-9.237392707771242,28.585220812832215,0
2026-01-11 20:15:00,PCS-01,380.9762049757129,6.526764584425125,28.974733359073625,0
2026-01-11 20:20:00,PCS-01,381.5530376652907,-26.31286465797226,28.559851473563043,0
2026-01-11 20:25:00,PCS-01,376.89078474666076,5.559240936437911,27.621970275004372,0
2026-01-11 20:30:00,PCS-01,376.6870645798138,23.196483810075527,30.696767178381734,0
2026-01-11 20:35:00,PCS-01,377.5968869605196,-39.53841551963058,26.599479073000083,0
2026-01-11 20:40:00,PCS-01,379.3360724418097,-73.7427633773013,23.35970520726144,0
2026-01-11 20:45:00,PCS-01,380.4209237273864,28.416202672249536,25.053170128555983,0
2026-01-11 20:50:00,PCS-01,384.9037216222201,-33.00960785171054,28.524516619949345,0
2026-01-11 20:55:00,PCS-01,381.7365682188707,-0.37952752520095256,27.474230151730325,0
2026-01-11 21:00:00,PCS-01,383.2192282939909,-20.723667457621534,25.034015965813207,0
2026-01-11 21:05:00,PCS-01,381.8049642082678,10.325124965021494,27.40384409941153,0
2026-01-11 21:10:00,PCS-01,381.4799708546527,9.767855444189578,23.651333946967107,0
2026-01-11 21:15:00,PCS-01,379.52759511286143,46.53221615275906,23.839327393289086,0
2026-01-11 21:20:00,PCS-01,380.4736723928641,-60.98935705967673,29.87546698027132,0
2026-01-11 21:25:00,PCS-01,376.1460746923098,-31.05349215069028,27.901238937387962,0
2026-01-11 21:30:00,PCS-01,382.58294535630404,47.80140172132407,26.373722856318242,0
2026-01-11 21:35:00,PCS-01,377.36949855182354,20.847911907978776,30.151855760911495,0
2026-01-11 21:40:00,PCS-01,379.7678996569009,3.6665416591910596,27.84800616652635,0
2026-01-11 21:45:00,PCS-01,374.22002753938534,48.46313144843097,24.18268042421813,0
2026-01-11 21:50:00,PCS-01,378.64574756880444,-14.93633072112493,27.17387282329806,0
2026-01-11 21:55:00,PCS-01,386.2830993023037,48.138595010390915,23.841859465515277,0
2026-01-11 22:00:00,PCS-01,379.37510836764534,4.3108775587186985,23.61685948278626,0
2026-01-11 22:05:00,PCS-01,384.47106613982885,-4.614180848719741,29.353116255617397,0
2026-01-11 22:10:00,PCS-01,382.45536161674414,-32.38019385858366,29.54994282207342,0
2026-01-11 22:15:00,PCS-01,382.68719983054115,20.893531934157874,25.535228605268166,0
2026-01-11 22:20:00,PCS-01,378.76829657148915,84.61908146734508,26.91954208586926,0
2026-01-11 22:25:00,PCS-01,380.62099485199224,-9.35868126934098,30.50751215131179,0
2026-01-11 22:30:00,PCS-01,375.4072095103897,-11.509647433678651,28.446744544733974,0
2026-01-11 22:35:00,PCS-01,376.9223216176194,81.2458593214993,29.281083658364093,0
2026-01-11 22:40:00,PCS-01,379.2346851283261,32.46186997526526,28.226721936356473,0
2026-01-11 22:45:00,PCS-01,376.47893176554015,54.292593035010775,28.446292262874845,0
2026-01-11 22:50:00,PCS-01,375.2289130412351,2.5947739819755,28.033806363993442,0
2026-01-11 22:55:00,PCS-01,377.292434155256,-10.630385372953235,33.05293454074532,0
2026-01-11 23:00:00,PCS-01,377.95818029700666,6.982737683209357,27.74751825962591,0
2026-01-11 23:05:00,PCS-01,377.3194027920779,-9.739961874992463,29.183304914524257,0
2026-01-11 23:10:00,PCS-01,382.4972030314737,15.233080517092212,26.556946314660852,0
2026-01-11 23:15:00,PCS-01,378.69046508702525,-39.04256851289382,28.156762540714475,0
2026-01-11 23:20:00,PCS-01,378.5219024793369,21.799179719157046,29.368891340420156,0
2026-01-11 23:25:00,PCS-01,380.14435899768483,-12.484206471815833,29.128376846547766,0
2026-01-11 23:30:00,PCS-01,381.7993127297075,2.077909129198331,31.338213375851332,0
2026-01-11 23:35:00,PCS-01,373.827547349357,-26.178978044217658,28.37036775889465,0
2026-01-11 23:40:00,PCS-01,378.96762890435207,44.752561019164936,24.77509524648866,0
2026-01-11 23:45:00,PCS-01,383.02169358000884,-40.422998175290836,27.191824801521328,0
2026-01-11 23:50:00,PCS-01,383.75859204517286,-63.101520604394125,22.646679529371166,0
2026-01-11 23:55:00,PCS-01,383.8736986245237,20.320850602097593,37.71458029421787,0
2026-01-12 00:00:00,PCS-01,376.9826844500584,-8.180389015129636,31.776203541195578,0
2026-01-12 00:05:00,PCS-01,377.2249434685572,8.345098837326459,22.974394136785,0
2026-01-12 00:10:00,PCS-01,381.33471083277743,69.21322634924655,30.456516266609306,0
2026-01-12 00:15:00,PCS-01,384.86862712526084,39.45051665715801,26.34266829031939,0
2026-01-12 00:20:00,PCS-01,379.5352593794759,-58.63507740419859,29.61125278936373,0
2026-01-12 00:25:00,PCS-01,380.569265000453,29.506806972098158,26.694528296198847,0
2026-01-12 00:30:00,PCS-01,383.8105964771349,-14.038055791772067,29.08080045985255,0
2026-01-12 00:35:00,PCS-01,378.9143631778587,6.411406867764109,24.899834527773624,0
2026-01-12 00:40:00,PCS-01,383.46004553032463,-2.698061930776313,28.182536609747025,0
2026-01-12 00:45:00,PCS-01,379.4626375973955,-30.165429817755303,27.267313154539686,0
2026-01-12 00:50:00,PCS-01,379.85052210130715,-24.515552543048933,29.280443326756675,0
2026-01-12 00:55:00,PCS-01,383.06491017983944,85.62729745611907,30.06316287897353,0
2026-01-12 01:00:00,PCS-01,378.5432638416916,-35.41776267781488,23.038303495436843,0
2026-01-12 01:05:00,PCS-01,383.0022584039921,69.91734770799499,27.621823120633056,0
2026-01-12 01:10:00,PCS-01,385.3887539615908,51.347978663191654,24.031938880270673,0
2026-01-12 01:15:00,PCS-01,377.6600827981313,48.84485724312944,24.284311393873832,0
2026-01-12 01:20:00,PCS-01,380.67907556127557,-10.949962414992445,24.037638288761862,0
2026-01-12 01:25:00,PCS-01,376.94745867452565,13.144052150164846,28.831154018215,0
2026-01-12 01:30:00,PCS-01,386.4405985708457,-48.505748521727526,28.40031992179363,0
2026-01-12 01:35:00,PCS-01,377.6082738017629,-134.78218125607663,23.896946153864192,0
2026-01-12 01:40:00,PCS-01,380.5804299284525,29.339479552704933,30.10500191857427,0
2026-01-12 01:45:00,PCS-01,386.77700665789445,-27.775238257205658,25.77857857679759,0
2026-01-12 01:50:00,PCS-01,381.09674035134236,37.064973794074035,28.959234364186376,0
2026-01-12 01:55:00,PCS-01,386.4980468088785,-93.02669570163351,25.624448580826495,0
2026-01-12 02:00:00,PCS-01,384.9712777444229,-20.102569251032246,28.513775715128553,0
2026-01-12 02:05:00,PCS-01,380.3670519150133,17.219633814459975,20.83955732719864,0
2026-01-12 02:10:00,PCS-01,378.1511168991596,24.430793503126353,29.27282974953685,0
2026-01-12 02:15:00,PCS-01,379.11420049442927,62.64492372384026,28.93823600786276,0
2026-01-12 02:20:00,PCS-01,383.38560751886007,1.0926448225743153,27.944231662430063,0
2026-01-12 02:25:00,PCS-01,382.02833893615104,-88.84248573350553,30.66352186045533,0
2026-01-12 02:30:00,PCS-01,379.71378549045005,-7.13797381842375,25.22758538368552,0
2026-01-12 02:35:00,PCS-01,379.83492887611766,3.639986976235275,28.881628859731066,0
2026-01-12 02:40:00,PCS-01,377.4810137735474,-12.101570360214456,27.226925367098954,0
2026-01-12 02:45:00,PCS-01,378.0021967305795,-5.893591011296512,27.975392625237202,0
2026-01-12 02:50:00,PCS-01,377.39633160883346,-87.6907444516714,27.270420347602748,0
2026-01-12 02:55:00,PCS-01,383.1036735661437,0.5662153029901473,23.590584611857192,0
2026-01-12 03:00:00,PCS-01,377.63270577323976,7.015366887433511,30.725014061303995,0
2026-01-12 03:05:00,PCS-01,381.8005184724076,-62.182141988365956,30.93083786127879,0
2026-01-12 03:10:00,PCS-01,382.0277799628389,-59.77454937850382,26.264471295544478,0
2026-01-12 03:15:00,PCS-01,377.8232853454886,-29.21345826283501,28.84084319723568,0
2026-01-12 03:20:00,PCS-01,377.92908559661413,1.3112690663453708,28.086073145022308,0
2026-01-12 03:25:00,PCS-01,383.0026445447526,-36.67382016388781,27.94076009157122,0
2026-01-12 03:30:00,PCS-01,378.3359944197198,-46.00063231821696,29.98347308530507,0
2026-01-12 03:35:00,PCS-01,378.5715938247303,19.67051847576151,27.294422490810362,0
2026-01-12 03:40:00,PCS-01,375.26472935325955,36.35440359705781,30.835122654136132,0
2026-01-12 03:45:00,PCS-01,378.18526990704515,52.82949081973374,27.651208394784785,0
2026-01-12 03:50:00,PCS-01,383.10757624262436,-48.693728800148996,29.616952184519395,0
2026-01-12 03:55:00,PCS-01,378.8948324006499,-91.04043283587615,28.976610901074526,0
2026-01-12 04:00:00,PCS-01,380.93913633943407,33.43473477435331,19.878745889927238,0
2026-01-12 04:05:00,PCS-01,380.51678501162917,-75.22842074547401,27.841680452838915,0
2026-01-12 04:10:00,PCS-01,378.6032463690451,15.391687535537686,25.702482209951807,0
2026-01-12 04:15:00,PCS-01,380.176302406171,-80.50205458603685,27.00397462449624,0
2026-01-12 04:20:00,PCS-01,382.79962374487667,-46.36686871662021,30.165190663312192,0
2026-01-12 04:25:00,PCS-01,381.9316162035674,31.382812461021796,25.87479715062686,0
2026-01-12 04:30:00,PCS-01,379.94942954805464,3.429536582052772,33.49154110442414,0
2026-01-12 04:35:00,PCS-01,384.26777735240074,-12.348124225690611,28.08009368140927,0
2026-01-12 04:40:00,PCS-01,377.21373914248557,-20.7565650263026,35.29839044354519,0
2026-01-12 04:45:00,PCS-01,377.8003911681192,-14.67207994620021,32.18598446651651,0
2026-01-12 04:50:00,PCS-01,376.2578197985209,23.14948881231437,26.55603200547609,0
2026-01-12 04:55:00,PCS-01,381.9015957989409,-96.42009202680481,26.193724247606948,0
2026-01-12 05:00:00,PCS-01,380.87719369175335,31.746944725043026,20.4003306003498,0
2026-01-12 05:05:00,PCS-01,378.4389564912698,69.48397681739294,28.85777081144992,0
2026-01-12 05:10:00,PCS-01,378.5708844027783,39.01963505064971,30.70095176862459,0
2026-01-12 05:15:00,PCS-01,377.5829171879036,7.981382121315752,27.528683603605245,0
2026-01-12 05:20:00,PCS-01,376.88259465702396,50.68930102820804,25.489938412260603,0
2026-01-12 05:25:00,PCS-01,378.60319402837933,-8.051191787756041,28.941151082373842,0
2026-01-12 05:30:00,PCS-01,377.71086027189926,-22.292505817429532,25.707182380685335,0
2026-01-12 05:35:00,PCS-01,380.624808435118,-29.964626145834732,29.94329538428608,0
2026-01-12 05:40:00,PCS-01,383.8036852254219,-25.457514355681674,28.281883251392287,0
2026-01-12 05:45:00,PCS-01,380.5126282790715,-14.28822917944094,23.1606038150128,0
2026-01-12 05:50:00,PCS-01,375.9949878571558,11.12178292800316,25.737904665948378,0
2026-01-12 05:55:00,PCS-01,375.9495804795193,-7.7766195943323,27.543549220676695,0
2026-01-12 06:00:00,PCS-01,383.91427999370796,22.460303677459265,27.830957065118955,0
2026-01-12 06:05:00,PCS-01,378.9718637459184,-3.5265649438343343,30.36276878939185,0
2026-01-12 06:10:00,PCS-01,379.22671700183565,2.1623442372889397,35.207830942492855,0
2026-01-12 06:15:00,PCS-01,380.38265528430554,42.776302981930165,29.901103739756255,0
2026-01-12 06:20:00,PCS-01,384.33063963958216,26.92346635421028,23.56532055032246,0
2026-01-12 06:25:00,PCS-01,384.6419212221123,49.876533425379385,29.72409097159864,0
2026-01-12 06:30:00,PCS-01,386.1820229712404,31.147547531490922,32.418554767647976,0
2026-01-12 06:35:00,PCS-01,383.2553933739966,6.882350742498799,24.52912274221923,0
2026-01-12 06:40:00,PCS-01,383.2830857855379,22.746059538490805,28.497276437533348,0
2026-01-12 06:45:00,PCS-01,383.48019454150256,-41.802618043749106,28.329227447234366,0
2026-01-12 06:50:00,PCS-01,379.0825226652081,0.5967085933048416,27.7830028150173,0
2026-01-12 06:55:00,PCS-01,385.29393761485005,-7.215744456429434,25.13381696540408,0
2026-01-12 07:00:00,PCS-01,380.88928235383173,-26.11393059088452,25.5043654540776,0
2026-01-12 07:05:00,PCS-01,384.3576286438045,-42.83424698525181,28.591202852715032,0
2026-01-12 07:10:00,PCS-01,380.82440694470307,46.31912003626378,27.039494164045664,0
2026-01-12 07:15:00,PCS-01,381.00971053887656,34.274456073818875,30.644440667162982,0
2026-01-12 07:20:00,PCS-01,381.22089877644413,15.956461003044517,29.08295876161348,0
2026-01-12 07:25:00,PCS-01,386.35192666105047,29.882242498584066,30.77768295270101,0
2026-01-12 07:30:00,PCS-01,380.39666400146245,-27.206571752730923,30.391149864245488,0
2026-01-12 07:35:00,PCS-01,379.446222157087,-4.01400865861263,25.84001284965439,0
2026-01-12 07:40:00,PCS-01,381.6352167011128,-1.45684465750711,19.748353853323064,0
2026-01-12 07:45:00,PCS-01,380.68001909830645,-11.901246562985001,26.80410703150528,0
2026-01-12 07:50:00,PCS-01,381.82152838280786,33.45861390303922,28.314059150302516,0
2026-01-12 07:55:00,PCS-01,382.74249124473175,29.632324757500893,24.810679244532896,0
2026-01-12 08:00:00,PCS-01,377.4862208501012,52.29749304873857,28.99133640760766,0
2026-01-12 08:05:00,PCS-01,385.99643840376376,69.42127477785232,28.274437048386257,0
2026-01-12 08:10:00,PCS-01,383.217387216412,-46.860463084106804,28.120861743335634,0
2026-01-12 08:15:00,PCS-01,379.73496744494355,16.006278475707333,26.220821087651508,0
2026-01-12 08:20:00,PCS-01,381.20984632664613,-10.900849309476357,25.004157724031412,0
2026-01-12 08:25:00,PCS-01,380.3504118632821,-0.18111523581870168,31.293996260201457,0
2026-01-12 08:30:00,PCS-01,379.90058776810235,81.98501806789679,26.824675963178386,0
2026-01-12 08:35:00,PCS-01,379.3216075950927,17.825925425191315,26.343937367460295,0
2026-01-12 08:40:00,PCS-01,381.6987155286277,26.037287999556007,30.708206958915046,0
2026-01-12 08:45:00,PCS-01,377.9591712680482,18.798929683037468,25.955023274796456,0
2026-01-12 08:50:00,PCS-01,378.83932656590355,38.43424922393132,28.400062236039876,0
2026-01-12 08:55:00,PCS-01,379.005515750905,48.3086792459876,29.72464636140454,0
2026-01-12 09:00:00,PCS-01,386.66698862499175,-57.826974964967164,29.66700990834701,0
2026-01-12 09:05:00,PCS-01,380.3040897785295,-47.791955643675436,27.08869247256252,0
2026-01-12 09:10:00,PCS-01,378.7014875454293,44.665611048594805,26.11436367924204,0
2026-01-12 09:15:00,PCS-01,377.6462084582742,-33.77395435047674,32.02712964408131,0
2026-01-12 09:20:00,PCS-01,381.89269629227005,-13.492840514456558,28.15229956822799,0
2026-01-12 09:25:00,PCS-01,378.1822308516238,52.673478967757774,30.014110211241917,0
2026-01-12 09:30:00,PCS-01,378.7479720543045,-41.881122745898594,28.479371815308586,0
2026-01-12 09:35:00,PCS-01,377.8333643624439,27.161633001845562,25.95436913660897,0
2026-01-12 09:40:00,PCS-01,378.4380225696705,-31.216500294209602,30.337752360111036,0
2026-01-12 09:45:00,PCS-01,379.2625692418979,-52.83850209421716,35.25325827615674,0
2026-01-12 09:50:00,PCS-01,382.48405218875996,17.005299070582197,23.319215232920428,0
2026-01-12 09:55:00,PCS-01,378.4648605447296,13.371419028351255,30.01192360191626,0
2026-01-12 10:00:00,PCS-01,380.9952422118559,35.315077994632496,29.88479566317169,0
2026-01-12 10:05:00,PCS-01,377.10780731824536,90.5553658726747,28.375440311673877,0
2026-01-12 10:10:00,PCS-01,382.7419739662525,-55.753966637423616,28.641881284632944,0
2026-01-12 10:15:00,PCS-01,382.02382860978287,-17.266953813498333,32.9308543797773,0
2026-01-12 10:20:00,PCS-01,379.764560245911,-3.912459717467488,27.807127656945866,0
2026-01-12 10:25:00,PCS-01,375.40234089132076,-29.890891034664353,33.7640080482851,0
2026-01-12 10:30:00,PCS-01,374.32931150698283,24.343682494918344,25.923667460774524,0
2026-01-12 10:35:00,PCS-01,382.3109726373839,58.53226145484891,24.83552609759249,0
2026-01-12 10:40:00,PCS-01,375.5733811442529,-50.65076927151121,26.405480362467582,0
2026-01-12 10:45:00,PCS-01,379.12704550532334,35.99913983265901,25.25168581454253,0
2026-01-12 10:50:00,PCS-01,380.0570653240319,-13.210484862673015,24.58029469266906,0
2026-01-12 10:55:00,PCS-01,382.41675092506284,-43.7688751021217,27.656540936781944,0
2026-01-12 11:00:00,PCS-01,379.9904894078246,-4.577412824719986,27.263950034201546,0
2026-01-12 11:05:00,PCS-01,383.64743432340487,-15.571569838172309,24.553382995998742,0
2026-01-12 11:10:00,PCS-01,375.25444726236844,61.651393894744196,29.469433658491194,0
2026-01-12 11:15:00,PCS-01,375.1362173882597,17.386190837289732,27.879347937272247,0
2026-01-12 11:20:00,PCS-01,377.87364600853726,22.466112795385765,25.88699718918311,0
2026-01-12 11:25:00,PCS-01,374.2116488370563,-0.013987674355598778,26.36844065671795,0
2026-01-12 11:30:00,PCS-01,381.39168540129737,46.68822745496471,27.645356330649637,0
2026-01-12 11:35:00,PCS-01,385.3120527994888,68.5742695659707,23.69822375964241,0
2026-01-12 11:40:00,PCS-01,383.0251921546041,-52.56869609226222,29.7795329227843,0
2026-01-12 11:45:00,PCS-01,378.83067500587936,52.004949284142754,28.122951879672577,0
2026-01-12 11:50:00,PCS-01,378.08550658289323,48.89743100656001,26.46900437964929,0
2026-01-12 11:55:00,PCS-01,379.61732403297856,16.74816000044974,35.59039295370263,0
2026-01-12 12:00:00,PCS-01,386.4828986270215,-19.500671329216743,30.34472866336232,0
2026-01-12 12:05:00,PCS-01,378.6425635264399,-25.699541584386413,27.172496554951586,0
2026-01-12 12:10:00,PCS-01,379.8119524747518,77.86521151592414,29.659893780842957,0
2026-01-12 12:15:00,PCS-01,378.4392683931999,7.577489945720344,24.11128470912844,0
2026-01-12 12:20:00,PCS-01,381.839799248912,10.385429299200144,30.911450576398675,0
2026-01-12 12:25:00,PCS-01,380.4300358730733,8.207022289937521,27.93570234167054,0
2026-01-12 12:30:00,PCS-01,382.9184938187985,-0.4854318129096136,27.841988466894154,0
2026-01-12 12:35:00,PCS-01,379.3482344100355,17.23165268816677,31.677154364532306,0
2026-01-12 12:40:00,PCS-01,384.7171132948732,-31.968739966593972,27.6520196535498,0
2026-01-12 12:45:00,PCS-01,381.6378096130887,-9.489938454988081,25.821131411877243,0
2026-01-12 12:50:00,PCS-01,381.5090448830232,-23.229972361973562,26.07448306612998,0
2026-01-12 12:55:00,PCS-01,376.851551435532,-12.67198703307814,30.645777865308972,0
2026-01-12 13:00:00,PCS-01,378.7389363931259,10.487318989150458,31.327400406015233,0
2026-01-12 13:05:00,PCS-01,373.4684746251324,-13.260980925082201,27.35488889148208,0
2026-01-12 13:10:00,PCS-01,384.62165398386395,35.52611644895499,26.48719758667964,0
2026-01-12 13:15:00,PCS-01,379.16013126316284,27.06159348015719,31.324190283084953,0
2026-01-12 13:20:00,PCS-01,374.4700114717161,4.472345031285114,32.78557622380061,0
2026-01-12 13:25:00,PCS-01,380.6717727067949,-76.0947032974774,27.21072440171189,0
2026-01-12 13:30:00,PCS-01,376.10891564623586,70.16595813171368,25.805684365086538,0
2026-01-12 13:35:00,PCS-01,376.58803707352155,-17.739021351744462,29.25022559394016,0
2026-01-12 13:40:00,PCS-01,380.3924549809708,58.03457842635248,21.434419080969743,0
2026-01-12 13:45:00,PCS-01,382.2967583702107,28.628675936319354,25.27268268630999,0
2026-01-12 13:50:00,PCS-01,382.5986170931491,24.174334836932996,23.724068226969596,0
2026-01-12 13:55:00,PCS-01,380.51009413469404,6.680638151518691,29.189424198888332,0
2026-01-12 14:00:00,PCS-01,388.2811795735911,-17.6789488504203,33.79208313040335,0
2026-01-12 14:05:00,PCS-01,382.5856102748729,5.655970436749321,25.652714623438953,0
2026-01-12 14:10:00,PCS-01,381.3357754949155,18.244490317887998,26.658676168129055,0
2026-01-12 14:15:00,PCS-01,382.5979612069842,-42.30400044080309,24.349311463835488,0
2026-01-12 14:20:00,PCS-01,379.0354373619761,30.21857579899066,27.58865087887838,0
2026-01-12 14:25:00,PCS-01,380.1154910009834,-77.80008683172517,31.839616309521254,0
2026-01-12 14:30:00,PCS-01,378.9088905085306,-6.781513817556895,22.52614369303723,0
2026-01-12 14:35:00,PCS-01,382.3832566754475,-41.37118163353206,29.808557651296315,0
2026-01-12 14:40:00,PCS-01,379.81132166180845,26.46738393169143,27.15339233854892,0
2026-01-12 14:45:00,PCS-01,381.61912931910797,10.33481977141963,26.25797113361016,0
2026-01-12 14:50:00,PCS-01,381.850188766297,-60.81494400882405,29.207707635200112,0
2026-01-12 14:55:00,PCS-01,380.0611148522362,-40.95310359522557,29.51711672939899,0
2026-01-12 15:00:00,PCS-01,383.2903665952801,20.738074191144086,25.081057184484504,0
2026-01-12 15:05:00,PCS-01,382.2371429653147,25.393217201920475,29.059481084045785,0
2026-01-12 15:10:00,PCS-01,380.8764871398251,11.340839733150842,30.37643329106699,0
2026-01-12 15:15:00,PCS-01,377.47787149462965,25.326365465340817,27.755899197920083,0
2026-01-12 15:20:00,PCS-01,375.3610963540355,-4.633761353666445,23.74458563475272,0
2026-01-12 15:25:00,PCS-01,383.700893982501,-49.61176810077202,27.302163982145085,0
2026-01-12 15:30:00,PCS-01,383.4339568953825,-54.38031763638797,31.888645061803476,0
2026-01-12 15:35:00,PCS-01,379.4879826166445,-54.656923879484765,35.85298632791722,0
2026-01-12 15:40:00,PCS-01,382.97979111989713,-27.898483981757675,27.258258127559174,0
2026-01-12 15:45:00,PCS-01,380.95892832852337,-5.578316134618493,32.529487555781344,0
2026-01-12 15:50:00,PCS-01,374.32772273502167,-23.767902000465742,26.833559623966547,0
2026-01-12 15:55:00,PCS-01,381.21367505071777,20.98708389468513,29.21241124479987,0
2026-01-12 16:00:00,PCS-01,382.65110373575413,-29.90336380939858,23.278935281233878,0
2026-01-12 16:05:00,PCS-01,380.5230355912977,33.85336993938705,28.2785505611656,0
2026-01-12 16:10:00,PCS-01,376.80076857522823,39.252997505117754,26.135967101961977,0
2026-01-12 16:15:00,PCS-01,382.79222761160685,-37.81683718958253,36.48985652530254,0
2026-01-12 16:20:00,PCS-01,379.498510008606,-12.886218926890274,26.60845839997659,0
2026-01-12 16:25:00,PCS-01,379.5568223709493,-29.346030918775906,25.48840291796111,0
2026-01-12 16:30:00,PCS-01,382.4674815592354,-52.145017357986205,29.83301504259583,0
2026-01-12 16:35:00,PCS-01,376.93488050032454,-58.92730010734543,29.58252841985497,0
2026-01-12 16:40:00,PCS-01,379.73301699413884,4.254248096813704,27.9320624150133,0
2026-01-12 16:45:00,PCS-01,380.12410962287953,74.17870430057167,24.82359914662879,0
2026-01-12 16:50:00,PCS-01,380.8218153794175,-21.569900392456105,24.963260323846708,0
2026-01-12 16:55:00,PCS-01,380.37635589579793,-80.12762084122373,24.229187451504153,0
2026-01-12 17:00:00,PCS-01,380.676714039576,42.510847818588715,26.468959329598558,0
2026-01-12 17:05:00,PCS-01,387.480079071787,50.71496237857698,25.449531758833896,0
2026-01-12 17:10:00,PCS-01,382.76767331856183,36.37629488823652,25.643014410232134,0
2026-01-12 17:15:00,PCS-01,382.5531090056884,38.50359230285922,33.15503151074351,0
2026-01-12 17:20:00,PCS-01,380.56527851103743,1.8295942090234654,26.491904170351578,0
2026-01-12 17:25:00,PCS-01,376.9524177237609,69.99356197024171,22.512162953210957,0
2026-01-12 17:30:00,PCS-01,379.02400534324283,47.78846725684608,29.186614711750085,0
2026-01-12 17:35:00,PCS-01,379.5916414158422,67.73182171690303,28.417157770420083,0
2026-01-12 17:40:00,PCS-01,382.9412265569191,66.63374678598123,27.580168173408218,0
2026-01-12 17:45:00,PCS-01,377.0314543099332,-15.464536041682454,33.205401247835034,0
2026-01-12 17:50:00,PCS-01,381.6566957206312,1.655497730042475,24.770188552151993,0
2026-01-12 17:55:00,PCS-01,373.325489374445,-1.6912490211245903,23.56606155009858,0
2026-01-12 18:00:00,PCS-01,380.1590441064053,-33.29566699751776,31.541527100805652,0
2026-01-12 18:05:00,PCS-01,379.527394949096,-28.49092957507906,28.425674834215968,0
2026-01-12 18:10:00,PCS-01,379.08437652351694,24.130618958245115,27.997958905329117,0
2026-01-12 18:15:00,PCS-01,381.7748947716195,-40.86283997029753,31.535864283219595,0
2026-01-12 18:20:00,PCS-01,378.3216560164795,-87.51315233380967,23.51979225118388,0
2026-01-12 18:25:00,PCS-01,383.0887318507483,-46.48557531565589,25.418465468498702,0
2026-01-12 18:30:00,PCS-01,386.63526490805907,9.89833697847767,30.42766522481487,0
2026-01-12 18:35:00,PCS-01,377.9746211093419,-23.194277500168262,26.98657176460569,0
2026-01-12 18:40:00,PCS-01,382.0359595644482,59.64605511566486,26.226813791226434,0
2026-01-12 18:45:00,PCS-01,382.25137576339785,3.668390182948057,25.499843251017207,0
2026-01-12 18:50:00,PCS-01,383.34185283941997,16.988139673118468,31.72240330908702,0
2026-01-12 18:55:00,PCS-01,382.32828558949177,-8.510272930899422,29.583257929515177,0
2026-01-12 19:00:00,PCS-01,380.0446214638444,-31.96122714160936,28.74122114623512,0
2026-01-12 19:05:00,PCS-01,383.981116566799,-27.30364602733328,24.107428295661588,0
2026-01-12 19:10:00,PCS-01,378.61729137710086,21.958081203786275,29.772017967882803,0
2026-01-12 19:15:00,PCS-01,379.76323687595163,-0.23145271798332356,30.38005910421461,0
2026-01-12 19:20:00,PCS-01,377.8840670469256,19.620674221151074,25.13763878331492,0
2026-01-12 19:25:00,PCS-01,383.21024947665836,-8.081060538939209,26.869489533547597,0
2026-01-12 19:30:00,PCS-01,385.0410933432578,-11.969974582382175,28.390748767675305,0
2026-01-12 19:35:00,PCS-01,379.6346057710692,-64.5199837272541,24.95295090811443,0
2026-01-12 19:40:00,PCS-01,378.3922015408309,-12.899257574513456,28.522562931060065,0
2026-01-12 19:45:00,PCS-01,379.5394373176983,23.09534763394368,28.899720079000247,0
2026-01-12 19:50:00,PCS-01,379.999852471785,70.86715753119609,28.969088932500128,0
2026-01-12 19:55:00,PCS-01,379.5162849743805,-43.81832486593504,35.36949712824771,0
2026-01-12 20:00:00,PCS-01,373.56340122252465,21.24145780929844,32.1673398314974,0
2026-01-12 20:05:00,PCS-01,377.22820582510144,42.9308086911609,29.075686258448687,0
2026-01-12 20:10:00,PCS-01,379.8387797200514,34.77898743587227,24.99211002793669,0
2026-01-12 20:15:00,PCS-01,380.785002550908,-15.443595713173936,28.43577537450904,0
2026-01-12 20:20:00,PCS-01,379.3731933403077,-91.55980256087486,26.81814941701166,0
2026-01-12 20:25:00,PCS-01,377.97289182816553,-2.6879642830354413,28.85566014881396,0
2026-01-12 20:30:00,PCS-01,379.5406201708178,-34.32354010069415,25.020718475565914,0
2026-01-12 20:35:00,PCS-01,378.7063085057099,-11.078769503584224,31.388700912777384,0
2026-01-12 20:40:00,PCS-01,380.5177543399637,-3.066945105402823,29.754725600694922,0
2026-01-12 20:45:00,PCS-01,380.02147934474584,-44.237838233127434,28.804024961842476,0
2026-01-12 20:50:00,PCS-01,381.456130028592,-1.2616543671856824,31.69262789523074,0
2026-01-12 20:55:00,PCS-01,377.2910481009705,-12.877685164245936,23.915313361676425,0
2026-01-12 21:00:00,PCS-01,379.8350218701856,-27.361756264131785,25.21697907747405,0
2026-01-12 21:05:00,PCS-01,380.7304996300444,10.004726610916242,32.430781724512954,0
2026-01-12 21:10:00,PCS-01,375.3313352859613,3.1902601452118926,25.389833280132272,0
2026-01-12 21:15:00,PCS-01,381.54100194106434,14.7590675948089,27.99548163239023,0
2026-01-12 21:20:00,PCS-01,380.7704519998866,14.11962321427433,28.303846795560293,0
2026-01-12 21:25:00,PCS-01,379.22751896813077,-44.621737586999146,26.934118218623237,0
2026-01-12 21:30:00,PCS-01,377.18448172886025,39.03116886944416,25.19182250260517,0
2026-01-12 21:35:00,PCS-01,378.9263097422643,-34.06564573766447,29.253095083746146,0
2026-01-12 21:40:00,PCS-01,381.6918006390007,66.20531004054156,26.80197453600504,0
2026-01-12 21:45:00,PCS-01,377.6773471223274,-4.851758603554779,27.66705917710521,0
2026-01-12 21:50:00,PCS-01,379.37570613549065,-34.111176958067475,23.9145718053469,0
2026-01-12 21:55:00,PCS-01,384.02256271769676,31.88553902032865,32.859046659844246,0
2026-01-12 22:00:00,PCS-01,377.4165071234235,2.2119855821667285,30.015570164473324,0
2026-01-12 22:05:00,PCS-01,379.41978495248236,49.93693137834232,32.30745264843839,0
2026-01-12 22:10:00,PCS-01,382.0790744739634,-35.83599907544294,35.14384249525404,0
2026-01-12 22:15:00,PCS-01,383.0947187248144,88.10613353678048,23.027336975950302,0
2026-01-12 22:20:00,PCS-01,374.26267008183333,35.95132243910215,26.3259607320207,0
2026-01-12 22:25:00,PCS-01,384.32239309136935,10.135765784939352,27.90584791827079,0
2026-01-12 22:30:00,PCS-01,377.7380594540708,-11.784184853083449,28.267785267555265,0
2026-01-12 22:35:00,PCS-01,378.6994893956606,4.059629202229017,22.766581889235766,0
2026-01-12 22:40:00,PCS-01,378.3846150161456,-31.056641387007687,25.200145709026593,0
2026-01-12 22:45:00,PCS-01,383.28279167399864,-76.25363253838381,30.408003158178285,0
2026-01-12 22:50:00,PCS-01,382.0103890379676,10.97709481368818,31.363662872835803,0
2026-01-12 22:55:00,PCS-01,378.2754098271325,-16.409929539895835,25.169460454847634,0
2026-01-12 23:00:00,PCS-01,376.04843108687334,-54.76505950655166,28.147375055857932,0
2026-01-12 23:05:00,PCS-01,385.30640626157475,21.37998077415437,28.737072879356123,0
2026-01-12 23:10:00,PCS-01,380.5828010506041,-49.51490101674631,29.188585532236257,0
2026-01-12 23:15:00,PCS-01,378.3263096332813,64.65126942274347,29.250610187933358,0
2026-01-12 23:20:00,PCS-01,384.85561399645127,-60.5788103798243,26.817993876816782,0
2026-01-12 23:25:00,PCS-01,385.28473406994385,16.64972741903305,20.669906620076986,0
2026-01-12 23:30:00,PCS-01,377.7237407829501,-57.50919758988066,31.830332669916913,0
2026-01-12 23:35:00,PCS-01,379.13673429425523,47.97093092107981,24.140392792351378,0
2026-01-12 23:40:00,PCS-01,374.86876896771764,-6.375941041050303,31.029015421537824,0
2026-01-12 23:45:00,PCS-01,381.3095783511474,2.896552506375485,28.520143204625583,0
2026-01-12 23:50:00,PCS-01,380.9009024728706,-78.72114243913366,24.175217330453783,0
2026-01-12 23:55:00,PCS-01,376.8511245933919,-0.08788751348008023,23.293923738886818,0
2026-01-13 00:00:00,PCS-01,380.2133277034452,-21.995124098558648,30.614935106897367,0
2026-01-13 00:05:00,PCS-01,377.2695856706205,-47.81687300722935,32.17953225254648,0
2026-01-13 00:10:00,PCS-01,381.0412227374449,20.99383610876442,27.387364139821308,0
2026-01-13 00:15:00,PCS-01,381.83353867855686,69.00875040773424,27.802379722947965,0
2026-01-13 00:20:00,PCS-01,380.79638900234954,-9.581570806470234,31.903920263242224,0
2026-01-13 00:25:00,PCS-01,380.84947305176365,-103.44487099109202,23.640843088547573,0
2026-01-13 00:30:00,PCS-01,378.438445918984,42.69769708119297,29.872967267092246,0
2026-01-13 00:35:00,PCS-01,382.323073746468,-45.9525895868783,26.855494303929213,0
2026-01-13 00:40:00,PCS-01,388.7406044657717,-85.4887117335876,27.570018144633508,0
2026-01-13 00:45:00,PCS-01,382.40604929864253,36.24886500728028,24.748304692496575,0
2026-01-13 00:50:00,PCS-01,380.5175417308515,-18.895579411149974,33.23515872256244,0
2026-01-13 00:55:00,PCS-01,377.8852872855949,-8.35001840799695,28.897501841126488,0
2026-01-13 01:00:00,PCS-01,381.22728108011233,3.688952488150564,26.552355154016855,0
2026-01-13 01:05:00,PCS-01,379.0810740108101,33.76282540795341,30.31071498714204,0
2026-01-13 01:10:00,PCS-01,385.73620130696474,-22.70420363391533,27.331970673543633,0
2026-01-13 01:15:00,PCS-01,378.7318635367713,-17.469193963323036,29.595483633638814,0
2026-01-13 01:20:00,PCS-01,385.1051023528643,-51.49920813992616,29.585598939146443,0
2026-01-13 01:25:00,PCS-01,377.26474436305915,-9.213528545734953,27.928045336723656,0
2026-01-13 01:30:00,PCS-01,375.03733495601915,64.99273366471019,24.246099286304702,0
2026-01-13 01:35:00,PCS-01,380.8253646069771,6.661433383202985,26.340436164104784,0
2026-01-13 01:40:00,PCS-01,383.4634401372012,-25.45979427058515,26.95628122396443,0
2026-01-13 01:45:00,PCS-01,379.51802041450514,-31.781700698084183,28.245800903956365,0
2026-01-13 01:50:00,PCS-01,379.8089155255927,15.40589909716239,29.85605671892215,0
2026-01-13 01:55:00,PCS-01,384.46379742947175,16.242973758557877,30.72904649137081,0
2026-01-13 02:00:00,PCS-01,381.912235767592,25.35332281500533,31.760834132133017,0
2026-01-13 02:05:00,PCS-01,379.95055885597935,56.83856224359083,27.05492570300599,0
2026-01-13 02:10:00,PCS-01,376.3017710034106,-77.54547582567707,32.902976981061244,0
2026-01-13 02:15:00,PCS-01,379.9536151922051,14.141158046449384,26.51019379877123,0
2026-01-13 02:20:00,PCS-01,379.3491560634873,39.0643157659129,24.50787745644556,0
2026-01-13 02:25:00,PCS-01,376.8665803525082,-39.636243015841906,24.265143419093544,0
2026-01-13 02:30:00,PCS-01,379.5978605243201,-82.25581471714038,33.81224185086988,0
2026-01-13 02:35:00,PCS-01,382.61760347258746,-63.86944121839922,29.022507991992633,0
2026-01-13 02:40:00,PCS-01,376.7635905658668,8.7438861483857,24.33612097183716,0
2026-01-13 02:45:00,PCS-01,386.38074225329456,121.79210413230851,28.595300987278712,0
2026-01-13 02:50:00,PCS-01,376.04368075609483,10.238964415243746,26.428995021490714,0
2026-01-13 02:55:00,PCS-01,379.7286151839083,-4.504040622884132,24.070668202049742,0
2026-01-13 03:00:00,PCS-01,375.3631491566364,-31.766959985991136,24.02170226479142,0
2026-01-13 03:05:00,PCS-01,380.6342641583416,50.35010000189963,28.473646877991012,0
2026-01-13 03:10:00,PCS-01,378.85755224468994,19.789214765723493,30.138120714571414,0
2026-01-13 03:15:00,PCS-01,371.7771921948817,-55.62828630063275,25.83252196514858,0
2026-01-13 03:20:00,PCS-01,383.9089016863155,-22.88542032645807,31.440532472495047,0
2026-01-13 03:25:00,PCS-01,380.8416085802357,-15.120638662789524,27.857969488593444,0
2026-01-13 03:30:00,PCS-01,378.9984303317995,-111.0388738312084,30.023142200224633,0
2026-01-13 03:35:00,PCS-01,377.56450685127385,21.76178813755818,26.970389023889297,0
2026-01-13 03:40:00,PCS-01,375.90100708342743,-22.312002148029183,21.286766295077143,0
2026-01-13 03:45:00,PCS-01,377.45699208836606,62.209259486566665,31.10417355970636,0
2026-01-13 03:50:00,PCS-01,384.5927110328466,27.978011935413992,25.264269336369722,0
2026-01-13 03:55:00,PCS-01,378.55935086155074,36.31969859240456,19.742139260473536,0
2026-01-13 04:00:00,PCS-01,380.7297673079059,62.710323417810756,28.993964680522364,0
2026-01-13 04:05:00,PCS-01,379.51799223978014,34.82545529623464,26.66577587556464,0
2026-01-13 04:10:00,PCS-01,378.0029581094584,-35.491950404904046,26.992537707914764,0
2026-01-13 04:15:00,PCS-01,382.5510816809773,-30.531021879856176,29.988770089203676,0
2026-01-13 04:20:00,PCS-01,378.09445816293305,-41.59860762194755,26.95567449432841,0
2026-01-13 04:25:00,PCS-01,378.56021667061816,33.87175906799565,22.040221397832937,0
2026-01-13 04:30:00,PCS-01,382.5352311237182,-2.645943463971901,27.664984334316493,0
2026-01-13 04:35:00,PCS-01,379.9349488910449,-7.494536321977611,32.37379903838663,0
2026-01-13 04:40:00,PCS-01,378.6270069024756,-4.29491450226712,28.407161127010546,0
2026-01-13 04:45:00,PCS-01,382.21639137535857,1.1601738599453635,29.32351890320827,0
2026-01-13 04:50:00,PCS-01,382.1994426038061,-34.55586970193329,30.52341419217805,0
2026-01-13 04:55:00,PCS-01,379.31345293015863,-3.9816589850501134,24.560957705255127,0
2026-01-13 05:00:00,PCS-01,378.96032447466695,-10.49741336830693,30.361858623802934,0
2026-01-13 05:05:00,PCS-01,379.6413613036516,-20.46040495246757,31.70504319132359,0
2026-01-13 05:10:00,PCS-01,380.6717223397888,27.212162191449,33.625658608302146,0
2026-01-13 05:15:00,PCS-01,378.09678985876366,47.31061405922003,28.35947065149928,0
2026-01-13 05:20:00,PCS-01,384.71433922690494,-3.7423907725957912,27.460974584893542,0
2026-01-13 05:25:00,PCS-01,384.0817888843431,-31.166487267101925,28.61832819950399,0
2026-01-13 05:30:00,PCS-01,377.3200434307856,-28.72046286269856,29.125363980943888,0
2026-01-13 05:35:00,PCS-01,378.46975091132714,26.28334745456766,30.45070870361601,0
2026-01-13 05:40:00,PCS-01,378.7020654577928,4.860742944863138,27.730409608530568,0
2026-01-13 05:45:00,PCS-01,374.07330160336653,-73.77389222215666,28.9184189979771,0
2026-01-13 05:50:00,PCS-01,383.8306594622862,-41.10740132724253,26.39069451999448,0
2026-01-13 05:55:00,PCS-01,381.59513222295436,13.139115758969718,26.636306341438043,0
2026-01-13 06:00:00,PCS-01,379.5650696745646,23.25245405218932,26.585519522987056,0
2026-01-13 06:05:00,PCS-01,383.48734769207624,27.591338241175954,28.24172240859149,0
2026-01-13 06:10:00,PCS-01,377.287028277941,123.51711219423404,29.870271974297065,0
2026-01-13 06:15:00,PCS-01,376.99000983008017,74.32172428190106,29.865064763516393,0
2026-01-13 06:20:00,PCS-01,379.78649591704834,-33.44313677025248,28.840404210052224,0
2026-01-13 06:25:00,PCS-01,377.0414813482229,-81.36472280453535,27.012079178314718,0
2026-01-13 06:30:00,PCS-01,375.34954392796016,-4.937794295198036,23.368975019018663,0
2026-01-13 06:35:00,PCS-01,372.4200890749641,75.56406603255112,29.660543641925454,0
2026-01-13 06:40:00,PCS-01,379.1322884889429,-47.38870999041197,28.788720560307834,0
2026-01-13 06:45:00,PCS-01,383.1060982930704,9.024099047361005,28.456872877515654,0
2026-01-13 06:50:00,PCS-01,378.2476316549665,3.2645338763491134,31.20508682972789,0
2026-01-13 06:55:00,PCS-01,382.07715259430745,36.917128052627284,26.731126023832793,0
2026-01-13 07:00:00,PCS-01,381.14138076963684,-14.863892667927466,25.925684392749485,0
2026-01-13 07:05:00,PCS-01,381.26388861509105,-6.602565042493015,28.64774532010359,0
2026-01-13 07:10:00,PCS-01,378.2904162491808,48.26326210788323,26.41694326608502,0
2026-01-13 07:15:00,PCS-01,381.1127739065871,73.90131941542568,27.906411832431104,0
2026-01-13 07:20:00,PCS-01,378.81556475604765,59.06691906519255,33.09567856295072,0
2026-01-13 07:25:00,PCS-01,379.2013384471032,21.882144961639266,30.227382602037622,0
2026-01-13 07:30:00,PCS-01,372.93747135413776,-47.47276208586243,32.08195020698616,0
2026-01-13 07:35:00,PCS-01,377.30273705886975,20.079295243755553,25.373105739676255,0
2026-01-13 07:40:00,PCS-01,380.5805595196634,-18.110866628455163,25.507000263704953,0
2026-01-13 07:45:00,PCS-01,378.7610567537309,5.584441003634688,29.65638271379396,0
2026-01-13 07:50:00,PCS-01,376.3758401777603,34.42669964432827,24.940537779946087,0
2026-01-13 07:55:00,PCS-01,381.2877183455495,18.148233873953785,27.58687577415055,0
2026-01-13 08:00:00,PCS-01,378.52075678610674,54.24630324830255,30.322445303210067,0
2026-01-13 08:05:00,PCS-01,387.6097407496969,-15.960655333660156,29.965249363078197,0
2026-01-13 08:10:00,PCS-01,378.85371257711745,-78.35223397271182,25.877856633682967,0
2026-01-13 08:15:00,PCS-01,375.46795704061554,-25.159608337344824,25.961635485986925,0
2026-01-13 08:20:00,PCS-01,382.5252160752476,7.9840295044730905,24.313661869985,0
2026-01-13 08:25:00,PCS-01,382.43605725831424,56.113358344756826,27.16102919351531,0
2026-01-13 08:30:00,PCS-01,379.05962723547674,-72.2345223986436,27.11591445003318,0
2026-01-13 08:35:00,PCS-01,377.10222058569593,-5.103630204176321,30.38769999689313,0
2026-01-13 08:40:00,PCS-01,380.75288671920356,16.461999889308082,29.589617575083935,0
2026-01-13 08:45:00,PCS-01,380.70740151333644,1.4603175489895237,31.031746702816342,0
2026-01-13 08:50:00,PCS-01,376.95740337927714,26.90202927874782,25.013210616770653,0
2026-01-13 08:55:00,PCS-01,382.31905241958356,13.9731990594694,28.033694743194726,0
2026-01-13 09:00:00,PCS-01,381.2897815788063,18.284820787898358,30.44161875399113,0
2026-01-13 09:05:00,PCS-01,384.72454591739086,48.17824660732747,25.22066305712649,0
2026-01-13 09:10:00,PCS-01,377.3462750727335,11.789981434219595,29.040258673541203,0
2026-01-13 09:15:00,PCS-01,382.7806185098734,31.43099613888709,27.10768234823674,0
2026-01-13 09:20:00,PCS-01,382.7596781098772,-59.07674828153681,24.4926038642874,0
2026-01-13 09:25:00,PCS-01,386.7850459589878,-6.246740808827999,28.39185792148403,0
2026-01-13 09:30:00,PCS-01,379.3252553631554,11.591332670053365,30.989119888459104,0
2026-01-13 09:35:00,PCS-01,382.0702963777675,23.545502291468146,22.863684754445494,0
2026-01-13 09:40:00,PCS-01,380.0611727264249,-13.106486096918385,27.882435865869404,0
2026-01-13 09:45:00,PCS-01,382.20111358510604,44.43196386657461,26.19188915255728,0
2026-01-13 09:50:00,PCS-01,383.70639394623646,16.28288903698906,27.466573805036063,0
2026-01-13 09:55:00,PCS-01,380.5100944338434,-39.861708088269864,26.67353089409573,0
2026-01-13 10:00:00,PCS-01,379.7143635453261,-17.230468367744596,30.80169109966208,0
2026-01-13 10:05:00,PCS-01,376.23493062691034,30.21709343608883,29.117444916687617,0
2026-01-13 10:10:00,PCS-01,381.6423513952227,-7.3447018977975445,22.37492679116599,0
2026-01-13 10:15:00,PCS-01,384.0129014566355,42.41740000413563,22.25002222954499,0
2026-01-13 10:20:00,PCS-01,384.67043317623114,-12.734345419382308,29.847210018437156,0
2026-01-13 10:25:00,PCS-01,382.58533465551227,56.054366103334054,23.645161520771396,0
2026-01-13 10:30:00,PCS-01,379.28117487307713,-5.807327845763732,29.038015698829525,0
2026-01-13 10:35:00,PCS-01,382.37041875821586,-10.334049631932647,28.295897646912664,0
2026-01-13 10:40:00,PCS-01,384.6194386692219,3.151217319170361,27.722837696292608,0
2026-01-13 10:45:00,PCS-01,377.9939216320005,7.330450836568717,28.13029553158658,0
2026-01-13 10:50:00,PCS-01,380.5899995545981,14.523398306914306,22.97056077501971,0
2026-01-13 10:55:00,PCS-01,382.0003642664876,51.67268150994819,31.323928865920955,0
2026-01-13 11:00:00,PCS-01,385.16436133930677,15.804771650378648,26.13910310568335,0
2026-01-13 11:05:00,PCS-01,375.048179706032,0.6742209162147992,24.48582514700502,0
2026-01-13 11:10:00,PCS-01,379.65563239258165,-107.68063231234967,28.659427560139555,0
2026-01-13 11:15:00,PCS-01,377.7553467222379,33.42578232252139,20.415744210885162,0
2026-01-13 11:20:00,PCS-01,380.02215158987644,-79.09776944393484,20.840009366203425,0
2026-01-13 11:25:00,PCS-01,379.8038966467459,24.24277234999213,24.97365075382493,0
2026-01-13 11:30:00,PCS-01,376.69314964434363,41.62688606054772,27.280185802013065,0
2026-01-13 11:35:00,PCS-01,379.68750071272694,17.0640881450667,27.024554062337142,0
2026-01-13 11:40:00,PCS-01,378.2535245807332,-6.607215696452071,27.885851600704598,0
2026-01-13 11:45:00,PCS-01,381.9010540538092,4.282903375594659,31.65011531332187,0
2026-01-13 11:50:00,PCS-01,381.7282033393612,-32.53031684984995,30.42205932320692,0
2026-01-13 11:55:00,PCS-01,374.7793099660575,-28.72206732137375,27.072322642098563,0
2026-01-13 12:00:00,PCS-01,386.0666871112121,-2.55244144151211,31.493099569540462,0
2026-01-13 12:05:00,PCS-01,383.7014819693338,0.8939270879596773,31.350448076428915,0
2026-01-13 12:10:00,PCS-01,379.95393402736346,88.04141866285696,27.43225811244533,0
2026-01-13 12:15:00,PCS-01,381.56270016410815,-40.15774600806633,29.11210037219798,0
2026-01-13 12:20:00,PCS-01,377.07962506024325,-76.25757655498991,33.06246487101545,0
2026-01-13 12:25:00,PCS-01,382.46231425685994,4.8988437872989685,26.826028024042074,0
2026-01-13 12:30:00,PCS-01,382.5390570415685,-4.5648176121256245,29.106770309442563,0
2026-01-13 12:35:00,PCS-01,380.955962487281,16.48891361386665,29.217621177976927,0
2026-01-13 12:40:00,PCS-01,381.1068550537762,12.66606747713026,29.175668040544416,0
2026-01-13 12:45:00,PCS-01,378.91283530778213,-7.782018555097175,28.474308240467042,0
2026-01-13 12:50:00,PCS-01,378.02214830285567,-4.009017997359424,24.016174480575113,0
2026-01-13 12:55:00,PCS-01,381.1812070319383,126.28003887303039,30.502046940520202,0
2026-01-13 13:00:00,PCS-01,379.1348452246559,35.330064228166194,27.22265981157359,0
2026-01-13 13:05:00,PCS-01,380.7412274350242,18.090969184107653,22.762251165740167,0
2026-01-13 13:10:00,PCS-01,377.8942181620965,-25.08561077768774,26.04424362772565,0
2026-01-13 13:15:00,PCS-01,381.30752428076704,-6.657839906640207,25.574520073265084,0
2026-01-13 13:20:00,PCS-01,375.7583312112803,-23.684449439084542,29.24483795369394,0
2026-01-13 13:25:00,PCS-01,381.48371937150915,3.226828017490868,28.99846490846161,0
2026-01-13 13:30:00,PCS-01,382.60667444193604,-32.56168562980585,27.655658491987108,0
2026-01-13 13:35:00,PCS-01,377.7886607943505,9.16213049649806,24.170523947519808,0
2026-01-13 13:40:00,PCS-01,382.56389527858636,-82.578464267472,25.462124229569955,0
2026-01-13 13:45:00,PCS-01,376.32231591486635,-62.98054854823454,29.09501410838608,0
2026-01-13 13:50:00,PCS-01,382.2876466167464,-56.79439610279944,25.86772141948523,0
2026-01-13 13:55:00,PCS-01,381.3732239785871,56.98345613431105,32.46372558623174,0
2026-01-13 14:00:00,PCS-01,376.5880328998101,1.7923225749811866,33.39535611401884,0
2026-01-13 14:05:00,PCS-01,381.96387015036413,-22.827501448816506,28.1384825298147,0
2026-01-13 14:10:00,PCS-01,378.3672300435229,21.005758933701692,25.779109073351787,0
2026-01-13 14:15:00,PCS-01,379.81012046886656,-47.04200699074934,32.95736157393668,0
2026-01-13 14:20:00,PCS-01,378.78581362092643,-45.49146078592982,31.930759202041155,0
2026-01-13 14:25:00,PCS-01,382.8871653039864,-21.202125331738536,31.392635971772787,0
2026-01-13 14:30:00,PCS-01,378.9692299111826,-32.10813425767013,29.555734677744546,0
2026-01-13 14:35:00,PCS-01,381.1736763053385,12.635786424638765,29.333022308934112,0
2026-01-13 14:40:00,PCS-01,375.6546962017876,-3.0910639844493497,29.48686897828503,0
2026-01-13 14:45:00,PCS-01,381.91244231083715,-25.115799242429766,28.245693681249303,0
2026-01-13 14:50:00,PCS-01,378.9385251816133,-24.865213235034652,29.494434170347294,0
2026-01-13 14:55:00,PCS-01,382.15959106302233,4.608170007754703,31.745947214165973,0
2026-01-13 15:00:00,PCS-01,377.90437144815326,-64.54495044256603,27.35925599756635,0
2026-01-13 15:05:00,PCS-01,376.05711077329704,-31.20739200667604,26.573790597644322,0
2026-01-13 15:10:00,PCS-01,378.3630401082707,19.62255575014646,28.22957892446106,0
2026-01-13 15:15:00,PCS-01,373.439574520723,14.177285564685977,27.212739682277586,0
2026-01-13 15:20:00,PCS-01,382.18235033505033,37.252754837779925,28.459599257330893,0
2026-01-13 15:25:00,PCS-01,383.3912194452096,47.07331004062378,27.6791144747296,0
2026-01-13 15:30:00,PCS-01,382.3006428499011,-19.37025406777411,24.175032561197565,0
2026-01-13 15:35:00,PCS-01,379.28389225889265,-4.240310862423802,22.661843783837693,0
2026-01-13 15:40:00,PCS-01,378.27080545371336,-42.294830908177225,29.192343171772578,0
2026-01-13 15:45:00,PCS-01,381.20061564796293,41.58803812176713,29.05347298654658,0
2026-01-13 15:50:00,PCS-01,383.16668032149687,-7.105007941667551,29.09213376846995,0
2026-01-13 15:55:00,PCS-01,380.66828442044414,-13.950877798172641,24.747764524500642,0
2026-01-13 16:00:00,PCS-01,374.6942067497465,-34.912910261357496,29.82566851109069,0
2026-01-13 16:05:00,PCS-01,380.5350156016681,-35.81378138991508,33.4241220640449,0
2026-01-13 16:10:00,PCS-01,374.88425791551,15.207902759816555,26.967839484775954,0
2026-01-13 16:15:00,PCS-01,382.17836027078255,-12.478013452298269,34.20608081234107,0
2026-01-13 16:20:00,PCS-01,378.99809541004436,18.62763494218561,32.420857500002,0
2026-01-13 16:25:00,PCS-01,383.1670436733334,-15.357999368046233,29.76035736204114,0
2026-01-13 16:30:00,PCS-01,376.30318133264456,18.564143208836885,29.43049541125888,0
2026-01-13 16:35:00,PCS-01,380.5100378319951,7.819606725670148,24.424245138654406,0
2026-01-13 16:40:00,PCS-01,388.7673089275533,-25.7486872521814,29.226033216323934,0
2026-01-13 16:45:00,PCS-01,376.29397752520714,-10.810923790664733,21.815632147482702,0
2026-01-13 16:50:00,PCS-01,377.55293495913395,-47.08858072084722,34.39560433146134,0
2026-01-13 16:55:00,PCS-01,381.6952996686985,-18.370678373835162,24.87142502367623,0
2026-01-13 17:00:00,PCS-01,378.0954514678123,-93.22882982329516,26.171714781882493,0
2026-01-13 17:05:00,PCS-01,382.7033904067585,2.5541597419832174,34.09359511738779,0
2026-01-13 17:10:00,PCS-01,384.7675118035558,18.26102440456824,32.6122711993072,0
2026-01-13 17:15:00,PCS-01,377.23580237387074,-30.425985536821894,24.33256918058187,0
2026-01-13 17:20:00,PCS-01,385.57624363138353,27.951504132385704,33.32328069988756,0
2026-01-13 17:25:00,PCS-01,380.43402498281915,-3.72010350200552,29.422766782648207,0
2026-01-13 17:30:00,PCS-01,382.2421458331201,42.31264773903702,28.179661288004798,0
2026-01-13 17:35:00,PCS-01,377.78113412101226,-28.72909816541575,30.61963711595152,0
2026-01-13 17:40:00,PCS-01,378.7780353835456,110.04852789145433,20.708877959054377,0
2026-01-13 17:45:00,PCS-01,381.07387131230524,-57.90990685564314,29.529548336114765,0
2026-01-13 17:50:00,PCS-01,379.6710020944703,-40.08908646368071,33.21600384838413,0
2026-01-13 17:55:00,PCS-01,381.6930558423216,13.595518861539608,29.923604424401454,0
2026-01-13 18:00:00,PCS-01,383.09150493205374,-7.7672167976366975,27.492468780205378,0
2026-01-13 18:05:00,PCS-01,376.3877340809178,78.61753425148481,23.65821961310526,0
2026-01-13 18:10:00,PCS-01,385.9272864638979,-94.74255371498329,28.082350819183862,0
2026-01-13 18:15:00,PCS-01,378.88319946635755,-81.46932439570698,28.467260146599465,0
2026-01-13 18:20:00,PCS-01,380.36873003899274,4.5638838849804495,23.48742143865021,0
2026-01-13 18:25:00,PCS-01,378.3935486564305,26.810157069911863,31.319728193311235,0
2026-01-13 18:30:00,PCS-01,381.9106673835853,-14.940646271648536,25.871053159527445,0
2026-01-13 18:35:00,PCS-01,378.4348279120973,21.904289539140432,24.747130056079143,0
2026-01-13 18:40:00,PCS-01,383.38843681698387,-15.721237287572345,25.59892059874709,0
2026-01-13 18:45:00,PCS-01,381.58448758165423,-63.20809237060572,26.468227312923403,0
2026-01-13 18:50:00,PCS-01,377.70738937505746,19.960441864283897,31.202636679748768,0
2026-01-13 18:55:00,PCS-01,384.34451489900573,-17.49054415793854,33.15966447615419,0
2026-01-13 19:00:00,PCS-01,382.51346083818396,33.46953778336615,22.97750175810279,0
2026-01-13 19:05:00,PCS-01,385.18199792257985,31.940143496627506,28.84834216496019,0
2026-01-13 19:10:00,PCS-01,381.72488224879993,-42.55107005657048,24.01588827628793,0
2026-01-13 19:15:00,PCS-01,378.1091475554109,12.62814094790981,31.460440372291114,0
2026-01-13 19:20:00,PCS-01,384.35742947815265,-41.35346940114061,31.43678084819756,0
2026-01-13 19:25:00,PCS-01,380.018391970638,-53.946483464938744,21.47368169937497,0
2026-01-13 19:30:00,PCS-01,381.3451665587481,-50.493084051620244,30.90059933851318,0
2026-01-13 19:35:00,PCS-01,380.5170565499937,36.112059718742714,31.618817538192467,0
2026-01-13 19:40:00,PCS-01,383.553454707284,-38.48935514644961,27.451644947235863,0
2026-01-13 19:45:00,PCS-01,385.76154079197585,-5.095065818036815,35.1790627432165,0
2026-01-13 19:50:00,PCS-01,381.72840477537636,69.40417564469175,28.091503187414272,0
2026-01-13 19:55:00,PCS-01,377.403592902695,21.692857603726885,20.82495989357814,0
2026-01-13 20:00:00,PCS-01,376.7727332830609,83.29874228897174,27.80917120234855,0
2026-01-13 20:05:00,PCS-01,381.32452062925256,-36.475899315099504,29.179323598238927,0
2026-01-13 20:10:00,PCS-01,379.98269149956514,40.05316302192769,28.249556568790773,0
2026-01-13 20:15:00,PCS-01,381.457268412713,25.673706575237834,26.99445659549954,0
2026-01-13 20:20:00,PCS-01,375.77860765739945,10.070900549475827,26.88245210349469,0
2026-01-13 20:25:00,PCS-01,380.70051736200236,-61.00343387912358,29.806840687134713,0
2026-01-13 20:30:00,PCS-01,378.69843233316163,-28.61849528632403,32.443598723649885,0
2026-01-13 20:35:00,PCS-01,378.2671445945403,-38.86316542150091,28.860876585696587,0
2026-01-13 20:40:00,PCS-01,383.1008346955818,-47.6760628770714,29.964800209375387,0
2026-01-13 20:45:00,PCS-01,384.98578258466216,-15.988983856469348,27.627663204100923,0
2026-01-13 20:50:00,PCS-01,381.242412123301,29.675097252094233,21.252474939827376,0
2026-01-13 20:55:00,PCS-01,375.94791304340487,-40.965242386530186,24.79141538856608,0
2026-01-13 21:00:00,PCS-01,385.32105489926994,-1.0994229532814839,30.55969902317827,0
2026-01-13 21:05:00,PCS-01,383.5717235950792,25.30750590109537,28.88104381960898,0
2026-01-13 21:10:00,PCS-01,381.23535051313286,17.405406995591576,24.313890398183712,0
2026-01-13 21:15:00,PCS-01,386.3732244243724,-25.60708960845082,28.427625787352063,0
2026-01-13 21:20:00,PCS-01,381.6221924137045,33.30398553789747,31.978513453709223,0
2026-01-13 21:25:00,PCS-01,380.5838895186691,30.424143765947512,26.17501840941938,0
2026-01-13 21:30:00,PCS-01,382.05902433730785,14.686170833192683,28.992586101913368,0
2026-01-13 21:35:00,PCS-01,378.1350500770907,-22.430624662003726,22.98736842153814,0
2026-01-13 21:40:00,PCS-01,379.9082873282043,9.877600372525533,30.767719613327756,0
2026-01-13 21:45:00,PCS-01,382.1802942950773,19.857131514872457,28.135060611912785,0
2026-01-13 21:50:00,PCS-01,382.3386570187073,-14.141717989092557,25.370710579315965,0
2026-01-13 21:55:00,PCS-01,381.88947056626336,-68.97204355450198,24.763980435759326,0
2026-01-13 22:00:00,PCS-01,382.44065167883804,19.03886315180376,33.12694840450116,0
2026-01-13 22:05:00,PCS-01,375.16599107484507,-33.654357228855,30.70372603602421,0
2026-01-13 22:10:00,PCS-01,382.8271306098769,1.360342935543715,31.011782939092143,0
2026-01-13 22:15:00,PCS-01,383.37504052202144,-51.19903693422316,29.507564296124226,0
2026-01-13 22:20:00,PCS-01,379.677905836099,-55.3121472371073,30.77533359641119,0
2026-01-13 22:25:00,PCS-01,375.86073805199476,35.81132916797635,26.19397065629939,0
2026-01-13 22:30:00,PCS-01,381.1138264600914,12.248807052187408,28.778302666619197,0
2026-01-13 22:35:00,PCS-01,375.2780698562887,29.55015876061942,26.997270690720967,0
2026-01-13 22:40:00,PCS-01,377.7998472440762,45.423156224511054,22.857382282949324,0
2026-01-13 22:45:00,PCS-01,385.0071694445876,5.990658521643671,31.498052296298653,0
2026-01-13 22:50:00,PCS-01,381.12131800892286,9.05886088101793,29.015218722629662,0
2026-01-13 22:55:00,PCS-01,384.9691596614264,-35.177858645758654,29.269704801353523,0
2026-01-13 23:00:00,PCS-01,376.49592470380776,2.8360969625894255,30.22830068041858,0
2026-01-13 23:05:00,PCS-01,379.0588903373846,-11.928824694986044,31.359800227878047,0
2026-01-13 23:10:00,PCS-01,381.554183266273,-1.7559760406084584,23.771611549964398,0
2026-01-13 23:15:00,PCS-01,379.0514420574272,36.88881317732759,28.54496489296805,0
2026-01-13 23:20:00,PCS-01,379.26836786232735,-75.21390986474788,28.845848715412558,0
2026-01-13 23:25:00,PCS-01,381.410730963758,40.12007845016649,22.38103746893973,0
2026-01-13 23:30:00,PCS-01,380.14086287980325,-50.02324548932126,29.40994726055325,0
2026-01-13 23:35:00,PCS-01,380.82915558105657,-2.427467195228816,26.59721776006556,0
2026-01-13 23:40:00,PCS-01,379.9013426008083,-13.318131631589122,28.586239488788532,0
2026-01-13 23:45:00,PCS-01,377.4409424886818,57.7293056169514,28.654803401598784,0
2026-01-13 23:50:00,PCS-01,378.64913537908825,-62.4914695717959,31.525688969909307,0
2026-01-13 23:55:00,PCS-01,379.0651757400203,-58.31781342373186,28.821828778345697,0
2026-01-14 00:00:00,PCS-01,382.7910542429779,43.500118066622676,28.035597021239145,0
2026-01-14 00:05:00,PCS-01,381.4623428182016,-33.65206268054375,28.310529871731617,0
2026-01-14 00:10:00,PCS-01,383.74169979021275,-26.760746414039062,31.384164817095964,0
2026-01-14 00:15:00,PCS-01,372.0620743365582,0.10554952943040583,26.346768878988723,0
2026-01-14 00:20:00,PCS-01,380.2746472742067,-6.9872582421798874,29.663416956422225,0
2026-01-14 00:25:00,PCS-01,378.5508635773985,19.748626929055188,27.41525050955011,0
2026-01-14 00:30:00,PCS-01,384.058642242428,14.713088231015545,29.05630226055248,0
2026-01-14 00:35:00,PCS-01,379.638728621741,-7.688173952671004,30.880468408901944,0
2026-01-14 00:40:00,PCS-01,379.39607717189944,-36.7771541266135,33.494200362908806,0
2026-01-14 00:45:00,PCS-01,382.5644148563605,22.626262155322813,27.71558185062987,0
2026-01-14 00:50:00,PCS-01,380.3061423600611,-14.2904970929908,31.51179643001963,0
2026-01-14 00:55:00,PCS-01,378.3152202283845,-19.987070752117052,25.268007609693132,0
2026-01-14 01:00:00,PCS-01,378.58124993753006,76.78724676206204,28.6929252208096,0
2026-01-14 01:05:00,PCS-01,383.5600305921004,34.425463485145585,27.478802997004454,0
2026-01-14 01:10:00,PCS-01,384.5261331520294,53.475396949855636,29.644892731306193,0
2026-01-14 01:15:00,PCS-01,377.3508403986646,47.720584699889876,27.707071776247727,0
2026-01-14 01:20:00,PCS-01,379.08176381084485,11.00996334433718,32.58017654391016,0
2026-01-14 01:25:00,PCS-01,378.4278317067072,16.391613424370068,31.52943545198703,0
2026-01-14 01:30:00,PCS-01,382.7324994341689,-10.412791171510843,29.484775789862994,0
2026-01-14 01:35:00,PCS-01,378.3175178764881,86.4727000587866,29.77679366837055,0
2026-01-14 01:40:00,PCS-01,383.03152518976276,56.10728127481472,31.133153659225776,0
2026-01-14 01:45:00,PCS-01,382.3069153595651,23.031631317625646,29.243943070305992,0
2026-01-14 01:50:00,PCS-01,379.8149140487711,48.379838532967085,29.15263967546843,0
2026-01-14 01:55:00,PCS-01,379.75089465909963,-3.434295243514203,29.67208803791096,0
2026-01-14 02:00:00,PCS-01,384.098024348518,5.8729744470552365,28.126421394399216,0
2026-01-14 02:05:00,PCS-01,377.9698843643469,49.81719356780371,25.668966038160537,0
2026-01-14 02:10:00,PCS-01,382.27558667273996,-39.36289263462973,28.290068320338587,0
2026-01-14 02:15:00,PCS-01,375.44554088449945,-14.394052004650797,26.130986702008183,0
2026-01-14 02:20:00,PCS-01,381.6044343773936,-37.75551286925919,21.609269681152394,0
2026-01-14 02:25:00,PCS-01,382.9205808792966,-8.343914276488364,26.376654151588344,0
2026-01-14 02:30:00,PCS-01,376.5615716269932,-21.454171187106418,29.074837111968705,0
2026-01-14 02:35:00,PCS-01,377.6646728316667,-29.62704834094316,33.37308637046249,0
2026-01-14 02:40:00,PCS-01,375.0866418358721,18.26126943032239,25.646173562739843,0
2026-01-14 02:45:00,PCS-01,383.478277316465,29.419970928825805,26.79560043798063,0
2026-01-14 02:50:00,PCS-01,373.85194101099944,21.797776131611112,27.875161515586278,0
2026-01-14 02:55:00,PCS-01,377.38644115042814,2.620385862192099,26.224186237149848,0
2026-01-14 03:00:00,PCS-01,377.2000824555035,12.242701476055721,28.857285016431415,0
2026-01-14 03:05:00,PCS-01,379.98937703161215,0.824144477778008,30.86448431111309,0
2026-01-14 03:10:00,PCS-01,373.3628543183014,-3.082976583620376,28.46585878357158,0
2026-01-14 03:15:00,PCS-01,379.3772161433344,1.7094695860271196,31.833572957193113,0
2026-01-14 03:20:00,PCS-01,383.65746982232343,9.07694359832858,30.075678967936977,0
2026-01-14 03:25:00,PCS-01,376.4516423750417,-53.02298826375277,28.261684783836245,0
2026-01-14 03:30:00,PCS-01,376.30058604623804,13.056969331058516,27.533495366030277,0
2026-01-14 03:35:00,PCS-01,379.02005898303884,-105.95094791896418,26.425249723570357,0
2026-01-14 03:40:00,PCS-01,380.5718176587617,38.315983072940746,24.42044577909634,0
2026-01-14 03:45:00,PCS-01,381.50647950615786,-35.96943338119275,26.927507236642523,0
2026-01-14 03:50:00,PCS-01,372.0518008533396,-61.92434693562137,24.876749147191617,0
2026-01-14 03:55:00,PCS-01,381.51974443671565,-5.522738223920043,28.963119984901834,0
2026-01-14 04:00:00,PCS-01,379.89685660616937,-41.51517738156719,30.81970376215634,0
2026-01-14 04:05:00,PCS-01,382.1594172264082,-6.618996161791484,25.90000595796517,0
2026-01-14 04:10:00,PCS-01,383.34681706920566,47.14372057036773,31.58434032243927,0
2026-01-14 04:15:00,PCS-01,384.85461415300716,16.46046244027697,27.081711412147033,0
2026-01-14 04:20:00,PCS-01,377.95627668432144,28.207153943200517,27.792431159965087,0
2026-01-14 04:25:00,PCS-01,381.06242359182846,-47.80905265055233,32.36908759689546,0
2026-01-14 04:30:00,PCS-01,377.94654717789354,-52.31144149989284,25.21525641624806,0
2026-01-14 04:35:00,PCS-01,375.98831530609135,33.03072951752308,20.079721788014748,0
2026-01-14 04:40:00,PCS-01,385.23832115371204,-23.67402468522473,24.731156299199917,0
2026-01-14 04:45:00,PCS-01,380.8752998210583,63.48914317248932,24.72427540359488,0
2026-01-14 04:50:00,PCS-01,376.5596395707897,62.62523807655052,30.447490890676754,0
2026-01-14 04:55:00,PCS-01,384.741972624369,-3.2980904292710473,28.593532903816985,0
2026-01-14 05:00:00,PCS-01,374.0162124967421,40.31760837829418,27.98236784112608,0
2026-01-14 05:05:00,PCS-01,377.32412958575014,23.13198189101353,29.50353250867768,0
2026-01-14 05:10:00,PCS-01,380.4853478186868,-36.05818991397103,27.789061546773265,0
2026-01-14 05:15:00,PCS-01,382.28471233700134,-45.49931365804991,25.62240683058998,0
2026-01-14 05:20:00,PCS-01,380.48801440246865,-26.35757364763302,29.938554939576406,0
2026-01-14 05:25:00,PCS-01,378.7704901989356,-37.704915679974874,26.38558381241093,0
2026-01-14 05:30:00,PCS-01,382.9523720431484,-45.78270312779635,30.663434908750023,0
2026-01-14 05:35:00,PCS-01,382.8069148222146,-9.993606979700346,27.858248794191006,0
2026-01-14 05:40:00,PCS-01,379.0857586934959,-37.39241805615369,31.91304965729797,0
2026-01-14 05:45:00,PCS-01,378.2469765404543,20.151065108000235,26.82951375314305,0
2026-01-14 05:50:00,PCS-01,381.322594337193,13.243915496784691,34.582152014441576,0
2026-01-14 05:55:00,PCS-01,380.88874209505894,-23.62867722272008,31.308809315889214,0
2026-01-14 06:00:00,PCS-01,379.3737423537917,10.640328044501322,27.16405589676807,0
2026-01-14 06:05:00,PCS-01,377.15038608629425,-44.155695603130894,24.059438734356565,0
2026-01-14 06:10:00,PCS-01,376.2334674895355,3.3155572043328183,26.32482392718021,0
2026-01-14 06:15:00,PCS-01,380.0605541336635,41.15119089059079,29.89947052652378,0
2026-01-14 06:20:00,PCS-01,380.5343102841595,25.521919025620953,28.489292866844007,0
2026-01-14 06:25:00,PCS-01,384.6554272594868,-14.208564913917254,27.10286609617544,0
2026-01-14 06:30:00,PCS-01,380.3648024680201,17.22308351237534,24.321241623905955,0
2026-01-14 06:35:00,PCS-01,377.54226783646186,63.631789540535294,27.234949416892945,0
2026-01-14 06:40:00,PCS-01,385.0996448153814,-27.247298621380175,26.056915106666327,0
2026-01-14 06:45:00,PCS-01,379.36564465263785,92.95878616438154,27.80402541568672,0
2026-01-14 06:50:00,PCS-01,377.16849273839796,-40.21929641468588,26.337160929581994,0
2026-01-14 06:55:00,PCS-01,380.6829310769034,45.04811435063498,28.115780969500314,0
2026-01-14 07:00:00,PCS-01,379.5450261652996,13.480343325960112,32.37650027139682,0
2026-01-14 07:05:00,PCS-01,384.11114859645727,-15.627355024284144,31.29177608106066,0
2026-01-14 07:10:00,PCS-01,375.480710938219,-44.81716783726121,25.381291050773548,0
2026-01-14 07:15:00,PCS-01,377.85760091491215,-34.50552229727575,27.613101183139747,0
2026-01-14 07:20:00,PCS-01,378.9695605471966,-17.476728076685973,29.574400980777362,0
2026-01-14 07:25:00,PCS-01,381.48776065432634,-12.946674337995285,26.41444831754688,0
2026-01-14 07:30:00,PCS-01,382.6071810245732,-31.143322773156335,26.657748582968512,0
2026-01-14 07:35:00,PCS-01,374.1095623490833,11.437600100304415,31.310049159781435,0
2026-01-14 07:40:00,PCS-01,380.6080721527988,9.789250445835496,24.783279485522208,0
2026-01-14 07:45:00,PCS-01,379.20415725540914,46.85228086087974,26.003975467987694,0
2026-01-14 07:50:00,PCS-01,377.65519402715785,10.488647489826974,26.074525243113577,0
2026-01-14 07:55:00,PCS-01,383.32571876050025,-15.364488351901763,31.674799188285945,0
2026-01-14 08:00:00,PCS-01,377.86947495852985,-45.269916056498545,27.687352462229047,0
2026-01-14 08:05:00,PCS-01,376.77249134174883,-20.57840217870077,30.553439149839065,0
2026-01-14 08:10:00,PCS-01,382.1153237816933,70.21421451727291,24.496736118381357,0
2026-01-14 08:15:00,PCS-01,379.8518993634604,-54.60159688043547,21.4266038300536,0
2026-01-14 08:20:00,PCS-01,381.6043725409276,20.658428824055314,27.568512041619485,0
2026-01-14 08:25:00,PCS-01,383.2646031746227,-45.11587605622453,27.27332052810384,0
2026-01-14 08:30:00,PCS-01,380.12220852183475,9.628754117014635,31.354739053575262,0
2026-01-14 08:35:00,PCS-01,379.060915521245,-47.87304241789903,28.87260988638829,0
2026-01-14 08:40:00,PCS-01,381.7226635265056,101.9680973478436,35.25199400179005,0
2026-01-14 08:45:00,PCS-01,378.9034875919938,-9.055072832931929,26.722861688520513,0
2026-01-14 08:50:00,PCS-01,377.8732083613615,9.090212977376643,29.00436400961835,0
2026-01-14 08:55:00,PCS-01,380.42552047034786,-39.22323275095301,31.943850027702993,0
2026-01-14 09:00:00,PCS-01,377.56389752693485,31.838099193770542,24.531532895267745,0
2026-01-14 09:05:00,PCS-01,381.3293005623058,29.91436334993903,28.553002646162785,0
2026-01-14 09:10:00,PCS-01,380.3971520169697,-2.96557135958205,26.299297066472658,0
2026-01-14 09:15:00,PCS-01,381.82459264349075,31.9447867808309,23.654987547325376,0
2026-01-14 09:20:00,PCS-01,387.48146487414414,-48.535097946516316,30.074968311198717,0
2026-01-14 09:25:00,PCS-01,379.17841303997074,47.591329256557174,27.041680552991014,0
2026-01-14 09:30:00,PCS-01,378.49109091034967,1.0041738333866699,27.2402515696696,0
2026-01-14 09:35:00,PCS-01,382.9744694381592,-44.02738520267239,28.30154249465332,0
2026-01-14 09:40:00,PCS-01,381.9061840344693,-1.5353137137980812,30.73578589969275,0
2026-01-14 09:45:00,PCS-01,378.0131377465122,-35.40448877312732,26.471423494160256,0
2026-01-14 09:50:00,PCS-01,380.66818104474663,-63.21464763358058,32.720898056677484,0
2026-01-14 09:55:00,PCS-01,378.56511290564794,-34.09887864394029,27.510483746258917,0
2026-01-14 10:00:00,PCS-01,383.25599401298757,37.79005708436816,26.268918202018924,0
2026-01-14 10:05:00,PCS-01,380.43842817059596,52.96069681143833,28.352383221391992,0
2026-01-14 10:10:00,PCS-01,378.8401257255783,22.955304926518473,34.77174929553817,0
2026-01-14 10:15:00,PCS-01,379.50253575231926,-1.8507090960196089,20.869014615203255,0
2026-01-14 10:20:00,PCS-01,382.4427803827278,-17.389070904718725,26.93046773345323,0
2026-01-14 10:25:00,PCS-01,380.77205541143684,0.3238150709265196,27.273348174216533,0
2026-01-14 10:30:00,PCS-01,384.63693688189187,-5.030121155162152,28.239595628029303,0
2026-01-14 10:35:00,PCS-01,375.6554963150981,-17.295702011528967,23.10104240989195,0
2026-01-14 10:40:00,PCS-01,377.39984603807125,-6.635538380045983,30.467595162705067,0
2026-01-14 10:45:00,PCS-01,377.64486259644923,17.85989209313867,29.8537007625217,0
2026-01-14 10:50:00,PCS-01,377.7167743563595,-27.633686813566673,28.67780880469904,0
2026-01-14 10:55:00,PCS-01,381.9207046504817,18.377407848128623,26.825813299206118,0
2026-01-14 11:00:00,PCS-01,378.8218207103332,23.443730664414282,31.669339497881637,0
2026-01-14 11:05:00,PCS-01,381.1658755839753,-8.758314835800366,27.38914307636323,0
2026-01-14 11:10:00,PCS-01,377.7611336891315,6.675187131004731,31.637897314562764,0
2026-01-14 11:15:00,PCS-01,382.61226588973443,10.02005182639126,27.21280820953522,0
2026-01-14 11:20:00,PCS-01,381.1905161032992,39.479001791326894,26.69623431111473,0
2026-01-14 11:25:00,PCS-01,377.15227000223797,-72.717353907322,27.991277189295214,0
2026-01-14 11:30:00,PCS-01,380.72441907810304,-89.08261110293424,26.68296855592791,0
2026-01-14 11:35:00,PCS-01,377.90736374968475,31.4347253410695,28.650172345404876,0
2026-01-14 11:40:00,PCS-01,381.0892214479064,-91.2824416165198,28.470805827068713,0
2026-01-14 11:45:00,PCS-01,383.69668653821316,-26.484094146708124,30.3453089928574,0
2026-01-14 11:50:00,PCS-01,379.9615193205543,4.214439143434768,29.22001915466001,0
2026-01-14 11:55:00,PCS-01,383.99488015690497,-36.347851710578894,31.223958567377025,0
2026-01-14 12:00:00,PCS-01,378.0363989068205,7.4681281448923915,29.07484698409164,0
2026-01-14 12:05:00,PCS-01,382.43132851349304,57.72091754776015,21.336143015148043,0
2026-01-14 12:10:00,PCS-01,379.58346031684096,25.43161512189758,29.492916344066526,0
2026-01-14 12:15:00,PCS-01,389.2501601128001,-50.97181960315733,31.766283252265183,0
2026-01-14 12:20:00,PCS-01,383.4127027455758,-5.7695527726927995,30.016505423953216,0
2026-01-14 12:25:00,PCS-01,384.65665247827815,44.87653537366131,24.300620187657838,0
2026-01-14 12:30:00,PCS-01,381.6197117928941,20.724062535119625,27.12429813534855,0
2026-01-14 12:35:00,PCS-01,381.6091459448582,70.65292362875299,28.999280456476654,0
2026-01-14 12:40:00,PCS-01,379.26821469506814,-33.435535367966196,31.043589290949374,0
2026-01-14 12:45:00,PCS-01,382.293814467321,-57.16969991330896,24.33947518853423,0
2026-01-14 12:50:00,PCS-01,375.79141360411353,-24.487270419414667,28.521770509288533,0
2026-01-14 12:55:00,PCS-01,378.2610397994318,25.71623897138947,26.0966450121826,0
2026-01-14 13:00:00,PCS-01,378.6927743788012,32.53680365972352,29.687171571170225,0
2026-01-14 13:05:00,PCS-01,374.08869458353405,-10.728609179690078,29.393747776282837,0
2026-01-14 13:10:00,PCS-01,378.8002203063819,-7.882862440446462,33.00855083680037,0
2026-01-14 13:15:00,PCS-01,382.73485046139655,-50.27066595998615,26.394173517998915,0
2026-01-14 13:20:00,PCS-01,380.059244051776,37.04642359718647,32.05610384434269,0
2026-01-14 13:25:00,PCS-01,384.78444617959804,9.084831587450985,27.951218464855565,0
2026-01-14 13:30:00,PCS-01,378.7341046979062,-27.353779431759815,30.72050482582287,0
2026-01-14 13:35:00,PCS-01,383.19721608976135,-5.507943680220938,26.901679336148636,0
2026-01-14 13:40:00,PCS-01,383.2570062387305,-13.82212050697045,24.827268499840926,0
2026-01-14 13:45:00,PCS-01,377.9423106099528,-6.820848134496524,25.131568484583077,0
2026-01-14 13:50:00,PCS-01,376.234730859249,-24.843603177287143,28.451150657358944,0
2026-01-14 13:55:00,PCS-01,381.47256495060043,-13.931838705202768,31.200791650517093,0
2026-01-14 14:00:00,PCS-01,378.45859811877125,23.673086526128095,29.167717416311024,0
2026-01-14 14:05:00,PCS-01,380.25948714594136,-20.889688701115958,30.68973884026922,0
2026-01-14 14:10:00,PCS-01,380.77390152820294,-15.094834858539322,29.190038038819488,0
2026-01-14 14:15:00,PCS-01,379.84218806245605,-12.769604914884196,21.061189093993928,0
2026-01-14 14:20:00,PCS-01,380.2994633040669,9.919897326729632,28.85162885213342,0
2026-01-14 14:25:00,PCS-01,379.24507875657605,81.54702799788052,26.64737337603705,0
2026-01-14 14:30:00,PCS-01,382.2611352224904,56.36905520862631,25.80005242693792,0
2026-01-14 14:35:00,PCS-01,383.39985282944895,92.33095868052763,26.71505530527992,0
2026-01-14 14:40:00,PCS-01,381.2091000283841,66.63794859195802,28.276246386363702,0
2026-01-14 14:45:00,PCS-01,376.9472119107011,-20.736808196097954,33.51003102736444,0
2026-01-14 14:50:00,PCS-01,379.79787217986893,27.914077359433485,27.182559312471266,0
2026-01-14 14:55:00,PCS-01,384.8880964710453,31.273376303490956,29.01314878404169,0
2026-01-14 15:00:00,PCS-01,378.35784533457564,11.843768894580586,25.312325684465765,0
2026-01-14 15:05:00,PCS-01,377.97800031018966,-12.432431214769515,27.091043199480062,0
2026-01-14 15:10:00,PCS-01,381.9383626614246,8.51566325302885,25.08746079909275,0
2026-01-14 15:15:00,PCS-01,379.2889637132117,-0.6644335329977563,29.87161892434961,0
2026-01-14 15:20:00,PCS-01,382.7342335427295,77.4887594416906,27.75434768238248,0
2026-01-14 15:25:00,PCS-01,384.8220735081725,53.68946610446841,26.134400285966905,0
2026-01-14 15:30:00,PCS-01,378.8750057468318,-2.410453916592894,26.319646554241523,0
2026-01-14 15:35:00,PCS-01,376.7505963273485,37.43633701413756,21.665098834303798,0
2026-01-14 15:40:00,PCS-01,372.94132484887075,-47.895378450585966,29.40927471684122,0
2026-01-14 15:45:00,PCS-01,381.84010814776366,38.70655732487633,32.06429073684946,0
2026-01-14 15:50:00,PCS-01,377.73587924092465,-20.034871651091212,31.065998783866263,0
2026-01-14 15:55:00,PCS-01,377.47683688241455,-13.6055150316359,28.808606761865896,0
2026-01-14 16:00:00,PCS-01,378.9939473903846,-24.55697750650662,29.17289614359559,0
2026-01-14 16:05:00,PCS-01,378.6373137221748,-9.232716857581122,30.76623664199389,0
2026-01-14 16:10:00,PCS-01,378.1009949249083,-30.76767095041238,26.571504913206535,0
2026-01-14 16:15:00,PCS-01,376.72641035888137,-38.76879591526381,28.13118276234917,0
2026-01-14 16:20:00,PCS-01,380.4700893489272,-23.90077472020932,29.559670835617855,0
2026-01-14 16:25:00,PCS-01,374.55169436362945,68.8488684103953,27.82986808935701,0
2026-01-14 16:30:00,PCS-01,375.6831867705753,0.8107890909205011,29.68911634799376,0
2026-01-14 16:35:00,PCS-01,383.546056294384,-35.397106854283976,30.338251773677758,0
2026-01-14 16:40:00,PCS-01,383.86843913956886,-45.77198888538839,25.697976155949785,0
2026-01-14 16:45:00,PCS-01,378.60942854670105,74.39505807545257,21.050522225680435,0
2026-01-14 16:50:00,PCS-01,375.56469479246715,-39.24875013242722,25.28473124013552,0
2026-01-14 16:55:00,PCS-01,383.67687512290007,29.679312794389855,22.54068607622655,0
2026-01-14 17:00:00,PCS-01,380.4460200304755,73.47905669614237,31.00670190083717,0
2026-01-14 17:05:00,PCS-01,381.82949960892677,-2.9792270428456242,25.47442653088257,0
2026-01-14 17:10:00,PCS-01,380.57594239366574,9.008532293946958,29.63912156737742,0
2026-01-14 17:15:00,PCS-01,383.544036196573,-22.985358804737658,24.41161474319533,0
2026-01-14 17:20:00,PCS-01,378.05278446846256,-45.594508437830605,27.571488125361316,0
2026-01-14 17:25:00,PCS-01,382.0763351803273,-10.35290129816821,26.24987196522693,0
2026-01-14 17:30:00,PCS-01,376.9510564635364,-38.22268171127608,28.422475301554023,0
2026-01-14 17:35:00,PCS-01,378.6187354491082,43.7186853296264,29.848541516432096,0
2026-01-14 17:40:00,PCS-01,378.99637090167346,6.920165718802301,28.530819070579582,0
2026-01-14 17:45:00,PCS-01,378.5253493471544,69.12864405545044,29.396530140616086,0
2026-01-14 17:50:00,PCS-01,384.021643357802,-12.060988172573948,24.72289969518648,0
2026-01-14 17:55:00,PCS-01,375.84615243739825,0.8500802217526527,27.02229784344735,0
2026-01-14 18:00:00,PCS-01,373.11307117696606,-1.8970114393342223,22.021725437190927,0
2026-01-14 18:05:00,PCS-01,378.4498405645467,-21.81703585943593,26.034418445530903,0
2026-01-14 18:10:00,PCS-01,379.70078552356705,-74.29193946834337,27.68311912889243,0
2026-01-14 18:15:00,PCS-01,380.438338842768,-9.648358983156871,30.04022939726935,0
2026-01-14 18:20:00,PCS-01,372.6512741859663,18.492634772897336,31.716783218899625,0
2026-01-14 18:25:00,PCS-01,383.17744260800123,-7.146249279095135,30.247270571568478,0
2026-01-14 18:30:00,PCS-01,382.91214729544686,-36.382608676247166,32.711535811668284,0
2026-01-14 18:35:00,PCS-01,385.5797759702857,-16.94989325763974,23.490342689925065,0
2026-01-14 18:40:00,PCS-01,376.4932633996381,-34.39887935738224,24.65977417262856,0
2026-01-14 18:45:00,PCS-01,379.3414292053494,41.666488546555044,35.96145442757183,0
2026-01-14 18:50:00,PCS-01,374.3307862215797,44.16097819629737,29.223126436209178,0
2026-01-14 18:55:00,PCS-01,383.64972559095037,-29.365584418361536,27.279731886907314,0
2026-01-14 19:00:00,PCS-01,380.67491275728696,2.39369770127357,18.828590735157224,0
2026-01-14 19:05:00,PCS-01,376.36081994820324,9.409667209286187,25.847655362477393,0
2026-01-14 19:10:00,PCS-01,375.2158930450254,59.16689583586387,29.77609825433408,0
2026-01-14 19:15:00,PCS-01,377.1581499852573,-37.85661377319279,28.868443633549816,0
2026-01-14 19:20:00,PCS-01,378.5838628462371,51.86571683259643,28.513974653687427,0
2026-01-14 19:25:00,PCS-01,379.28463467417214,-33.848278166609205,22.427930215770484,0
2026-01-14 19:30:00,PCS-01,378.0645284001975,-16.050942865118046,27.207929024237018,0
2026-01-14 19:35:00,PCS-01,384.0711227817057,40.58838061946055,31.48316473326981,0
2026-01-14 19:40:00,PCS-01,380.7872932852706,34.02108543350332,28.145746580220965,0
2026-01-14 19:45:00,PCS-01,378.79002207403823,41.76661347987975,28.22071181973881,0
2026-01-14 19:50:00,PCS-01,383.41274278750353,31.136093908988776,29.625082906866837,0
2026-01-14 19:55:00,PCS-01,384.8258712919563,2.1306028601641525,27.475552377950507,0
2026-01-14 20:00:00,PCS-01,381.31464231243274,61.36783061814698,28.116943474930167,0
2026-01-14 20:05:00,PCS-01,379.69475558938086,-31.735615549083196,25.046307011893024,0
2026-01-14 20:10:00,PCS-01,378.6516995220461,-3.275589678600113,31.379955099005624,0
2026-01-14 20:15:00,PCS-01,375.17868699573205,27.880450274839244,23.173994926542747,0
2026-01-14 20:20:00,PCS-01,384.2401988622995,63.607229456709746,26.689926824244285,0
2026-01-14 20:25:00,PCS-01,385.7804980958401,-55.37673066352812,27.492175605122544,0
2026-01-14 20:30:00,PCS-01,378.2458098351804,-54.28929937089051,29.665777497023807,0
2026-01-14 20:35:00,PCS-01,381.95225231707184,-16.310429839860014,30.091861712010736,0
2026-01-14 20:40:00,PCS-01,387.4281181801595,-12.832611593349647,32.17249463437886,0
2026-01-14 20:45:00,PCS-01,375.63020430044764,-7.999117855761809,28.369377256718927,0
2026-01-14 20:50:00,PCS-01,381.05805375785246,42.41891954794008,28.870284527208522,0
2026-01-14 20:55:00,PCS-01,374.6066361135095,35.05940427312276,26.817997967596494,0
2026-01-14 21:00:00,PCS-01,378.5891008528353,-36.310845567381065,29.194133058051474,0
2026-01-14 21:05:00,PCS-01,381.03121983129427,-30.46839147929537,31.79273942165434,0
2026-01-14 21:10:00,PCS-01,383.21551495081934,-18.75559346141342,32.975218333289185,0
2026-01-14 21:15:00,PCS-01,380.13800060291493,12.238643492293917,27.092258703453734,0
2026-01-14 21:20:00,PCS-01,376.5942289622979,-9.968271764315826,29.1964251526146,0
2026-01-14 21:25:00,PCS-01,380.4770446751029,-10.652714338259292,25.495100170429478,0
2026-01-14 21:30:00,PCS-01,382.49644260414067,-26.15505999689997,28.4287522198894,0
2026-01-14 21:35:00,PCS-01,379.5080624054077,-19.4985264204587,24.21362042150482,0
2026-01-14 21:40:00,PCS-01,378.37444074312106,-62.98895869573557,24.84562757707735,0
2026-01-14 21:45:00,PCS-01,380.2326303743495,11.479770343675977,29.878575353041388,0
2026-01-14 21:50:00,PCS-01,376.31702197575015,82.15677608213589,27.963913507158352,0
2026-01-14 21:55:00,PCS-01,377.56677214977236,-18.166821885796907,32.48144538716841,0
2026-01-14 22:00:00,PCS-01,381.88791708938106,13.257695501368865,31.670874379820425,0
2026-01-14 22:05:00,PCS-01,376.17434904105545,71.25125999161318,27.18836869836651,0
2026-01-14 22:10:00,PCS-01,376.7457518275492,-22.358594585597235,26.63328548476578,0
2026-01-14 22:15:00,PCS-01,375.1310463196716,-25.41187722308271,27.273180035850977,0
2026-01-14 22:20:00,PCS-01,378.586049292042,-14.247505063954627,27.94024513628254,0
2026-01-14 22:25:00,PCS-01,380.4000644369871,-52.6179919494042,23.69099756507655,0
2026-01-14 22:30:00,PCS-01,372.1633620789986,-22.381501091237258,27.461883036356053,0
2026-01-14 22:35:00,PCS-01,382.87798311839884,18.63849282737326,25.30563364243316,0
2026-01-14 22:40:00,PCS-01,378.61213060758064,-48.037299274242244,30.332271651147725,0
2026-01-14 22:45:00,PCS-01,379.81402398846444,33.87619683287803,27.201021636390927,0
2026-01-14 22:50:00,PCS-01,380.5820383319929,2.604182959405473,25.41625150455813,0
2026-01-14 22:55:00,PCS-01,379.51055696994223,17.874474398357442,26.274725140141236,0
2026-01-14 23:00:00,PCS-01,371.3013591359827,-39.67586979714174,26.88853410858051,0
2026-01-14 23:05:00,PCS-01,375.1895499435892,-7.282177881094649,28.32922536641923,0
2026-01-14 23:10:00,PCS-01,378.5268520715731,-77.84941594766963,31.508181601027047,0
2026-01-14 23:15:00,PCS-01,379.2856402533235,-25.71533349064701,27.02298907872147,0
2026-01-14 23:20:00,PCS-01,381.4520024563415,6.526940208479928,31.46984072252716,0
2026-01-14 23:25:00,PCS-01,379.99663217645224,-16.072314853446326,25.31211365994303,0
2026-01-14 23:30:00,PCS-01,376.8497124094965,-59.864051738476284,30.01538604376215,0
2026-01-14 23:35:00,PCS-01,380.01357026676203,29.834543237176927,27.088838030652155,0
2026-01-14 23:40:00,PCS-01,385.39184173578593,17.62748164580421,31.568066549244246,0
2026-01-14 23:45:00,PCS-01,382.57230834238266,19.776340054393874,28.221641288296254,0
2026-01-14 23:50:00,PCS-01,380.4164427470833,49.24674210610634,24.55552147491168,0
2026-01-14 23:55:00,PCS-01,380.2054028099704,22.334965133119585,25.359876641974267,0
2026-01-15 00:00:00,PCS-01,379.48056054419754,28.786534456772095,27.11722241013541,0
2026-01-15 00:05:00,PCS-01,380.33119619562086,-39.419310135480366,29.658166834174672,0
2026-01-15 00:10:00,PCS-01,372.79271723140823,34.700921929265476,29.897554883247103,0
2026-01-15 00:15:00,PCS-01,377.49031080599923,6.2020055504956195,30.847883916106895,0
2026-01-15 00:20:00,PCS-01,378.4605088273968,-18.452176406796706,29.139381487857264,0
2026-01-15 00:25:00,PCS-01,380.59648920731547,-21.38372273301862,30.1616925940773,0
2026-01-15 00:30:00,PCS-01,380.13010616835305,46.913095527642945,25.581937001757744,0
2026-01-15 00:35:00,PCS-01,378.7012051503674,9.84244152086557,27.091679920139754,0
2026-01-15 00:40:00,PCS-01,380.4844423980192,-0.8463760143647597,32.87560348423766,0
2026-01-15 00:45:00,PCS-01,383.03915675744673,4.122585149333313,23.301079275101007,0
2026-01-15 00:50:00,PCS-01,381.8962328531343,-33.23670314934877,26.8305056068902,0
2026-01-15 00:55:00,PCS-01,376.1982670127456,-17.43768301393851,28.79491854668176,0
2026-01-15 01:00:00,PCS-01,381.5912431597667,-1.9503011711294556,27.405163244962477,0
2026-01-15 01:05:00,PCS-01,380.1228021720969,39.9696228204843,26.600763919983134,0
2026-01-15 01:10:00,PCS-01,376.42135935206596,20.12191325161848,25.612528986944227,0
2026-01-15 01:15:00,PCS-01,381.4087186566168,68.15112633639347,24.549897767481458,0
2026-01-15 01:20:00,PCS-01,379.7202884125913,-51.36167882129709,28.02531073719757,0
2026-01-15 01:25:00,PCS-01,380.22704028013646,-48.106964948251814,24.887275649888736,0
2026-01-15 01:30:00,PCS-01,382.60179362724335,-32.571337405004435,32.36698801254494,0
2026-01-15 01:35:00,PCS-01,378.66722894611286,66.47933878448127,26.02186821920944,0
2026-01-15 01:40:00,PCS-01,375.4646092817523,49.384714501021385,28.022885784473814,0
2026-01-15 01:45:00,PCS-01,378.8253129766686,4.47803739944863,26.92245499268751,0
2026-01-15 01:50:00,PCS-01,379.53779487736364,53.84007761532292,26.971064839409664,0
2026-01-15 01:55:00,PCS-01,376.71389426813045,5.061932726919349,26.97930331771889,0
2026-01-15 02:00:00,PCS-01,384.2720358964162,-27.901234400905604,27.844505644983666,0
2026-01-15 02:05:00,PCS-01,375.4716439190524,58.35151375885599,33.43851346690116,0
2026-01-15 02:10:00,PCS-01,379.1080396743119,58.8299287346727,27.38081456974987,0
2026-01-15 02:15:00,PCS-01,378.74283928421465,-45.192492852587414,25.089032913371966,0
2026-01-15 02:20:00,PCS-01,379.9577367567436,-66.76368992319097,34.82188605950861,0
2026-01-15 02:25:00,PCS-01,379.36836709884864,-121.10680150656981,24.161137572656138,0
2026-01-15 02:30:00,PCS-01,372.89849277912356,19.001852318626046,28.271464394534107,0
2026-01-15 02:35:00,PCS-01,378.65962791923283,33.02360415017449,30.275241468069048,0
2026-01-15 02:40:00,PCS-01,382.65096372973915,61.89624476921114,30.715408906207553,0
2026-01-15 02:45:00,PCS-01,378.42872166841204,45.66189416061765,22.466588896106348,0
2026-01-15 02:50:00,PCS-01,380.5150115762634,0.05537871255935339,29.643258715669578,0
2026-01-15 02:55:00,PCS-01,377.70601989112953,-0.619176120300402,26.951613991760482,0
2026-01-15 03:00:00,PCS-01,379.51418517907723,23.05885407237011,30.437458550081004,0
2026-01-15 03:05:00,PCS-01,377.6830802217339,24.6408028276957,24.28369677700973,0
2026-01-15 03:10:00,PCS-01,378.8924164697656,-16.62834608196538,26.66883580165735,0
2026-01-15 03:15:00,PCS-01,387.82949576017364,-17.918742535771383,28.739617139822688,0
2026-01-15 03:20:00,PCS-01,381.74730499375534,-27.936418147785524,35.67248641831806,0
2026-01-15 03:25:00,PCS-01,378.39198107227185,-8.75317974212616,30.793280416161796,0
2026-01-15 03:30:00,PCS-01,381.5566536701715,2.3928295569508298,31.887614937908282,0
2026-01-15 03:35:00,PCS-01,375.9438184817987,-5.675944274044746,23.664847886883464,0
2026-01-15 03:40:00,PCS-01,378.6832851711304,37.983172550425046,23.398918893033454,0
2026-01-15 03:45:00,PCS-01,383.8652064763981,29.905321306768297,28.38218284325181,0
2026-01-15 03:50:00,PCS-01,377.62329673660724,-23.232890943068796,31.128766163160023,0
2026-01-15 03:55:00,PCS-01,378.6724875441286,-60.18649539448292,23.4976170973025,0
2026-01-15 04:00:00,PCS-01,383.7899107574103,40.76041475785955,30.975794115190723,0
2026-01-15 04:05:00,PCS-01,377.7676580622963,-58.44921922168006,31.170353793669054,0
2026-01-15 04:10:00,PCS-01,379.43453735682937,-34.90835796938691,26.780355740186685,0
2026-01-15 04:15:00,PCS-01,382.5984208786916,-21.881119792394394,25.158694377658033,0
2026-01-15 04:20:00,PCS-01,377.9378034901411,28.331072422330625,28.74548136677794,0
2026-01-15 04:25:00,PCS-01,381.7868317951416,9.476715665657952,29.664118082054618,0
2026-01-15 04:30:00,PCS-01,383.10089642512503,99.78972120209598,23.961436968004254,0
2026-01-15 04:35:00,PCS-01,379.3015613758621,21.880079494021693,29.35100148403522,0
2026-01-15 04:40:00,PCS-01,378.3061412446639,-56.98114793314165,32.05371559734656,0
2026-01-15 04:45:00,PCS-01,379.87399765219914,-63.21571481840853,24.429711011275877,0
2026-01-15 04:50:00,PCS-01,377.35046326461054,-10.745560713294504,25.50993718785146,0
2026-01-15 04:55:00,PCS-01,377.9991455286805,-25.01652716648675,31.518149263509617,0
2026-01-15 05:00:00,PCS-01,381.13516540746065,-55.17839694455592,32.83211817927382,0
2026-01-15 05:05:00,PCS-01,385.6248903094332,14.29190918978825,26.991946878658773,0
2026-01-15 05:10:00,PCS-01,376.4265777779288,27.774356214597407,27.962590981410795,0
2026-01-15 05:15:00,PCS-01,379.08534777012335,147.63193214961103,23.446041009133374,0
2026-01-15 05:20:00,PCS-01,383.316412169597,-7.321521349080777,22.344630756214475,0
2026-01-15 05:25:00,PCS-01,380.90594144059145,16.86565702067522,28.286197025607486,0
2026-01-15 05:30:00,PCS-01,376.12701432094957,58.72901553696768,28.291503987155604,0
2026-01-15 05:35:00,PCS-01,382.1932952796475,115.0015482525133,21.78517780315421,0
2026-01-15 05:40:00,PCS-01,375.49032604513417,-71.41991202768679,31.281061286139483,0
2026-01-15 05:45:00,PCS-01,379.0374271810365,-16.138527557122927,30.232752391297176,0
2026-01-15 05:50:00,PCS-01,379.32246442849805,1.2877582431543249,26.194017275979565,0
2026-01-15 05:55:00,PCS-01,378.7378117721481,-58.59325195303964,29.060092478040044,0
2026-01-15 06:00:00,PCS-01,383.63777807886066,29.30960501376486,29.07045517129655,0
2026-01-15 06:05:00,PCS-01,380.1994084378334,2.7687754362147676,27.254661058985146,0
2026-01-15 06:10:00,PCS-01,377.19482543025487,4.2297828451983825,29.68053891362739,0
2026-01-15 06:15:00,PCS-01,383.24518885599275,3.2607159929302827,24.49951007682769,0
2026-01-15 06:20:00,PCS-01,379.0765099773708,-37.04411489467133,22.975989105483333,0
2026-01-15 06:25:00,PCS-01,379.833678755017,-22.371577760965565,25.018575316575678,0
2026-01-15 06:30:00,PCS-01,379.6538605807159,48.0816635526385,25.004239877289383,0
2026-01-15 06:35:00,PCS-01,378.719074865458,0.79629135483851,28.417368441971227,0
2026-01-15 06:40:00,PCS-01,380.23479832215924,-14.979868749634912,30.187664819855613,0
2026-01-15 06:45:00,PCS-01,380.80325072424733,3.9507118004483517,26.316335740952418,0
2026-01-15 06:50:00,PCS-01,376.0974002821844,-31.739381068006708,28.374521624972104,0
2026-01-15 06:55:00,PCS-01,376.17130360782994,66.48072542216855,23.13346914139485,0
2026-01-15 07:00:00,PCS-01,378.4673449516121,29.829386662985105,27.842883285863138,0
2026-01-15 07:05:00,PCS-01,380.89446922223766,62.364183470208346,23.211889988554244,0
2026-01-15 07:10:00,PCS-01,380.26762282923977,9.27951044215083,22.70934757250778,0
2026-01-15 07:15:00,PCS-01,377.46824918318333,-24.430637705577162,32.00151983854548,0
2026-01-15 07:20:00,PCS-01,387.1136176935725,24.88153527996819,26.212620246213792,0
2026-01-15 07:25:00,PCS-01,376.6223725346638,85.00665188865268,28.357968232536976,0
2026-01-15 07:30:00,PCS-01,377.2678842733094,11.953362202554398,28.42776806097513,0
2026-01-15 07:35:00,PCS-01,378.62463231797227,3.9552272121324727,26.284116359942406,0
2026-01-15 07:40:00,PCS-01,384.34120565794046,51.738185704987444,28.991633730010285,0
2026-01-15 07:45:00,PCS-01,381.2320235473296,-34.67639369209367,28.788417933738494,0
2026-01-15 07:50:00,PCS-01,381.2420478547949,33.04344972386842,28.019153558933084,0
2026-01-15 07:55:00,PCS-01,381.43554824236054,-66.85587552747997,30.85737616257387,0
2026-01-15 08:00:00,PCS-01,379.05350998000347,58.35023934913606,32.13885660556691,0
2026-01-15 08:05:00,PCS-01,384.65188422726186,27.788771131538414,27.116698104045888,0
2026-01-15 08:10:00,PCS-01,379.12063543969475,34.84361423708333,29.331016775984455,0
2026-01-15 08:15:00,PCS-01,378.64925670470194,-35.27748146933018,29.491507802954974,0
2026-01-15 08:20:00,PCS-01,376.0441213763423,59.43820260340274,25.149809309447622,0
2026-01-15 08:25:00,PCS-01,383.11829442065147,-49.593063481251576,29.87653157051126,0
2026-01-15 08:30:00,PCS-01,379.956051546679,-0.09373214574652393,29.487518986387524,0
2026-01-15 08:35:00,PCS-01,381.6416145435097,10.14302179813308,29.882893572941782,0
2026-01-15 08:40:00,PCS-01,377.3291129222758,13.501746847862295,26.16267377139083,0
2026-01-15 08:45:00,PCS-01,382.29949246499604,50.82766377207446,24.645158269381565,0
2026-01-15 08:50:00,PCS-01,375.11865096502873,-40.00052766235049,29.965248092747444,0
2026-01-15 08:55:00,PCS-01,381.0820804421904,26.614984323543265,29.340309227679665,0
2026-01-15 09:00:00,PCS-01,382.9098581685807,-44.25920570340917,29.89107186551557,0
2026-01-15 09:05:00,PCS-01,382.38980743140695,-2.584085914682179,32.30263438216193,0
2026-01-15 09:10:00,PCS-01,377.4677595993795,-67.51846982417831,24.392144834915882,0
2026-01-15 09:15:00,PCS-01,373.3872060501227,30.496930181351168,34.68740244956288,0
2026-01-15 09:20:00,PCS-01,379.8329050171485,-47.979623894714784,26.35801383454079,0
2026-01-15 09:25:00,PCS-01,382.8856259608988,54.866133584291525,22.278629000535545,0
2026-01-15 09:30:00,PCS-01,379.54444552944875,-32.697993789936085,31.251394636206275,0
2026-01-15 09:35:00,PCS-01,378.5444553107074,-7.176945140994845,24.760407620431934,0
2026-01-15 09:40:00,PCS-01,382.29920758408684,10.616037382434433,30.84519757631597,0
2026-01-15 09:45:00,PCS-01,375.87908111254535,-30.43625449750389,28.203953475269294,0
2026-01-15 09:50:00,PCS-01,380.40230160398403,-34.14838853077939,28.13934858620166,0
2026-01-15 09:55:00,PCS-01,378.72732096320243,-2.6413368926690723,25.53929323354634,0
2026-01-15 10:00:00,PCS-01,386.3069551897478,10.034756885084617,25.594086038795098,0
2026-01-15 10:05:00,PCS-01,379.0206222288016,12.489422862588386,27.1960907331693,0
2026-01-15 10:10:00,PCS-01,380.03809498492774,41.609984558919564,33.03510886648378,0
2026-01-15 10:15:00,PCS-01,381.38199656759997,27.93014322084347,25.297042595269595,0
2026-01-15 10:20:00,PCS-01,381.24004802091787,-3.1685915266991738,30.13167647499785,0
2026-01-15 10:25:00,PCS-01,375.32149745428245,-17.877913524407457,24.98993507749307,0
2026-01-15 10:30:00,PCS-01,384.6425644540625,11.90945149556537,29.395310038899805,0
2026-01-15 10:35:00,PCS-01,379.15998021067344,81.79833602338356,26.957089073179105,0
2026-01-15 10:40:00,PCS-01,377.00299038322964,18.81918937890704,28.689499221788605,0
2026-01-15 10:45:00,PCS-01,380.45781795743864,1.2640582759819885,33.44875949334163,0
2026-01-15 10:50:00,PCS-01,382.8528264634863,-10.099765587423096,27.86314051352561,0
2026-01-15 10:55:00,PCS-01,383.41556410230044,-19.907203978295907,28.481525961849016,0
2026-01-15 11:00:00,PCS-01,373.19786026808737,-8.284785473572377,28.113772764247,0
2026-01-15 11:05:00,PCS-01,376.95581673320953,-29.130687283169618,24.341326182656683,0
2026-01-15 11:10:00,PCS-01,383.76433356012706,29.226173098342144,27.28321955814053,0
2026-01-15 11:15:00,PCS-01,377.19760457127535,-9.996103181982356,27.257189324548836,0
2026-01-15 11:20:00,PCS-01,384.9714615526695,6.250434920553843,27.763927386283566,0
2026-01-15 11:25:00,PCS-01,379.62569965208826,-21.717188734418258,30.25180546078034,0
2026-01-15 11:30:00,PCS-01,376.8038877799271,-32.330933048310676,30.277166608081707,0
2026-01-15 11:35:00,PCS-01,381.96850452657395,24.773614405011987,23.50624498021504,0
2026-01-15 11:40:00,PCS-01,384.365136735862,-59.815786460453836,24.48403771237065,0
2026-01-15 11:45:00,PCS-01,380.6862215813109,-5.125402689847602,28.15665175532714,0
2026-01-15 11:50:00,PCS-01,387.4765104189122,-31.12672698748016,25.44011182645072,0
2026-01-15 11:55:00,PCS-01,379.9625863991721,43.035554918765094,30.30463037662387,0
2026-01-15 12:00:00,PCS-01,382.5180373461416,-60.01605161323978,23.895504316722864,0
2026-01-15 12:05:00,PCS-01,378.379507176613,-4.050480971785724,27.97525409347914,0
2026-01-15 12:10:00,PCS-01,373.6697249725378,-23.211035792684434,27.512204406512964,0
2026-01-15 12:15:00,PCS-01,384.22493437288443,12.955321120887689,26.895896887305042,0
2026-01-15 12:20:00,PCS-01,380.78455069728153,-28.503203888878854,25.49474331729626,0
2026-01-15 12:25:00,PCS-01,382.6506060393175,0.5612134337221396,29.604198582748275,0
2026-01-15 12:30:00,PCS-01,377.4029311903831,-46.38290299262934,29.245347954614072,0
2026-01-15 12:35:00,PCS-01,383.2328748804681,-37.940553152293084,31.991807933204502,0
2026-01-15 12:40:00,PCS-01,385.17246989654274,2.9525934062889094,28.108131825695114,0
2026-01-15 12:45:00,PCS-01,380.2243613812026,-21.039579507499123,28.520780647812337,0
2026-01-15 12:50:00,PCS-01,378.44111428308935,17.796762975310216,27.734518901429666,0
2026-01-15 12:55:00,PCS-01,386.1765009628628,96.9023823507305,32.85817368523951,0
2026-01-15 13:00:00,PCS-01,380.19669137110657,-49.86149960947684,25.59813746293168,0
2026-01-15 13:05:00,PCS-01,383.8138256719443,59.40280424495449,27.709775030921357,0
2026-01-15 13:10:00,PCS-01,382.8368935759871,-15.568823164953782,30.320316175206198,0
2026-01-15 13:15:00,PCS-01,380.57688174648416,10.811888961111126,26.053707819523996,0
2026-01-15 13:20:00,PCS-01,380.66483069392933,-65.27391514905732,23.604966423154238,0
2026-01-15 13:25:00,PCS-01,381.24161176285196,-23.28302178594372,36.074068678013475,0
2026-01-15 13:30:00,PCS-01,379.39823027895255,-5.590585630794092,37.70197012891956,0
2026-01-15 13:35:00,PCS-01,378.3362517260169,13.697655219826117,32.83058166668181,0
2026-01-15 13:40:00,PCS-01,377.02447360138405,-17.00106676670304,16.29597450203886,0
2026-01-15 13:45:00,PCS-01,384.95054357984935,11.030545553381913,27.862370441743803,0
2026-01-15 13:50:00,PCS-01,387.15759054323536,-70.24962168790277,23.475555230387638,0
2026-01-15 13:55:00,PCS-01,372.89112454556823,-18.721969886686416,26.973209287805126,0
2026-01-15 14:00:00,PCS-01,385.96454236684997,-62.58508231263205,29.738805025204105,0
2026-01-15 14:05:00,PCS-01,380.8053969748337,15.909473332776972,25.316285314196577,0
2026-01-15 14:10:00,PCS-01,386.10091052580935,6.561341345661635,36.775319267327866,0
2026-01-15 14:15:00,PCS-01,380.8965151413821,36.866677962454595,28.620664635862994,0
2026-01-15 14:20:00,PCS-01,378.8168266237405,97.1252222504798,24.624684152416396,0
2026-01-15 14:25:00,PCS-01,372.45553861809327,13.077267166637089,24.816305844599704,0
2026-01-15 14:30:00,PCS-01,377.8880825489244,-23.72523606429933,24.533183444375158,0
2026-01-15 14:35:00,PCS-01,377.17461589584076,67.15008016321981,21.511923919363532,0
2026-01-15 14:40:00,PCS-01,375.6298902401867,-28.964933510235156,33.45679962095337,0
2026-01-15 14:45:00,PCS-01,377.5734047750067,76.6239777326402,31.54046222035641,0
2026-01-15 14:50:00,PCS-01,380.91992206581364,11.839727246502463,30.988816583677572,0
2026-01-15 14:55:00,PCS-01,380.29247975330117,-7.385876666679002,24.77405343131013,0
2026-01-15 15:00:00,PCS-01,377.5128590047484,-37.96129454283727,28.00985451397524,0
2026-01-15 15:05:00,PCS-01,378.71701561195084,-4.8833058703494405,28.094037396948025,0
2026-01-15 15:10:00,PCS-01,380.0784200669213,-39.0920060356817,27.9671253804707,0
2026-01-15 15:15:00,PCS-01,384.1643973885573,-48.56978080668331,31.02472188461561,0
2026-01-15 15:20:00,PCS-01,380.7045261981024,41.70876473314932,26.01899257432302,0
2026-01-15 15:25:00,PCS-01,379.6800095668873,-86.07759584486062,27.811399902954857,0
2026-01-15 15:30:00,PCS-01,381.9008315514406,31.085427349020996,25.032205377168673,0
2026-01-15 15:35:00,PCS-01,376.9754958174177,-86.76312710820133,24.917226729731457,0
2026-01-15 15:40:00,PCS-01,379.6731710378388,90.18184454751167,31.346523199953598,0
2026-01-15 15:45:00,PCS-01,378.79210660360343,40.15544498812809,29.511775530968414,0
2026-01-15 15:50:00,PCS-01,378.08538167195536,-55.03264611960436,23.75013197623578,0
2026-01-15 15:55:00,PCS-01,379.3441077980286,10.596720267560741,23.301687656338217,0
2026-01-15 16:00:00,PCS-01,380.06082436194276,39.08653048684028,28.095642405971127,0
2026-01-15 16:05:00,PCS-01,384.1257940077645,-45.13944744766108,25.704028440309415,0
2026-01-15 16:10:00,PCS-01,378.1013961434259,-50.68117263091232,24.831996735297572,0
2026-01-15 16:15:00,PCS-01,376.98582867935926,51.948978445998044,31.62597134383582,0
2026-01-15 16:20:00,PCS-01,377.24632277908825,-28.54574214239518,28.507048566709635,0
2026-01-15 16:25:00,PCS-01,378.8878008968897,150.64899116158924,22.884252714998187,0
2026-01-15 16:30:00,PCS-01,381.51115838520315,-37.54724566799726,27.61867472645923,0
2026-01-15 16:35:00,PCS-01,373.6458768286921,-22.045707321821308,27.132372970547003,0
2026-01-15 16:40:00,PCS-01,376.00947378485193,-34.57938420138539,27.39041674776164,0
2026-01-15 16:45:00,PCS-01,383.1674008995955,-14.576011635896382,21.6060063167375,0
2026-01-15 16:50:00,PCS-01,371.0073378501697,23.033352725815103,22.874958343835974,0
2026-01-15 16:55:00,PCS-01,375.81414528186,-9.78593125155255,29.872652160132738,0
2026-01-15 17:00:00,PCS-01,382.74021440755973,-41.489302531603165,27.98898775406056,0
2026-01-15 17:05:00,PCS-01,380.4474660190358,11.541121012911866,21.48629777287626,0
2026-01-15 17:10:00,PCS-01,386.5707668413156,32.704741550585574,29.541339145206727,0
2026-01-15 17:15:00,PCS-01,380.22716801603923,-70.5512052018709,25.588593809303052,0
2026-01-15 17:20:00,PCS-01,384.2784606976384,6.8722340834610876,29.542935015798793,0
2026-01-15 17:25:00,PCS-01,381.66627667472267,-2.4978530093694835,30.47304790749897,0
2026-01-15 17:30:00,PCS-01,377.21185242264755,21.860366022968996,27.13096760735468,0
2026-01-15 17:35:00,PCS-01,383.7524983245852,-29.385716850356257,25.829097925717637,0
2026-01-15 17:40:00,PCS-01,377.21107471280436,-11.712017791674945,25.77667712068707,0
2026-01-15 17:45:00,PCS-01,383.4694448137951,64.51851874957951,29.923760629382553,0
2026-01-15 17:50:00,PCS-01,379.9258540534329,-47.09759773378748,26.415193726270207,0
2026-01-15 17:55:00,PCS-01,378.43835311402097,51.601032700043774,25.78552191634285,0
2026-01-15 18:00:00,PCS-01,381.0773352942093,14.774861940899344,33.52327954557385,0
2026-01-15 18:05:00,PCS-01,376.9549176443838,-53.572157266672775,26.445804828531685,0
2026-01-15 18:10:00,PCS-01,386.6580705034045,-9.728585980802446,29.689939281116587,0
2026-01-15 18:15:00,PCS-01,382.51835996453616,48.29322553086441,32.19251763184436,0
2026-01-15 18:20:00,PCS-01,376.30161853307675,-63.34097390808384,25.95370631938035,0
2026-01-15 18:25:00,PCS-01,378.59316231808555,24.577851852344367,30.579199144778226,0
2026-01-15 18:30:00,PCS-01,383.2203543413532,83.95689432853062,25.202623511202805,0
2026-01-15 18:35:00,PCS-01,381.04010709563534,86.00338600247314,31.399387113097312,0
2026-01-15 18:40:00,PCS-01,381.9546373588243,-34.9489451947243,27.77283892622717,0
2026-01-15 18:45:00,PCS-01,384.40799739517786,78.39742291344261,25.664410605943594,0
2026-01-15 18:50:00,PCS-01,386.040237463598,15.122611546524938,28.518031802564817,0
2026-01-15 18:55:00,PCS-01,381.73049702301324,10.911538997582603,26.64924190089441,0
2026-01-15 19:00:00,PCS-01,371.95987060505337,63.82819040418898,29.990768194907574,0
2026-01-15 19:05:00,PCS-01,381.9872201960886,74.9752863513142,33.00361370316589,0
2026-01-15 19:10:00,PCS-01,383.7279707079449,-31.16287835175257,22.613857702307868,0
2026-01-15 19:15:00,PCS-01,383.6665713389911,63.384524647859486,26.140612259244353,0
2026-01-15 19:20:00,PCS-01,378.8026856586351,22.76254741432622,30.07888245537278,0
2026-01-15 19:25:00,PCS-01,380.71243981828565,13.49367724753308,30.621030843425757,0
2026-01-15 19:30:00,PCS-01,383.4158166830095,42.45702625835668,25.40663550351411,0
2026-01-15 19:35:00,PCS-01,383.2842812351585,130.55276871352496,30.76144499739095,0
2026-01-15 19:40:00,PCS-01,377.3696610304497,-39.371073991697926,25.888177773036848,0
2026-01-15 19:45:00,PCS-01,382.29368039186716,-1.9966213356007854,25.965823531408155,0
2026-01-15 19:50:00,PCS-01,377.4142223206919,-43.12375366661971,33.71455450707839,0
2026-01-15 19:55:00,PCS-01,379.16476662039616,-0.8858467822365945,26.075995201071986,0
2026-01-15 20:00:00,PCS-01,383.6122854763799,-52.03844101924936,28.396490846759537,0
2026-01-15 20:05:00,PCS-01,378.615897211266,-31.065225923106365,30.572980089951912,0
2026-01-15 20:10:00,PCS-01,376.9110066962035,-17.093505893359932,29.26786335787048,0
2026-01-15 20:15:00,PCS-01,377.5777808617311,-21.159666374592963,26.527685367402185,0
2026-01-15 20:20:00,PCS-01,381.352385976602,33.701757540257574,30.189203026067506,0
2026-01-15 20:25:00,PCS-01,381.354464272726,33.7490437431172,25.35041685655943,0
2026-01-15 20:30:00,PCS-01,378.4987866234103,-7.860037710185952,25.918570411155027,0
2026-01-15 20:35:00,PCS-01,379.26121903287645,-90.30793217512863,29.460920728496255,0
2026-01-15 20:40:00,PCS-01,380.39920332193066,-35.961712084051534,34.47090184616006,0
2026-01-15 20:45:00,PCS-01,382.19223540341443,-1.8099114021792373,29.17740806648382,0
2026-01-15 20:50:00,PCS-01,376.6504306688101,14.853880472002386,26.97361051978895,0
2026-01-15 20:55:00,PCS-01,376.16964990683346,-54.103822384587204,25.77743528890399,0
2026-01-15 21:00:00,PCS-01,378.60483425721947,35.34599491044051,29.15432355458368,0
2026-01-15 21:05:00,PCS-01,378.4337138900732,-42.25085283680822,27.030533827761797,0
2026-01-15 21:10:00,PCS-01,372.67407178883025,-10.326847000182529,27.40684407374076,0
2026-01-15 21:15:00,PCS-01,382.7378391056567,-12.188543510014105,28.236080205782194,0
2026-01-15 21:20:00,PCS-01,381.59860829301687,-1.6671195464888586,31.692564568231052,0
2026-01-15 21:25:00,PCS-01,378.5458975793145,80.93121799845478,28.49199047468936,0
2026-01-15 21:30:00,PCS-01,374.8188894250832,10.944333711859656,26.453334109960647,0
2026-01-15 21:35:00,PCS-01,379.18020945030173,26.34708420113912,32.931923500200426,0
2026-01-15 21:40:00,PCS-01,374.2114709392669,32.69877720940637,25.166006850111152,0
2026-01-15 21:45:00,PCS-01,378.6463736424633,-74.92967848485102,24.204622837980125,0
2026-01-15 21:50:00,PCS-01,378.20811490709457,-57.97132767459378,26.80916942640176,0
2026-01-15 21:55:00,PCS-01,376.39710412728135,-51.0267134435663,26.739935730738623,0
2026-01-15 22:00:00,PCS-01,382.51472395797083,9.875907831969288,30.177452387236393,0
2026-01-15 22:05:00,PCS-01,376.84958022493396,-2.254750441102602,30.35510390593772,0
2026-01-15 22:10:00,PCS-01,384.755354822238,-98.28139149385264,24.590410894521998,0
2026-01-15 22:15:00,PCS-01,376.5618670799848,65.00766033454995,29.047856208137308,0
2026-01-15 22:20:00,PCS-01,379.10758886065423,31.888598362637225,29.04486311731382,0
2026-01-15 22:25:00,PCS-01,373.62114550308826,126.25333293628785,31.469555092837272,0
2026-01-15 22:30:00,PCS-01,386.48968359506995,20.11341260966095,30.27776755595711,0
2026-01-15 22:35:00,PCS-01,379.3623125971896,34.01772406828825,26.327617221425655,0
2026-01-15 22:40:00,PCS-01,375.2697880812967,26.01455129810332,28.657910923464218,0
2026-01-15 22:45:00,PCS-01,375.0283350161197,16.78643838630854,27.31675085633947,0
2026-01-15 22:50:00,PCS-01,383.5787581716592,53.54699255627388,23.913722784403923,0
2026-01-15 22:55:00,PCS-01,380.0533405804982,9.142319269522458,32.01723052624356,0
2026-01-15 23:00:00,PCS-01,378.58033427503165,5.656994506789685,29.974436315399643,0
2026-01-15 23:05:00,PCS-01,377.5974909569949,-34.741763840428995,25.847047482571348,0
2026-01-15 23:10:00,PCS-01,376.5450995452399,-30.645067489928937,30.15998052018493,0
2026-01-15 23:15:00,PCS-01,379.21802598555973,35.74672453279126,27.578631080829258,0
2026-01-15 23:20:00,PCS-01,377.1483849305408,-4.091022584081486,29.568994239771644,0
2026-01-15 23:25:00,PCS-01,385.53172051434836,-55.86848292418385,27.20941587555655,0
2026-01-15 23:30:00,PCS-01,377.6550154109653,-15.865134135355758,23.605029617278802,0
2026-01-15 23:35:00,PCS-01,380.85411849300704,-28.607527557613448,29.882343088662875,0
2026-01-15 23:40:00,PCS-01,377.82132214114944,92.71237815465604,27.08717360920334,0
2026-01-15 23:45:00,PCS-01,378.69395173382543,55.950778817965414,30.35594348444614,0
2026-01-15 23:50:00,PCS-01,375.51917415256736,-30.63187831454947,28.250273378388464,0
2026-01-15 23:55:00,PCS-01,380.5374908069555,76.50038065189948,26.631273009983634,0
2026-01-16 00:00:00,PCS-01,379.2343433447182,-52.60422865469688,26.16740494448814,0
2026-01-16 00:05:00,PCS-01,381.64473230466996,-45.43491938220314,30.995753926015414,0
2026-01-16 00:10:00,PCS-01,378.0791869002178,45.1890513114852,29.436862396169776,0
2026-01-16 00:15:00,PCS-01,382.8987925057338,73.60200767210621,27.5090451320307,0
2026-01-16 00:20:00,PCS-01,382.2235106062886,10.473444811375458,24.36628673889624,0
2026-01-16 00:25:00,PCS-01,383.02289276498277,-68.42516887777629,26.871150732055252,0
2026-01-16 00:30:00,PCS-01,374.5505947403043,18.876046948465742,31.15645232082824,0
2026-01-16 00:35:00,PCS-01,379.60050667167,13.655976557488454,30.103892846836654,0
2026-01-16 00:40:00,PCS-01,378.82351167808395,47.54202403147439,32.0484625046261,0
2026-01-16 00:45:00,PCS-01,376.94881046685964,-24.822995367065637,19.778016732967235,0
2026-01-16 00:50:00,PCS-01,378.09313625588874,26.395112356012277,24.809092231903158,0
2026-01-16 00:55:00,PCS-01,386.2202550414596,36.4779797009455,25.96297229452994,0
2026-01-16 01:00:00,PCS-01,379.21902730874785,51.33861686682026,26.922220044889553,0
2026-01-16 01:05:00,PCS-01,380.88056020711883,-37.83904165783979,30.017222932878887,0
2026-01-16 01:10:00,PCS-01,379.3347272475168,55.15964255502393,28.430306312994116,0
2026-01-16 01:15:00,PCS-01,379.12044471572574,-14.57798854202133,23.13638821877501,0
2026-01-16 01:20:00,PCS-01,381.7624362916271,22.613194535466107,33.621208139585235,0
2026-01-16 01:25:00,PCS-01,379.3361905981996,16.147320524129785,27.54138231279901,0
2026-01-16 01:30:00,PCS-01,386.7431428873698,34.750781988933085,27.97628931715665,0
2026-01-16 01:35:00,PCS-01,381.0483394121636,-32.285751816401174,28.948070272781088,0
2026-01-16 01:40:00,PCS-01,376.80427216857885,21.02161559847985,24.18470701768007,0
2026-01-16 01:45:00,PCS-01,380.9308580994621,3.3200446049923347,26.725845911421,0
2026-01-16 01:50:00,PCS-01,380.23574669173894,24.866463870450012,24.61485014333999,0
2026-01-16 01:55:00,PCS-01,381.4251607265394,31.711797040322626,30.93267549855551,0
2026-01-16 02:00:00,PCS-01,375.7204972903673,78.09867383875203,30.149434626036143,0
2026-01-16 02:05:00,PCS-01,376.27369415316525,-41.70497429798398,30.09948318111998,0
2026-01-16 02:10:00,PCS-01,384.39697502351476,19.59268252301019,25.094872885433738,0
2026-01-16 02:15:00,PCS-01,379.4539997383637,41.837026334458315,27.50078062644086,0
2026-01-16 02:20:00,PCS-01,382.79301770391896,-22.024882237133603,29.143654302744654,0
2026-01-16 02:25:00,PCS-01,381.7697281136596,-26.6632591512015,23.743176499457718,0
2026-01-16 02:30:00,PCS-01,378.80275348345236,50.533203883162315,29.283023997783253,0
2026-01-16 02:35:00,PCS-01,377.79310702188405,-3.823500178830617,24.153003516407125,0
2026-01-16 02:40:00,PCS-01,383.37815636127635,-28.137043726765146,27.365544857412736,0
2026-01-16 02:45:00,PCS-01,380.0589571119944,60.73357358565946,22.140189864027896,0
2026-01-16 02:50:00,PCS-01,376.9742614020537,74.97685790074713,23.35901812752054,0
2026-01-16 02:55:00,PCS-01,375.98578340718,-1.5718611022284859,24.600082512698847,0
2026-01-16 03:00:00,PCS-01,384.03083467739657,20.11048259082394,26.704733849113058,0
2026-01-16 03:05:00,PCS-01,380.650837449386,66.95897175193949,24.8317610636764,0
2026-01-16 03:10:00,PCS-01,386.63758677686354,-69.2202856396674,30.537303884496044,0
2026-01-16 03:15:00,PCS-01,380.41348198703673,-1.0291972916644203,31.156257138510288,0
2026-01-16 03:20:00,PCS-01,376.1386311056361,12.497776380754939,25.87871325063971,0
2026-01-16 03:25:00,PCS-01,380.08497131268194,-7.96690822763095,31.866059398997024,0
2026-01-16 03:30:00,PCS-01,381.196788647336,62.89717599000832,29.18321265821359,0
2026-01-16 03:35:00,PCS-01,379.00462587405593,-6.921075923762943,19.82275220165438,0
2026-01-16 03:40:00,PCS-01,378.82771212328186,-50.08038784051641,27.65529233998741,0
2026-01-16 03:45:00,PCS-01,376.91065814345814,16.804198246092188,23.41264741120389,0
2026-01-16 03:50:00,PCS-01,381.2658007840787,-26.118183278522828,27.394460447013245,0
2026-01-16 03:55:00,PCS-01,390.3056655425259,-61.10180022056046,23.97540310874662,0
2026-01-16 04:00:00,PCS-01,380.0804913441635,-4.699534755979436,25.39344360952067,0
2026-01-16 04:05:00,PCS-01,382.71896034239944,28.115416636955523,24.67768490443973,0
2026-01-16 04:10:00,PCS-01,380.0116744034898,37.41007397352965,27.576715523666653,0
2026-01-16 04:15:00,PCS-01,384.2079279997228,-49.82149344316578,29.62970322770613,0
2026-01-16 04:20:00,PCS-01,376.0187134101496,43.220139914954146,29.896872514138636,0
2026-01-16 04:25:00,PCS-01,380.40356899622924,-4.510662018058806,26.109135989702395,0
2026-01-16 04:30:00,PCS-01,379.296807154256,-60.721649293932856,30.73185059954212,0
2026-01-16 04:35:00,PCS-01,378.45431970398846,27.689572446065505,23.556893291073084,0
2026-01-16 04:40:00,PCS-01,380.6364370384146,-34.6695710880961,25.125365009391988,0
2026-01-16 04:45:00,PCS-01,382.6319858563028,21.3467467870344,25.15563154919558,0
2026-01-16 04:50:00,PCS-01,384.51655971043334,-5.034025260925278,22.865429762239152,0
2026-01-16 04:55:00,PCS-01,381.7444881823827,4.199203261041377,25.85593864648338,0
2026-01-16 05:00:00,PCS-01,378.74720087731265,-101.64386522664591,28.769378603454328,0
2026-01-16 05:05:00,PCS-01,384.88871285281095,104.00717988254976,32.07525146414847,0
2026-01-16 05:10:00,PCS-01,376.06571448714715,-85.05036927398129,35.242291639047686,0
2026-01-16 05:15:00,PCS-01,381.2828816229767,4.181202473578772,29.616881371224103,0
2026-01-16 05:20:00,PCS-01,378.2729062278653,-41.984553012983376,28.66725907724732,0
2026-01-16 05:25:00,PCS-01,380.8466197167829,37.99610417424711,31.437758072812272,0
2026-01-16 05:30:00,PCS-01,380.88605532798744,37.45516938988027,25.543995532700453,0
2026-01-16 05:35:00,PCS-01,377.7764198199485,-20.869932475612288,30.596509220700362,0
2026-01-16 05:40:00,PCS-01,380.68920127128433,-24.004940261241472,26.23836187480598,0
2026-01-16 05:45:00,PCS-01,380.48777722353213,78.41776787469375,29.107769569401533,0
2026-01-16 05:50:00,PCS-01,380.95555858310075,9.426241248869378,22.675645945253166,0
2026-01-16 05:55:00,PCS-01,382.089769876925,-7.074629268654115,26.72204969839755,0
2026-01-16 06:00:00,PCS-01,377.47075387164637,-48.76205350851492,32.13570623273453,0
2026-01-16 06:05:00,PCS-01,378.035928127081,-10.689871530229393,22.385063533658702,0
2026-01-16 06:10:00,PCS-01,373.85243389465387,11.334717079285904,27.941955824124726,0
2026-01-16 06:15:00,PCS-01,375.76403086590454,13.296124823122089,25.717277765372256,0
2026-01-16 06:20:00,PCS-01,380.95007642087074,32.936757940554756,31.52937261736586,0
2026-01-16 06:25:00,PCS-01,385.6891629307544,-7.023497345761892,31.247318250654647,0
2026-01-16 06:30:00,PCS-01,374.20478123085627,-54.976438961299024,26.57854427397649,0
2026-01-16 06:35:00,PCS-01,381.6879805408048,12.658791224251223,26.352361503485415,0
2026-01-16 06:40:00,PCS-01,379.2821330186733,51.390525001172584,26.71925921942733,0
2026-01-16 06:45:00,PCS-01,385.2636694332082,48.0556665225033,26.562050869444267,0
2026-01-16 06:50:00,PCS-01,378.03365392358916,-127.58085598904592,25.48590526303586,0
2026-01-16 06:55:00,PCS-01,377.8039396289688,68.6791288996809,27.458396797837008,0
2026-01-16 07:00:00,PCS-01,381.19911740246323,-50.06127395403972,23.577155748523765,0
2026-01-16 07:05:00,PCS-01,382.9682343237338,1.058404567133294,30.0006678903035,0
2026-01-16 07:10:00,PCS-01,380.89342522366405,-84.04818649840594,29.01568987223559,0
2026-01-16 07:15:00,PCS-01,383.91469505027135,10.989203859515568,23.3014980174994,0
2026-01-16 07:20:00,PCS-01,382.23943076567383,-52.73647611910064,26.588948385327555,0
2026-01-16 07:25:00,PCS-01,385.7278510206598,10.361538035930117,29.537987466587474,0
2026-01-16 07:30:00,PCS-01,385.6043510589301,-40.72768071925425,26.193615253104408,0
2026-01-16 07:35:00,PCS-01,377.4607600557909,13.810213457399795,33.30135718827758,0
2026-01-16 07:40:00,PCS-01,379.8156294705674,-16.16370861527188,28.57014839482169,0
2026-01-16 07:45:00,PCS-01,377.95188867318416,-55.57278780001227,28.993194841401902,0
2026-01-16 07:50:00,PCS-01,381.1757172286275,80.51370546806174,30.50457171322625,0
2026-01-16 07:55:00,PCS-01,382.59867064364323,59.845459980497196,26.786894259767188,0
2026-01-16 08:00:00,PCS-01,379.6752107753673,34.70718751098689,24.49012652837044,0
2026-01-16 08:05:00,PCS-01,377.6564059179026,3.9911095940449686,29.193031087013164,0
2026-01-16 08:10:00,PCS-01,380.85249060610624,-63.42298243300914,24.676787170015434,0
2026-01-16 08:15:00,PCS-01,379.3478110187732,37.32296612049386,28.75306162368031,0
2026-01-16 08:20:00,PCS-01,381.76224540088987,42.63586171438647,23.758060234876282,0
2026-01-16 08:25:00,PCS-01,379.3415871392571,-28.824402400658528,30.493353030260852,0
2026-01-16 08:30:00,PCS-01,385.4589329002148,-28.503514160758584,29.48279503140936,0
2026-01-16 08:35:00,PCS-01,382.43423013074323,14.972989496090241,23.99696826528723,0
2026-01-16 08:40:00,PCS-01,379.43598071679764,-5.16677318341448,29.379242898580202,0
2026-01-16 08:45:00,PCS-01,378.74929869231954,-12.028504884994405,24.56568969955303,0
2026-01-16 08:50:00,PCS-01,378.47163275650377,13.30196640515618,34.2294396168888,0
2026-01-16 08:55:00,PCS-01,380.882449108123,-6.809800294403523,32.727845257067166,0
2026-01-16 09:00:00,PCS-01,382.19809053891623,25.057133787738866,29.401286765102626,0
2026-01-16 09:05:00,PCS-01,379.28470536372,-13.118976744941397,26.839957700745504,0
2026-01-16 09:10:00,PCS-01,379.72677675789976,61.22166118159125,25.16258195486179,0
2026-01-16 09:15:00,PCS-01,377.87137354147484,-22.635353273826787,25.146613609690114,0
2026-01-16 09:20:00,PCS-01,385.91534468027925,-8.214474514303303,29.63395257584661,0
2026-01-16 09:25:00,PCS-01,379.6938066162061,-33.32829642474085,29.507697890984893,0
2026-01-16 09:30:00,PCS-01,379.57993834564945,-11.041272432749004,24.022844606186396,0
2026-01-16 09:35:00,PCS-01,377.71081202569707,-3.7908683413694133,30.902119527114454,0
2026-01-16 09:40:00,PCS-01,378.54014441317577,9.89834117526323,24.9241761484748,0
2026-01-16 09:45:00,PCS-01,380.2838457437602,0.07030267963868994,30.742035468570588,0
2026-01-16 09:50:00,PCS-01,380.7386962574901,5.211386814709281,35.34606558468063,0
2026-01-16 09:55:00,PCS-01,379.1243259806105,26.17220424822102,24.33080108323439,0
2026-01-16 10:00:00,PCS-01,378.3008683025739,-11.340827376346391,27.553772441483606,0
2026-01-16 10:05:00,PCS-01,382.10751028211206,39.748548072295776,27.13415228566147,0
2026-01-16 10:10:00,PCS-01,375.12544453451454,32.096659551831706,25.22467214992662,0
2026-01-16 10:15:00,PCS-01,379.2306959662112,15.743873643963987,26.129076777674058,0
2026-01-16 10:20:00,PCS-01,379.012158722458,64.10271759970622,31.79983191038076,0
2026-01-16 10:25:00,PCS-01,373.8889978423175,-7.657180183063078,24.676374506302764,0
2026-01-16 10:30:00,PCS-01,379.4203565819818,25.152911440056428,34.391396451080304,0
2026-01-16 10:35:00,PCS-01,380.4593978134186,-18.943246763934344,28.310457335568028,0
2026-01-16 10:40:00,PCS-01,385.65563101902336,-27.939344066978798,24.482659216720922,0
2026-01-16 10:45:00,PCS-01,383.4633159261167,6.159215819319307,29.137950735324864,0
2026-01-16 10:50:00,PCS-01,379.9369200354012,-27.817031765778076,29.845001611864724,0
2026-01-16 10:55:00,PCS-01,383.34320492537125,-31.83468067819918,23.292090835242192,0
2026-01-16 11:00:00,PCS-01,377.4021527234577,13.501630005537963,30.666039119087184,0
2026-01-16 11:05:00,PCS-01,382.6212756314077,-101.46167414664393,32.77938645594751,0
2026-01-16 11:10:00,PCS-01,382.5962497246076,20.900160953123343,26.9433919847765,0
2026-01-16 11:15:00,PCS-01,379.45741703945436,-29.482902212908897,29.955715764461075,0
2026-01-16 11:20:00,PCS-01,377.2960097489128,-51.12239844415016,30.072722814999253,0
2026-01-16 11:25:00,PCS-01,380.3639886256065,39.17772633949618,27.993324389798175,0
2026-01-16 11:30:00,PCS-01,378.9146749977557,10.143882583798003,27.965889296945477,0
2026-01-16 11:35:00,PCS-01,380.47375196678337,34.40815523426582,26.777323236230416,0
2026-01-16 11:40:00,PCS-01,382.89747690380955,-13.976243918996916,22.672472803604972,0
2026-01-16 11:45:00,PCS-01,375.299364120185,-78.28645894661618,26.209652748843848,0
2026-01-16 11:50:00,PCS-01,377.6271310980001,1.6033469240435962,28.271024565744792,0
2026-01-16 11:55:00,PCS-01,382.06946700043346,-32.15196057341497,28.85210279610972,0
2026-01-16 12:00:00,PCS-01,380.41917571960096,82.16086607674097,25.423012994391755,0
2026-01-16 12:05:00,PCS-01,382.2928015586733,46.04644415899432,24.12732371451822,0
2026-01-16 12:10:00,PCS-01,375.35174479253266,18.475851524288917,28.286908286223326,0
2026-01-16 12:15:00,PCS-01,372.9485104553493,1.9396936270169296,27.74396401857662,0
2026-01-16 12:20:00,PCS-01,376.09220792423486,2.8814012829450606,27.374636595358048,0
2026-01-16 12:25:00,PCS-01,376.2390834387733,84.84380809651734,27.57304369738226,0
2026-01-16 12:30:00,PCS-01,379.1094001190314,72.58079774059269,28.975285152955973,0
2026-01-16 12:35:00,PCS-01,383.8008117521321,22.059641992122604,31.62260744394575,0
2026-01-16 12:40:00,PCS-01,381.755456911151,-39.19810119029742,28.243019598583086,0
2026-01-16 12:45:00,PCS-01,380.88661771089954,-76.24622406184426,24.63780248797584,0
2026-01-16 12:50:00,PCS-01,380.584783344875,-0.44989184053191644,26.25109682249904,0
2026-01-16 12:55:00,PCS-01,382.68551413388775,-17.80763014594323,29.431579979293065,0
2026-01-16 13:00:00,PCS-01,379.16611594213305,14.813346202317248,29.847274070007746,0
2026-01-16 13:05:00,PCS-01,376.5815952925056,-30.640622526664124,29.485463199007246,0
2026-01-16 13:10:00,PCS-01,382.5064772490673,1.570149427760047,26.35236787940564,0
2026-01-16 13:15:00,PCS-01,374.4108230048527,34.22532065729831,29.336462208142837,0
2026-01-16 13:20:00,PCS-01,379.8562052971012,65.63914456058609,29.050813927199705,0
2026-01-16 13:25:00,PCS-01,373.2061361425054,-0.43360601956387135,25.830740198076004,0
2026-01-16 13:30:00,PCS-01,382.54794469167575,4.642931966823976,23.048402520772985,0
2026-01-16 13:35:00,PCS-01,376.49840361451845,40.19618060843895,26.655878341191485,0
2026-01-16 13:40:00,PCS-01,383.9799807926761,64.20553566104387,24.61417091314928,0
2026-01-16 13:45:00,PCS-01,378.533819631098,-42.21990104198666,25.321564338319302,0
2026-01-16 13:50:00,PCS-01,380.9075995349972,-44.225635153938455,29.422373843297787,0
2026-01-16 13:55:00,PCS-01,379.5613341753431,18.85286946942645,33.56706709338952,0
2026-01-16 14:00:00,PCS-01,382.1875937102628,8.200998365408822,25.61634290892217,0
2026-01-16 14:05:00,PCS-01,377.7525300805931,-22.677449962909346,28.286487979606356,0
2026-01-16 14:10:00,PCS-01,381.1830302943083,51.882108117227446,27.372700332251878,0
2026-01-16 14:15:00,PCS-01,377.42897470405467,47.42880003985965,28.196084739175152,0
2026-01-16 14:20:00,PCS-01,381.00118829867495,-7.6665335711484115,27.94726832685036,0
2026-01-16 14:25:00,PCS-01,380.42586622047224,-17.32121922886339,27.159539863707373,0
2026-01-16 14:30:00,PCS-01,377.25033056018736,24.069371060638176,33.47446819275274,0
2026-01-16 14:35:00,PCS-01,378.963366276153,-54.552800572362585,24.656545861340405,0
2026-01-16 14:40:00,PCS-01,384.1591432021592,-6.845059257111733,26.552842984290216,0
2026-01-16 14:45:00,PCS-01,377.3744786156246,-16.29026051789922,28.250169524265154,0
2026-01-16 14:50:00,PCS-01,376.6167460231369,-11.60188663542176,29.144311876784993,0
2026-01-16 14:55:00,PCS-01,381.28818810617645,4.345807958866065,26.754490809793186,0
2026-01-16 15:00:00,PCS-01,380.3860938371197,-13.393984149187165,30.77408870390975,0
2026-01-16 15:05:00,PCS-01,383.10129814033337,-6.814203064905198,29.035319598900056,0
2026-01-16 15:10:00,PCS-01,382.6464583943901,12.63647915901023,25.138157848096974,0
2026-01-16 15:15:00,PCS-01,379.1839607892359,25.925554382227137,27.686439294092118,0
2026-01-16 15:20:00,PCS-01,377.9890802965726,3.0066408262458566,27.525762092124452,0
2026-01-16 15:25:00,PCS-01,374.9943018293335,-16.828442238176994,26.260717096905253,0
2026-01-16 15:30:00,PCS-01,381.98489682312635,65.14672304144472,27.693505615383952,0
2026-01-16 15:35:00,PCS-01,379.50262066730346,-46.13579714706848,27.697141664615316,0
2026-01-16 15:40:00,PCS-01,383.1307634353102,-4.350914809634664,24.75057802461822,0
2026-01-16 15:45:00,PCS-01,381.2565922969339,34.73987287300874,21.617735091460524,0
2026-01-16 15:50:00,PCS-01,379.65360503210616,-92.69463166635128,23.487728409318525,0
2026-01-16 15:55:00,PCS-01,380.1741109784086,102.35158540360499,27.401229967200763,0
2026-01-16 16:00:00,PCS-01,382.30040307057703,53.35352120757211,26.379578186148517,0
2026-01-16 16:05:00,PCS-01,379.12318147126484,10.874874038197198,26.529695207352763,0
2026-01-16 16:10:00,PCS-01,382.5930753580484,37.64302828795861,28.57080201663975,0
2026-01-16 16:15:00,PCS-01,383.00827423992945,-16.31777645093324,21.96386994388939,0
2026-01-16 16:20:00,PCS-01,383.3536338500642,5.938383785276456,27.96497787998447,0
2026-01-16 16:25:00,PCS-01,380.88366224874517,-60.37351554779464,24.746033227425134,0
2026-01-16 16:30:00,PCS-01,381.30236017927973,16.847129914229395,31.87916104419981,0
2026-01-16 16:35:00,PCS-01,382.27142383946864,-20.784491885043778,25.156953361804927,0
2026-01-16 16:40:00,PCS-01,379.5418113258914,-29.476176154311556,31.29526629067214,0
2026-01-16 16:45:00,PCS-01,383.28098292318595,0.5709599646486729,24.469295446383587,0
2026-01-16 16:50:00,PCS-01,385.43375525084633,-3.6617341432760724,25.498717242807388,0
2026-01-16 16:55:00,PCS-01,376.2221990356875,-76.50709247919545,25.141225317716046,0
2026-01-16 17:00:00,PCS-01,380.67473030323276,-5.063448770372098,27.964290887795094,0
2026-01-16 17:05:00,PCS-01,384.7896933518984,22.3435654133962,31.10517551828848,0
2026-01-16 17:10:00,PCS-01,381.08185153073595,86.71849602662786,24.26749754181901,0
2026-01-16 17:15:00,PCS-01,378.8922554833543,31.14358100205029,24.237764598625827,0
2026-01-16 17:20:00,PCS-01,381.6550827035146,6.507274137834291,32.48614031588543,0
2026-01-16 17:25:00,PCS-01,383.5709720481553,-25.34145751476796,28.57749586884296,0
2026-01-16 17:30:00,PCS-01,375.75388783531236,11.462374400413209,26.962433978869047,0
2026-01-16 17:35:00,PCS-01,379.44652782120613,-4.152328221225855,27.166008520123697,0
2026-01-16 17:40:00,PCS-01,380.7723930670397,12.461528252616194,23.31341432358685,0
2026-01-16 17:45:00,PCS-01,378.0505217117211,-28.134187529209488,21.623853931162277,0
2026-01-16 17:50:00,PCS-01,379.58049934959325,-54.75232285371642,26.24976897941522,0
2026-01-16 17:55:00,PCS-01,383.41696520225713,-51.57556308063452,27.50959870801528,0
2026-01-16 18:00:00,PCS-01,379.47964178297093,-49.27477038520618,30.48879516722174,0
2026-01-16 18:05:00,PCS-01,384.0214018218092,-13.955214381693377,26.979247363412796,0
2026-01-16 18:10:00,PCS-01,379.2531074322274,31.960822514973287,29.925736974023675,0
2026-01-16 18:15:00,PCS-01,380.7249019322892,35.130847695059366,27.832278240541243,0
2026-01-16 18:20:00,PCS-01,379.9574263053119,-88.62442574234423,31.072795516571066,0
2026-01-16 18:25:00,PCS-01,380.63946995405746,27.839164841319462,28.15308859104903,0
2026-01-16 18:30:00,PCS-01,383.9409022588967,-20.37459988158664,27.387744494400252,0
2026-01-16 18:35:00,PCS-01,378.39553909906675,-10.490237539670348,30.11017944227806,0
2026-01-16 18:40:00,PCS-01,382.58109844364435,-36.45381466752778,27.462388744028132,0
2026-01-16 18:45:00,PCS-01,378.24430759884433,-5.484283249579095,28.516643176821233,0
2026-01-16 18:50:00,PCS-01,382.75652718502965,29.033422894490307,30.158379005857547,0
2026-01-16 18:55:00,PCS-01,380.93912216349673,-25.08551645994284,29.8461562459836,0
2026-01-16 19:00:00,PCS-01,379.8964502492599,12.266442879250814,26.686765712509683,0
2026-01-16 19:05:00,PCS-01,380.51792076275814,47.61615353048887,27.14719894222886,0
2026-01-16 19:10:00,PCS-01,377.69201577198527,19.76592883058079,32.560931770322654,0
2026-01-16 19:15:00,PCS-01,379.16794356504226,4.308981702662141,29.044937937000356,0
2026-01-16 19:20:00,PCS-01,384.6141604334701,-22.824528916452294,26.57512788519836,0
2026-01-16 19:25:00,PCS-01,380.51426672084085,11.399017006663485,17.210697741279805,0
2026-01-16 19:30:00,PCS-01,384.59729210613784,-44.4185191051769,28.64526903224153,0
2026-01-16 19:35:00,PCS-01,381.3855482061958,-39.16117576909994,26.44204042887796,0
2026-01-16 19:40:00,PCS-01,381.64005890696694,-8.1639947319697,30.687262039660006,0
2026-01-16 19:45:00,PCS-01,376.9808513237623,-4.637356265222785,27.96540696653912,0
2026-01-16 19:50:00,PCS-01,377.9668362945708,-51.34658139660755,28.405166594079628,0
2026-01-16 19:55:00,PCS-01,379.90313193645443,34.18439477261685,28.890191495755627,0
2026-01-16 20:00:00,PCS-01,380.17788708490247,14.534553999940115,29.22186086978248,0
2026-01-16 20:05:00,PCS-01,378.29568662137274,-61.96559387466303,30.535488586160977,0
2026-01-16 20:10:00,PCS-01,378.9833595304701,-64.97699639097398,30.38184339311086,0
2026-01-16 20:15:00,PCS-01,378.3953738243621,8.675084829990501,24.102924697204735,0
2026-01-16 20:20:00,PCS-01,379.2885299596434,4.552814641267405,25.341424186738177,0
2026-01-16 20:25:00,PCS-01,379.5919283847514,-14.73929562793148,30.21753965925804,0
2026-01-16 20:30:00,PCS-01,376.9051200309503,-39.16873253525021,23.82792159188477,0
2026-01-16 20:35:00,PCS-01,382.30431229678084,17.17414459606872,32.96882467567589,0
2026-01-16 20:40:00,PCS-01,376.9856442934619,-5.675023022538853,25.906196942800882,0
2026-01-16 20:45:00,PCS-01,380.7555320954183,-29.568700811217695,31.441532126383887,0
2026-01-16 20:50:00,PCS-01,378.4771108190438,21.18857400605666,27.583906510226644,0
2026-01-16 20:55:00,PCS-01,384.46946397334426,2.6910062385526885,26.56640533232323,0
2026-01-16 21:00:00,PCS-01,379.0246225492999,-5.1217662988814645,28.766040761548666,0
2026-01-16 21:05:00,PCS-01,375.2912151828886,5.787576115451703,27.007661437523982,0
2026-01-16 21:10:00,PCS-01,377.4199050859899,-99.69630065176246,29.03437400629871,0
2026-01-16 21:15:00,PCS-01,374.9856764509838,-6.290663492720753,30.158851526791153,0
2026-01-16 21:20:00,PCS-01,372.13984865064583,-54.9405781139475,27.686501044521616,0
2026-01-16 21:25:00,PCS-01,380.9449372278944,-20.658325910823585,29.638119869933707,0
2026-01-16 21:30:00,PCS-01,384.9377268420586,-40.22765348847561,27.512087196382332,0
2026-01-16 21:35:00,PCS-01,379.5836699968612,-84.08831393909038,27.64491272173263,0
2026-01-16 21:40:00,PCS-01,379.12743768288135,-44.26738000967114,28.168710045486986,0
2026-01-16 21:45:00,PCS-01,377.8243815021332,18.679066703460492,32.1303813930965,0
2026-01-16 21:50:00,PCS-01,376.79754662582855,53.115287080593596,26.865399819462095,0
2026-01-16 21:55:00,PCS-01,379.6724832738023,-48.37981432535344,29.531090384280706,0
2026-01-16 22:00:00,PCS-01,383.84162642697083,5.40500487646124,25.529394948549303,0
2026-01-16 22:05:00,PCS-01,380.9782674204239,-23.032450933783974,25.868348210706035,0
2026-01-16 22:10:00,PCS-01,376.38171683899014,22.529655375611213,33.57857522461869,0
2026-01-16 22:15:00,PCS-01,379.96147887450394,54.8262084116696,26.087718891967388,0
2026-01-16 22:20:00,PCS-01,377.12796858965834,62.9392689175825,26.772687914008674,0
2026-01-16 22:25:00,PCS-01,379.458714762093,-79.26617258241245,30.491687870444533,0
2026-01-16 22:30:00,PCS-01,383.685070091147,90.72564110281195,25.782036811483156,0
2026-01-16 22:35:00,PCS-01,374.5621853246555,14.141569530011662,31.787558362842756,0
2026-01-16 22:40:00,PCS-01,379.16972220792206,-18.249100571427775,26.05397048694195,0
2026-01-16 22:45:00,PCS-01,379.09366332612507,-13.58233593407029,27.702928547281296,0
2026-01-16 22:50:00,PCS-01,383.53490329955025,3.4697688214564613,25.889976378450566,0
2026-01-16 22:55:00,PCS-01,379.949990652331,-49.38957682418658,31.604855119273186,0
2026-01-16 23:00:00,PCS-01,379.18145587184466,30.274739035483876,28.045801548453227,0
2026-01-16 23:05:00,PCS-01,384.30458626207655,0.8641518235163175,26.992434702454464,0
2026-01-16 23:10:00,PCS-01,376.2769869371008,-6.189927906343237,22.90520422234755,0
2026-01-16 23:15:00,PCS-01,380.3147313648687,-75.39683707292033,29.362973094385673,0
2026-01-16 23:20:00,PCS-01,380.5937901481575,18.545810909076327,24.26733499285113,0
2026-01-16 23:25:00,PCS-01,380.4805208182256,-40.8304872827982,29.12157622224141,0
2026-01-16 23:30:00,PCS-01,373.72061703117674,-2.2646006479272778,30.30785556539007,0
2026-01-16 23:35:00,PCS-01,383.27092970342187,-39.27999635739828,31.531725148881982,0
2026-01-16 23:40:00,PCS-01,376.9020249296008,23.117995788890724,26.507042834156696,0
2026-01-16 23:45:00,PCS-01,383.1569824077114,78.40161387767014,27.331857406206503,0
2026-01-16 23:50:00,PCS-01,384.3398235837823,-20.238854433607013,25.325079769085036,0
2026-01-16 23:55:00,PCS-01,377.12933855877435,68.44895878104774,28.69180233097299,0
2026-01-17 00:00:00,PCS-01,383.7274468911975,8.762286972386503,33.17272924054828,0
2026-01-17 00:05:00,PCS-01,379.6640091742217,-32.938763394308324,23.78212375174773,0
2026-01-17 00:10:00,PCS-01,380.3515132210162,-9.531062459413052,28.746866402841928,0
2026-01-17 00:15:00,PCS-01,379.29280595312594,-90.23613444888964,28.721666446799595,0
2026-01-17 00:20:00,PCS-01,379.339475633292,54.41168629549224,24.10100801403675,0
2026-01-17 00:25:00,PCS-01,378.95437884626523,82.28463874577521,26.00165676662738,0
2026-01-17 00:30:00,PCS-01,376.514308358511,-0.13032362976566558,24.99686229381603,0
2026-01-17 00:35:00,PCS-01,380.62230129056866,4.754210486392542,27.00669936383949,0
2026-01-17 00:40:00,PCS-01,381.7475642414136,-19.530584203397193,32.96687379948317,0
2026-01-17 00:45:00,PCS-01,381.67388590829296,-52.23889976155519,27.433714986732955,0
2026-01-17 00:50:00,PCS-01,378.12550099358526,-11.600157827587829,28.19299493798225,0
2026-01-17 00:55:00,PCS-01,378.1908475632217,-20.299835836926185,29.904240085237795,0
2026-01-17 01:00:00,PCS-01,378.91800798912135,-61.50688991828758,31.470504787766657,0
2026-01-17 01:05:00,PCS-01,385.2510568096571,-58.53067106346346,24.557205641138264,0
2026-01-17 01:10:00,PCS-01,380.79253166636414,-31.95225903867491,26.196126380530522,0
2026-01-17 01:15:00,PCS-01,374.9821300310911,-40.803160869522756,25.861743053857683,0
2026-01-17 01:20:00,PCS-01,373.93856005827047,6.417379790185204,28.314665806314565,0
2026-01-17 01:25:00,PCS-01,378.3421654936717,-42.47678687179228,25.327896233986603,0
2026-01-17 01:30:00,PCS-01,376.96909056529967,-3.98941808983523,23.36508151925468,0
2026-01-17 01:35:00,PCS-01,378.01141278317846,-12.184359083022873,23.71682554037001,0
2026-01-17 01:40:00,PCS-01,382.9161450158026,-8.24465928477486,22.819605710363692,0
2026-01-17 01:45:00,PCS-01,382.7644551904188,63.21984845567812,27.29759233491019,0
2026-01-17 01:50:00,PCS-01,374.84922093771183,14.07422619108405,28.655529158619608,0
2026-01-17 01:55:00,PCS-01,379.7999427428496,81.29789630498203,29.975408248784674,0
2026-01-17 02:00:00,PCS-01,380.29211525918487,61.6933220062804,27.652647189375173,0
2026-01-17 02:05:00,PCS-01,379.0944257755208,29.366012067210107,29.722492174323833,0
2026-01-17 02:10:00,PCS-01,378.7454558397408,-14.733806604423528,25.52370963671932,0
2026-01-17 02:15:00,PCS-01,378.1506403229988,-35.899873378728756,26.089637789670306,0
2026-01-17 02:20:00,PCS-01,379.7098748228827,8.511295252076494,29.155948221912194,0
2026-01-17 02:25:00,PCS-01,380.8619837451763,-14.103252130880445,29.542238960094565,0
2026-01-17 02:30:00,PCS-01,383.1343058870323,-52.825380395348844,28.43163160030648,0
2026-01-17 02:35:00,PCS-01,382.83196886987685,53.13333197577718,29.91856292935164,0
2026-01-17 02:40:00,PCS-01,377.68084703486426,34.53164459108991,26.61145080903827,0
2026-01-17 02:45:00,PCS-01,379.3951404845485,53.000924660318994,27.387350143632435,0
2026-01-17 02:50:00,PCS-01,378.58370374349033,-24.204584867455978,22.41915293046987,0
2026-01-17 02:55:00,PCS-01,379.9319295792686,27.490282956172166,32.95592990621684,0
2026-01-17 03:00:00,PCS-01,381.7222739657202,4.450960922000354,27.967214294487288,0
2026-01-17 03:05:00,PCS-01,377.8101221589419,-32.434465532465346,20.91308367043739,0
2026-01-17 03:10:00,PCS-01,377.58298560915415,-0.5675788261249568,27.29691252847427,0
2026-01-17 03:15:00,PCS-01,379.8295740507447,1.5154830283940293,30.876909958068374,0
2026-01-17 03:20:00,PCS-01,376.7703336013034,43.32304984301443,25.201250269200166,0
2026-01-17 03:25:00,PCS-01,380.4568979697598,-17.012089829398796,28.00703563597847,0
2026-01-17 03:30:00,PCS-01,381.38575701241047,-8.399896818236883,26.195265039345713,0
2026-01-17 03:35:00,PCS-01,378.7237745328529,16.843196759501705,20.74137935054668,0
2026-01-17 03:40:00,PCS-01,377.49682080407695,1.5316059208823902,25.991694708151243,0
2026-01-17 03:45:00,PCS-01,381.66667244463434,20.73590006380801,32.84264515297008,0
2026-01-17 03:50:00,PCS-01,381.2081760247777,40.21708021264373,30.20715721182465,0
2026-01-17 03:55:00,PCS-01,377.5647831951683,32.17157077838698,27.17536124170406,0
2026-01-17 04:00:00,PCS-01,380.6068962690116,37.85492385628935,28.981352232954425,0
2026-01-17 04:05:00,PCS-01,382.9964730834432,50.316909535891554,27.081921162270923,0
2026-01-17 04:10:00,PCS-01,381.4675191540749,7.826034305056955,29.68939780706908,0
2026-01-17 04:15:00,PCS-01,375.1797256750171,-21.044124236732195,30.08143755335628,0
2026-01-17 04:20:00,PCS-01,384.9426192830886,-29.85317767255605,27.47583746972489,0
2026-01-17 04:25:00,PCS-01,375.67646575016016,-22.95735915402303,25.777539919552357,0
2026-01-17 04:30:00,PCS-01,379.09289927096864,-16.33560379935758,23.258267380731642,0
2026-01-17 04:35:00,PCS-01,374.06896396027287,-28.99244028403338,30.957015395746282,0
2026-01-17 04:40:00,PCS-01,380.377200727577,36.76068653955872,31.485388284644003,0
2026-01-17 04:45:00,PCS-01,378.5549835107484,49.698664020807314,27.631567053459253,0
2026-01-17 04:50:00,PCS-01,381.10890755684034,6.818101899338914,27.323287665157164,0
2026-01-17 04:55:00,PCS-01,377.6870296455779,-38.62409573605854,26.319595787185325,0
2026-01-17 05:00:00,PCS-01,381.09516210866735,15.614105470330221,31.432327778060948,0
2026-01-17 05:05:00,PCS-01,381.84938358827037,-55.70138919285569,29.39822772475516,0
2026-01-17 05:10:00,PCS-01,379.6398871673008,24.70069194422897,25.12987959265718,0
2026-01-17 05:15:00,PCS-01,379.44149839027807,72.81096128375151,32.50788478466892,0
2026-01-17 05:20:00,PCS-01,376.14609998573314,52.5095999568332,31.14952602980408,0
2026-01-17 05:25:00,PCS-01,377.0324556367158,-55.91257185113403,31.66998377471022,0
2026-01-17 05:30:00,PCS-01,383.78049292361595,9.11684154446283,26.23654243394089,0
2026-01-17 05:35:00,PCS-01,384.0257554768853,-25.129796718462934,29.077935833148814,0
2026-01-17 05:40:00,PCS-01,380.39582309855405,1.7671813471489255,25.70366784197668,0
2026-01-17 05:45:00,PCS-01,378.5067513310671,9.701557114373534,23.66710593927607,0
2026-01-17 05:50:00,PCS-01,383.4828611120095,59.079424600096296,26.59609669715224,0
2026-01-17 05:55:00,PCS-01,379.57417304576137,-1.4607881125811315,25.940177875779693,0
2026-01-17 06:00:00,PCS-01,377.602547809863,6.073554998964442,28.187041838516755,0
2026-01-17 06:05:00,PCS-01,380.83959010411746,-1.2506389985379684,24.124352243402047,0
2026-01-17 06:10:00,PCS-01,381.7462391094489,-41.709155537346554,31.524039933387186,0
2026-01-17 06:15:00,PCS-01,383.73928021345483,23.277909650845572,27.935379362627526,0
2026-01-17 06:20:00,PCS-01,376.00741137475853,36.51969155035054,23.316694168738405,0
2026-01-17 06:25:00,PCS-01,380.92661931697427,55.553607770409485,27.75796025431677,0
2026-01-17 06:30:00,PCS-01,379.0719920967921,10.660929620278505,26.59753921553915,0
2026-01-17 06:35:00,PCS-01,372.03064000669116,-2.9997109189801923,29.545305695706638,0
2026-01-17 06:40:00,PCS-01,377.800093316823,-47.321623766488266,26.36201993808801,0
2026-01-17 06:45:00,PCS-01,375.7238774646002,-43.538515375371716,27.63463396460901,0
2026-01-17 06:50:00,PCS-01,374.03913262416575,35.020839709928055,25.110986062253176,0
2026-01-17 06:55:00,PCS-01,376.38148684409657,2.22917490408349,25.80060673575217,0
2026-01-17 07:00:00,PCS-01,378.02740871429626,-85.90893492018681,29.548647057732673,0
2026-01-17 07:05:00,PCS-01,383.4516726019654,35.32484027424545,33.045687895982184,0
2026-01-17 07:10:00,PCS-01,384.70251239891866,-1.4630673379273933,25.574197032343825,0
2026-01-17 07:15:00,PCS-01,378.91203061398664,-21.7007438153555,29.211636601670115,0
2026-01-17 07:20:00,PCS-01,381.00036569496825,18.384621411607625,32.04162800711969,0
2026-01-17 07:25:00,PCS-01,381.270313339429,20.989394975716266,28.19047021358684,0
2026-01-17 07:30:00,PCS-01,380.75162847600376,110.47315225515418,26.194842621956425,0
2026-01-17 07:35:00,PCS-01,378.913842930915,29.913176571021424,32.94510562242832,0
2026-01-17 07:40:00,PCS-01,379.69021234506334,-71.26514639681838,29.11271887066388,0
2026-01-17 07:45:00,PCS-01,381.8822603295636,7.72889652242132,30.120063913495198,0
2026-01-17 07:50:00,PCS-01,378.9373546563355,23.65991005401114,26.506688612960424,0
2026-01-17 07:55:00,PCS-01,381.99135784947725,-16.687352473521837,22.405067290376067,0
2026-01-17 08:00:00,PCS-01,380.1662871575504,10.5863390225351,24.428744056077175,0
2026-01-17 08:05:00,PCS-01,381.7358054344529,36.98951007961564,27.674718085093897,0
2026-01-17 08:10:00,PCS-01,379.017156289969,-31.542049369927124,29.834149767537184,0
2026-01-17 08:15:00,PCS-01,373.993556390796,-25.930614147860158,30.2743609416598,0
2026-01-17 08:20:00,PCS-01,384.01598260020256,15.100222006927112,26.145958468621895,0
2026-01-17 08:25:00,PCS-01,384.26369508934346,-74.21048830189797,27.716841556387013,0
2026-01-17 08:30:00,PCS-01,378.75200782063934,-35.23901622271999,26.32489586284625,0
2026-01-17 08:35:00,PCS-01,377.97268660513316,-28.256697120667877,31.85277241037473,0
2026-01-17 08:40:00,PCS-01,379.0873688261435,66.69420523194947,27.035785195701422,0
2026-01-17 08:45:00,PCS-01,380.3286896475508,-4.353442013090398,27.853951097094733,0
2026-01-17 08:50:00,PCS-01,380.54099793619866,-37.6745622068569,27.160934375575366,0
2026-01-17 08:55:00,PCS-01,375.7792499634192,32.3522141097157,30.090086157813587,0
2026-01-17 09:00:00,PCS-01,381.47089901205214,-42.18385978221906,28.779569762748654,0
2026-01-17 09:05:00,PCS-01,379.4855151158248,-71.07577180634425,18.874690764445766,0
2026-01-17 09:10:00,PCS-01,383.5476175090249,-27.811555319302617,30.206477971646734,0
2026-01-17 09:15:00,PCS-01,382.9377030391373,24.544120854066325,26.898101961255854,0
2026-01-17 09:20:00,PCS-01,376.8830638797846,9.229146490581774,26.456581141586778,0
2026-01-17 09:25:00,PCS-01,379.82408234817336,-28.9970533181182,34.20631117471177,0
2026-01-17 09:30:00,PCS-01,377.25235861348347,-20.779172211702473,26.391615851766556,0
2026-01-17 09:35:00,PCS-01,384.6312605560691,41.319175061779475,26.33560407435921,0
2026-01-17 09:40:00,PCS-01,382.6761761267055,13.707435133553647,27.911061602412918,0
2026-01-17 09:45:00,PCS-01,384.3689676377097,-29.49454785785461,28.368906622132663,0
2026-01-17 09:50:00,PCS-01,382.13970463904485,46.05266351915052,29.325713771173767,0
2026-01-17 09:55:00,PCS-01,377.70455117241426,48.83460685308144,20.837988113751926,0
2026-01-17 10:00:00,PCS-01,374.3032802452686,80.20820724058245,28.212841301751652,0
2026-01-17 10:05:00,PCS-01,379.32397739224604,-49.20612255880293,30.080090709033094,0
2026-01-17 10:10:00,PCS-01,380.1524854183168,-70.95871783388756,31.42812372376055,0
2026-01-17 10:15:00,PCS-01,380.89399406703933,4.292511817348553,28.36412289469723,0
2026-01-17 10:20:00,PCS-01,374.083581620741,31.63777423308013,25.892282364717225,0
2026-01-17 10:25:00,PCS-01,377.49028782598566,25.738594640063322,30.330475208194326,0
2026-01-17 10:30:00,PCS-01,383.4127591680193,-31.676695446146333,33.08640787909762,0
2026-01-17 10:35:00,PCS-01,377.1124990062304,37.4618075383001,24.022759911361884,0
2026-01-17 10:40:00,PCS-01,380.51209793119347,-0.6642004148239598,25.605130094617603,0
2026-01-17 10:45:00,PCS-01,382.3424871442117,-18.875605387337192,27.960832527650947,0
2026-01-17 10:50:00,PCS-01,379.09799046670014,39.13459633909705,28.03462653193967,0
2026-01-17 10:55:00,PCS-01,380.06939617187646,17.842217195547775,28.995664471756516,0
2026-01-17 11:00:00,PCS-01,374.97156155350274,44.164283455718724,27.575773546906266,0
2026-01-17 11:05:00,PCS-01,388.79013905946766,93.33373900657418,27.135444142312146,0
2026-01-17 11:10:00,PCS-01,381.55853522576336,4.018383184364369,25.457173401843395,0
2026-01-17 11:15:00,PCS-01,380.9357392663176,42.887217778151296,28.40176102687075,0
2026-01-17 11:20:00,PCS-01,381.076955965618,-1.0429552210795818,36.103203143307205,0
2026-01-17 11:25:00,PCS-01,377.5105295686908,-1.181004165126252,29.057700694562303,0
2026-01-17 11:30:00,PCS-01,383.001727777735,-26.540113245663655,26.917416673665933,0
2026-01-17 11:35:00,PCS-01,377.1192599898789,-49.044833092051796,24.01714238440922,0
2026-01-17 11:40:00,PCS-01,378.18452146390814,29.182238898322183,30.611595809083525,0
2026-01-17 11:45:00,PCS-01,384.53324379556426,-8.744185079748283,28.638706662716125,0
2026-01-17 11:50:00,PCS-01,372.495858349956,47.910513969514746,26.447807638541292,0
2026-01-17 11:55:00,PCS-01,383.4489924931821,-30.335762370732603,36.00162982079233,0
2026-01-17 12:00:00,PCS-01,377.42301431748723,5.370371840701522,27.92006041640133,0
2026-01-17 12:05:00,PCS-01,375.3999364275627,-32.9146156648749,26.38021428812701,0
2026-01-17 12:10:00,PCS-01,379.67594033075267,-34.72251103394899,31.35524007613666,0
2026-01-17 12:15:00,PCS-01,379.13886179371536,-60.51346955568135,29.91949831990338,0
2026-01-17 12:20:00,PCS-01,379.5699685286444,-31.041480239272925,24.47342924142865,0
2026-01-17 12:25:00,PCS-01,378.79810825891434,-18.994713894051866,29.764676988372745,0
2026-01-17 12:30:00,PCS-01,377.3105748926034,-10.098524410934717,26.516353076558424,0
2026-01-17 12:35:00,PCS-01,379.22564641947514,-15.682285957628348,27.11819444359049,0
2026-01-17 12:40:00,PCS-01,376.4096704328146,19.977852402523556,23.351825006747426,0
2026-01-17 12:45:00,PCS-01,378.1117113187142,13.90792271621073,32.995522235241054,0
2026-01-17 12:50:00,PCS-01,384.01974125887875,-4.273149901993907,32.102325328637086,0
2026-01-17 12:55:00,PCS-01,380.173223585157,18.54312268753652,29.47455867049707,0
2026-01-17 13:00:00,PCS-01,377.9615498793695,-9.252458663182843,21.421404801685462,0
2026-01-17 13:05:00,PCS-01,378.41028427255543,-41.62708499489577,24.77863449337406,0
2026-01-17 13:10:00,PCS-01,371.8679275564965,47.096247848240615,28.937508659149533,0
2026-01-17 13:15:00,PCS-01,380.9465625922971,-16.378372555224708,36.12826223108259,0
2026-01-17 13:20:00,PCS-01,378.7201731893059,97.14848549549673,25.31947722545947,0
2026-01-17 13:25:00,PCS-01,376.38408603369413,48.08907379825138,29.06210904363629,0
2026-01-17 13:30:00,PCS-01,384.1047785200779,-67.57896974260493,25.827510085146205,0
2026-01-17 13:35:00,PCS-01,375.6934900161679,81.83419312587084,23.858339266068384,0
2026-01-17 13:40:00,PCS-01,380.987892100679,36.57720969922711,19.175137243327022,0
2026-01-17 13:45:00,PCS-01,381.24439167611536,42.16138828612313,29.207292466914467,0
2026-01-17 13:50:00,PCS-01,377.1817077122231,5.837197986786233,30.946096378761517,0
2026-01-17 13:55:00,PCS-01,382.5999702049075,25.468853096083937,29.792853900463633,0
2026-01-17 14:00:00,PCS-01,382.99536868620805,-5.600244347798986,30.16854011271199,0
2026-01-17 14:05:00,PCS-01,377.1346952726136,27.742968717063754,26.847043214611787,0
2026-01-17 14:10:00,PCS-01,374.55665865866246,31.677335556405062,26.362218426564258,0
2026-01-17 14:15:00,PCS-01,385.0181878142591,98.11055151945914,25.064085280365973,0
2026-01-17 14:20:00,PCS-01,381.2694236411602,18.729369107765837,28.060055398913356,0
2026-01-17 14:25:00,PCS-01,383.74952062423165,35.91926577260301,28.33508815091604,0
2026-01-17 14:30:00,PCS-01,383.36325359488643,-73.49387567709724,28.649251287216558,0
2026-01-17 14:35:00,PCS-01,381.2988798515371,21.126327029915114,26.278890103129925,0
2026-01-17 14:40:00,PCS-01,380.261576636036,16.88735797056652,37.04553121437376,0
2026-01-17 14:45:00,PCS-01,378.33877106835143,-30.13315871834437,26.603545716027465,0
2026-01-17 14:50:00,PCS-01,382.5842590745412,79.46480899226374,25.728258642752213,0
2026-01-17 14:55:00,PCS-01,384.0822588374475,-105.94706324358992,31.97618067270939,0
2026-01-17 15:00:00,PCS-01,378.21190873518583,13.561219672457376,29.707150668017107,0
2026-01-17 15:05:00,PCS-01,379.13688683472816,-4.932188371507228,29.526291822522502,0
2026-01-17 15:10:00,PCS-01,383.19229524561734,70.77370218683103,27.258113701940193,0
2026-01-17 15:15:00,PCS-01,378.67140498014925,23.36978171242734,35.32963253987621,0
2026-01-17 15:20:00,PCS-01,379.8982748702358,71.45637855856468,29.632748582761547,0
2026-01-17 15:25:00,PCS-01,380.8752774374875,13.536152766436253,31.11228579164969,0
2026-01-17 15:30:00,PCS-01,379.81775041410583,-51.15647357684701,32.9801918429721,0
2026-01-17 15:35:00,PCS-01,381.3539789743688,-44.33545281423235,27.54744507124834,0
2026-01-17 15:40:00,PCS-01,386.1464643270462,-12.874942188964164,28.733757540282905,0
2026-01-17 15:45:00,PCS-01,375.54033749879096,2.4494859322165934,29.299289974282086,0
2026-01-17 15:50:00,PCS-01,383.14020050313707,8.681504559375902,24.455207413549118,0
2026-01-17 15:55:00,PCS-01,380.4979543560385,-70.19939460519683,26.44787855247997,0
2026-01-17 16:00:00,PCS-01,380.668113962237,24.553239107731322,29.755476995725743,0
2026-01-17 16:05:00,PCS-01,380.69030823483286,11.255429806739137,27.53128289640977,0
2026-01-17 16:10:00,PCS-01,376.3418838156009,18.41278189475481,26.380440633627536,0
2026-01-17 16:15:00,PCS-01,380.2269506792946,-23.009809267878087,32.22930836755686,0
2026-01-17 16:20:00,PCS-01,382.4397083886654,-41.34201104659249,23.969539364099624,0
2026-01-17 16:25:00,PCS-01,378.6991828615829,-33.09939870851548,27.89602424147013,0
2026-01-17 16:30:00,PCS-01,377.4864929167554,-41.33031092604226,28.120908322907148,0
2026-01-17 16:35:00,PCS-01,378.7724447348568,24.689549115572746,20.904455983778007,0
2026-01-17 16:40:00,PCS-01,383.74622726006913,65.22920081092309,26.707448353311552,0
2026-01-17 16:45:00,PCS-01,380.1842269811086,37.10695430739546,30.007964642508853,0
2026-01-17 16:50:00,PCS-01,382.29988380658415,36.92109081078052,29.833655802182534,0
2026-01-17 16:55:00,PCS-01,375.3370145639635,-1.6954667287213474,22.882915221993464,0
2026-01-17 17:00:00,PCS-01,379.772153084136,85.95991483321251,31.403556982855758,0
2026-01-17 17:05:00,PCS-01,379.9910858526998,41.71849635828127,26.611984217359613,0
2026-01-17 17:10:00,PCS-01,383.88164516675386,18.255388127169557,18.683838725339044,0
2026-01-17 17:15:00,PCS-01,374.5986437373236,65.12843960692892,24.359161392620766,0
2026-01-17 17:20:00,PCS-01,378.70614224582846,23.977744308026352,24.813251226264562,0
2026-01-17 17:25:00,PCS-01,382.3832635651334,0.10519968527497678,30.658590366577833,0
2026-01-17 17:30:00,PCS-01,382.19259537665636,-80.91087514995613,23.31902003762904,0
2026-01-17 17:35:00,PCS-01,378.6889595216881,-37.89116006225935,26.631462247778753,0
2026-01-17 17:40:00,PCS-01,383.48631759299235,27.629577897448353,21.483489098161403,0
2026-01-17 17:45:00,PCS-01,373.50345920277334,5.477861017445442,31.190610181899302,0
2026-01-17 17:50:00,PCS-01,378.9082302091825,53.45877503705563,31.230428460236585,0
2026-01-17 17:55:00,PCS-01,380.87803474874664,-28.647494599897456,27.24314164272546,0
2026-01-17 18:00:00,PCS-01,382.94397069365914,-33.692045551331546,20.026363483815523,0
2026-01-17 18:05:00,PCS-01,375.6916993097752,-46.56696853757778,28.189163737020962,0
2026-01-17 18:10:00,PCS-01,383.30626916782455,10.914491098115738,22.779213038082386,0
2026-01-17 18:15:00,PCS-01,379.0260784507921,21.731595316627306,26.709564027763044,0
2026-01-17 18:20:00,PCS-01,378.95446587371174,48.52035258667276,26.875180190119977,0
2026-01-17 18:25:00,PCS-01,379.6982669971323,25.455972687830638,27.952286259331355,0
2026-01-17 18:30:00,PCS-01,382.2247553592703,-68.21550700466747,29.489117043002288,0
2026-01-17 18:35:00,PCS-01,375.8194483404669,30.081455648587134,31.941027388283835,0
2026-01-17 18:40:00,PCS-01,371.9959457006901,34.69478931144869,29.404162218698257,0
2026-01-17 18:45:00,PCS-01,378.8374032428285,-25.285397533468323,23.749030219931385,0
2026-01-17 18:50:00,PCS-01,378.49494818612527,2.5723159344743363,27.224124512175404,0
2026-01-17 18:55:00,PCS-01,379.851854663392,-11.253441013803043,29.83167317061479,0
2026-01-17 19:00:00,PCS-01,375.5994134907674,-75.71825072121106,26.84282833416027,0
2026-01-17 19:05:00,PCS-01,380.2049422338622,-62.56755643668626,26.002126341420947,0
2026-01-17 19:10:00,PCS-01,381.25621101608783,-41.98121502513796,27.6973615508219,0
2026-01-17 19:15:00,PCS-01,378.5017787125891,31.22496204773805,28.064053107695194,0
2026-01-17 19:20:00,PCS-01,374.4710602103075,18.583233821383086,28.546366333263435,0
2026-01-17 19:25:00,PCS-01,380.0930770971624,-4.081444008334523,28.07608166551489,0
2026-01-17 19:30:00,PCS-01,381.0343909797578,23.093116470171946,20.162981122455488,0
2026-01-17 19:35:00,PCS-01,372.9071329771263,-47.90154545235189,22.592370986987902,0
2026-01-17 19:40:00,PCS-01,379.6961931893534,49.74090210275997,26.098957020532428,0
2026-01-17 19:45:00,PCS-01,381.9300538448707,6.330778752798963,31.15532024294617,0
2026-01-17 19:50:00,PCS-01,381.508217619275,-6.3306020100462,25.4466206701568,0
2026-01-17 19:55:00,PCS-01,382.71862239737135,9.956573033934399,28.524588518776774,0
2026-01-17 20:00:00,PCS-01,384.024889055596,-8.152473624135704,31.37661160995245,0
2026-01-17 20:05:00,PCS-01,375.73916817341836,5.173552380544981,23.384835496574922,0
2026-01-17 20:10:00,PCS-01,375.3224082103177,-57.63713015288293,25.599884576369266,0
2026-01-17 20:15:00,PCS-01,376.2762966321592,16.237467286719248,28.103182532175783,0
2026-01-17 20:20:00,PCS-01,383.2883430538061,-10.840277846355766,28.26637107606511,0
2026-01-17 20:25:00,PCS-01,379.4746588966739,-42.03294176285845,32.87111200465645,0
2026-01-17 20:30:00,PCS-01,375.9310813843382,-25.16755008681117,33.315651009409244,0
2026-01-17 20:35:00,PCS-01,380.68248085385545,-18.69027004810103,26.80986983234328,0
2026-01-17 20:40:00,PCS-01,382.0275067363687,-38.908526675613814,29.90275876881875,0
2026-01-17 20:45:00,PCS-01,379.52821106353514,22.019503109514798,26.631330600477124,0
2026-01-17 20:50:00,PCS-01,376.6628559134726,9.157241664072904,30.9451278806252,0
2026-01-17 20:55:00,PCS-01,378.96407027332475,35.85586294874856,27.133741129187158,0
2026-01-17 21:00:00,PCS-01,380.57763833346775,56.86796150863923,36.916915909229196,0
2026-01-17 21:05:00,PCS-01,379.34525928160286,-22.362881385615026,26.742399080600446,0
2026-01-17 21:10:00,PCS-01,381.4748772318696,96.03309272008391,24.735532940292995,0
2026-01-17 21:15:00,PCS-01,375.6880164666157,-24.406466362113385,23.352459191313393,0
2026-01-17 21:20:00,PCS-01,377.00183315384794,26.334645162809224,26.885039862587508,0
2026-01-17 21:25:00,PCS-01,381.86382240467924,-27.659838504588947,31.782196662906465,0
2026-01-17 21:30:00,PCS-01,383.99998538871176,-50.69656910116878,26.383572348827883,0
2026-01-17 21:35:00,PCS-01,388.9947364713344,-47.11581012852701,26.999898262905674,0
2026-01-17 21:40:00,PCS-01,381.88408034089184,-9.444112265938218,26.41309678363339,0
2026-01-17 21:45:00,PCS-01,379.92456512529986,28.164404330918504,28.631832692090025,0
2026-01-17 21:50:00,PCS-01,381.91642846286925,-101.09351960120541,28.60678789182415,0
2026-01-17 21:55:00,PCS-01,378.4847866878066,43.86408041632897,30.44118972681153,0
2026-01-17 22:00:00,PCS-01,381.519431314572,-22.91549653155254,32.40205007492679,0
2026-01-17 22:05:00,PCS-01,385.1166933731168,33.34649387037989,33.142382548964164,0
2026-01-17 22:10:00,PCS-01,377.30830012627985,-12.071293508234229,30.838815736254613,0
2026-01-17 22:15:00,PCS-01,375.07798861239166,-71.75951373212585,33.79734777441675,0
2026-01-17 22:20:00,PCS-01,377.54262872235245,51.26959631279891,29.539423134803272,0
2026-01-17 22:25:00,PCS-01,378.7982347645349,58.906438798518806,32.680928311827834,0
2026-01-17 22:30:00,PCS-01,380.4321507427018,-51.81784763751183,29.37897595057894,0
2026-01-17 22:35:00,PCS-01,379.077849579477,-2.4838008703223284,27.700132703111837,0
2026-01-17 22:40:00,PCS-01,387.6984042635988,44.50059121353087,30.74363328974736,0
2026-01-17 22:45:00,PCS-01,381.9658002613186,-8.05875337464309,25.24070034301004,0
2026-01-17 22:50:00,PCS-01,382.1907135237574,-10.768891678123724,28.35429153553082,0
2026-01-17 22:55:00,PCS-01,384.90365912518126,104.32737792852154,29.534682093651337,0
2026-01-17 23:00:00,PCS-01,379.3058708137125,-10.59286904976856,29.04833361187579,0
2026-01-17 23:05:00,PCS-01,378.571257220018,8.289997787974958,28.689369344532608,0
2026-01-17 23:10:00,PCS-01,378.44208907115194,-21.247549221494424,30.0999959098631,0
2026-01-17 23:15:00,PCS-01,380.8252183860962,52.208730022974024,28.110142523097505,0
2026-01-17 23:20:00,PCS-01,378.44292813089623,55.00650725926168,32.45362140821175,0
2026-01-17 23:25:00,PCS-01,379.1167600029571,-77.00077437964835,27.478909751224723,0
2026-01-17 23:30:00,PCS-01,382.6299871568558,-5.73395365879723,34.00506096169083,0
2026-01-17 23:35:00,PCS-01,376.84403113770526,-30.25468346307732,22.920084041315672,0
2026-01-17 23:40:00,PCS-01,371.02176487793724,-27.800622714624517,29.539902415702933,0
2026-01-17 23:45:00,PCS-01,377.26164896092115,-73.14507440679068,29.5702245998327,0
2026-01-17 23:50:00,PCS-01,381.23911365666225,44.660279905971755,24.26509558480086,0
2026-01-17 23:55:00,PCS-01,381.29608051261476,25.83864981658155,27.85738436365588,0
2026-01-18 00:00:00,PCS-01,378.0325863772422,-27.895428758375907,28.41184623411139,0
2026-01-18 00:05:00,PCS-01,378.3052368349037,136.36156538227496,28.145027381421613,0
2026-01-18 00:10:00,PCS-01,376.31260392064894,5.875302615159578,25.452708553080146,0
2026-01-18 00:15:00,PCS-01,379.76063857762745,-31.72063544574838,27.90105729096748,0
2026-01-18 00:20:00,PCS-01,380.80228537217164,-42.466133557129325,33.28762129388757,0
2026-01-18 00:25:00,PCS-01,379.20013545167694,-40.650635262982334,23.598251580546087,0
2026-01-18 00:30:00,PCS-01,373.9500176500431,24.73830509687079,26.02220736929575,0
2026-01-18 00:35:00,PCS-01,383.9421947988239,-9.468507216146255,29.15997299853534,0
2026-01-18 00:40:00,PCS-01,380.36379917585634,-19.07674338479669,26.354324104343938,0
2026-01-18 00:45:00,PCS-01,380.5385920851625,-59.21099970143424,29.581533199313615,0
2026-01-18 00:50:00,PCS-01,387.57716935343745,16.61501554887861,26.90191490763271,0
2026-01-18 00:55:00,PCS-01,377.5349708438037,0.8849625178570507,25.54660825627827,0
2026-01-18 01:00:00,PCS-01,381.1526305130715,58.67923047407509,30.543235038909142,0
2026-01-18 01:05:00,PCS-01,386.1893902403824,39.29102838396216,26.24461754544403,0
2026-01-18 01:10:00,PCS-01,381.54363286104586,31.654737103209452,29.324313358635816,0
2026-01-18 01:15:00,PCS-01,383.0062309517322,-25.053763068587127,25.27996220126861,0
2026-01-18 01:20:00,PCS-01,372.4291098517621,124.81205074960886,28.147002094972102,0
2026-01-18 01:25:00,PCS-01,378.0977794763605,-24.868154900952263,27.997713469869446,0
2026-01-18 01:30:00,PCS-01,378.86605210587135,-22.032638019270323,24.93326808360982,0
2026-01-18 01:35:00,PCS-01,377.90408443512047,-45.29425100436999,28.629299898172693,0
2026-01-18 01:40:00,PCS-01,383.33162818868556,65.80732669459056,23.53733775993797,0
2026-01-18 01:45:00,PCS-01,377.41735091876734,27.21303343869756,23.830701018557523,0
2026-01-18 01:50:00,PCS-01,375.3967982137283,51.33040256653935,32.02579149652745,0
2026-01-18 01:55:00,PCS-01,380.00173433813524,-26.697083731600998,26.994332867887078,0
2026-01-18 02:00:00,PCS-01,377.88464519088683,2.7261641317883227,30.08792175764761,0
2026-01-18 02:05:00,PCS-01,375.186896787097,-73.04210034492486,28.82845775126386,0
2026-01-18 02:10:00,PCS-01,380.7987258012944,-78.64599911865358,24.76838153178453,0
2026-01-18 02:15:00,PCS-01,374.74222828719167,9.771934737860963,26.64635619691223,0
2026-01-18 02:20:00,PCS-01,378.520598952251,36.86057096442777,29.41211908423791,0
2026-01-18 02:25:00,PCS-01,377.1825223390379,63.581310017711374,27.23876136515469,0
2026-01-18 02:30:00,PCS-01,381.68222684630155,22.633130315442727,27.06333950919119,0
2026-01-18 02:35:00,PCS-01,387.38541750974963,2.298364502038646,28.745267223293176,0
2026-01-18 02:40:00,PCS-01,381.4003153104749,29.41401092397769,31.707149456838643,0
2026-01-18 02:45:00,PCS-01,379.2690404546187,40.63782267255773,29.220252510220636,0
2026-01-18 02:50:00,PCS-01,382.498087533237,-54.41023253908693,27.604165147654214,0
2026-01-18 02:55:00,PCS-01,378.5561937948778,-25.46939994409685,24.50815019370446,0
2026-01-18 03:00:00,PCS-01,378.33805805950266,0.7190445927671384,23.448372778968,0
2026-01-18 03:05:00,PCS-01,383.07910195644394,-92.95083335988198,26.170567949137983,0
2026-01-18 03:10:00,PCS-01,379.14813828138375,16.74646218764348,34.33063677123305,0
2026-01-18 03:15:00,PCS-01,380.57313670129037,19.77305977229935,26.29144752644983,0
2026-01-18 03:20:00,PCS-01,384.57124398596727,-9.030058966309408,28.441721666721868,0
2026-01-18 03:25:00,PCS-01,380.7950270431261,-25.88053921307751,28.97670103152216,0
2026-01-18 03:30:00,PCS-01,383.6223422508311,41.63312186914398,33.14228141723114,0
2026-01-18 03:35:00,PCS-01,377.92611894882737,13.83858368721003,27.596712298053614,0
2026-01-18 03:40:00,PCS-01,379.16500320048476,-41.56565119699152,31.305401921432267,0
2026-01-18 03:45:00,PCS-01,380.86779869996514,61.82390311229413,25.035625240483633,0
2026-01-18 03:50:00,PCS-01,379.9881521549252,-10.23731985238691,22.335084758078544,0
2026-01-18 03:55:00,PCS-01,386.366413770283,-6.713050306605867,26.944215460228904,0
2026-01-18 04:00:00,PCS-01,377.1716355704345,31.409093410945246,32.78905109510205,0
2026-01-18 04:05:00,PCS-01,380.871630886435,-2.838388776047677,33.00347756926561,0
2026-01-18 04:10:00,PCS-01,383.988503714805,15.483435480688431,27.44654766462605,0
2026-01-18 04:15:00,PCS-01,382.22950433888735,9.956669227576214,19.974023795822518,0
2026-01-18 04:20:00,PCS-01,385.65568619035986,-12.15973314651409,28.385522760789243,0
2026-01-18 04:25:00,PCS-01,381.5828190578682,20.046142138228245,27.548234031064418,0
2026-01-18 04:30:00,PCS-01,378.3149654994324,21.448920151579433,33.58346355738833,0
2026-01-18 04:35:00,PCS-01,382.1371281569139,-27.501683294595267,28.18624575988759,0
2026-01-18 04:40:00,PCS-01,384.0230765161573,26.321395922855718,33.23222201989643,0
2026-01-18 04:45:00,PCS-01,381.0847403910835,37.831844835154016,28.08636486852381,0
2026-01-18 04:50:00,PCS-01,380.4249141892889,33.6519661314101,26.15077651734499,0
2026-01-18 04:55:00,PCS-01,380.7324458763039,3.7440645486218878,23.864762120135186,0
2026-01-18 05:00:00,PCS-01,377.65406852533494,-7.450747825123404,26.9080929542641,0
2026-01-18 05:05:00,PCS-01,378.935737200546,19.943196622950882,28.310882028566905,0
2026-01-18 05:10:00,PCS-01,383.56094492736804,58.10231399784638,22.091521947696673,0
2026-01-18 05:15:00,PCS-01,377.40650672857095,77.21294166899044,34.126887073286234,0
2026-01-18 05:20:00,PCS-01,379.9883417855284,-8.295591685559211,33.80764641704458,0
2026-01-18 05:25:00,PCS-01,377.68790289560263,-77.85831252099825,26.92837309141114,0
2026-01-18 05:30:00,PCS-01,383.4250854959158,-92.47666212433106,31.465160336597094,0
2026-01-18 05:35:00,PCS-01,380.23202286506046,-14.122243607483755,30.78812963678434,0
2026-01-18 05:40:00,PCS-01,378.54497631045894,4.7703699007994445,27.86413294126151,0
2026-01-18 05:45:00,PCS-01,385.582612192891,-74.45748696729828,29.6206204446228,0
2026-01-18 05:50:00,PCS-01,377.1025766016068,-17.100169566485427,28.89084306211189,0
2026-01-18 05:55:00,PCS-01,376.4017019230389,0.6960712545093167,29.44868327735442,0
2026-01-18 06:00:00,PCS-01,378.13359873204683,5.3091225839642835,27.514129715454732,0
2026-01-18 06:05:00,PCS-01,379.24000823614614,-25.092839779930678,29.39257276019416,0
2026-01-18 06:10:00,PCS-01,384.8558414880509,29.341603376021048,24.438869579352986,0
2026-01-18 06:15:00,PCS-01,382.43475943438625,24.57452200965601,24.232319174737018,0
2026-01-18 06:20:00,PCS-01,377.50298322998526,3.1774871069430812,27.08430265704075,0
2026-01-18 06:25:00,PCS-01,384.4656605009044,-30.24055664285687,28.027811159157732,0
2026-01-18 06:30:00,PCS-01,382.2504714566952,-3.5589976074805247,32.00060079748124,0
2026-01-18 06:35:00,PCS-01,373.663917721057,-24.329546126142745,24.488646412275106,0
2026-01-18 06:40:00,PCS-01,377.4850875033789,-1.1970060456129783,26.2322040021302,0
2026-01-18 06:45:00,PCS-01,381.32507477318944,55.74340060165042,24.50828039807085,0
2026-01-18 06:50:00,PCS-01,380.6973166963386,-4.094634187999155,31.127203139919917,0
2026-01-18 06:55:00,PCS-01,383.44872481251025,19.188453051169397,29.124726154075294,0
2026-01-18 07:00:00,PCS-01,379.55637201742576,43.10949912013204,26.34940231405804,0
2026-01-18 07:05:00,PCS-01,374.2316704044462,34.67677975296155,28.75915277876596,0
2026-01-18 07:10:00,PCS-01,373.5105772392937,-44.142255585152775,29.14497540850717,0
2026-01-18 07:15:00,PCS-01,381.25593023920965,-17.789363743236052,28.588811061300177,0
2026-01-18 07:20:00,PCS-01,380.21501477398743,33.247182684790985,26.935690447307934,0
2026-01-18 07:25:00,PCS-01,376.72128362982806,-50.09625053307852,34.580153325522076,0
2026-01-18 07:30:00,PCS-01,373.5003763640929,66.14404404773626,23.007109705545616,0
2026-01-18 07:35:00,PCS-01,380.22270485703984,-43.22623827341043,28.300127306856147,0
2026-01-18 07:40:00,PCS-01,380.53028894586805,2.2061472640244957,26.470782768918827,0
2026-01-18 07:45:00,PCS-01,378.9488842736775,8.897002370363161,31.38320849453308,0
2026-01-18 07:50:00,PCS-01,382.6768154598097,60.10494403575257,24.205844241728744,0
2026-01-18 07:55:00,PCS-01,378.3115145599974,28.065665235739942,26.385414787538863,0
2026-01-18 08:00:00,PCS-01,376.77390025333693,-61.82613599570848,23.302294555150848,0
2026-01-18 08:05:00,PCS-01,378.03118995595787,44.46969498195723,27.538837665999356,0
2026-01-18 08:10:00,PCS-01,375.31753117655074,-10.966826995326496,25.96254395829148,0
2026-01-18 08:15:00,PCS-01,382.95561834416804,-33.05598197535603,30.462760979791355,0
2026-01-18 08:20:00,PCS-01,377.46821467250714,-4.994701156368455,32.4365394010357,0
2026-01-18 08:25:00,PCS-01,382.8278444003926,-131.54907040707013,27.664374172821617,0
2026-01-18 08:30:00,PCS-01,380.8120649566059,17.409740065947883,26.975542682976197,0
2026-01-18 08:35:00,PCS-01,378.8544451901425,-64.18975592379839,28.790026639990295,0
2026-01-18 08:40:00,PCS-01,382.8478680306034,24.357433765432912,32.991746915888015,0
2026-01-18 08:45:00,PCS-01,382.340510734148,32.349355446291625,32.64489092547727,0
2026-01-18 08:50:00,PCS-01,379.3225067730267,1.5897029196188985,29.001267773414966,0
2026-01-18 08:55:00,PCS-01,379.68609954821,-30.11901640298182,23.802095290241223,0
2026-01-18 09:00:00,PCS-01,386.1203364499799,11.126092107168933,24.285303856742683,0
2026-01-18 09:05:00,PCS-01,374.9525833800486,54.32944298048743,25.30221825332016,0
2026-01-18 09:10:00,PCS-01,378.6269358178916,-1.9528360332096946,25.112790345782404,0
2026-01-18 09:15:00,PCS-01,382.38042729704097,15.431262962331074,29.86808345500499,0
2026-01-18 09:20:00,PCS-01,377.9213320116687,37.37420993483022,29.1536562379569,0
2026-01-18 09:25:00,PCS-01,378.28693052749645,-76.05711271852411,28.525212801261112,0
2026-01-18 09:30:00,PCS-01,378.1169681777165,43.10164444233039,25.751005298094324,0
2026-01-18 09:35:00,PCS-01,380.0866195988433,18.529749133619802,22.807958259554223,0
2026-01-18 09:40:00,PCS-01,378.2496901067617,43.88016260084076,29.898897700523257,0
2026-01-18 09:45:00,PCS-01,380.7063162375056,-29.38646422442282,29.798304484518543,0
2026-01-18 09:50:00,PCS-01,378.7581896690986,29.298384152512686,26.993360791837432,0
2026-01-18 09:55:00,PCS-01,380.88815428151963,43.97303251203563,21.514943603938512,0
2026-01-18 10:00:00,PCS-01,377.6508926583981,-9.321729855464765,28.451347167002314,0
2026-01-18 10:05:00,PCS-01,382.27249132798113,-24.179061170299455,27.089179833006387,0
2026-01-18 10:10:00,PCS-01,383.7362443533695,53.27917847728724,26.20120739195763,0
2026-01-18 10:15:00,PCS-01,378.0494376327231,-18.267791782086857,26.304598110254247,0
2026-01-18 10:20:00,PCS-01,377.0583343181364,3.224707037442889,29.929944350284956,0
2026-01-18 10:25:00,PCS-01,380.6065020553085,13.528690263218222,27.9577833038874,0
2026-01-18 10:30:00,PCS-01,382.18915549738534,13.900112321659266,31.153734521140372,0
2026-01-18 10:35:00,PCS-01,379.570890492626,-14.558271617068652,28.31478839837801,0
2026-01-18 10:40:00,PCS-01,385.7155043073,8.325855953240191,26.94474300312035,0
2026-01-18 10:45:00,PCS-01,381.28301518014666,19.03976796352781,22.540003931794235,0
2026-01-18 10:50:00,PCS-01,377.7764138259656,17.076276219806637,21.558616364800663,0
2026-01-18 10:55:00,PCS-01,382.2111832781383,-62.21532875886159,24.938999620475947,0
2026-01-18 11:00:00,PCS-01,384.99390342131153,1.2196683264323245,28.018736568385485,0
2026-01-18 11:05:00,PCS-01,381.5976383963815,114.49310691395608,30.1706795388171,0
2026-01-18 11:10:00,PCS-01,381.8919727602689,-9.15652627133005,23.697245204758335,0
2026-01-18 11:15:00,PCS-01,379.88362441048605,-40.59064267929514,24.833622228995914,0
2026-01-18 11:20:00,PCS-01,377.0169117472258,-3.6664635008939572,25.671136006367096,0
2026-01-18 11:25:00,PCS-01,383.5639200198959,-46.33193971975642,25.841484151736758,0
2026-01-18 11:30:00,PCS-01,382.59565977126573,5.059774436233885,29.831141926752434,0
2026-01-18 11:35:00,PCS-01,382.18729364260224,-29.393708051209757,23.666223939721085,0
2026-01-18 11:40:00,PCS-01,373.64733656229885,-58.86197004346511,21.355077228028556,0
2026-01-18 11:45:00,PCS-01,374.7052840527149,-45.98470110036817,23.666023877905303,0
2026-01-18 11:50:00,PCS-01,382.96222865097303,-0.025137707224091997,28.424281889232613,0
2026-01-18 11:55:00,PCS-01,377.8842492197524,-65.20570190365459,29.89794486017606,0
2026-01-18 12:00:00,PCS-01,380.0816349889607,37.73862893851687,24.86807036182274,0
2026-01-18 12:05:00,PCS-01,382.2430966482581,-47.71907219411089,29.526886493770213,0
2026-01-18 12:10:00,PCS-01,383.59019122883336,-63.59333598179675,30.95685365457581,0
2026-01-18 12:15:00,PCS-01,383.83348296696573,-28.37503387933411,29.954353424410893,0
2026-01-18 12:20:00,PCS-01,384.23678072920796,-25.51837098656994,28.95785783153969,0
2026-01-18 12:25:00,PCS-01,379.20216117363145,-5.199059669037547,26.46886817966948,0
2026-01-18 12:30:00,PCS-01,383.5606552612252,28.15089229625552,29.732454393536546,0
2026-01-18 12:35:00,PCS-01,377.53831170814345,-3.6613391480210007,27.073298343173008,0
2026-01-18 12:40:00,PCS-01,379.3415074149429,-39.69161322272547,33.90478765654192,0
2026-01-18 12:45:00,PCS-01,380.26282139330215,56.93169741379083,28.707806044502902,0
2026-01-18 12:50:00,PCS-01,384.0805675975766,-59.86287279816375,27.516049681956694,0
2026-01-18 12:55:00,PCS-01,384.56732391781475,-24.563724171995286,24.491429325219,0
2026-01-18 13:00:00,PCS-01,377.27036146719865,35.63558308112037,26.068941394963744,0
2026-01-18 13:05:00,PCS-01,379.35149397816133,-18.07544621275537,23.01214321718922,0
2026-01-18 13:10:00,PCS-01,384.228719915756,49.37430820738638,30.18131721030419,0
2026-01-18 13:15:00,PCS-01,384.1802193720208,-50.91911099644214,25.28720147433095,0
2026-01-18 13:20:00,PCS-01,377.8290493654791,-29.30395526351476,28.860066137226983,0
2026-01-18 13:25:00,PCS-01,377.15447198240366,70.28755778322692,24.701593598912446,0
2026-01-18 13:30:00,PCS-01,380.6304933092025,-21.146231067554847,30.19498716173385,0
2026-01-18 13:35:00,PCS-01,382.4895562282245,4.182034950073335,31.38682596950692,0
2026-01-18 13:40:00,PCS-01,383.10320118701793,1.2310947785186706,31.210864539738658,0
2026-01-18 13:45:00,PCS-01,375.28813007622256,-125.30450822635048,34.69458734589612,0
2026-01-18 13:50:00,PCS-01,380.0337641103714,56.38754923691317,30.508177869709893,0
2026-01-18 13:55:00,PCS-01,386.27357095554675,-66.32987749937914,29.188324188317218,0
2026-01-18 14:00:00,PCS-01,381.5061511095051,-1.8992247326574454,24.578253283411943,0
2026-01-18 14:05:00,PCS-01,374.7075230478911,12.641963630879687,28.44961464664977,0
2026-01-18 14:10:00,PCS-01,379.35823116898916,-39.05224971442428,26.889237190949718,0
2026-01-18 14:15:00,PCS-01,376.48163996798894,-81.43253973679558,27.79244523383968,0
2026-01-18 14:20:00,PCS-01,379.0748373138936,37.449423473897966,29.518950995383104,0
2026-01-18 14:25:00,PCS-01,383.1161968164821,38.79093505792129,24.84178371600301,0
2026-01-18 14:30:00,PCS-01,381.6374154763896,-8.906000496280624,25.922136622043453,0
2026-01-18 14:35:00,PCS-01,384.2443798644457,35.95770978024198,31.116711139751814,0
2026-01-18 14:40:00,PCS-01,377.74292031858295,64.93697147280639,27.98187663159834,0
2026-01-18 14:45:00,PCS-01,375.24718250790266,16.54273329744242,26.82695964374415,0
2026-01-18 14:50:00,PCS-01,379.07225576035637,15.557208231145292,22.844299806510794,0
2026-01-18 14:55:00,PCS-01,379.40417358621715,19.69071389514378,20.71978783704535,0
2026-01-18 15:00:00,PCS-01,380.73287606286516,-3.642447603760011,29.39903199895166,0
2026-01-18 15:05:00,PCS-01,385.81486962841836,75.2899255068588,27.137168612040075,0
2026-01-18 15:10:00,PCS-01,376.0769369169287,-1.7437683618971633,30.29519493162819,0
2026-01-18 15:15:00,PCS-01,382.38529233642953,-5.8613438461067755,29.989157936105297,0
2026-01-18 15:20:00,PCS-01,380.0109209152774,-19.56144726849423,22.20754335995089,0
2026-01-18 15:25:00,PCS-01,379.4808992419531,-32.149915403713536,28.113072370569412,0
2026-01-18 15:30:00,PCS-01,378.7018021005886,7.099363702836179,26.039202804420427,0
2026-01-18 15:35:00,PCS-01,381.10606023192224,30.237396553455525,29.033570455769944,0
2026-01-18 15:40:00,PCS-01,381.7842333005458,-35.35512893191162,27.42649302166206,0
2026-01-18 15:45:00,PCS-01,383.3082349787153,5.083831287202607,23.49665698816713,0
2026-01-18 15:50:00,PCS-01,380.1022903492163,63.323154189196174,25.036131738513994,0
2026-01-18 15:55:00,PCS-01,379.06826655648814,18.71587221952594,27.747817020108805,0
2026-01-18 16:00:00,PCS-01,376.5911802798667,72.28696642536606,27.477341086154286,0
2026-01-18 16:05:00,PCS-01,381.30930263431947,9.827158132460715,25.650083746831797,0
2026-01-18 16:10:00,PCS-01,379.5109499193443,19.368424543626745,25.980279774701447,0
2026-01-18 16:15:00,PCS-01,376.6799610651385,-29.85228256342209,25.361167717040253,0
2026-01-18 16:20:00,PCS-01,382.7115372340711,22.53258560206632,25.807952983244704,0
2026-01-18 16:25:00,PCS-01,381.8972674054224,47.515225831405274,24.696344293660193,0
2026-01-18 16:30:00,PCS-01,377.21585093935465,-40.26540694782291,27.594160275575703,0
2026-01-18 16:35:00,PCS-01,383.3410238846791,-29.259685828667568,26.00190589686906,0
2026-01-18 16:40:00,PCS-01,381.6637242618721,-18.655315235350717,27.596306115093817,0
2026-01-18 16:45:00,PCS-01,386.4713809842758,-22.6909303062861,20.962129226352438,0
2026-01-18 16:50:00,PCS-01,379.27036891410773,38.769516098161375,25.226490144722018,0
2026-01-18 16:55:00,PCS-01,380.2809408485513,-5.765227922049467,24.177912611547654,0
2026-01-18 17:00:00,PCS-01,378.666462900727,17.012462200578394,30.35603177139213,0
2026-01-18 17:05:00,PCS-01,379.68546790818255,-6.477514132597316,27.434711295432873,0
2026-01-18 17:10:00,PCS-01,379.1137660500158,-42.16412671569503,23.827011665640775,0
2026-01-18 17:15:00,PCS-01,382.6792360353259,-4.070179187869789,33.55505531391549,0
2026-01-18 17:20:00,PCS-01,381.36020664304226,-51.55461998942691,33.59662066180843,0
2026-01-18 17:25:00,PCS-01,381.7254776548108,-67.6380860762439,31.225526032601813,0
2026-01-18 17:30:00,PCS-01,377.78254191158453,-42.096064949772014,24.923137954393997,0
2026-01-18 17:35:00,PCS-01,380.0836742801819,94.66951784153886,23.72689701091802,0
2026-01-18 17:40:00,PCS-01,383.7060241351944,14.20789291566627,29.24334103111062,0
2026-01-18 17:45:00,PCS-01,382.7211584960933,53.5204098341211,25.843719461541742,0
2026-01-18 17:50:00,PCS-01,378.7891619534748,-67.23496468730158,28.349164148733998,0
2026-01-18 17:55:00,PCS-01,381.7126430388861,-11.297703992080466,31.193274038516865,0
2026-01-18 18:00:00,PCS-01,383.8132167540512,-15.085929977509949,27.838034330857333,0
2026-01-18 18:05:00,PCS-01,381.30771279618176,10.115802876250113,29.41483428802727,0
2026-01-18 18:10:00,PCS-01,373.04115783866297,24.791230485699916,24.692611268483997,0
2026-01-18 18:15:00,PCS-01,374.5918836000808,47.11066148679166,27.52928465114888,0
2026-01-18 18:20:00,PCS-01,378.92496198498816,-15.295103281184918,27.953195683443916,0
2026-01-18 18:25:00,PCS-01,381.73808985001006,5.826333014966798,27.845553825880028,0
2026-01-18 18:30:00,PCS-01,378.18133496138574,4.397501620587023,25.858651210189382,0
2026-01-18 18:35:00,PCS-01,377.77396327602617,6.495340522962312,29.783230650061252,0
2026-01-18 18:40:00,PCS-01,379.01629485194746,0.9542784159528763,28.1056359391387,0
2026-01-18 18:45:00,PCS-01,375.53546632025535,-27.19269668331048,28.568153713185502,0
2026-01-18 18:50:00,PCS-01,377.06768770193906,55.36595300099788,28.76683992411574,0
2026-01-18 18:55:00,PCS-01,374.53536120676694,35.75877373025291,24.481449653677657,0
2026-01-18 19:00:00,PCS-01,380.12761380767915,81.30384225068725,30.545369415935028,0
2026-01-18 19:05:00,PCS-01,384.4044147682209,-46.98769554529257,34.45942506341347,0
2026-01-18 19:10:00,PCS-01,380.47256205259765,-40.746297753397286,23.142400501056485,0
2026-01-18 19:15:00,PCS-01,378.9866555068751,6.346331388536899,31.142490213829817,0
2026-01-18 19:20:00,PCS-01,378.3262697523251,-24.41572865270542,27.96601272456752,0
2026-01-18 19:25:00,PCS-01,383.32970588469874,-85.65782450191485,26.98386537816003,0
2026-01-18 19:30:00,PCS-01,380.16487293000984,35.3821724568307,28.66570770335789,0
2026-01-18 19:35:00,PCS-01,380.83075556968015,-40.39585008693612,22.93707479057577,0
2026-01-18 19:40:00,PCS-01,378.76141662700036,-77.30807696359814,32.037924036249656,0
2026-01-18 19:45:00,PCS-01,381.1268869599025,-4.706863002610317,29.783564950162816,0
2026-01-18 19:50:00,PCS-01,384.41584944659013,26.810231079640655,27.543649200644673,0
2026-01-18 19:55:00,PCS-01,385.0136694141365,2.225314441128305,27.547859391605265,0
2026-01-18 20:00:00,PCS-01,381.50979587514473,-31.103127137202797,25.6117199741751,0
2026-01-18 20:05:00,PCS-01,380.92735842650717,-22.829985635791623,30.746373593205686,0
2026-01-18 20:10:00,PCS-01,382.5206534627209,-45.608860152136586,26.920953047203426,0
2026-01-18 20:15:00,PCS-01,383.07897974230184,-63.74088099354212,24.632989995099692,0
2026-01-18 20:20:00,PCS-01,378.30332931495553,38.65955331329096,24.5769006689607,0
2026-01-18 20:25:00,PCS-01,374.13100558177825,-12.521534675208033,30.195978814512163,0
2026-01-18 20:30:00,PCS-01,382.32940251656726,24.591390077702563,28.935677150381178,0
2026-01-18 20:35:00,PCS-01,379.64346496447297,-34.41297987425542,29.554723876656585,0
2026-01-18 20:40:00,PCS-01,382.4189251395085,-5.681351211284952,31.117802117200462,0
2026-01-18 20:45:00,PCS-01,376.9306749952014,-13.86935416831923,27.06467578361948,0
2026-01-18 20:50:00,PCS-01,380.67549904254304,13.339756866166962,27.45445133586926,0
2026-01-18 20:55:00,PCS-01,382.2106747113538,0.353427969055439,29.57534667911033,0
2026-01-18 21:00:00,PCS-01,383.0756476460321,-35.80219768999504,33.374015440124886,0
2026-01-18 21:05:00,PCS-01,382.6725875432905,29.681538061020007,27.117232277000188,0
2026-01-18 21:10:00,PCS-01,379.79874981937303,-31.0082457886234,29.810360717442467,0
2026-01-18 21:15:00,PCS-01,382.22105424804363,14.703529700592613,28.722872608365375,0
2026-01-18 21:20:00,PCS-01,376.67996737859494,36.35300630191011,27.126501575147355,0
2026-01-18 21:25:00,PCS-01,380.92932246374784,-4.8397792912378526,28.209381706018434,0
2026-01-18 21:30:00,PCS-01,377.19709500191203,-25.10703366855477,26.01560371286261,0
2026-01-18 21:35:00,PCS-01,376.9915506089184,37.62629637287905,27.325150672784705,0
2026-01-18 21:40:00,PCS-01,377.8326445299316,31.426105820821935,29.63888664206074,0
2026-01-18 21:45:00,PCS-01,379.98896893965525,11.220382567437262,29.13763978694536,0
2026-01-18 21:50:00,PCS-01,380.34617708720396,-41.59076159055552,28.289112520494275,0
2026-01-18 21:55:00,PCS-01,378.75439798093004,-8.982038067698285,31.014550222012776,0
2026-01-18 22:00:00,PCS-01,380.2710914755906,14.985423754498841,27.871050182013313,0
2026-01-18 22:05:00,PCS-01,382.6427482461575,-3.327709403531676,24.284245561295002,0
2026-01-18 22:10:00,PCS-01,385.72851594830973,24.176617782472,30.411998067633128,0
2026-01-18 22:15:00,PCS-01,382.45142330625924,-16.176079929602906,27.592554330150943,0
2026-01-18 22:20:00,PCS-01,380.48336804556584,49.98215184756753,24.744451541462855,0
2026-01-18 22:25:00,PCS-01,382.3084748567956,29.142949883423363,28.032269920308035,0
2026-01-18 22:30:00,PCS-01,380.9731482537049,28.57807656737496,29.29820783838824,0
2026-01-18 22:35:00,PCS-01,378.89964875121524,-62.119805240783506,26.665188212641834,0
2026-01-18 22:40:00,PCS-01,376.99704654426154,39.213378284739846,25.123684589771905,0
2026-01-18 22:45:00,PCS-01,380.8316720595903,-19.05569164219617,28.884642950591513,0
2026-01-18 22:50:00,PCS-01,381.1736651490473,5.434328791017892,31.465441874007844,0
2026-01-18 22:55:00,PCS-01,380.90527438377114,2.8113737595566497,31.06630118642943,0
2026-01-18 23:00:00,PCS-01,380.4011043317388,2.8209106473070107,34.71414283441726,0
2026-01-18 23:05:00,PCS-01,380.0803357245725,49.60793671467308,24.045252276973095,0
2026-01-18 23:10:00,PCS-01,383.3035595428422,3.5852326159795513,30.452858936786743,0
2026-01-18 23:15:00,PCS-01,382.8812880240794,-26.285837290288452,29.941729228775525,0
2026-01-18 23:20:00,PCS-01,381.38115231406215,20.623429262799235,27.016205820692587,0
2026-01-18 23:25:00,PCS-01,378.97151952094913,-57.205208303865334,25.42031752255937,0
2026-01-18 23:30:00,PCS-01,380.69609415767576,35.25785545031306,27.590085118711524,0
2026-01-18 23:35:00,PCS-01,374.92666045057376,29.634100181319816,26.974086042388212,0
2026-01-18 23:40:00,PCS-01,385.07720979172694,46.61003723738943,28.920009607388547,0
2026-01-18 23:45:00,PCS-01,383.42739026867486,-34.160123950433054,20.767891754865005,0
2026-01-18 23:50:00,PCS-01,378.97394701454584,-37.523799769677744,28.654731685467993,0
2026-01-18 23:55:00,PCS-01,376.01983200317864,24.186366601847045,21.35479394862792,0
2026-01-19 00:00:00,PCS-01,382.81607768714923,-5.925355582243404,31.626330757865333,0
2026-01-19 00:05:00,PCS-01,380.2653733901987,28.247365869577553,25.522033949632842,0
2026-01-19 00:10:00,PCS-01,379.50345385307253,-29.164143019644392,31.070411382830578,0
2026-01-19 00:15:00,PCS-01,378.4566387174458,55.47823912245664,23.332476000599222,0
2026-01-19 00:20:00,PCS-01,380.7819420427711,23.56446679189847,23.253398067653933,0
2026-01-19 00:25:00,PCS-01,380.1387747604683,32.00141248828296,25.057601809189205,0
2026-01-19 00:30:00,PCS-01,385.69384140347466,-103.60699358941964,27.384915451984625,0
2026-01-19 00:35:00,PCS-01,384.4006316969925,38.346758171839376,30.099198532424285,0
2026-01-19 00:40:00,PCS-01,376.6669008071536,-23.0249641146169,27.222406469402102,0
2026-01-19 00:45:00,PCS-01,376.08333107060986,17.037387515777084,29.624522478793857,0
2026-01-19 00:50:00,PCS-01,382.23241389667504,68.12284735761045,31.250712410493662,0
2026-01-19 00:55:00,PCS-01,375.4970752545023,56.92143515553336,26.625448429157828,0
2026-01-19 01:00:00,PCS-01,381.1343997223056,-28.308012574676713,29.39992591950255,0
2026-01-19 01:05:00,PCS-01,376.3587823039875,-80.04912214080065,32.70260762660994,0
2026-01-19 01:10:00,PCS-01,382.1168749323649,4.183887862946214,30.174340419823153,0
2026-01-19 01:15:00,PCS-01,383.1059814862028,32.264637643505566,30.487818949478655,0
2026-01-19 01:20:00,PCS-01,378.6731979709339,23.824055351296177,23.67561137320825,0
2026-01-19 01:25:00,PCS-01,379.48341534729195,14.815534751464076,27.502338432695968,0
2026-01-19 01:30:00,PCS-01,381.1628154907884,-4.039410879139659,22.799773856120893,0
2026-01-19 01:35:00,PCS-01,376.2259136253592,-40.93236335631762,25.54818836513083,0
2026-01-19 01:40:00,PCS-01,380.41597676400517,-26.430070880387305,29.372825101207038,0
2026-01-19 01:45:00,PCS-01,381.6865324835584,-71.14126061663652,26.74577692261918,0
2026-01-19 01:50:00,PCS-01,370.79157167566734,46.16484024354793,28.899634918303214,0
2026-01-19 01:55:00,PCS-01,377.4032933288468,-17.593211625121867,31.438735857295505,0
2026-01-19 02:00:00,PCS-01,378.8502314125721,7.676891446666855,23.536227968034115,0
2026-01-19 02:05:00,PCS-01,383.2069207750226,-14.68694854076573,28.0704227696121,0
2026-01-19 02:10:00,PCS-01,379.2132070131242,7.359178467075863,23.85190031829467,0
2026-01-19 02:15:00,PCS-01,380.35938091704287,26.45493471211659,30.234876020277667,0
2026-01-19 02:20:00,PCS-01,377.84952125745076,-43.406870107048015,29.483744629050005,0
2026-01-19 02:25:00,PCS-01,378.4898718955453,-0.8779814215672441,25.509779046922358,0
2026-01-19 02:30:00,PCS-01,380.41562336854827,29.673544075551554,28.902934085182043,0
2026-01-19 02:35:00,PCS-01,376.817804675399,-10.226655407444124,30.78612161456741,0
2026-01-19 02:40:00,PCS-01,379.6620991133901,39.484941225426184,31.762140797734933,0
2026-01-19 02:45:00,PCS-01,379.8992475211043,28.679706702307783,24.88074334330337,0
2026-01-19 02:50:00,PCS-01,387.07542703885343,-21.950748126344987,28.280197929956326,0
2026-01-19 02:55:00,PCS-01,381.12887619448344,-25.242533299904437,24.732725333094663,0
2026-01-19 03:00:00,PCS-01,384.70381234145856,8.163882955564077,30.671766375742877,0
2026-01-19 03:05:00,PCS-01,375.61933128436846,15.793811871119978,29.628153496482973,0
2026-01-19 03:10:00,PCS-01,379.65875690547784,14.888889731459635,25.42292617127029,0
2026-01-19 03:15:00,PCS-01,381.6032879038062,20.570382085465752,26.22718772453941,0
2026-01-19 03:20:00,PCS-01,380.57907408761304,19.32215327732265,21.90567699573284,0
2026-01-19 03:25:00,PCS-01,375.6243644782916,22.44925055828173,28.030646110675537,0
2026-01-19 03:30:00,PCS-01,386.03370682585154,78.2547463061877,26.135265389113666,0
2026-01-19 03:35:00,PCS-01,377.89237556876697,-34.799928342848816,29.53958095620183,0
2026-01-19 03:40:00,PCS-01,378.1724167371212,-37.57842677698882,22.239275027036502,0
2026-01-19 03:45:00,PCS-01,373.80699046041406,11.097021612593938,27.739372810150112,0
2026-01-19 03:50:00,PCS-01,378.24942267422097,-8.006252895822767,31.65224173431918,0
2026-01-19 03:55:00,PCS-01,377.66757532808475,50.05792709874498,29.73608900951056,0
2026-01-19 04:00:00,PCS-01,375.5120862616042,-5.385040265865064,29.94416534751391,0
2026-01-19 04:05:00,PCS-01,387.87222072469086,28.71915949670669,25.23627369056016,0
2026-01-19 04:10:00,PCS-01,380.5124638573618,-61.715862117956526,32.68668886627348,0
2026-01-19 04:15:00,PCS-01,386.6302545367069,0.03284837517056952,28.075357656953233,0
2026-01-19 04:20:00,PCS-01,381.4845088431337,-1.392127116362976,29.596372028334514,0
2026-01-19 04:25:00,PCS-01,377.1768415653421,13.573834951826774,23.297761623681673,0
2026-01-19 04:30:00,PCS-01,380.7581695366434,43.513227261347865,28.50544158178641,0
2026-01-19 04:35:00,PCS-01,383.02457806346587,16.23562859183895,29.36339364620779,0
2026-01-19 04:40:00,PCS-01,374.8720245342244,-6.253244031059846,26.545707580323594,0
2026-01-19 04:45:00,PCS-01,383.19026741980076,4.22605112915347,33.26660575465415,0
2026-01-19 04:50:00,PCS-01,379.364838664373,-26.1172681409724,28.203244499353165,0
2026-01-19 04:55:00,PCS-01,377.9876256350714,9.972658894374897,25.295251290688803,0
2026-01-19 05:00:00,PCS-01,378.73692975202005,-6.258399615649372,21.85038978171127,0
2026-01-19 05:05:00,PCS-01,379.6400037020369,-4.5560633762167315,28.985657176882896,0
2026-01-19 05:10:00,PCS-01,384.1888601456126,-19.508111877367757,27.05534079315021,0
2026-01-19 05:15:00,PCS-01,378.52255263517304,-9.370302359583413,29.194935215065595,0
2026-01-19 05:20:00,PCS-01,379.990773677797,4.502944161167544,23.477526800668947,0
2026-01-19 05:25:00,PCS-01,374.6752206284141,-7.8582260888004996,27.34828663542701,0
2026-01-19 05:30:00,PCS-01,383.54881980554757,18.012874156788484,24.97214255893093,0
2026-01-19 05:35:00,PCS-01,374.55076165692526,-18.270827748710268,29.72582402357893,0
2026-01-19 05:40:00,PCS-01,376.1697324013174,-35.16022695893814,29.40431637335528,0
2026-01-19 05:45:00,PCS-01,376.29121741881914,-45.90727773595798,30.558998889919852,0
2026-01-19 05:50:00,PCS-01,379.9140999434318,4.651830262403277,32.44905104998608,0
2026-01-19 05:55:00,PCS-01,380.4343753940254,-30.285130060611248,25.42068549974632,0
2026-01-19 06:00:00,PCS-01,383.0146670313586,-53.13059161792778,27.43081318807352,0
2026-01-19 06:05:00,PCS-01,381.42308594734834,32.4938762603151,28.332976701347324,0
2026-01-19 06:10:00,PCS-01,380.0090580830175,-4.831766854348036,28.264483720535093,0
2026-01-19 06:15:00,PCS-01,378.22220921811027,-49.79134393683595,34.11337606778989,0
2026-01-19 06:20:00,PCS-01,377.1044171095054,-22.058768361481707,29.639933075873834,0
2026-01-19 06:25:00,PCS-01,375.71481115269796,-33.04600318176703,23.349965908169054,0
2026-01-19 06:30:00,PCS-01,374.51427396798823,-25.224844293443837,25.753228120272126,0
2026-01-19 06:35:00,PCS-01,376.5611099349751,-33.27072980606923,31.016576816743182,0
2026-01-19 06:40:00,PCS-01,375.2929473509169,18.79491179373541,25.689114036318507,0
2026-01-19 06:45:00,PCS-01,376.956524608715,-61.16134855690479,31.760275519574,0
2026-01-19 06:50:00,PCS-01,379.4255842728904,-22.550125345291917,27.48321921261235,0
2026-01-19 06:55:00,PCS-01,377.06998524625396,35.82676427223778,32.05408973619888,0
2026-01-19 07:00:00,PCS-01,381.5741629653435,53.00284956134699,30.304870625577692,0
2026-01-19 07:05:00,PCS-01,386.12044034269036,73.38994240056664,27.280784982832614,0
2026-01-19 07:10:00,PCS-01,376.9325056246116,-31.848683187817187,23.204539767706716,0
2026-01-19 07:15:00,PCS-01,378.7219389520079,53.495942452886766,28.609914691147093,0
2026-01-19 07:20:00,PCS-01,384.38366620530974,-73.44215711563963,29.798884682852005,0
2026-01-19 07:25:00,PCS-01,378.18785081010725,-37.78512339396359,31.325808858132078,0
2026-01-19 07:30:00,PCS-01,383.8707036922954,45.617857762847684,31.369453600597218,0
2026-01-19 07:35:00,PCS-01,375.6278463040208,3.364332620369759,30.256282131709792,0
2026-01-19 07:40:00,PCS-01,387.40355489931284,-53.01904809604319,28.88138792738435,0
2026-01-19 07:45:00,PCS-01,383.62748219328773,-49.36129161118743,27.922776034317554,0
2026-01-19 07:50:00,PCS-01,378.2165266757817,-6.530751035627228,24.99601047013403,0
2026-01-19 07:55:00,PCS-01,382.13903413251916,-76.62719431117135,33.62531597917908,0
2026-01-19 08:00:00,PCS-01,382.6362843261605,-10.834603472462568,27.87650388821981,0
2026-01-19 08:05:00,PCS-01,381.38865996282397,35.469204254760285,31.00247898567129,0
2026-01-19 08:10:00,PCS-01,378.5251072969822,-57.54970954799698,28.527146432398848,0
2026-01-19 08:15:00,PCS-01,384.0094573991033,-13.889585204473764,29.24572317654733,0
2026-01-19 08:20:00,PCS-01,376.440006307668,60.03098456484948,28.910087366496146,0
2026-01-19 08:25:00,PCS-01,378.23738593870934,-62.69799000442,29.580362382077137,0
2026-01-19 08:30:00,PCS-01,377.9495922707615,69.54857336570731,19.787834071217254,0
2026-01-19 08:35:00,PCS-01,374.09316825800573,7.050886197036965,28.6115220723003,0
2026-01-19 08:40:00,PCS-01,384.37021799221696,3.0463183169449737,26.191564723184907,0
2026-01-19 08:45:00,PCS-01,381.9724661390315,45.27947628025061,22.58098030755813,0
2026-01-19 08:50:00,PCS-01,375.8308141951129,-34.01354475557643,25.117471099004824,0
2026-01-19 08:55:00,PCS-01,379.42032048802696,60.25708916947889,27.081938246569326,0
2026-01-19 09:00:00,PCS-01,377.4731138453049,9.268425830645436,33.44230354515958,0
2026-01-19 09:05:00,PCS-01,377.6721289770616,-14.618566276400163,29.597106433705736,0
2026-01-19 09:10:00,PCS-01,373.28747317473517,41.924375659164866,26.55804291266615,0
2026-01-19 09:15:00,PCS-01,377.1450052664275,-59.3238056662208,24.600873316649714,0
2026-01-19 09:20:00,PCS-01,377.05491684462396,67.3627416318486,29.751431646815945,0
2026-01-19 09:25:00,PCS-01,382.84297523202395,-34.566442445287755,32.13536917975877,0
2026-01-19 09:30:00,PCS-01,380.68949313306797,32.044290422873736,23.62966276870066,0
2026-01-19 09:35:00,PCS-01,381.05869607334193,16.22658800255954,25.854234766241383,0
2026-01-19 09:40:00,PCS-01,378.6864918981843,-29.914322025060443,30.120504651112395,0
2026-01-19 09:45:00,PCS-01,380.15628047078127,62.34752967487579,26.669268651568366,0
2026-01-19 09:50:00,PCS-01,381.11571964761146,-95.71725416485101,29.151090859196675,0
2026-01-19 09:55:00,PCS-01,381.5230267271174,-14.3146528794822,26.989021187383702,0
2026-01-19 10:00:00,PCS-01,378.24039602107104,-29.5136422347434,29.887832511320212,0
2026-01-19 10:05:00,PCS-01,381.4609634551843,32.10047579051397,24.596925723732458,0
2026-01-19 10:10:00,PCS-01,377.3632047884406,73.8527334888649,29.510883316837848,0
2026-01-19 10:15:00,PCS-01,379.55700434939024,69.74590968333443,23.150858882463094,0
2026-01-19 10:20:00,PCS-01,377.5162796889072,29.559158204489215,27.62917036668594,0
2026-01-19 10:25:00,PCS-01,381.9012134134595,-1.785498647426377,27.86413039519727,0
2026-01-19 10:30:00,PCS-01,373.81549365476,-28.80371716267941,29.741356429938886,0
2026-01-19 10:35:00,PCS-01,380.5627419728488,43.30787492904335,24.648541695811776,0
2026-01-19 10:40:00,PCS-01,380.81560979760064,13.21382870216212,27.107888330586935,0
2026-01-19 10:45:00,PCS-01,378.4076113469775,27.41837380692484,32.17841152354759,0
2026-01-19 10:50:00,PCS-01,377.8383262387151,-25.62806382991552,23.474564273357,0
2026-01-19 10:55:00,PCS-01,383.31799362217436,44.77052930919213,27.78086651943832,0
2026-01-19 11:00:00,PCS-01,379.1429307525744,18.414790577733136,28.300344899663628,0
2026-01-19 11:05:00,PCS-01,381.135468351741,33.095689645655455,29.215335143651817,0
2026-01-19 11:10:00,PCS-01,377.53512601780767,18.929626939897013,30.701285322158338,0
2026-01-19 11:15:00,PCS-01,382.4541054672726,3.870623720313591,29.059118030805823,0
2026-01-19 11:20:00,PCS-01,374.09014831516197,-3.5867922110323827,30.395715304404213,0
2026-01-19 11:25:00,PCS-01,381.30508890537874,9.535096283544888,30.96213904656777,0
2026-01-19 11:30:00,PCS-01,381.04216802570454,-42.86581395963025,30.817175534818485,0
2026-01-19 11:35:00,PCS-01,381.3247889515672,-16.298142755234238,24.96517252642462,0
2026-01-19 11:40:00,PCS-01,381.83030057978135,43.87966501000566,25.028705923904926,0
2026-01-19 11:45:00,PCS-01,384.1915463224482,39.33622933813599,30.130547633894825,0
2026-01-19 11:50:00,PCS-01,382.63561475089,-12.275769487995984,26.577266010328838,0
2026-01-19 11:55:00,PCS-01,379.93836131529457,-32.69004403717944,31.478490955290855,0
2026-01-19 12:00:00,PCS-01,380.83369248964567,14.04006462938579,20.19975467569527,0
2026-01-19 12:05:00,PCS-01,376.193042651676,72.92018728778376,31.795088479957737,0
2026-01-19 12:10:00,PCS-01,378.87390014055165,25.416647360965893,29.11590773645779,0
2026-01-19 12:15:00,PCS-01,378.6883721097107,-97.36153564885339,31.270954628930593,0
2026-01-19 12:20:00,PCS-01,376.18633311016924,-28.49430590966243,29.45189887387497,0
2026-01-19 12:25:00,PCS-01,377.7543606940869,48.798139264440394,33.03208107449279,0
2026-01-19 12:30:00,PCS-01,381.40965327046507,-7.15362344018558,29.41955653911116,0
2026-01-19 12:35:00,PCS-01,378.65258784021137,0.4430122313453482,27.9569513563735,0
2026-01-19 12:40:00,PCS-01,379.97983050424006,-66.37660283766671,26.880594180299234,0
2026-01-19 12:45:00,PCS-01,377.3823707358166,14.208854815739224,32.56472495810026,0
2026-01-19 12:50:00,PCS-01,382.5803318648206,-11.035691388169443,24.35868962028093,0
2026-01-19 12:55:00,PCS-01,381.24338303668117,30.069657681670265,30.83882228813963,0
2026-01-19 13:00:00,PCS-01,378.1664466021993,21.26337707374329,26.912300777862388,0
2026-01-19 13:05:00,PCS-01,381.3991689586451,29.343802531665727,27.609523718532273,0
2026-01-19 13:10:00,PCS-01,380.454871667008,21.461406899297305,31.545120781225236,0
2026-01-19 13:15:00,PCS-01,378.6305165448751,37.040770912376175,27.26544177694025,0
2026-01-19 13:20:00,PCS-01,377.1681473160503,50.36926985102659,29.61973557988275,0
2026-01-19 13:25:00,PCS-01,382.4763173278123,23.03417712044308,25.38333377232948,0
2026-01-19 13:30:00,PCS-01,381.1371339795544,-47.84959725398447,24.984667641409988,0
2026-01-19 13:35:00,PCS-01,378.58561293038207,-67.60736883007652,31.76444617994606,0
2026-01-19 13:40:00,PCS-01,378.3159470360553,30.853633618797765,30.009356333030077,0
2026-01-19 13:45:00,PCS-01,378.98375209710355,-7.446722428721221,24.60349386929923,0
2026-01-19 13:50:00,PCS-01,380.27289224082983,-0.7486943924946712,23.673311681135104,0
2026-01-19 13:55:00,PCS-01,379.1373675835138,-35.86982549301985,34.87792132262459,0
2026-01-19 14:00:00,PCS-01,379.54877562646686,38.55645422444788,27.428023108664203,0
2026-01-19 14:05:00,PCS-01,381.7431412852358,5.398833388120126,27.86505512697858,0
2026-01-19 14:10:00,PCS-01,381.886854192431,28.677674794391955,23.7950268486292,0
2026-01-19 14:15:00,PCS-01,379.6043405505969,-9.914033297632828,24.427744244891922,0
2026-01-19 14:20:00,PCS-01,379.7442654673752,13.012964562018377,28.678838613203105,0
2026-01-19 14:25:00,PCS-01,378.7115328400902,24.773823061875035,25.42804678335778,0
2026-01-19 14:30:00,PCS-01,377.77039038675395,11.688352756990213,26.51977553041749,0
2026-01-19 14:35:00,PCS-01,377.88355613202685,-13.806460999850929,27.96385026609694,0
2026-01-19 14:40:00,PCS-01,385.9971060656016,-79.59258145611201,30.356854118352654,0
2026-01-19 14:45:00,PCS-01,381.7818038628109,-28.832621312615977,31.641733460719124,0
2026-01-19 14:50:00,PCS-01,380.7767158128146,18.550602334547715,27.901393259205072,0
2026-01-19 14:55:00,PCS-01,383.6379718991723,21.964231786370277,32.19761308861885,0
2026-01-19 15:00:00,PCS-01,373.88259039818104,38.600379799743266,29.01734131508526,0
2026-01-19 15:05:00,PCS-01,379.0713071491639,80.29524342929675,28.813518054939536,0
2026-01-19 15:10:00,PCS-01,381.50474743171014,46.26748527736653,25.799550396545648,0
2026-01-19 15:15:00,PCS-01,386.748340099292,-33.72749572937843,30.27598913100874,0
2026-01-19 15:20:00,PCS-01,378.71166269664957,40.56809312375775,25.521885927425476,0
2026-01-19 15:25:00,PCS-01,377.5691719504975,-36.772676343010716,28.505186422871287,0
2026-01-19 15:30:00,PCS-01,376.3124872392735,30.105086265719155,31.826306904121125,0
2026-01-19 15:35:00,PCS-01,378.2664581689293,30.65382766962741,34.14275632134131,0
2026-01-19 15:40:00,PCS-01,380.8972664458627,51.865969667042755,26.75322357453515,0
2026-01-19 15:45:00,PCS-01,386.83263145319347,-16.550173116562373,29.10334114840259,0
2026-01-19 15:50:00,PCS-01,384.96307716942005,0.3073084624166251,27.73362801350353,0
2026-01-19 15:55:00,PCS-01,375.54907496322016,79.21356173164992,28.597098434126117,0
2026-01-19 16:00:00,PCS-01,382.720261494562,-7.34429516908,24.98998853952658,0
2026-01-19 16:05:00,PCS-01,381.68766267891976,-9.336672801226797,22.19452818880096,0
2026-01-19 16:10:00,PCS-01,384.75722577265094,57.38056719839166,24.77874485805667,0
2026-01-19 16:15:00,PCS-01,381.1354096527863,-136.20384109906428,26.434235866247512,0
2026-01-19 16:20:00,PCS-01,377.5571945755834,33.52067549652127,29.838382754263822,0
2026-01-19 16:25:00,PCS-01,382.47614562538666,-93.1609384599231,26.133623423342005,0
2026-01-19 16:30:00,PCS-01,380.15077414958387,-29.518484983338652,31.067059417290366,0
2026-01-19 16:35:00,PCS-01,378.05095298693624,46.56470304702573,28.394658713219062,0
2026-01-19 16:40:00,PCS-01,376.79531209251996,-25.416102873258733,30.47612909155488,0
2026-01-19 16:45:00,PCS-01,377.3668713308817,44.33967974211099,25.993320763855007,0
2026-01-19 16:50:00,PCS-01,383.91506970045634,-5.194030327900828,28.874036631334103,0
2026-01-19 16:55:00,PCS-01,383.82597183570476,-57.8552423604802,27.48826905014664,0
2026-01-19 17:00:00,PCS-01,379.4132088314888,31.39734127725635,27.51674203772881,0
2026-01-19 17:05:00,PCS-01,375.65792773540386,29.974738882376872,28.736094586192305,0
2026-01-19 17:10:00,PCS-01,382.661462714908,-1.5167291205329125,24.315208054931666,0
2026-01-19 17:15:00,PCS-01,375.3103191143769,38.81799754992895,29.417278675084788,0
2026-01-19 17:20:00,PCS-01,384.22011146812054,3.6915278593433682,30.938644979315445,0
2026-01-19 17:25:00,PCS-01,375.5837367355339,21.5209902915476,24.23324453297086,0
2026-01-19 17:30:00,PCS-01,378.89929744377014,22.142950069638356,21.64369845295777,0
2026-01-19 17:35:00,PCS-01,375.23818385802025,-2.4092214523993642,31.654903140374607,0
2026-01-19 17:40:00,PCS-01,377.0475152411451,20.249302135426063,29.288755321225402,0
2026-01-19 17:45:00,PCS-01,374.6613021820732,-50.933999194097346,26.371454478905548,0
2026-01-19 17:50:00,PCS-01,378.50970168802036,31.827113646613242,26.32302570746478,0
2026-01-19 17:55:00,PCS-01,378.2202570093178,4.615114891689136,28.72424167210031,0
2026-01-19 18:00:00,PCS-01,371.7532334190373,49.71870079281369,31.430640717786993,0
2026-01-19 18:05:00,PCS-01,384.0088382995253,-23.686981972686894,32.138345508658794,0
2026-01-19 18:10:00,PCS-01,377.52804361324064,106.94676443657474,24.036412011036894,0
2026-01-19 18:15:00,PCS-01,380.59022903632666,-11.368231655734531,27.44478688682192,0
2026-01-19 18:20:00,PCS-01,386.12190678631913,-35.06725696995824,27.864264581904376,0
2026-01-19 18:25:00,PCS-01,373.612013433797,-36.10744354127902,29.377880949471233,0
2026-01-19 18:30:00,PCS-01,383.63003933305527,-58.6238848936661,29.889509251595275,0
2026-01-19 18:35:00,PCS-01,383.00800204863197,-44.98271883568826,26.78773720750009,0
2026-01-19 18:40:00,PCS-01,377.23410737567025,-9.459172240092125,29.88471971715315,0
2026-01-19 18:45:00,PCS-01,378.65653615372867,-18.035970693467995,26.845792830925944,0
2026-01-19 18:50:00,PCS-01,381.44376574455066,29.347020073453905,27.581312308300063,0
2026-01-19 18:55:00,PCS-01,379.8505637225386,38.3001544852739,29.245335106346435,0
2026-01-19 19:00:00,PCS-01,380.8377134577986,-25.88404387909979,28.948013538525036,0
2026-01-19 19:05:00,PCS-01,378.18698826626286,-43.0071890424165,25.560551532991596,0
2026-01-19 19:10:00,PCS-01,384.53893652252185,-52.40363950966681,28.343348917168093,0
2026-01-19 19:15:00,PCS-01,377.3972730835573,-61.359832402158446,26.858118494250057,0
2026-01-19 19:20:00,PCS-01,384.94063204837806,-30.558125775492307,29.3419099895611,0
2026-01-19 19:25:00,PCS-01,381.6572116874341,6.094162907726352,28.57276131337713,0
2026-01-19 19:30:00,PCS-01,377.765711110586,64.1867706851912,25.035304398647966,0
2026-01-19 19:35:00,PCS-01,381.629568698443,35.082573219170335,26.061310851163984,0
2026-01-19 19:40:00,PCS-01,380.9788726288501,17.482210564251634,29.33543323452094,0
2026-01-19 19:45:00,PCS-01,378.2403189094739,0.022266782874977215,28.614671410704837,0
2026-01-19 19:50:00,PCS-01,380.96466759010275,10.107537248788239,30.803969296728752,0
2026-01-19 19:55:00,PCS-01,377.427690180322,-37.361747852028635,27.639639224533866,0
2026-01-19 20:00:00,PCS-01,378.3399937959563,-111.41906901654926,23.333856619801686,0
2026-01-19 20:05:00,PCS-01,376.19494104886905,-38.01564712822169,29.338149600649302,0
2026-01-19 20:10:00,PCS-01,378.9917005472066,70.95625105607014,31.14339807135301,0
2026-01-19 20:15:00,PCS-01,376.89810314584463,-35.50724352014223,27.43976226645937,0
2026-01-19 20:20:00,PCS-01,381.80027671024084,-32.38698682680345,27.501843422594057,0
2026-01-19 20:25:00,PCS-01,375.2869064281843,2.3495007526623466,29.445353855079432,0
2026-01-19 20:30:00,PCS-01,378.09843225011355,-21.38683278892053,28.29343432740033,0
2026-01-19 20:35:00,PCS-01,374.070114068779,-2.6032206844983325,28.417244497226225,0
2026-01-19 20:40:00,PCS-01,384.0701917311674,-13.131007945551989,28.911332745585142,0
2026-01-19 20:45:00,PCS-01,380.34618337948876,57.877771791245856,32.947240127692474,0
2026-01-19 20:50:00,PCS-01,386.4796887237191,2.810214512036029,28.916792091289064,0
2026-01-19 20:55:00,PCS-01,378.91963210625624,-29.3125830117398,27.47710563274662,0
2026-01-19 21:00:00,PCS-01,377.96840294749745,-79.20358847741498,32.959845438029085,0
2026-01-19 21:05:00,PCS-01,377.02036232911354,18.94042565264463,24.817180982707207,0
2026-01-19 21:10:00,PCS-01,376.3060124387614,-36.031997703311184,32.04731523908005,0
2026-01-19 21:15:00,PCS-01,380.1806587508582,-13.035260844679485,24.989145731441177,0
2026-01-19 21:20:00,PCS-01,377.9704840650311,74.39655948133547,28.975472559919172,0
2026-01-19 21:25:00,PCS-01,379.3761573492387,44.21405374001264,28.524639226558396,0
2026-01-19 21:30:00,PCS-01,374.5203036413521,-22.435468680575905,28.885571460378106,0
2026-01-19 21:35:00,PCS-01,380.93519852770555,-62.77663976891726,29.073678440845942,0
2026-01-19 21:40:00,PCS-01,381.9548377878492,8.626138456829807,25.759000024297777,0
2026-01-19 21:45:00,PCS-01,382.76138350832645,-46.362212054482896,26.607854763201157,0
2026-01-19 21:50:00,PCS-01,375.4187541456643,96.75244864591318,30.690950331062446,0
2026-01-19 21:55:00,PCS-01,379.30161115868435,4.687980059463336,25.084369253722564,0
2026-01-19 22:00:00,PCS-01,384.5259841787157,-65.72355935517075,22.541278216021315,0
2026-01-19 22:05:00,PCS-01,380.7756289232921,-22.078251838762636,27.12971466615181,0
2026-01-19 22:10:00,PCS-01,379.7781910297995,26.339952988194597,28.48158730013862,0
2026-01-19 22:15:00,PCS-01,375.83814048431265,33.433182381962624,29.13150447101559,0
2026-01-19 22:20:00,PCS-01,382.33041813354674,42.320655689176405,30.0097619235178,0
2026-01-19 22:25:00,PCS-01,383.8700449418419,35.01717273693265,26.344305961454662,0
2026-01-19 22:30:00,PCS-01,384.950962350557,0.44676903765688847,24.55130347393658,0
2026-01-19 22:35:00,PCS-01,381.76264581755925,-27.124774111883283,28.84903999622588,0
2026-01-19 22:40:00,PCS-01,379.1327187222893,19.52916134409494,27.3011300033523,0
2026-01-19 22:45:00,PCS-01,376.9512801499947,52.60388064114137,23.654292921619625,0
2026-01-19 22:50:00,PCS-01,377.9903326390757,-25.630996510585273,25.546467232411853,0
2026-01-19 22:55:00,PCS-01,374.96188538614825,-8.17545786536032,27.86341533372798,0
2026-01-19 23:00:00,PCS-01,381.81349915294686,-59.0300188858484,34.39751424529128,0
2026-01-19 23:05:00,PCS-01,382.6901658522434,64.94310309838713,27.116036990013573,0
2026-01-19 23:10:00,PCS-01,383.84606422860816,22.61902333714731,34.56484356117,0
2026-01-19 23:15:00,PCS-01,382.2915125449032,45.538814451707374,26.910715559820794,0
2026-01-19 23:20:00,PCS-01,378.4249577841263,53.35877811768245,33.27008272879264,0
2026-01-19 23:25:00,PCS-01,380.438186731196,6.174960791779545,24.66900379312785,0
2026-01-19 23:30:00,PCS-01,382.1045066711307,-21.69415587883981,30.909893302331888,0
2026-01-19 23:35:00,PCS-01,382.60642515049216,28.309536135852625,30.79223672342492,0
2026-01-19 23:40:00,PCS-01,379.57878554870854,-38.06958777587658,19.002750698858982,0
2026-01-19 23:45:00,PCS-01,378.33455059443867,-112.33016316760809,23.770521654145305,0
2026-01-19 23:50:00,PCS-01,381.2823094944957,17.919293717642233,36.79168882384565,0
2026-01-19 23:55:00,PCS-01,377.1184004319923,12.85635516548016,28.63507742525756,0
2026-01-20 00:00:00,PCS-01,386.89553128189226,-35.77569205723022,28.362181241890447,0
2026-01-20 00:05:00,PCS-01,386.3801374178363,24.49555414438866,25.094537749384923,0
2026-01-20 00:10:00,PCS-01,377.25659253101514,-48.06005498103743,29.330278700253483,0
2026-01-20 00:15:00,PCS-01,380.72305511105037,-0.7290047938968856,22.06876206723714,0
2026-01-20 00:20:00,PCS-01,381.2969239574131,48.14655807269948,26.18396582430385,0
2026-01-20 00:25:00,PCS-01,377.53258275338993,-30.520017888585613,27.574429368269193,0
2026-01-20 00:30:00,PCS-01,381.8387053260724,14.019994253876,25.529389486280362,0
2026-01-20 00:35:00,PCS-01,385.27372513598687,-1.9551061325325678,33.02420187994306,0
2026-01-20 00:40:00,PCS-01,379.52528901642637,38.10602154663054,29.804120640486936,0
2026-01-20 00:45:00,PCS-01,376.0651877005552,28.60034900531945,24.0388893618718,0
2026-01-20 00:50:00,PCS-01,378.20642837198193,3.6421582519607503,23.98444913780188,0
2026-01-20 00:55:00,PCS-01,379.2315451546369,89.78054562731351,23.9487560047853,0
2026-01-20 01:00:00,PCS-01,384.60843601968105,23.462137726842556,27.46220028954229,0
2026-01-20 01:05:00,PCS-01,383.41736897994497,1.1687788596586928,29.330074301574665,0
2026-01-20 01:10:00,PCS-01,381.9749471552323,46.828165104159496,24.822864413069844,0
2026-01-20 01:15:00,PCS-01,381.05498350449346,18.439395567546327,31.256834426921365,0
2026-01-20 01:20:00,PCS-01,381.38207786046195,-29.307760806836228,29.356478257205243,0
2026-01-20 01:25:00,PCS-01,379.09397363128653,0.69096626089047,30.441731476915262,0
2026-01-20 01:30:00,PCS-01,381.8549682940697,-69.22871287787297,29.87877931107886,0
2026-01-20 01:35:00,PCS-01,373.85234878508965,-13.695902744904433,28.25825454954316,0
2026-01-20 01:40:00,PCS-01,376.3463719171345,46.71144741017528,24.41209370667179,0
2026-01-20 01:45:00,PCS-01,384.5570456533987,31.05801378179094,25.33446399846018,0
2026-01-20 01:50:00,PCS-01,383.4937720992048,52.340729058844616,24.784579708631256,0
2026-01-20 01:55:00,PCS-01,374.71893994736524,15.45768561674052,24.26139981682234,0
2026-01-20 02:00:00,PCS-01,381.702738869742,-5.252854625897442,25.738287397105438,0
2026-01-20 02:05:00,PCS-01,378.6416484818288,61.57981124082455,25.578046534862818,0
2026-01-20 02:10:00,PCS-01,383.15374555990934,-77.43164958844613,26.309675381924098,0
2026-01-20 02:15:00,PCS-01,377.6088347559925,11.660129244538162,27.084787937549144,0
2026-01-20 02:20:00,PCS-01,383.27483395464276,-25.82905952930757,27.994422643262954,0
2026-01-20 02:25:00,PCS-01,380.58003916974536,-25.04548063972948,30.003700956703703,0
2026-01-20 02:30:00,PCS-01,385.9774923106504,-60.73849105074572,28.53743918617286,0
2026-01-20 02:35:00,PCS-01,385.26790198433997,15.683543389362761,28.31791819913046,0
2026-01-20 02:40:00,PCS-01,372.7230734613391,-16.802098713938072,29.82926901731939,0
2026-01-20 02:45:00,PCS-01,380.48919418840967,-118.93778129132443,24.482832297933864,0
2026-01-20 02:50:00,PCS-01,377.18088764781436,24.58430999112465,30.600244669322603,0
2026-01-20 02:55:00,PCS-01,380.4984796967341,-47.27045569321595,27.504769579955614,0
2026-01-20 03:00:00,PCS-01,382.90565413275266,60.373475614237364,31.220367488790995,0
2026-01-20 03:05:00,PCS-01,384.3300512235055,16.429096481266715,31.471561661569872,0
2026-01-20 03:10:00,PCS-01,381.6419374609928,18.699292107252447,30.64913983799752,0
2026-01-20 03:15:00,PCS-01,378.27564136405795,-13.524920587642324,26.971493210482564,0
2026-01-20 03:20:00,PCS-01,377.82454612487624,-7.41512121045889,24.05963937448803,0
2026-01-20 03:25:00,PCS-01,383.6119747782928,78.81079955670232,32.56955780238656,0
2026-01-20 03:30:00,PCS-01,380.9449721268162,23.33737192217423,25.472390150869057,0
2026-01-20 03:35:00,PCS-01,385.06109611202123,36.01651200960798,25.535164170463585,0
2026-01-20 03:40:00,PCS-01,379.95726263464576,45.000718475046696,31.141513741089852,0
2026-01-20 03:45:00,PCS-01,380.9964139012633,0.38399871517943407,30.134617433653336,0
2026-01-20 03:50:00,PCS-01,381.1734578645405,52.75082220694021,27.000021555620275,0
2026-01-20 03:55:00,PCS-01,380.97948375805714,-38.55751672243289,21.171602641496563,0
2026-01-20 04:00:00,PCS-01,376.6055862540031,-20.40317515036019,30.200294053325187,0
2026-01-20 04:05:00,PCS-01,378.8828038973112,-56.74787486040242,26.02577030584135,0
2026-01-20 04:10:00,PCS-01,381.1884113474285,179.94031821254998,34.21556065481242,0
2026-01-20 04:15:00,PCS-01,380.2314767222405,8.578946314798324,27.91327394595125,0
2026-01-20 04:20:00,PCS-01,385.2626601833292,15.865288008978446,28.706961697668643,0
2026-01-20 04:25:00,PCS-01,385.3721267761945,-23.66280938302261,24.870219265792237,0
2026-01-20 04:30:00,PCS-01,380.466952970071,62.82537516978981,30.893461296923387,0
2026-01-20 04:35:00,PCS-01,381.94408458057353,87.63024914734672,25.703633012367256,0
2026-01-20 04:40:00,PCS-01,377.5554912600522,-42.86533039769228,31.754521938982094,0
2026-01-20 04:45:00,PCS-01,384.6637234968467,-30.426801435938664,28.88968765870719,0
2026-01-20 04:50:00,PCS-01,381.6744293015055,5.726376848338201,29.909615752750035,0
2026-01-20 04:55:00,PCS-01,380.43857743534625,24.76042739262493,25.363011220915247,0
2026-01-20 05:00:00,PCS-01,383.31014063625537,48.85407191817777,28.49936206135193,0
2026-01-20 05:05:00,PCS-01,376.7363738394355,-6.705386364093437,28.04932081146321,0
2026-01-20 05:10:00,PCS-01,378.3201711938491,-14.486378551697657,29.02003277602218,0
2026-01-20 05:15:00,PCS-01,380.63245269921936,-22.25996394917196,27.274151189715628,0
2026-01-20 05:20:00,PCS-01,377.86829441025765,19.54278616223937,27.11574991236991,0
2026-01-20 05:25:00,PCS-01,380.35393034363585,-33.3342883016636,25.42461882034442,0
2026-01-20 05:30:00,PCS-01,387.39850887625005,6.4990966776378905,30.844461716376248,0
2026-01-20 05:35:00,PCS-01,380.4710322971992,22.035233877274095,30.50091494226209,0
2026-01-20 05:40:00,PCS-01,385.2486321946163,-20.56762667423382,28.10425800414165,0
2026-01-20 05:45:00,PCS-01,378.8556605249136,13.26330296300031,22.85930557380757,0
2026-01-20 05:50:00,PCS-01,382.1080725766596,35.13488359253186,28.52501977019626,0
2026-01-20 05:55:00,PCS-01,376.191097720674,10.075842639637516,30.407600731053076,0
2026-01-20 06:00:00,PCS-01,371.8947284061565,-0.8031798898466147,31.011905119222913,0
2026-01-20 06:05:00,PCS-01,383.0377028825519,31.478069358764333,24.616778516927216,0
2026-01-20 06:10:00,PCS-01,380.22173840821574,43.031032915255096,27.4144475268076,0
2026-01-20 06:15:00,PCS-01,381.1238651399235,26.72920334531533,27.730948155875364,0
2026-01-20 06:20:00,PCS-01,382.9193084658966,-26.120701434798974,25.661007298591986,0
2026-01-20 06:25:00,PCS-01,379.70511360516525,53.702254368431646,28.753042202661046,0
2026-01-20 06:30:00,PCS-01,381.92288665668934,50.75425712613506,25.162265870664484,0
2026-01-20 06:35:00,PCS-01,387.97469594526905,-3.107719441563035,26.71367137560419,0
2026-01-20 06:40:00,PCS-01,378.67849033354895,26.756345058724307,30.735326321689556,0
2026-01-20 06:45:00,PCS-01,383.61051545781595,32.10489644403781,30.58636459963987,0
2026-01-20 06:50:00,PCS-01,381.7069463969381,52.16071485212911,28.96305361505556,0
2026-01-20 06:55:00,PCS-01,381.57227287303857,-38.45240728244268,26.824548265363152,0
2026-01-20 07:00:00,PCS-01,378.4699138482398,1.3930016592831505,30.545899663446786,0
2026-01-20 07:05:00,PCS-01,382.3762884033797,80.3339046318701,24.764252851369697,0
2026-01-20 07:10:00,PCS-01,382.23974122620723,-14.380423981377284,25.942037344928167,0
2026-01-20 07:15:00,PCS-01,379.62108701786326,-78.28876449008928,20.525205558081957,0
2026-01-20 07:20:00,PCS-01,381.43138645282505,-17.86198249584522,27.579904877084292,0
2026-01-20 07:25:00,PCS-01,385.8234547296091,-131.47467653658708,23.29496521680993,0
2026-01-20 07:30:00,PCS-01,381.8483265658118,18.935499262439368,36.61579481607207,0
2026-01-20 07:35:00,PCS-01,382.1033056370709,9.862857197752126,26.69191406042936,0
2026-01-20 07:40:00,PCS-01,378.18095340160545,46.76600578515561,23.6219858607717,0
2026-01-20 07:45:00,PCS-01,380.01239630544114,-16.09129460600018,25.918596617921093,0
2026-01-20 07:50:00,PCS-01,387.6196202802862,-84.30921852611554,27.124250091614233,0
2026-01-20 07:55:00,PCS-01,377.6881883312073,-13.427582419433584,27.84493510321214,0
2026-01-20 08:00:00,PCS-01,381.14650118046256,-27.16102297309025,25.612631983589093,0
2026-01-20 08:05:00,PCS-01,378.6851180724838,36.379032770984495,28.853493732052637,0
2026-01-20 08:10:00,PCS-01,373.59733954044276,17.843329001012627,26.499913658699,0
2026-01-20 08:15:00,PCS-01,381.6181577020055,-67.2110420473114,29.21255964313314,0
2026-01-20 08:20:00,PCS-01,380.2777759829373,-23.829037504167697,28.08027755100028,0
2026-01-20 08:25:00,PCS-01,382.79084478580285,11.865059037126555,33.293915315487965,0
2026-01-20 08:30:00,PCS-01,383.509545868919,5.499601164568755,28.459746862400205,0
2026-01-20 08:35:00,PCS-01,381.6903217861307,-54.15125272941418,27.790732545541427,0
2026-01-20 08:40:00,PCS-01,375.43330499621163,-76.88370090219797,25.927911125573328,0
2026-01-20 08:45:00,PCS-01,377.13926901074143,-33.596924934911485,25.210345704976845,0
2026-01-20 08:50:00,PCS-01,376.63517560076957,-51.27083008512746,32.03230288431463,0
2026-01-20 08:55:00,PCS-01,383.2404318431848,-23.486322936529128,22.47638721785359,0
2026-01-20 09:00:00,PCS-01,379.54658855022063,54.151651979678675,26.779789178022437,0
2026-01-20 09:05:00,PCS-01,378.1025412680338,6.7957688983864735,29.49484627757054,0
2026-01-20 09:10:00,PCS-01,386.4625589025201,72.41777680115231,28.48960960170333,0
2026-01-20 09:15:00,PCS-01,375.9218457771699,-36.06254171429108,29.36377761676554,0
2026-01-20 09:20:00,PCS-01,381.4480516766626,-17.95864392207906,26.62315858257415,0
2026-01-20 09:25:00,PCS-01,381.2578970108253,-32.70772423918213,26.169704212274006,0
2026-01-20 09:30:00,PCS-01,381.0893552448607,6.183315674755885,28.12157564547944,0
2026-01-20 09:35:00,PCS-01,384.30962501821597,27.27048148515533,29.341778099201434,0
2026-01-20 09:40:00,PCS-01,381.4192048378189,45.433200080130746,32.72326951746711,0
2026-01-20 09:45:00,PCS-01,384.13890258484304,2.9077462872691413,26.649909172466668,0
2026-01-20 09:50:00,PCS-01,382.41304011711026,-44.53788508373404,32.888715637296194,0
2026-01-20 09:55:00,PCS-01,382.71379527522157,4.399463701033952,31.656263753437294,0
2026-01-20 10:00:00,PCS-01,386.7271257033027,11.14166582552901,23.835806037695782,0
2026-01-20 10:05:00,PCS-01,381.2525520961939,-30.322012832335812,27.92317341194185,0
2026-01-20 10:10:00,PCS-01,384.05363895039517,14.253954552495413,32.582702181622054,0
2026-01-20 10:15:00,PCS-01,381.8052641671394,36.344145843229406,25.710484418144596,0
2026-01-20 10:20:00,PCS-01,377.3709802782969,-11.64563585992201,26.790864439979497,0
2026-01-20 10:25:00,PCS-01,376.8065397011651,-48.97265758368266,30.69593473336451,0
2026-01-20 10:30:00,PCS-01,375.4635029442288,-30.043575504068297,33.64636493352645,0
2026-01-20 10:35:00,PCS-01,375.7350301872424,-19.29755203893754,30.243974025138627,0
2026-01-20 10:40:00,PCS-01,380.995404406178,50.19432415664628,26.66163268881928,0
2026-01-20 10:45:00,PCS-01,377.9100635876446,24.388269187308516,31.70882406588076,0
2026-01-20 10:50:00,PCS-01,380.3197050893719,-8.478833904123439,31.717563194207067,0
2026-01-20 10:55:00,PCS-01,381.51775124251066,4.599984070808563,26.462373257363453,0
2026-01-20 11:00:00,PCS-01,376.94336998289924,-30.76204501692687,25.98385389866841,0
2026-01-20 11:05:00,PCS-01,379.0324314119525,18.616998902784474,20.622498723223245,0
2026-01-20 11:10:00,PCS-01,380.8872557939337,-26.457435041375803,27.97103234168683,0
2026-01-20 11:15:00,PCS-01,375.48829127576823,41.91543422740655,29.507305251848422,0
2026-01-20 11:20:00,PCS-01,382.1520475824261,-1.6423953413546353,31.57647827588583,0
2026-01-20 11:25:00,PCS-01,379.2053179447332,53.29510592020923,24.848406760633434,0
2026-01-20 11:30:00,PCS-01,381.14369978306644,-0.2956106996101925,26.4427780994228,0
2026-01-20 11:35:00,PCS-01,379.6772296006851,-3.2737955862789594,34.38171650660098,0
2026-01-20 11:40:00,PCS-01,377.9694171670693,20.113938985462546,28.441476415959837,0
2026-01-20 11:45:00,PCS-01,381.9813603026145,23.236657063728558,29.161786420473533,0
2026-01-20 11:50:00,PCS-01,380.0611083488154,25.179018926347887,29.473762873514538,0
2026-01-20 11:55:00,PCS-01,377.8054454807844,18.3689443728787,21.901971511504527,0
2026-01-20 12:00:00,PCS-01,376.94873416088495,75.71822291169373,28.348424136504267,0
2026-01-20 12:05:00,PCS-01,384.6339000025814,-10.137389195844339,30.379634986045264,0
2026-01-20 12:10:00,PCS-01,381.93133506242737,-34.496099091518,30.09076563379806,0
2026-01-20 12:15:00,PCS-01,384.3489720436295,19.73496026941921,29.534078371361,0
2026-01-20 12:20:00,PCS-01,381.95860971812795,-51.40243300025198,27.66177807331626,0
2026-01-20 12:25:00,PCS-01,374.1592346166068,-3.7068752639720315,29.12796776635981,0
2026-01-20 12:30:00,PCS-01,378.23901245374526,55.82271336220889,25.60521116815846,0
2026-01-20 12:35:00,PCS-01,378.3686911152895,1.787115320093608,30.188599848783014,0
2026-01-20 12:40:00,PCS-01,380.27735763049793,-46.52665927277573,27.286895393412863,0
2026-01-20 12:45:00,PCS-01,380.27003452543664,-20.459897485163552,27.316854284181776,0
2026-01-20 12:50:00,PCS-01,373.83958368693806,-75.58803672969479,22.729019325572157,0
2026-01-20 12:55:00,PCS-01,380.24860950812996,21.033303720417518,29.305194562933263,0
2026-01-20 13:00:00,PCS-01,386.85037570875227,-2.711436327854311,28.713838248437924,0
2026-01-20 13:05:00,PCS-01,378.1220430346354,22.617821097102578,26.983842546195206,0
2026-01-20 13:10:00,PCS-01,377.0592805037176,4.575300453037145,27.7136133730412,0
2026-01-20 13:15:00,PCS-01,378.9418515935976,-35.16459883831843,24.672607401654584,0
2026-01-20 13:20:00,PCS-01,382.088939035902,-23.7121665995284,31.148263386194202,0
2026-01-20 13:25:00,PCS-01,381.8823798938285,18.83278528260878,28.85454819646035,0
2026-01-20 13:30:00,PCS-01,381.684948229718,51.15467319598835,25.870540684757245,0
2026-01-20 13:35:00,PCS-01,381.4308341953217,-59.87610761020647,30.22227725647411,0
2026-01-20 13:40:00,PCS-01,383.31770962797185,25.986544163689867,27.244172255898675,0
2026-01-20 13:45:00,PCS-01,379.40909839312997,70.64514362075694,29.101355710987097,0
2026-01-20 13:50:00,PCS-01,377.6519031202739,1.8428138837317254,28.119690937018717,0
2026-01-20 13:55:00,PCS-01,379.9008563210609,-56.14569848321305,28.500697575659927,0
2026-01-20 14:00:00,PCS-01,374.3349863585753,-42.364810165730134,17.69875020925772,0
2026-01-20 14:05:00,PCS-01,379.191337793878,7.76727300513094,27.10423134301204,0
2026-01-20 14:10:00,PCS-01,373.0765056715906,10.798594885463803,27.783294677617203,0
2026-01-20 14:15:00,PCS-01,378.59326780634166,-29.786885655143283,26.403142248791703,0
2026-01-20 14:20:00,PCS-01,379.2216977292114,12.07296590789535,28.970438898228476,0
2026-01-20 14:25:00,PCS-01,377.2840688535995,61.8840428296646,28.681258566646825,0
2026-01-20 14:30:00,PCS-01,377.78161707761245,-61.453834863428376,29.53543316413568,0
2026-01-20 14:35:00,PCS-01,383.7090983685951,1.1950478717644641,26.904659129242983,0
2026-01-20 14:40:00,PCS-01,382.9261035219484,-3.134104047206103,30.293375377904738,0
2026-01-20 14:45:00,PCS-01,380.03192570400967,-65.62518889059655,32.59408554456101,0
2026-01-20 14:50:00,PCS-01,381.4158596136296,-44.30622811052457,27.459852584802327,0
2026-01-20 14:55:00,PCS-01,376.85884047495915,1.7098794642635289,32.75560178420825,0
2026-01-20 15:00:00,PCS-01,381.0110276544227,-42.584097165850466,28.266276614636197,0
2026-01-20 15:05:00,PCS-01,377.73860115580624,9.736127124349196,30.130841385882057,0
2026-01-20 15:10:00,PCS-01,374.14194350600155,-4.472857720992669,29.515869759777335,0
2026-01-20 15:15:00,PCS-01,378.4883264172796,45.26241867342611,27.84488300078928,0
2026-01-20 15:20:00,PCS-01,377.50458416878234,50.45664535857125,28.39292900507934,0
2026-01-20 15:25:00,PCS-01,375.3231571167934,59.454155571817935,28.807181654888222,0
2026-01-20 15:30:00,PCS-01,380.2596794027593,44.82632634770169,26.53536160625509,0
2026-01-20 15:35:00,PCS-01,379.83831713613,-16.747133165897644,24.16142523389806,0
2026-01-20 15:40:00,PCS-01,380.0799775678546,-13.729742197397758,27.24365826719942,0
2026-01-20 15:45:00,PCS-01,379.64227966916883,-39.82646363413748,26.338541179561325,0
2026-01-20 15:50:00,PCS-01,387.6991485037287,-20.586881392589717,26.011752887900716,0
2026-01-20 15:55:00,PCS-01,382.0243674462198,20.57616641801989,30.013846710771755,0
2026-01-20 16:00:00,PCS-01,382.47236402773444,-49.10408763901386,26.879653301584227,0
2026-01-20 16:05:00,PCS-01,381.5073565163121,-43.84823868712776,32.66665814841306,0
2026-01-20 16:10:00,PCS-01,377.163154409753,54.212811176334995,30.265738411540298,0
2026-01-20 16:15:00,PCS-01,380.3068072175394,-40.18164966228707,27.756054162111457,0
2026-01-20 16:20:00,PCS-01,377.25450403996774,-55.62911239657347,29.06593666973771,0
2026-01-20 16:25:00,PCS-01,377.1684695252295,-42.165754133779565,27.085601374863444,0
2026-01-20 16:30:00,PCS-01,372.36116034984053,-8.171261920162543,32.041333230099326,0
2026-01-20 16:35:00,PCS-01,378.1852969325989,46.23772920842925,24.973472352248475,0
2026-01-20 16:40:00,PCS-01,380.69541995976675,-4.047431540438373,26.41403618735233,0
2026-01-20 16:45:00,PCS-01,380.33918762018027,-26.068579184348714,24.4694674030041,0
2026-01-20 16:50:00,PCS-01,380.0093473579701,10.166221526474384,24.581671455896462,0
2026-01-20 16:55:00,PCS-01,379.5743315407001,114.61722075253446,27.321412468012337,0
2026-01-20 17:00:00,PCS-01,375.2163390264469,56.445625725619834,26.874200219449726,0
2026-01-20 17:05:00,PCS-01,375.21791563357044,-17.371679329821646,30.70513182838815,0
2026-01-20 17:10:00,PCS-01,384.1007174688963,9.751308372740112,29.74494429054322,0
2026-01-20 17:15:00,PCS-01,381.66905233119513,-44.92542365590657,28.585404720615397,0
2026-01-20 17:20:00,PCS-01,378.6318313829031,-9.47471311293357,28.665375379130662,0
2026-01-20 17:25:00,PCS-01,381.5635875563072,-22.66057733370573,28.285644775885995,0
2026-01-20 17:30:00,PCS-01,381.5796819726581,31.434394171513894,30.868515523326508,0
2026-01-20 17:35:00,PCS-01,383.2932785546387,117.33762468691474,26.92111249998706,0
2026-01-20 17:40:00,PCS-01,380.5209887807249,-77.69733807521742,32.45788509632544,0
2026-01-20 17:45:00,PCS-01,381.7393090871303,27.47102795311679,31.829248255959655,0
2026-01-20 17:50:00,PCS-01,372.77562810011995,34.74891569007787,33.015409780132,0
2026-01-20 17:55:00,PCS-01,381.6654125975028,-0.4603137397402751,26.45457493740288,0
2026-01-20 18:00:00,PCS-01,378.1227257750397,-15.236347126078398,29.305631701583142,0
2026-01-20 18:05:00,PCS-01,378.78671782919633,78.13076254087578,30.60177387360188,0
2026-01-20 18:10:00,PCS-01,381.3533691148775,18.77732659340193,27.926134063092093,0
2026-01-20 18:15:00,PCS-01,380.8294681452486,-5.262709965098924,33.43860984951624,0
2026-01-20 18:20:00,PCS-01,382.4615467823581,-44.69325459358298,28.478036831259814,0
2026-01-20 18:25:00,PCS-01,378.11164497998834,25.802731061118756,23.31917023526396,0
2026-01-20 18:30:00,PCS-01,378.7329390810574,-25.861489640105386,28.699031054055055,0
2026-01-20 18:35:00,PCS-01,381.09542644831777,-66.54499693217353,26.328998558591678,0
2026-01-20 18:40:00,PCS-01,383.7036220195813,7.622088537663677,28.753622238127157,0
2026-01-20 18:45:00,PCS-01,382.5593496696977,-25.423607900182557,26.0696696186018,0
2026-01-20 18:50:00,PCS-01,383.6033002525337,-29.681265362251583,31.887006217627974,0
2026-01-20 18:55:00,PCS-01,376.91276328035013,11.884350762620532,30.24709414745349,0
2026-01-20 19:00:00,PCS-01,378.7070269972711,28.24632054471246,31.622393479302538,0
2026-01-20 19:05:00,PCS-01,376.18966528519786,-5.730407341113082,31.58265110987082,0
2026-01-20 19:10:00,PCS-01,383.0345139309828,23.293046246659618,30.144449962853805,0
2026-01-20 19:15:00,PCS-01,380.27607987595064,-0.1844666490451946,25.55167290851385,0
2026-01-20 19:20:00,PCS-01,376.4159626953157,27.99920555807402,29.14905754486364,0
2026-01-20 19:25:00,PCS-01,382.7312840142299,-52.441221900175634,27.120256985650908,0
2026-01-20 19:30:00,PCS-01,380.18133423917965,-14.222787025445605,28.838211425924847,0
2026-01-20 19:35:00,PCS-01,379.55246590078156,-9.189984448726092,33.63132809365625,0
2026-01-20 19:40:00,PCS-01,376.9966397137767,-12.238280321500724,24.75122513593163,0
2026-01-20 19:45:00,PCS-01,374.92208488643024,24.045007173660547,26.45695904782456,0
2026-01-20 19:50:00,PCS-01,373.88123339009525,29.344385198173217,26.74460764317587,0
2026-01-20 19:55:00,PCS-01,373.6470761265308,3.738568547804153,30.083056632145116,0
2026-01-20 20:00:00,PCS-01,383.0916504745254,-8.052780827659781,34.61414024509745,0
2026-01-20 20:05:00,PCS-01,377.0021194702579,75.02447943816057,31.184705072663846,0
2026-01-20 20:10:00,PCS-01,382.5188397105193,18.223086045565335,28.230719536989834,0
2026-01-20 20:15:00,PCS-01,380.18419248328513,4.808555480569051,27.52512265011149,0
2026-01-20 20:20:00,PCS-01,382.4450499158373,-1.3859782476798532,29.176240502413158,0
2026-01-20 20:25:00,PCS-01,385.128318034081,-61.42124602645239,29.712872154093677,0
2026-01-20 20:30:00,PCS-01,380.89181375686553,-39.0406092909382,30.02194215741653,0
2026-01-20 20:35:00,PCS-01,385.2060234847781,31.94043217518849,28.91631178622956,0
2026-01-20 20:40:00,PCS-01,380.99372270209113,-25.598226929092686,30.777454480792528,0
2026-01-20 20:45:00,PCS-01,380.77343786399473,-5.658534635471177,30.366004988528864,0
2026-01-20 20:50:00,PCS-01,374.87274623171953,-23.088864562794335,32.83056821472913,0
2026-01-20 20:55:00,PCS-01,382.09530401968385,67.03016311960148,29.399724413833024,0
2026-01-20 21:00:00,PCS-01,383.079834101033,-114.177437928316,28.265887756881565,0
2026-01-20 21:05:00,PCS-01,375.0414760114264,51.54693965245144,28.516582600462762,0
2026-01-20 21:10:00,PCS-01,380.9870777111427,35.55000293494231,24.902060700467285,0
2026-01-20 21:15:00,PCS-01,377.8696564709688,-62.22401792802507,31.825636404910394,0
2026-01-20 21:20:00,PCS-01,379.4709196581191,-41.65121716755383,24.680908265083588,0
2026-01-20 21:25:00,PCS-01,382.10131099266994,87.4150555825925,30.512460765446757,0
2026-01-20 21:30:00,PCS-01,380.0444212006309,12.721334637119995,28.766591190603,0
2026-01-20 21:35:00,PCS-01,380.62810611485185,-42.649426811203064,29.310015777731724,0
2026-01-20 21:40:00,PCS-01,379.78510568132236,5.833853454260497,27.729771647393658,0
2026-01-20 21:45:00,PCS-01,376.0573925027456,-16.998303367260082,25.384708283548413,0
2026-01-20 21:50:00,PCS-01,382.43693857236224,28.065574680088375,24.851413493402106,0
2026-01-20 21:55:00,PCS-01,384.6172653290849,2.447755490765757,30.434284312602077,0
2026-01-20 22:00:00,PCS-01,375.8402490743259,4.604005511153832,26.32331593592438,0
2026-01-20 22:05:00,PCS-01,381.5795431355345,-15.004376764078163,28.93022219137166,0
2026-01-20 22:10:00,PCS-01,380.787553829331,5.0063991787989695,28.725605729436573,0
2026-01-20 22:15:00,PCS-01,382.729849606053,-0.4125331984521753,26.86806238070337,0
2026-01-20 22:20:00,PCS-01,379.36401674883643,53.238353532338,23.78692601706746,0
2026-01-20 22:25:00,PCS-01,383.15431743411597,-18.716509028495665,24.50555771220899,0
2026-01-20 22:30:00,PCS-01,380.3071969828044,-28.08154060002916,26.261663275949967,0
2026-01-20 22:35:00,PCS-01,384.09924118652566,-51.20336484943302,22.635791872164436,0
2026-01-20 22:40:00,PCS-01,384.39460845538935,-8.848584722222409,25.06177456358426,0
2026-01-20 22:45:00,PCS-01,375.37172274599857,-25.145550300728132,26.543540168707437,0
2026-01-20 22:50:00,PCS-01,381.84827070224213,63.61642586734146,31.642823345184507,0
2026-01-20 22:55:00,PCS-01,382.5171239739185,-38.18449387672945,30.19319999604851,0
2026-01-20 23:00:00,PCS-01,379.720818697583,19.9674494186796,26.361032216512932,0
2026-01-20 23:05:00,PCS-01,381.1207164194761,7.657394283327243,22.808454130828828,0
2026-01-20 23:10:00,PCS-01,382.2166825105551,-33.397381579675155,28.89613059740612,0
2026-01-20 23:15:00,PCS-01,380.3127726191572,23.238068176123118,27.753262441534474,0
2026-01-20 23:20:00,PCS-01,380.0407368005709,-42.342122231513464,30.189606465787037,0
2026-01-20 23:25:00,PCS-01,382.0755347268905,-30.484056400068248,26.039622785558517,0
2026-01-20 23:30:00,PCS-01,377.16405161940213,36.5447617858598,22.399119221107483,0
2026-01-20 23:35:00,PCS-01,379.28195558575305,20.06684732138261,31.341553732383325,0
2026-01-20 23:40:00,PCS-01,386.92599866622464,-1.7033600840642482,35.45360096181236,0
2026-01-20 23:45:00,PCS-01,380.06527121095223,53.33954725860842,29.986457943179467,0
2026-01-20 23:50:00,PCS-01,379.7712172506724,-5.665874643580033,21.12988093077025,0
2026-01-20 23:55:00,PCS-01,379.3662202884011,-8.762386046240598,29.19935928765297,0
2026-01-21 00:00:00,PCS-01,376.119959793542,-54.902187011476315,23.90285272506649,0
2026-01-21 00:05:00,PCS-01,375.05380892009686,25.696579767484362,28.26324615986443,0
2026-01-21 00:10:00,PCS-01,379.8008774556064,68.41726501961334,29.381120688055173,0
2026-01-21 00:15:00,PCS-01,380.973330001314,37.307399021266455,27.784756897280904,0
2026-01-21 00:20:00,PCS-01,380.17338384002124,-29.253617576946404,26.88946105011041,0
2026-01-21 00:25:00,PCS-01,383.6382814102352,-25.1307680922654,26.730731054772747,0
2026-01-21 00:30:00,PCS-01,378.1286993903593,42.063894683467886,28.27295063630169,0
2026-01-21 00:35:00,PCS-01,379.0070706673674,-19.261914350003526,26.965560573134162,0
2026-01-21 00:40:00,PCS-01,380.295575217406,4.1274706062876305,24.165489204706727,0
2026-01-21 00:45:00,PCS-01,379.09041855564755,43.49190153228565,27.131438361456787,0
2026-01-21 00:50:00,PCS-01,381.24162513073134,15.271417219444244,32.681145229540405,0
2026-01-21 00:55:00,PCS-01,381.3884233032952,80.9663520114265,21.069472106954635,0
2026-01-21 01:00:00,PCS-01,377.4613709534322,-22.41511837877328,30.916632507606902,0
2026-01-21 01:05:00,PCS-01,381.0119167803585,-43.980767028810384,36.197169327535825,0
2026-01-21 01:10:00,PCS-01,380.66396887959667,39.12602678713433,31.653033297125607,0
2026-01-21 01:15:00,PCS-01,380.8757445502206,5.538488631297182,30.01465925323668,0
2026-01-21 01:20:00,PCS-01,380.79253885504033,88.96068276373887,27.319859492312865,0
2026-01-21 01:25:00,PCS-01,376.9427504721474,-78.60853840415564,32.32496659210458,0
2026-01-21 01:30:00,PCS-01,375.7794673156454,26.384331027568347,29.908721128261202,0
2026-01-21 01:35:00,PCS-01,379.77018072093745,5.641298252666464,29.099712113128707,0
2026-01-21 01:40:00,PCS-01,377.56512777312383,3.624319267974967,24.762759821447776,0
2026-01-21 01:45:00,PCS-01,379.44622794930075,22.56465175984681,28.732288158867824,0
2026-01-21 01:50:00,PCS-01,379.3390044926036,-6.412212992963481,29.043289349437824,0
2026-01-21 01:55:00,PCS-01,379.64332135153677,-19.256168377851242,25.058809809115324,0
2026-01-21 02:00:00,PCS-01,380.46624518694847,-75.53717451859396,23.82172046225386,0
2026-01-21 02:05:00,PCS-01,382.36493627721336,11.470414155062032,31.840131090741085,0
2026-01-21 02:10:00,PCS-01,381.5822004235878,33.974491522529405,25.429032207722372,0
2026-01-21 02:15:00,PCS-01,384.8889874995952,-3.908521941009728,29.786076217345695,0
2026-01-21 02:20:00,PCS-01,381.89579768099355,-67.51241878038245,25.774380966422374,0
2026-01-21 02:25:00,PCS-01,378.6764374672804,43.711506639623465,24.273964961557116,0
2026-01-21 02:30:00,PCS-01,382.846456185456,-49.088753502310965,26.07087345793824,0
2026-01-21 02:35:00,PCS-01,380.1383841231065,-23.09904571902482,22.63452121064641,0
2026-01-21 02:40:00,PCS-01,379.40698312034016,-14.750798901065192,27.974847205511836,0
2026-01-21 02:45:00,PCS-01,382.189944480136,26.400001146298063,25.912233607625726,0
2026-01-21 02:50:00,PCS-01,380.5029005482559,-13.210748254321256,27.038462889039394,0
2026-01-21 02:55:00,PCS-01,385.3055795232435,23.41469946062922,29.326328038367098,0
2026-01-21 03:00:00,PCS-01,383.6782024198676,-17.51010925570247,29.016345419242345,0
2026-01-21 03:05:00,PCS-01,373.4362051279628,5.062554956096546,24.30011554356702,0
2026-01-21 03:10:00,PCS-01,374.66762251010823,-46.951544690803914,28.25054012174564,0
2026-01-21 03:15:00,PCS-01,380.5025702918674,12.931507664763695,27.914072185605033,0
2026-01-21 03:20:00,PCS-01,382.4441081218881,18.878335741498393,28.97659800226482,0
2026-01-21 03:25:00,PCS-01,384.3894128854135,-9.715188816581767,27.99240560286753,0
2026-01-21 03:30:00,PCS-01,379.72494464985436,-2.6003195637987413,32.46690906989147,0
2026-01-21 03:35:00,PCS-01,379.4607119947251,13.619665855232508,28.462539616012474,0
2026-01-21 03:40:00,PCS-01,381.2869297161027,17.033942561326967,27.692704587617634,0
2026-01-21 03:45:00,PCS-01,378.1058545321939,-10.851113540839956,28.1648806234375,0
2026-01-21 03:50:00,PCS-01,373.21144967107165,55.82026240915742,36.08941498575725,0
2026-01-21 03:55:00,PCS-01,378.7494290043313,5.512984930050969,24.016903885837138,0
2026-01-21 04:00:00,PCS-01,382.2113635667026,-7.162782807514877,27.50214447017149,0
2026-01-21 04:05:00,PCS-01,378.07254755421684,22.987446812839192,27.24370927183975,0
2026-01-21 04:10:00,PCS-01,383.45175759609776,6.2799213046600215,26.726497522846365,0
2026-01-21 04:15:00,PCS-01,383.4706761614715,118.77487712244614,26.199137529861545,0
2026-01-21 04:20:00,PCS-01,382.0593189776251,-28.8100207812302,29.741436272881703,0
2026-01-21 04:25:00,PCS-01,378.4776851661012,-11.578171643958925,28.29184562332666,0
2026-01-21 04:30:00,PCS-01,379.18436016995184,-30.043970639149865,28.682174880482183,0
2026-01-21 04:35:00,PCS-01,379.5448606722485,23.720556355559324,29.625510844643305,0
2026-01-21 04:40:00,PCS-01,382.8922471250492,61.84139179982913,26.944480309809432,0
2026-01-21 04:45:00,PCS-01,382.788454079764,60.79617145096805,29.417164707426075,0
2026-01-21 04:50:00,PCS-01,385.76505657668906,-8.560791274600058,26.50371990457552,0
2026-01-21 04:55:00,PCS-01,383.8049984452439,-4.176305742068297,26.643687597724345,0
2026-01-21 05:00:00,PCS-01,378.74215270679093,-22.584111644867374,29.637653493546264,0
2026-01-21 05:05:00,PCS-01,380.0234886896058,25.76115500122638,31.548401650156173,0
2026-01-21 05:10:00,PCS-01,376.2872875318726,21.945251934233625,26.428667858571195,0
2026-01-21 05:15:00,PCS-01,384.80612499459227,-12.452957446724586,31.352906749278898,0
2026-01-21 05:20:00,PCS-01,381.1712614044598,13.637300971095767,30.120881920081406,0
2026-01-21 05:25:00,PCS-01,379.53971844281045,23.572503486186047,31.407818254252906,0
2026-01-21 05:30:00,PCS-01,378.2654520049152,-38.82448036432427,29.240654634941546,0
2026-01-21 05:35:00,PCS-01,379.0193253540772,-5.007097127620289,26.87325758950871,0
2026-01-21 05:40:00,PCS-01,376.4314579696115,-37.87756134976113,26.642118153532746,0
2026-01-21 05:45:00,PCS-01,378.91265653677686,18.854285317292476,26.34627613035472,0
2026-01-21 05:50:00,PCS-01,376.02458309462406,-70.89618556142256,27.323380121679257,0
2026-01-21 05:55:00,PCS-01,384.2170817467154,-3.6772423276045596,23.91164287371688,0
2026-01-21 06:00:00,PCS-01,384.99751731459025,-30.789908008461545,28.156687106435456,0
2026-01-21 06:05:00,PCS-01,380.66281677499876,21.255774225312912,27.51788686575187,0
2026-01-21 06:10:00,PCS-01,379.8566364065502,37.22144766733953,27.855155285046024,0
2026-01-21 06:15:00,PCS-01,382.986071718834,-56.567649005162146,26.03823359225656,0
2026-01-21 06:20:00,PCS-01,383.68710839689817,8.111001595744133,29.349717270575578,0
2026-01-21 06:25:00,PCS-01,380.05282034793834,11.3247057399942,27.622896542078106,0
2026-01-21 06:30:00,PCS-01,380.2082687290616,-16.382808645910238,24.978985790031935,0
2026-01-21 06:35:00,PCS-01,382.36088562701826,-7.775804339381592,32.824595441035996,0
2026-01-21 06:40:00,PCS-01,378.1033375975685,-26.101631138398904,27.30834131365486,0
2026-01-21 06:45:00,PCS-01,380.4968891635987,-39.40428311141302,19.75478360102274,0
2026-01-21 06:50:00,PCS-01,375.9448713991469,35.1316491327943,27.663585587838227,0
2026-01-21 06:55:00,PCS-01,383.2833174791298,2.121065042329143,33.73321664943262,0
2026-01-21 07:00:00,PCS-01,382.2714492270209,-2.261654699554706,21.167324101941333,0
2026-01-21 07:05:00,PCS-01,382.2444186839098,27.306343402833416,26.57567394787207,0
2026-01-21 07:10:00,PCS-01,374.04838299262804,15.47482623164644,25.875876588621107,0
2026-01-21 07:15:00,PCS-01,377.89895420062214,-1.3394229032021587,27.20024161397105,0
2026-01-21 07:20:00,PCS-01,375.8931545397465,-30.28304250142195,25.82426652633786,0
2026-01-21 07:25:00,PCS-01,378.7109754766557,43.66842116564274,30.48250796338851,0
2026-01-21 07:30:00,PCS-01,379.95593318642295,63.673289658415925,28.031231199928094,0
2026-01-21 07:35:00,PCS-01,381.9056621548749,35.5707041842203,25.239831812388186,0
2026-01-21 07:40:00,PCS-01,376.6931377397437,0.35833379202727605,26.557986284038314,0
2026-01-21 07:45:00,PCS-01,383.3817339285703,55.36489064348356,25.87545949851927,0
2026-01-21 07:50:00,PCS-01,377.88599641307684,22.61253178588388,28.835370081985293,0
2026-01-21 07:55:00,PCS-01,381.8439796350762,22.911382475742847,25.995243882187268,0
2026-01-21 08:00:00,PCS-01,380.3558243165841,18.838193932607695,27.961460884641525,0
2026-01-21 08:05:00,PCS-01,381.61508667808704,-37.79945200280085,21.958121117448357,0
2026-01-21 08:10:00,PCS-01,380.3444538778566,63.52982634616019,32.85657012682248,0
2026-01-21 08:15:00,PCS-01,381.3228019426367,70.10059742376227,29.753054314609127,0
2026-01-21 08:20:00,PCS-01,386.71971896112495,-105.8327204153735,25.628275303375634,0
2026-01-21 08:25:00,PCS-01,379.6502263124742,-3.2083677889208397,33.18437276264496,0
2026-01-21 08:30:00,PCS-01,381.58994868658476,-13.907292516710989,23.932985959421366,0
2026-01-21 08:35:00,PCS-01,379.1949925450945,37.914167361899686,24.153637639888746,0
2026-01-21 08:40:00,PCS-01,380.95864498856923,8.990766724134238,23.220050820813633,0
2026-01-21 08:45:00,PCS-01,377.96180001398716,21.4371178943424,26.95685319438357,0
2026-01-21 08:50:00,PCS-01,379.0377051658224,72.60527814308831,32.32883718438273,0
2026-01-21 08:55:00,PCS-01,376.3556977866106,-18.906818899002836,28.504795193563098,0
2026-01-21 09:00:00,PCS-01,380.24845514435856,51.32039401468556,27.19291750675867,0
2026-01-21 09:05:00,PCS-01,375.3544907462194,48.324808072185974,28.51009457858213,0
2026-01-21 09:10:00,PCS-01,381.5585951412785,-10.995792725850011,35.14316956874605,0
2026-01-21 09:15:00,PCS-01,383.5020149274077,-10.733524904781895,29.18919460926816,0
2026-01-21 09:20:00,PCS-01,372.74320204873345,-44.86103118845154,25.765609422483905,0
2026-01-21 09:25:00,PCS-01,383.9294681863721,95.32761616681887,29.018613467386537,0
2026-01-21 09:30:00,PCS-01,375.5633108038602,21.54839253944736,23.810502550877537,0
2026-01-21 09:35:00,PCS-01,376.9933868203655,9.724555503984305,26.64419382632028,0
2026-01-21 09:40:00,PCS-01,378.7013180052495,-37.012340147744936,29.528035155984323,0
2026-01-21 09:45:00,PCS-01,381.81779968821365,45.2401761799307,26.75485989421328,0
2026-01-21 09:50:00,PCS-01,383.91693468473215,-53.02481411696188,31.83252684897614,0
2026-01-21 09:55:00,PCS-01,383.3524921075954,5.479555115752719,26.33273860198346,0
2026-01-21 10:00:00,PCS-01,381.4150947860854,24.452733840727486,29.44560703278144,0
2026-01-21 10:05:00,PCS-01,376.50581527920735,-45.35046087607221,26.809967502189224,0
2026-01-21 10:10:00,PCS-01,380.16741549537915,49.27437762140984,28.224573722569907,0
2026-01-21 10:15:00,PCS-01,377.0226810463518,-55.996094642255905,26.090735903564077,0
2026-01-21 10:20:00,PCS-01,377.1376090245524,1.8084718711928076,28.95413905037276,0
2026-01-21 10:25:00,PCS-01,380.21664357098626,17.959801063427044,30.342976906379242,0
2026-01-21 10:30:00,PCS-01,380.35999645801144,11.958410827124034,25.841508424784262,0
2026-01-21 10:35:00,PCS-01,380.5592720541522,42.030932868588174,26.215727602630537,0
2026-01-21 10:40:00,PCS-01,381.14540255461475,49.390367685239205,27.455820945229856,0
2026-01-21 10:45:00,PCS-01,384.7028246825396,-21.140182424078432,25.436603396743607,0
2026-01-21 10:50:00,PCS-01,381.167959165612,25.410250685249764,31.312652855694104,0
2026-01-21 10:55:00,PCS-01,379.60847552604065,15.555746880793443,28.382112535083404,0
2026-01-21 11:00:00,PCS-01,383.05275666244114,11.258661762290199,30.06423273343844,0
2026-01-21 11:05:00,PCS-01,383.8009308274823,-0.5768030315951846,29.42492825436322,0
2026-01-21 11:10:00,PCS-01,374.65596524531554,12.447148774544036,25.074074015799244,0
2026-01-21 11:15:00,PCS-01,376.19885742334316,-33.81570390256684,28.636480437005517,0
2026-01-21 11:20:00,PCS-01,381.29027322320127,-24.885977869430697,25.71235256340113,0
2026-01-21 11:25:00,PCS-01,378.07820088579,-80.30048283420898,26.915016726699086,0
2026-01-21 11:30:00,PCS-01,379.8127193427917,9.335875932669788,31.930935054227962,0
2026-01-21 11:35:00,PCS-01,378.0546168135519,-25.42140716190177,22.192851277803854,0
2026-01-21 11:40:00,PCS-01,380.2800978528449,14.599113188706971,34.355827711528626,0
2026-01-21 11:45:00,PCS-01,380.6633780753639,-54.87618593797322,30.006299053532256,0
2026-01-21 11:50:00,PCS-01,382.41162867321964,41.55000193189046,30.925544799669552,0
2026-01-21 11:55:00,PCS-01,382.5318010231696,14.805313383894694,24.24258212955614,0
2026-01-21 12:00:00,PCS-01,377.8465603676335,11.98847656901595,30.09537238055211,0
2026-01-21 12:05:00,PCS-01,376.92545237978237,6.850949792574738,34.09536745913403,0
2026-01-21 12:10:00,PCS-01,377.27823176219584,19.472852731140087,32.86545240945682,0
2026-01-21 12:15:00,PCS-01,380.3413886732134,54.38753623263642,27.29956660719756,0
2026-01-21 12:20:00,PCS-01,377.4117028004407,-1.0308508623259556,28.93620250025779,0
2026-01-21 12:25:00,PCS-01,383.2321263856135,-20.74977991212867,33.241714375974496,0
2026-01-21 12:30:00,PCS-01,380.88553508582135,-4.546246914308832,26.707472844488297,0
2026-01-21 12:35:00,PCS-01,377.7889396258549,-66.20327022371582,26.613950129718823,0
2026-01-21 12:40:00,PCS-01,377.36921833518744,-29.37780726765823,23.043350348882363,0
2026-01-21 12:45:00,PCS-01,380.6855654749331,16.36740983822779,25.13764792670842,0
2026-01-21 12:50:00,PCS-01,372.7887897092962,18.37668133297802,33.45415461348611,0
2026-01-21 12:55:00,PCS-01,382.58559103082735,48.82768723265939,20.449300975192337,0
2026-01-21 13:00:00,PCS-01,380.09470409767437,11.08925925631565,25.14451737859928,0
2026-01-21 13:05:00,PCS-01,375.7285671254577,-62.533357065975714,22.47637575498875,0
2026-01-21 13:10:00,PCS-01,381.4652696701806,-50.44154603870412,25.097208715380837,0
2026-01-21 13:15:00,PCS-01,372.5351618095557,69.0879642186481,26.196028644828758,0
2026-01-21 13:20:00,PCS-01,379.76869473761053,-40.860642561924195,29.39489356892611,0
2026-01-21 13:25:00,PCS-01,376.6381751633677,-7.095075763234766,30.504574781834826,0
2026-01-21 13:30:00,PCS-01,382.872481763824,26.43800864546852,26.302253193173645,0
2026-01-21 13:35:00,PCS-01,382.25395497748036,-43.9181299923026,27.14619056139516,0
2026-01-21 13:40:00,PCS-01,379.84807873484976,-85.90871765165842,29.991692453924333,0
2026-01-21 13:45:00,PCS-01,381.1264488103854,26.275625602000424,24.435811498030088,0
2026-01-21 13:50:00,PCS-01,377.50549902346967,-13.446842332061381,29.68734774206104,0
2026-01-21 13:55:00,PCS-01,379.02207273800155,18.845369967918863,26.078558139403803,0
2026-01-21 14:00:00,PCS-01,376.0030235105791,29.796529118683736,23.52288614996074,0
2026-01-21 14:05:00,PCS-01,377.6789950147759,-1.6951118116930817,32.90774476956565,0
2026-01-21 14:10:00,PCS-01,382.09652792677855,35.51936285770986,24.321642605353333,0
2026-01-21 14:15:00,PCS-01,383.79301894327756,-77.73493699750199,28.779636863995655,0
2026-01-21 14:20:00,PCS-01,380.02686538155837,-21.884626341601276,24.54266178952972,0
2026-01-21 14:25:00,PCS-01,380.44260428011637,-0.7001926570611157,37.24393024953574,0
2026-01-21 14:30:00,PCS-01,379.84555429254016,13.604650758102322,34.44965268973129,0
2026-01-21 14:35:00,PCS-01,378.9509268037846,6.5463410092445,32.60880484324949,0
2026-01-21 14:40:00,PCS-01,381.04956937987,44.79229340000021,31.851633356496183,0
2026-01-21 14:45:00,PCS-01,380.1857469482726,63.450073826032074,27.632551472035846,0
2026-01-21 14:50:00,PCS-01,384.4165999863724,43.07623750892112,31.04241692788854,0
2026-01-21 14:55:00,PCS-01,381.9031737111086,17.32042570964748,32.78286616313861,0
2026-01-21 15:00:00,PCS-01,382.76893238002936,3.577903422858597,25.83671961991382,0
2026-01-21 15:05:00,PCS-01,378.8593573024888,-22.837567762912503,29.04614338470274,0
2026-01-21 15:10:00,PCS-01,381.3539833572267,35.29708276157018,27.18016694629565,0
2026-01-21 15:15:00,PCS-01,377.367248490302,21.138562420647318,24.40742931507861,0
2026-01-21 15:20:00,PCS-01,384.8286312567721,-2.009814626345095,29.508633591299795,0
2026-01-21 15:25:00,PCS-01,378.51856496196154,-9.487045512371417,25.132469047112178,0
2026-01-21 15:30:00,PCS-01,384.1411911388742,-20.82786685825077,28.68966258582111,0
2026-01-21 15:35:00,PCS-01,379.8398595562843,17.003931682554033,32.11050121621284,0
2026-01-21 15:40:00,PCS-01,378.7757782381647,10.02669920038878,26.229550847909657,0
2026-01-21 15:45:00,PCS-01,379.69342713854695,-22.825176168876776,27.808759864416047,0
2026-01-21 15:50:00,PCS-01,384.6838856471238,-14.818534046759442,24.444477463220604,0
2026-01-21 15:55:00,PCS-01,382.24844686661686,-68.67298223226076,28.833683881310264,0
2026-01-21 16:00:00,PCS-01,382.67832706167223,-68.03195175706662,25.07107038926211,0
2026-01-21 16:05:00,PCS-01,383.1613984838811,-16.91450676157691,25.172220740734705,0
2026-01-21 16:10:00,PCS-01,381.9994352493613,-10.947807927281348,24.93648815871871,0
2026-01-21 16:15:00,PCS-01,382.22551663835645,13.890788668949304,27.400222321902383,0
2026-01-21 16:20:00,PCS-01,383.478139604255,-13.818814618600177,31.264321134495493,0
2026-01-21 16:25:00,PCS-01,381.2965576249399,23.441925303612862,32.298326494208936,0
2026-01-21 16:30:00,PCS-01,382.97228501950264,-42.085619879123676,30.5899716917771,0
2026-01-21 16:35:00,PCS-01,378.69654560735523,7.4897916201725225,24.963389155687903,0
2026-01-21 16:40:00,PCS-01,376.0020053861892,-1.8714407825618797,31.744088048046468,0
2026-01-21 16:45:00,PCS-01,378.2626102450811,-6.584879303056891,27.048239094693006,0
2026-01-21 16:50:00,PCS-01,380.91015475965725,11.496980826947002,28.790609192312857,0
2026-01-21 16:55:00,PCS-01,380.112634008735,7.9265976854590114,25.607721429323384,0
2026-01-21 17:00:00,PCS-01,381.01001528449274,-55.08785516082895,29.835111870630996,0
2026-01-21 17:05:00,PCS-01,387.6629672011717,9.955264317496496,32.72379729294041,0
2026-01-21 17:10:00,PCS-01,382.1557284094077,5.212081806897722,31.851770122370244,0
2026-01-21 17:15:00,PCS-01,379.01153654138284,25.58223559726269,26.98799441606758,0
2026-01-21 17:20:00,PCS-01,379.03945135944014,62.54709551904057,31.412882596799683,0
2026-01-21 17:25:00,PCS-01,380.88154769635895,28.706313773150427,32.98795699493816,0
2026-01-21 17:30:00,PCS-01,375.5668012319417,-45.82434123137932,29.325858369428772,0
2026-01-21 17:35:00,PCS-01,376.8401038059608,-22.482068392732174,30.474247680256777,0
2026-01-21 17:40:00,PCS-01,376.6911167552649,49.453404665459324,29.270952829542736,0
2026-01-21 17:45:00,PCS-01,377.3910575999757,-27.20024868145961,28.76892585605244,0
2026-01-21 17:50:00,PCS-01,375.95973725007275,22.32831053568009,28.27372980526986,0
2026-01-21 17:55:00,PCS-01,376.0526251719589,-23.644185019152523,28.628552945069302,0
2026-01-21 18:00:00,PCS-01,378.3307487060582,-17.473400978751897,29.985554185977268,0
2026-01-21 18:05:00,PCS-01,380.33587972024844,-59.56978681484223,29.119806186429507,0
2026-01-21 18:10:00,PCS-01,381.1275400974703,14.65523935416093,23.019591678088453,0
2026-01-21 18:15:00,PCS-01,383.0916521664334,49.74171781606571,30.710430150114625,0
2026-01-21 18:20:00,PCS-01,380.10533932536737,1.5507660187131327,35.30944748758057,0
2026-01-21 18:25:00,PCS-01,382.03207741058105,25.521046373925714,29.342607129987375,0
2026-01-21 18:30:00,PCS-01,374.8353176195913,-39.79915018851195,26.89495139410198,0
2026-01-21 18:35:00,PCS-01,380.0335180690517,29.591090612408593,23.835770158790602,0
2026-01-21 18:40:00,PCS-01,380.61615400523704,60.317931925674415,27.028249364962974,0
2026-01-21 18:45:00,PCS-01,386.1170776260262,-13.111501162291805,27.58947733955957,0
2026-01-21 18:50:00,PCS-01,383.89339475784334,4.615920241942984,27.910473638467714,0
2026-01-21 18:55:00,PCS-01,378.1788770131246,7.4667074611200155,27.934238852056623,0
2026-01-21 19:00:00,PCS-01,378.5392268273152,-21.670110147968277,32.362116859806704,0
2026-01-21 19:05:00,PCS-01,383.5374711538298,-27.50739893388571,27.794800368207305,0
2026-01-21 19:10:00,PCS-01,378.98559026040016,-52.51426283786965,26.08638310653769,0
2026-01-21 19:15:00,PCS-01,379.7719954392787,10.105641878290568,31.850787095162943,0
2026-01-21 19:20:00,PCS-01,383.4054890820805,-46.80774171263457,28.436956189942524,0
2026-01-21 19:25:00,PCS-01,381.4944376148629,12.339692675155806,25.828135802275497,0
2026-01-21 19:30:00,PCS-01,386.16098710206455,-51.960977873289124,28.695228649923443,0
2026-01-21 19:35:00,PCS-01,379.23928620942655,24.009769267195594,28.53214437313309,0
2026-01-21 19:40:00,PCS-01,379.97834436344675,-9.11061224921542,25.85334478033325,0
2026-01-21 19:45:00,PCS-01,385.19254126614936,39.57740821756379,29.534806334603022,0
2026-01-21 19:50:00,PCS-01,382.710996061799,-47.48831942033654,25.357543120068136,0
2026-01-21 19:55:00,PCS-01,381.1309652197928,-70.25316424751094,27.315999081306288,0
2026-01-21 20:00:00,PCS-01,381.20396540327624,-22.945771046441035,27.66862394576105,0
2026-01-21 20:05:00,PCS-01,381.2955605904511,64.37490710470264,28.519587532938036,0
2026-01-21 20:10:00,PCS-01,381.1058248734923,34.28267744044714,26.296429748879607,0
2026-01-21 20:15:00,PCS-01,378.83110656813045,-39.846838517870694,29.97471561792462,0
2026-01-21 20:20:00,PCS-01,380.8786124488775,66.76785125148812,25.877348216939872,0
2026-01-21 20:25:00,PCS-01,379.211806885808,30.03761190071392,28.67238714397804,0
2026-01-21 20:30:00,PCS-01,373.54132178691395,37.16350633292447,33.24002216850048,0
2026-01-21 20:35:00,PCS-01,386.7527789510515,51.042226541283505,23.550559639200543,0
2026-01-21 20:40:00,PCS-01,376.5105988780874,-9.39972425098301,28.48368142536808,0
2026-01-21 20:45:00,PCS-01,378.83407667587045,9.505998658852628,28.275728325783675,0
2026-01-21 20:50:00,PCS-01,375.4743510501813,-2.8383519346143133,28.551964314665973,0
2026-01-21 20:55:00,PCS-01,374.0378104585537,-20.519193176870267,27.97026398164547,0
2026-01-21 21:00:00,PCS-01,376.40052798810973,3.936413313886922,33.76960542974441,0
2026-01-21 21:05:00,PCS-01,378.6044412066426,-20.985621651438535,26.63805245236408,0
2026-01-21 21:10:00,PCS-01,376.33482162400463,21.33220550589865,28.000302966462844,0
2026-01-21 21:15:00,PCS-01,387.2295252433754,-0.09978893766088735,25.184778709113058,0
2026-01-21 21:20:00,PCS-01,380.48971530056394,-7.872315042287646,37.88791611756958,0
2026-01-21 21:25:00,PCS-01,382.67204510229834,4.454290166556312,30.817204600248456,0
2026-01-21 21:30:00,PCS-01,381.4088090450023,13.653024547973338,32.387161177745504,0
2026-01-21 21:35:00,PCS-01,376.45827340694825,-43.82725113450786,27.39485447072552,0
2026-01-21 21:40:00,PCS-01,382.1598047579258,10.009219274631118,29.587893109986542,0
2026-01-21 21:45:00,PCS-01,378.255938974223,126.96102707542231,24.161173340740508,0
2026-01-21 21:50:00,PCS-01,384.5292830978261,-40.42257464305812,25.750539920349745,0
2026-01-21 21:55:00,PCS-01,379.2161198251282,-9.82782792406262,28.474647197345647,0
2026-01-21 22:00:00,PCS-01,379.91194885279697,20.94277166486713,30.54905981110503,0
2026-01-21 22:05:00,PCS-01,378.3911620199002,-48.19581910865597,27.010442041386522,0
2026-01-21 22:10:00,PCS-01,378.5796066761068,-24.59293727608507,30.056501695984686,0
2026-01-21 22:15:00,PCS-01,381.74544505359773,-29.93064396162027,27.522209594578683,0
2026-01-21 22:20:00,PCS-01,379.84622623900674,-0.051509910940834645,31.783792259478126,0
2026-01-21 22:25:00,PCS-01,378.0398088885844,76.40689182735,27.07665781642878,0
2026-01-21 22:30:00,PCS-01,377.48899790892824,-30.159828449164547,29.35464592929167,0
2026-01-21 22:35:00,PCS-01,387.3968739496089,-27.154917378185974,33.216370881707014,0
2026-01-21 22:40:00,PCS-01,379.2226355502025,16.76723435549024,29.956182302015673,0
2026-01-21 22:45:00,PCS-01,380.5404266515696,-60.741973944696866,28.219914723365633,0
2026-01-21 22:50:00,PCS-01,379.519424475031,-5.654114562153957,31.915291708731168,0
2026-01-21 22:55:00,PCS-01,386.68514259358346,11.394547637560281,27.052017032363104,0
2026-01-21 23:00:00,PCS-01,383.28050131766867,-49.74116373897917,30.179454238894973,0
2026-01-21 23:05:00,PCS-01,380.87111088792716,-20.827898894881777,31.466881870328088,0
2026-01-21 23:10:00,PCS-01,379.5018792717792,1.469326564719939,32.446726517273795,0
2026-01-21 23:15:00,PCS-01,378.9137019830809,34.953282374378915,24.857803182275347,0
2026-01-21 23:20:00,PCS-01,382.1538960622692,7.401617206560971,23.891276648326855,0
2026-01-21 23:25:00,PCS-01,380.5641115082803,-28.330281832529476,21.915149393084288,0
2026-01-21 23:30:00,PCS-01,383.3283690663101,-55.0363198074224,30.28513952362515,0
2026-01-21 23:35:00,PCS-01,381.108125009798,40.61282243304444,28.117435623998784,0
2026-01-21 23:40:00,PCS-01,378.78464839092095,12.959332011797871,29.75549084101764,0
2026-01-21 23:45:00,PCS-01,383.12988669050463,-29.10851662514719,25.320308095538294,0
2026-01-21 23:50:00,PCS-01,380.0208084256745,34.013801653107926,30.810115685094903,0
2026-01-21 23:55:00,PCS-01,377.58329805219984,25.741519443865943,23.98523942787604,0
2026-01-22 00:00:00,PCS-01,374.82612921782453,18.368292844691503,29.7410950991986,0
2026-01-22 00:05:00,PCS-01,383.311995903172,-52.20277786784319,26.583351586007822,0
2026-01-22 00:10:00,PCS-01,381.0010234979089,44.06456356634927,32.615405767625695,0
2026-01-22 00:15:00,PCS-01,371.77247054604334,7.463997275326186,27.60694048343632,0
2026-01-22 00:20:00,PCS-01,380.95299000234746,28.475354629678232,24.493951343310634,0
2026-01-22 00:25:00,PCS-01,382.17755444873444,-83.0915421299757,24.35120872146447,0
2026-01-22 00:30:00,PCS-01,375.6464881633755,29.29650616500598,31.863190382972213,0
2026-01-22 00:35:00,PCS-01,382.65497179577704,86.66027842595582,27.909745728705115,0
2026-01-22 00:40:00,PCS-01,378.8923731681392,-8.52374908444518,24.284015630890657,0
2026-01-22 00:45:00,PCS-01,383.9983092964351,18.758024910579685,28.52994662380798,0
2026-01-22 00:50:00,PCS-01,376.9084798645599,-59.578946139964906,29.57088655373983,0
2026-01-22 00:55:00,PCS-01,383.09972312846975,-73.05106068261514,24.896573616115187,0
2026-01-22 01:00:00,PCS-01,381.55691113864617,27.255867147977725,36.37813139906682,0
2026-01-22 01:05:00,PCS-01,376.1751977746011,-56.02190353433579,28.69436691313598,0
2026-01-22 01:10:00,PCS-01,382.06161856731967,56.87636495066947,30.729169865168185,0
2026-01-22 01:15:00,PCS-01,380.0982592237839,-36.92004785447018,31.255685487440964,0
2026-01-22 01:20:00,PCS-01,377.42352592804116,-53.86893780497685,27.852951998512015,0
2026-01-22 01:25:00,PCS-01,379.1021836373763,29.489562266126498,32.043670607486995,0
2026-01-22 01:30:00,PCS-01,379.69915953190934,44.92712652745696,25.96792429436115,0
2026-01-22 01:35:00,PCS-01,382.6463645668377,39.147615377810475,24.54052307092823,0
2026-01-22 01:40:00,PCS-01,377.92327097928967,-92.81734371266361,28.99130713760099,0
2026-01-22 01:45:00,PCS-01,382.0986889002196,29.951929907319407,28.82646610066479,0
2026-01-22 01:50:00,PCS-01,381.19889613514914,35.372318673809836,24.699891143278837,0
2026-01-22 01:55:00,PCS-01,383.90590159980854,-44.72658763121924,35.43638753668738,0
2026-01-22 02:00:00,PCS-01,380.2772453267741,-67.20099340677618,25.51826806899412,0
2026-01-22 02:05:00,PCS-01,378.8730437037465,107.1558911741313,30.721847984666628,0
2026-01-22 02:10:00,PCS-01,383.5307830511371,15.631829142151778,28.17040139935077,0
2026-01-22 02:15:00,PCS-01,377.5541717165666,25.450749288811565,27.5844751399038,0
2026-01-22 02:20:00,PCS-01,377.9833685565099,62.61323002743222,30.65097532675829,0
2026-01-22 02:25:00,PCS-01,381.6765468239486,-55.667643176647374,27.089683526308654,0
2026-01-22 02:30:00,PCS-01,382.6942718179166,-56.78155319066808,25.121543215520532,0
2026-01-22 02:35:00,PCS-01,376.67435835694573,65.14867684035768,26.140057496552974,0
2026-01-22 02:40:00,PCS-01,386.64896743001776,-22.886438140156763,27.931057310317872,0
2026-01-22 02:45:00,PCS-01,379.6850126964988,-48.456361671084814,29.43090533185165,0
2026-01-22 02:50:00,PCS-01,380.0753881639592,-42.02112958026952,28.032954072340925,0
2026-01-22 02:55:00,PCS-01,384.5935966962128,26.04256294999706,27.531170886514868,0
2026-01-22 03:00:00,PCS-01,377.64363768233324,-23.24683750240855,29.28352480858012,0
2026-01-22 03:05:00,PCS-01,379.44019262248634,20.824166878648214,31.389089137849304,0
2026-01-22 03:10:00,PCS-01,375.2468754730266,-9.737703101440868,28.659176396316376,0
2026-01-22 03:15:00,PCS-01,387.8841145682044,-18.910248895040894,28.856628140630683,0
2026-01-22 03:20:00,PCS-01,373.24607666402943,-45.13239175965729,30.69817026857397,0
2026-01-22 03:25:00,PCS-01,374.42728782224486,-1.7122915125649847,24.143032698942815,0
2026-01-22 03:30:00,PCS-01,380.0291789343349,42.78617340480353,27.453297463355003,0
2026-01-22 03:35:00,PCS-01,378.5894503685399,55.8135301489257,32.424463494193255,0
2026-01-22 03:40:00,PCS-01,374.4827592430025,77.32903315837105,28.1416216806863,0
2026-01-22 03:45:00,PCS-01,377.8908792652631,84.51393259000369,29.448363376667306,0
2026-01-22 03:50:00,PCS-01,382.76423887631233,14.801727200749111,29.722585458787915,0
2026-01-22 03:55:00,PCS-01,384.99091737412414,-24.950930722232666,25.0627771080026,0
2026-01-22 04:00:00,PCS-01,385.71539957588107,-38.16673240060521,29.818433438386883,0
2026-01-22 04:05:00,PCS-01,380.7867919296318,39.48594470244683,26.44566386455703,0
2026-01-22 04:10:00,PCS-01,378.94363708671875,22.827279244096694,32.776303229993985,0
2026-01-22 04:15:00,PCS-01,380.0706743553285,-16.222505213544988,23.773361230593796,0
2026-01-22 04:20:00,PCS-01,380.1375817055579,-41.11970906588895,22.787770648323914,0
2026-01-22 04:25:00,PCS-01,379.90835649573995,3.586181005535556,29.53912141880118,0
2026-01-22 04:30:00,PCS-01,379.60632236600185,29.65466969800309,27.899615991488457,0
2026-01-22 04:35:00,PCS-01,378.49619602975537,26.13174131559345,27.27962476231854,0
2026-01-22 04:40:00,PCS-01,378.0819116104969,6.58747273846944,34.11202965531767,0
2026-01-22 04:45:00,PCS-01,376.12198606784426,-3.0176216907494386,25.045867019184982,0
2026-01-22 04:50:00,PCS-01,384.19412640800687,-43.967338559096746,23.426338384009433,0
2026-01-22 04:55:00,PCS-01,378.84112964273083,-8.268658227000724,33.270873467265055,0
2026-01-22 05:00:00,PCS-01,379.98678573633345,37.27471091062659,27.629153036046663,0
2026-01-22 05:05:00,PCS-01,382.9489088098246,33.70164301965924,24.174065002981447,0
2026-01-22 05:10:00,PCS-01,384.31291071762155,-37.69198290887422,26.38612028269241,0
2026-01-22 05:15:00,PCS-01,382.1113449646906,-12.733120204331192,26.633140141695453,0
2026-01-22 05:20:00,PCS-01,381.2889572308004,-7.475470543788585,27.778954609185526,0
2026-01-22 05:25:00,PCS-01,375.8475174773647,-2.2181624727276024,29.242309323581757,0
2026-01-22 05:30:00,PCS-01,375.2852642474139,-26.396611655059935,24.58138620306368,0
2026-01-22 05:35:00,PCS-01,377.11151724745673,36.71678054458816,28.03127863231507,0
2026-01-22 05:40:00,PCS-01,380.39057205089983,35.598510978333195,27.672082929377698,0
2026-01-22 05:45:00,PCS-01,378.06339440548794,10.163344190777686,29.436594647385434,0
2026-01-22 05:50:00,PCS-01,372.0980180538714,-2.8941495300293933,27.73512152319551,0
2026-01-22 05:55:00,PCS-01,381.9580634175549,19.97982291361893,25.489166348702614,0
2026-01-22 06:00:00,PCS-01,380.701929504475,-26.59118141864755,24.492801350984678,0
2026-01-22 06:05:00,PCS-01,378.26690301308963,-95.8662054712761,29.129754919190727,0
2026-01-22 06:10:00,PCS-01,379.2461226249599,-31.854059003855525,24.67649020429385,0
2026-01-22 06:15:00,PCS-01,385.2226716556309,55.303234233808396,29.081208525596402,0
2026-01-22 06:20:00,PCS-01,378.9742343018858,1.6417360499812739,29.569130766161145,0
2026-01-22 06:25:00,PCS-01,379.6689347937493,10.330305908077014,34.80425322349448,0
2026-01-22 06:30:00,PCS-01,380.5064751741258,9.118558281860869,33.59120415376044,0
2026-01-22 06:35:00,PCS-01,372.2410072341245,17.485812430381646,33.256092800833535,0
2026-01-22 06:40:00,PCS-01,381.4379043616785,31.90599510522979,26.987489989866624,0
2026-01-22 06:45:00,PCS-01,372.94665376122197,-31.972569599714397,30.62038262694663,0
2026-01-22 06:50:00,PCS-01,382.40306903042097,-1.327522693880447,30.733373760793114,0
2026-01-22 06:55:00,PCS-01,380.6599519230477,-12.289980963551258,27.184690662874072,0
2026-01-22 07:00:00,PCS-01,377.0730902242381,-57.25036409586265,27.46875666239976,0
2026-01-22 07:05:00,PCS-01,384.91058168699084,49.34029288978523,23.901373772277083,0
2026-01-22 07:10:00,PCS-01,379.55769314190627,-81.38387393987314,31.0093105925167,0
2026-01-22 07:15:00,PCS-01,380.52613321238135,-16.729311035281516,25.22189077008197,0
2026-01-22 07:20:00,PCS-01,379.06976447236576,-78.12843143538973,30.716085404567245,0
2026-01-22 07:25:00,PCS-01,379.57328241276275,50.978261376573,23.702728693189297,0
2026-01-22 07:30:00,PCS-01,380.75119324070675,-20.26473792240232,25.131062963013274,0
2026-01-22 07:35:00,PCS-01,379.7996833458013,-8.516721349516699,27.593001169860113,0
2026-01-22 07:40:00,PCS-01,384.5775265534652,-25.562391708884242,29.063509710857243,0
2026-01-22 07:45:00,PCS-01,384.39160988432315,42.82726136707339,26.080154979907192,0
2026-01-22 07:50:00,PCS-01,377.70030790371476,4.183586544114409,23.455415395750105,0
2026-01-22 07:55:00,PCS-01,381.80921550578046,50.63878187179629,32.9044014933838,0
2026-01-22 08:00:00,PCS-01,380.78068051612894,-9.793358947318517,27.495572327598506,0
2026-01-22 08:05:00,PCS-01,380.44573214168366,74.64614154945687,30.816954133860413,0
2026-01-22 08:10:00,PCS-01,381.1416078177673,11.587265200642822,35.3446898074524,0
2026-01-22 08:15:00,PCS-01,378.9486870453379,-10.49880624582445,24.38419320509593,0
2026-01-22 08:20:00,PCS-01,378.17732068723683,-6.732755318618972,26.84506672623397,0
2026-01-22 08:25:00,PCS-01,381.50469200206106,42.866838866055716,33.806074020132876,0
2026-01-22 08:30:00,PCS-01,375.3884159656284,21.230699071673186,25.232647409683686,0
2026-01-22 08:35:00,PCS-01,378.2239376750077,-54.24864758630952,31.475498956037228,0
2026-01-22 08:40:00,PCS-01,382.37592512343963,24.17029864845333,26.808164517770646,0
2026-01-22 08:45:00,PCS-01,382.650421358178,-30.61626980605887,30.74001972572847,0
2026-01-22 08:50:00,PCS-01,379.9392803392693,-46.96156805387649,27.597435560312398,0
2026-01-22 08:55:00,PCS-01,376.4408505987324,19.221429480963856,21.99933891266571,0
2026-01-22 09:00:00,PCS-01,383.82257942734066,38.749319514406594,23.61317398078624,0
2026-01-22 09:05:00,PCS-01,378.44228535190103,30.45913983717737,25.62313655584891,0
2026-01-22 09:10:00,PCS-01,380.9370496097506,0.6609977937305034,26.847610317617363,0
2026-01-22 09:15:00,PCS-01,377.89741192107795,-25.521950755051567,24.369272000743603,0
2026-01-22 09:20:00,PCS-01,379.35904573624094,6.410601305526981,32.93949543734754,0
2026-01-22 09:25:00,PCS-01,378.7340631588483,4.534049525731564,29.495707185767937,0
2026-01-22 09:30:00,PCS-01,381.1468871493649,4.951910728590037,27.33063603516331,0
2026-01-22 09:35:00,PCS-01,376.53404459594094,28.008941044377433,27.67249208023139,0
2026-01-22 09:40:00,PCS-01,373.8025274255278,21.49409592944813,28.904792426546795,0
2026-01-22 09:45:00,PCS-01,381.75854830193356,65.55091808106224,28.409017222402735,0
2026-01-22 09:50:00,PCS-01,382.73561730412996,32.26714798421074,29.208296028557076,0
2026-01-22 09:55:00,PCS-01,375.2273367363169,118.61459187818348,25.118064824782913,0
2026-01-22 10:00:00,PCS-01,379.926841048731,28.896857166522025,30.214147733635066,0
2026-01-22 10:05:00,PCS-01,379.0339226699132,45.65195057278853,31.64562054261063,0
2026-01-22 10:10:00,PCS-01,375.9220908699716,16.5306082008342,25.539620827553847,0
2026-01-22 10:15:00,PCS-01,377.11889778864236,92.41144842155794,27.63688189587464,0
2026-01-22 10:20:00,PCS-01,374.93803242202296,90.9777061183916,24.6443170092654,0
2026-01-22 10:25:00,PCS-01,379.65563864074795,27.742266272146185,27.170655664240634,0
2026-01-22 10:30:00,PCS-01,377.09183827614265,61.56431789902164,28.72692372840716,0
2026-01-22 10:35:00,PCS-01,380.64856784929805,-43.491517470090784,28.867269053632736,0
2026-01-22 10:40:00,PCS-01,381.14634049150175,-14.616324469535137,25.620336173229173,0
2026-01-22 10:45:00,PCS-01,378.07967953537815,66.0045111449246,26.45702549982843,0
2026-01-22 10:50:00,PCS-01,379.53057613151367,-89.72020495631496,22.283247845971946,0
2026-01-22 10:55:00,PCS-01,380.93938620663846,20.064469922601234,28.73169144114201,0
2026-01-22 11:00:00,PCS-01,376.63271134400634,-28.560020416081752,29.672901849152403,0
2026-01-22 11:05:00,PCS-01,382.07573119221854,-31.788907138111217,24.56900725892123,0
2026-01-22 11:10:00,PCS-01,388.57794458456345,-24.488107397985956,28.719241433637464,0
2026-01-22 11:15:00,PCS-01,377.60250050071227,31.605242060779144,28.354858653365728,0
2026-01-22 11:20:00,PCS-01,380.68011170107354,46.27071594017494,24.03517299128662,0
2026-01-22 11:25:00,PCS-01,382.26424481795743,-13.872586287128659,35.18817658689503,0
2026-01-22 11:30:00,PCS-01,381.00516698313606,-68.5852912470198,29.231508860411825,0
2026-01-22 11:35:00,PCS-01,380.21241290941236,-27.3430412817512,24.502958284858373,0
2026-01-22 11:40:00,PCS-01,376.6182908849338,-43.29430109066364,25.803517392967535,0
2026-01-22 11:45:00,PCS-01,378.1495461409498,20.32312982609625,26.935620105506082,0
2026-01-22 11:50:00,PCS-01,377.0878600659018,-18.165386947523025,24.427199352652313,0
2026-01-22 11:55:00,PCS-01,383.1230177386703,-38.061740981418765,31.247944726360583,0
2026-01-22 12:00:00,PCS-01,376.67043091359164,33.69177571203749,27.351934938757427,0
2026-01-22 12:05:00,PCS-01,376.4839807627217,-38.4401657309556,25.764673211706832,0
2026-01-22 12:10:00,PCS-01,379.1785858213833,10.479221824920376,27.626054456156155,0
2026-01-22 12:15:00,PCS-01,381.37333044131134,-10.5405877535107,29.12097252188381,0
2026-01-22 12:20:00,PCS-01,380.14760607897784,-9.362121218360674,23.453955078971056,0
2026-01-22 12:25:00,PCS-01,376.84739168018376,-16.148235300718706,21.86068662968844,0
2026-01-22 12:30:00,PCS-01,385.66326549091815,32.654856499016105,24.949956879348196,0
2026-01-22 12:35:00,PCS-01,378.0190600713377,-15.182421675476075,27.448344000290813,0
2026-01-22 12:40:00,PCS-01,380.3907803765557,-4.926330500039735,26.177380626877678,0
2026-01-22 12:45:00,PCS-01,377.00282192889966,-6.852520723594745,27.903455824235852,0
2026-01-22 12:50:00,PCS-01,375.78782814459925,-37.678045663893776,28.58898142605698,0
2026-01-22 12:55:00,PCS-01,379.9994652804114,12.765214628585639,29.450733523382375,0
2026-01-22 13:00:00,PCS-01,385.9441988307363,-6.226471078807162,26.935538345080467,0
2026-01-22 13:05:00,PCS-01,383.37515433632956,12.156822761617436,30.619816207787263,0
2026-01-22 13:10:00,PCS-01,379.4756535491053,32.78023785562527,30.520688307488683,0
2026-01-22 13:15:00,PCS-01,376.81796437690116,-47.25532798497859,28.205784086599913,0
2026-01-22 13:20:00,PCS-01,378.3604293212958,-0.8068292036919811,25.794685676944674,0
2026-01-22 13:25:00,PCS-01,383.99136075425633,-18.223859769766488,30.37463380337893,0
2026-01-22 13:30:00,PCS-01,376.3295377202772,-28.48946453689195,22.345422179514696,0
2026-01-22 13:35:00,PCS-01,380.0197619183686,23.760061814543008,25.159117971590124,0
2026-01-22 13:40:00,PCS-01,376.7464516693002,9.489536165426735,29.041165929724812,0
2026-01-22 13:45:00,PCS-01,374.9189190916936,13.773200980095698,29.77547766006972,0
2026-01-22 13:50:00,PCS-01,378.67502424028856,24.36734979740607,26.337003092654854,0
2026-01-22 13:55:00,PCS-01,379.53484863516957,-45.627892142384574,26.476331056173194,0
2026-01-22 14:00:00,PCS-01,384.13595038883375,82.5668177341168,24.133934683023117,0
2026-01-22 14:05:00,PCS-01,375.60383084825514,47.79838022615051,33.28914714394833,0
2026-01-22 14:10:00,PCS-01,380.814828630426,84.63605195698186,25.853939502670528,0
2026-01-22 14:15:00,PCS-01,376.87751609177974,51.794547234977,21.295213224521298,0
2026-01-22 14:20:00,PCS-01,388.24092072831195,-27.740155266058842,30.14255572876555,0
2026-01-22 14:25:00,PCS-01,379.0882956810894,-17.493597574489254,29.023960121717472,0
2026-01-22 14:30:00,PCS-01,386.8595720444038,16.36066465757255,27.961015208915207,0
2026-01-22 14:35:00,PCS-01,378.0544803747951,-7.602480737240496,28.996200930167984,0
2026-01-22 14:40:00,PCS-01,378.8132413731966,-77.17342507943897,26.667697728261516,0
2026-01-22 14:45:00,PCS-01,386.26653600364637,-19.099957014810723,29.74067542123823,0
2026-01-22 14:50:00,PCS-01,378.63275377434064,-67.77901606602332,27.25581774435892,0
2026-01-22 14:55:00,PCS-01,385.5989234242022,-23.59565478210326,32.13312833544133,0
2026-01-22 15:00:00,PCS-01,385.948041139561,32.2607517104641,27.184735040346183,0
2026-01-22 15:05:00,PCS-01,381.52352008630726,-27.38328381569701,25.397429348015716,0
2026-01-22 15:10:00,PCS-01,377.1707374673138,-20.586865120252643,25.5395057871953,0
2026-01-22 15:15:00,PCS-01,382.74773492721295,-49.31466499456256,30.408161015372865,0
2026-01-22 15:20:00,PCS-01,379.6791805264061,30.295300706690558,27.563641584904794,0
2026-01-22 15:25:00,PCS-01,378.0307619329884,65.85471819969065,26.615156281732123,0
2026-01-22 15:30:00,PCS-01,374.4204378456255,18.416695575383063,27.02210776925941,0
2026-01-22 15:35:00,PCS-01,378.66894859798657,19.308904660928295,34.68243712987195,0
2026-01-22 15:40:00,PCS-01,377.67942798480544,14.933777299605193,23.913837085360765,0
2026-01-22 15:45:00,PCS-01,382.58983992953665,-13.158030729274767,25.01164619921767,0
2026-01-22 15:50:00,PCS-01,379.9671030664858,-14.546958533278287,26.918426904755766,0
2026-01-22 15:55:00,PCS-01,381.3591526185503,15.5685091871361,25.299108947390785,0
2026-01-22 16:00:00,PCS-01,379.7840767555512,34.048822494328505,29.574279695662447,0
2026-01-22 16:05:00,PCS-01,382.75713817454874,-40.204761069575994,25.710597873062703,0
2026-01-22 16:10:00,PCS-01,381.0561476613764,8.19106046317928,28.88662930178969,0
2026-01-22 16:15:00,PCS-01,380.7799997198545,26.89419172371951,30.141171796703777,0
2026-01-22 16:20:00,PCS-01,380.21391274801516,-48.052437682803564,30.433411851040198,0
2026-01-22 16:25:00,PCS-01,385.35765970718086,24.280658707544912,27.027671795049493,0
2026-01-22 16:30:00,PCS-01,385.56892109243785,44.46187844174145,26.749070962690563,0
2026-01-22 16:35:00,PCS-01,376.0057967703473,-14.847787531262021,28.381367080385722,0
2026-01-22 16:40:00,PCS-01,386.79845944311194,3.9962053152282966,26.098209435440932,0
2026-01-22 16:45:00,PCS-01,378.2506514108341,-5.7701557987247485,27.123826856842413,0
2026-01-22 16:50:00,PCS-01,377.71104217346556,0.4997348860920804,29.805168711836956,0
2026-01-22 16:55:00,PCS-01,378.63111072413125,50.25166812490681,26.6630078262281,0
2026-01-22 17:00:00,PCS-01,380.48708497527946,-57.737516019247366,32.72121956205203,0
2026-01-22 17:05:00,PCS-01,381.61022764935785,-23.96823976679286,21.701936648598025,0
2026-01-22 17:10:00,PCS-01,381.6239636574908,-9.515474058867868,27.638717242544843,0
2026-01-22 17:15:00,PCS-01,381.8304435424041,-9.36423997138317,30.819499251922405,0
2026-01-22 17:20:00,PCS-01,381.0798204909448,-0.23188291621899285,23.933090077788545,0
2026-01-22 17:25:00,PCS-01,382.8040836545529,-25.071648123336473,26.729334244812176,0
2026-01-22 17:30:00,PCS-01,382.11807880362664,31.17885806569297,26.57763500442947,0
2026-01-22 17:35:00,PCS-01,383.78215197543005,4.901629721984844,31.507721310936187,0
2026-01-22 17:40:00,PCS-01,381.9023533027379,24.22127700172719,32.03503876465048,0
2026-01-22 17:45:00,PCS-01,375.7508482253092,-66.56278589117953,28.803238814766665,0
2026-01-22 17:50:00,PCS-01,379.9090256082134,-52.96009568197445,28.146878546152273,0
2026-01-22 17:55:00,PCS-01,382.34597249821263,71.20247025573687,20.53986509087608,0
2026-01-22 18:00:00,PCS-01,380.83867074595963,2.1306154542714686,27.68726028651157,0
2026-01-22 18:05:00,PCS-01,378.1797588340271,44.1979474515718,23.529367471797524,0
2026-01-22 18:10:00,PCS-01,381.6869223464521,-9.202832639152334,28.33745489368503,0
2026-01-22 18:15:00,PCS-01,383.46742030448985,2.0472888241695975,26.645555681148547,0
2026-01-22 18:20:00,PCS-01,380.6468149307778,-14.727138293919184,29.808721316101455,0
2026-01-22 18:25:00,PCS-01,378.58300148736504,86.08528402898847,31.047703450055415,0
2026-01-22 18:30:00,PCS-01,383.3866867123381,-9.114630758708143,23.894417630018292,0
2026-01-22 18:35:00,PCS-01,379.47277537270855,-101.0138157590344,26.192716310297083,0
2026-01-22 18:40:00,PCS-01,379.7728986600808,-63.92787166028222,28.270519579465944,0
2026-01-22 18:45:00,PCS-01,373.0429456920677,23.15586049054614,24.0819195733374,0
2026-01-22 18:50:00,PCS-01,378.27999645041086,-29.947403619817,30.418466396080305,0
2026-01-22 18:55:00,PCS-01,374.6181871235321,37.506849824878756,27.97839485686822,0
2026-01-22 19:00:00,PCS-01,383.6648828262123,-3.598263041828682,26.057560739008146,0
2026-01-22 19:05:00,PCS-01,376.2510800126868,136.04788014140783,29.583305236050204,0
2026-01-22 19:10:00,PCS-01,374.32278884045735,24.851972932000365,25.349017707318662,0
2026-01-22 19:15:00,PCS-01,378.88829536350227,-3.5678246397738755,24.73411200326184,0
2026-01-22 19:20:00,PCS-01,384.0200484045005,-46.327434749045395,26.022129521166654,0
2026-01-22 19:25:00,PCS-01,379.69980615877444,43.658457348479864,28.4706809454144,0
2026-01-22 19:30:00,PCS-01,375.35781199711505,-73.60878237278057,27.11187410202774,0
2026-01-22 19:35:00,PCS-01,379.4692990558789,56.75110864932145,30.993385147265816,0
2026-01-22 19:40:00,PCS-01,375.69022506956844,62.471962844867576,29.959277940816474,0
2026-01-22 19:45:00,PCS-01,383.37134320949986,12.09738998710177,27.995778411425256,0
2026-01-22 19:50:00,PCS-01,379.76025080697025,-45.96338763032386,25.64191633745763,0
2026-01-22 19:55:00,PCS-01,379.371946510115,-1.8168249602360578,33.69839283983468,0
2026-01-22 20:00:00,PCS-01,378.5750152326551,-48.505711135599356,30.72695785012982,0
2026-01-22 20:05:00,PCS-01,376.0289619306567,-8.313759836678361,24.181574581805165,0
2026-01-22 20:10:00,PCS-01,384.309217817932,27.85884557409912,24.877393129790367,0
2026-01-22 20:15:00,PCS-01,375.5520594452161,-27.09951127449102,32.11309895554971,0
2026-01-22 20:20:00,PCS-01,382.7562606651303,-7.584776743529609,32.134634236777146,0
2026-01-22 20:25:00,PCS-01,380.2621067589389,-17.382082666318635,28.329200061436968,0
2026-01-22 20:30:00,PCS-01,382.6570803643601,76.7338790380112,28.59053105113573,0
2026-01-22 20:35:00,PCS-01,379.6778572586005,-41.195481199197886,25.88503769756037,0
2026-01-22 20:40:00,PCS-01,375.5376611146968,-37.86090683494307,27.990576410967837,0
2026-01-22 20:45:00,PCS-01,381.540759266194,-42.686297925272626,24.915281687298577,0
2026-01-22 20:50:00,PCS-01,382.5032771527618,-67.90180323113705,31.00367528963688,0
2026-01-22 20:55:00,PCS-01,380.81274999222006,-51.99576477138865,25.280959677313646,0
2026-01-22 21:00:00,PCS-01,381.98893805599965,1.868696318740001,24.84053053399849,0
2026-01-22 21:05:00,PCS-01,379.15354213247576,7.4636920998452325,26.046360345403283,0
2026-01-22 21:10:00,PCS-01,381.9327602295845,-6.480914598566585,30.095208341479786,0
2026-01-22 21:15:00,PCS-01,378.06893162018196,-32.50536191458788,23.722613220848434,0
2026-01-22 21:20:00,PCS-01,379.0806571789814,-41.27950426704822,21.503606476912317,0
2026-01-22 21:25:00,PCS-01,376.61804120204795,37.49731853821454,19.415494859519526,0
2026-01-22 21:30:00,PCS-01,377.88676526725357,15.016729781969833,28.5994707419251,0
2026-01-22 21:35:00,PCS-01,380.4721767796283,7.907835445355805,25.447499971028716,0
2026-01-22 21:40:00,PCS-01,381.49619106666165,-69.85810207361587,24.51593840865903,0
2026-01-22 21:45:00,PCS-01,379.1517753876333,-20.444842666801325,27.111549214069555,0
2026-01-22 21:50:00,PCS-01,382.2666403761152,-40.679928272065,27.143899507231456,0
2026-01-22 21:55:00,PCS-01,384.1668014421426,-43.88547044589685,28.648639715851502,0
2026-01-22 22:00:00,PCS-01,379.87031490158233,23.886230052277952,23.048034237393143,0
2026-01-22 22:05:00,PCS-01,378.2585167638609,-28.732947142261516,28.31598359708282,0
2026-01-22 22:10:00,PCS-01,375.54504951420324,28.801374529675194,34.87739269724652,0
2026-01-22 22:15:00,PCS-01,383.3022884056486,32.168593895404044,25.668489286232706,0
2026-01-22 22:20:00,PCS-01,380.06027357620906,27.750409514348284,32.96034322237984,0
2026-01-22 22:25:00,PCS-01,378.7419510260254,57.92628990842985,22.984171693606346,0
2026-01-22 22:30:00,PCS-01,375.54866184327796,-17.92488241992385,31.917290393790598,0
2026-01-22 22:35:00,PCS-01,381.56217506422286,-25.564019690410017,29.33397582529425,0
2026-01-22 22:40:00,PCS-01,383.3675892187664,9.576230101880302,29.013772195563153,0
2026-01-22 22:45:00,PCS-01,388.26643999864507,-1.3579303875609272,24.930107899766817,0
2026-01-22 22:50:00,PCS-01,378.19912014678175,-67.82608791847987,27.67135274803653,0
2026-01-22 22:55:00,PCS-01,378.8201094951676,11.561355686706484,28.9348057178612,0
2026-01-22 23:00:00,PCS-01,382.5194855731432,11.615752650308615,28.85054835190856,0
2026-01-22 23:05:00,PCS-01,381.91141628483194,88.59990501163392,31.73180687546925,0
2026-01-22 23:10:00,PCS-01,377.2185368503506,35.24138985763408,24.539313317966815,0
2026-01-22 23:15:00,PCS-01,382.9276274771164,-93.01914596661213,28.20940152732386,0
2026-01-22 23:20:00,PCS-01,377.98665114199275,28.814528540505897,29.61314527706683,0
2026-01-22 23:25:00,PCS-01,380.7063347076757,-58.66352722123133,24.439768375888228,0
2026-01-22 23:30:00,PCS-01,381.41899494021277,19.978159208200942,25.877221736444476,0
2026-01-22 23:35:00,PCS-01,386.173008504346,-4.69348114558041,31.18865006680888,0
2026-01-22 23:40:00,PCS-01,383.1421260578213,-9.279740417751624,26.20184087075052,0
2026-01-22 23:45:00,PCS-01,382.2401021587207,3.6614289482183224,31.156579476915596,0
2026-01-22 23:50:00,PCS-01,383.72805021093603,-32.24849591637926,24.112577204709048,0
2026-01-22 23:55:00,PCS-01,380.753143100792,54.276891868058506,30.671552915377706,0
2026-01-23 00:00:00,PCS-01,381.89570390361945,26.6700190479365,28.52388786185047,0
2026-01-23 00:05:00,PCS-01,377.4803275081903,41.05837734602123,30.017295480554893,0
2026-01-23 00:10:00,PCS-01,382.29992919533885,0.19851630654220379,30.876421962955778,0
2026-01-23 00:15:00,PCS-01,380.92970743652864,10.878821513634659,21.62319999731691,0
2026-01-23 00:20:00,PCS-01,381.5942343958174,60.73025984682431,27.419449366090795,0
2026-01-23 00:25:00,PCS-01,376.3477773789698,-26.21472471358109,30.78013804758677,0
2026-01-23 00:30:00,PCS-01,379.3923595280566,21.482937527465925,30.04281561135793,0
2026-01-23 00:35:00,PCS-01,380.84220893567107,-52.90731342136585,25.63252003536364,0
2026-01-23 00:40:00,PCS-01,381.9186515219123,-101.2960049306402,25.64506587353138,0
2026-01-23 00:45:00,PCS-01,376.7340324633819,35.05576881050438,29.897992600148,0
2026-01-23 00:50:00,PCS-01,383.6923649698587,92.55340827631468,27.978017610483256,0
2026-01-23 00:55:00,PCS-01,378.24559516546555,-10.929371170786089,34.15237545855326,0
2026-01-23 01:00:00,PCS-01,380.2400917985252,-11.442923105092543,27.586001037803776,0
2026-01-23 01:05:00,PCS-01,384.06192756988014,60.682964085923075,25.156263175858967,0
2026-01-23 01:10:00,PCS-01,376.24493902529326,10.888086958454185,30.836066562096217,0
2026-01-23 01:15:00,PCS-01,381.6324798686418,-26.23482862265287,28.050015800041024,0
2026-01-23 01:20:00,PCS-01,383.0294620974345,-17.77624090719224,31.975606422935403,0
2026-01-23 01:25:00,PCS-01,378.4014990821865,-7.526047218876581,28.955723174491645,0
2026-01-23 01:30:00,PCS-01,380.10877886508155,17.15912799303847,27.597544291608433,0
2026-01-23 01:35:00,PCS-01,380.2905482735167,-38.759666343830396,32.841601611399255,0
2026-01-23 01:40:00,PCS-01,380.185385273211,-65.83178610403358,24.7921182218159,0
2026-01-23 01:45:00,PCS-01,376.7154986210574,57.59699072447256,29.23082440531917,0
2026-01-23 01:50:00,PCS-01,377.4629829575934,22.41765013608922,30.403501792508756,0
2026-01-23 01:55:00,PCS-01,378.59696095208807,33.297110941213965,28.872334966932147,0
2026-01-23 02:00:00,PCS-01,380.7387346463317,22.836515103728637,26.59691267284528,0
2026-01-23 02:05:00,PCS-01,374.9331075932203,86.16491721607034,27.488542890143812,0
2026-01-23 02:10:00,PCS-01,379.4099464215471,-66.55684765800278,30.589021845837998,0
2026-01-23 02:15:00,PCS-01,379.73569695605784,65.12952444430587,26.162490777171584,0
2026-01-23 02:20:00,PCS-01,380.0532259698361,-71.55376506417821,24.931355282697304,0
2026-01-23 02:25:00,PCS-01,375.1558372432516,20.50886764976508,26.51611635345923,0
2026-01-23 02:30:00,PCS-01,376.50049693216283,-3.3293362893203997,28.305199877146045,0
2026-01-23 02:35:00,PCS-01,378.47075307507725,16.265644027862706,25.274549605218056,0
2026-01-23 02:40:00,PCS-01,381.7210164704516,18.071855946219195,24.345227989788892,0
2026-01-23 02:45:00,PCS-01,380.6278730473479,10.4089957988921,32.981109339467935,0
2026-01-23 02:50:00,PCS-01,374.195175994358,-32.1390540414321,29.438374185472412,0
2026-01-23 02:55:00,PCS-01,382.5165419561856,-2.536617960309651,24.126706922296403,0
2026-01-23 03:00:00,PCS-01,379.968999862938,62.879309773152634,31.19628299138369,0
2026-01-23 03:05:00,PCS-01,381.8009427069861,-10.97392720517625,33.39496358748984,0
2026-01-23 03:10:00,PCS-01,379.3459095134594,9.15619935234535,29.157236746549735,0
2026-01-23 03:15:00,PCS-01,379.60883246676013,17.206979633011215,29.937185181997258,0
2026-01-23 03:20:00,PCS-01,377.5503059518025,-7.64304991836419,23.438985510762357,0
2026-01-23 03:25:00,PCS-01,381.9950476858401,13.994601101344815,28.93994230185563,0
2026-01-23 03:30:00,PCS-01,384.140066638626,-30.91139698257799,31.523949165985744,0
2026-01-23 03:35:00,PCS-01,379.8493565191778,39.59967856229547,32.016729327506496,0
2026-01-23 03:40:00,PCS-01,374.96453514587756,45.95363916502834,27.76196384048651,0
2026-01-23 03:45:00,PCS-01,374.7422908412619,37.38379997847474,25.846315674414996,0
2026-01-23 03:50:00,PCS-01,381.99259870170306,16.145267135083373,32.05301448944519,0
2026-01-23 03:55:00,PCS-01,383.26778634255726,22.798574775090582,29.448191797007205,0
2026-01-23 04:00:00,PCS-01,380.9418924355085,-22.24268363218438,24.720374480628777,0
2026-01-23 04:05:00,PCS-01,379.9174920665822,-9.575096992008934,29.823284441609776,0
2026-01-23 04:10:00,PCS-01,377.7557797927867,20.676776435243784,27.203949846922026,0
2026-01-23 04:15:00,PCS-01,377.6457664355901,76.10396954334155,26.566436451660834,0
2026-01-23 04:20:00,PCS-01,375.578633237187,18.835475893008812,29.34884334336825,0
2026-01-23 04:25:00,PCS-01,379.7935306690169,-53.2053147910774,28.775278120332597,0
2026-01-23 04:30:00,PCS-01,383.0846344097038,-48.01338932094669,26.97010015318371,0
2026-01-23 04:35:00,PCS-01,376.8560710020399,20.746227197854644,24.560457955059146,0
2026-01-23 04:40:00,PCS-01,381.5002585103813,-1.5038032878938696,28.779069000622435,0
2026-01-23 04:45:00,PCS-01,381.78975396998135,-1.6947956261969919,31.33221663213105,0
2026-01-23 04:50:00,PCS-01,383.88689955718945,0.5221224380461724,23.5383590350848,0
2026-01-23 04:55:00,PCS-01,375.6024724988332,-26.0654465082293,32.005033719604334,0
2026-01-23 05:00:00,PCS-01,375.1889619922899,-49.132979534944646,32.9856273563045,0
2026-01-23 05:05:00,PCS-01,375.0604946894044,76.11650463969725,24.79612129284733,0
2026-01-23 05:10:00,PCS-01,374.69366231705976,-28.255218172840348,35.24230808492897,0
2026-01-23 05:15:00,PCS-01,375.52507775689884,15.229956989852244,28.511791567740747,0
2026-01-23 05:20:00,PCS-01,378.5599951506668,-7.747504309936778,25.58405380743384,0
2026-01-23 05:25:00,PCS-01,381.5004461624928,-67.8840820701499,23.465432938170995,0
2026-01-23 05:30:00,PCS-01,386.342003023978,44.390857034597985,27.79327842718427,0
2026-01-23 05:35:00,PCS-01,382.8912449306249,-80.80245224549813,36.04626763035838,0
2026-01-23 05:40:00,PCS-01,380.60839072536027,27.186625487933203,33.23147182213352,0
2026-01-23 05:45:00,PCS-01,374.5676150096315,26.39681787854649,29.20349144596154,0
2026-01-23 05:50:00,PCS-01,377.0423284342979,-35.526549491856024,31.13488820063621,0
2026-01-23 05:55:00,PCS-01,375.93203651181915,-106.05862217726965,28.00400961556979,0
2026-01-23 06:00:00,PCS-01,386.46900241345026,57.527481740617134,25.459036861329043,0
2026-01-23 06:05:00,PCS-01,379.57180231092826,-9.914488219174228,33.33923623678712,0
2026-01-23 06:10:00,PCS-01,379.1296598818405,-57.212458552609824,26.15977499467757,0
2026-01-23 06:15:00,PCS-01,379.2487148314257,25.102863289571452,29.525194440822144,0
2026-01-23 06:20:00,PCS-01,378.2823368414566,-16.787626485068557,24.809940896132115,0
2026-01-23 06:25:00,PCS-01,378.2964652254117,43.39701340124891,30.0540956424348,0
2026-01-23 06:30:00,PCS-01,380.7143114911528,26.57791614580413,29.462015300618486,0
2026-01-23 06:35:00,PCS-01,378.99967445268976,-51.46688648979688,28.348880531693496,0
2026-01-23 06:40:00,PCS-01,378.42982683798573,-57.79979608111348,29.318140458874943,0
2026-01-23 06:45:00,PCS-01,378.49518128048385,29.366544255225374,28.45486170946381,0
2026-01-23 06:50:00,PCS-01,378.8257038425491,-24.682897006904454,31.705652158906183,0
2026-01-23 06:55:00,PCS-01,381.2697230746517,-32.336460347185294,30.780678409986773,0
2026-01-23 07:00:00,PCS-01,380.2047381556779,-28.73010368407043,27.559136902097425,0
2026-01-23 07:05:00,PCS-01,381.8629517166295,38.91714063945995,27.22830241905157,0
2026-01-23 07:10:00,PCS-01,377.6598273681424,-79.42978641995724,25.57234148688818,0
2026-01-23 07:15:00,PCS-01,381.03201167642356,56.676065268968586,26.132715286494662,0
2026-01-23 07:20:00,PCS-01,383.7400903221649,111.71631973453451,26.346149710035434,0
2026-01-23 07:25:00,PCS-01,381.226605502273,22.90707369024947,26.999303789528664,0
2026-01-23 07:30:00,PCS-01,380.40073207550176,12.780235149446423,27.85338906650179,0
2026-01-23 07:35:00,PCS-01,378.92993331989646,27.901532310481695,27.219772338749017,0
2026-01-23 07:40:00,PCS-01,380.4424358481763,-9.3171233950672,25.78673442976209,0
2026-01-23 07:45:00,PCS-01,377.97132641773925,21.33435672701058,28.230093202468744,0
2026-01-23 07:50:00,PCS-01,383.5954536412314,-33.534801556931846,25.82967946921221,0
2026-01-23 07:55:00,PCS-01,385.6288753196876,-4.0038084422400075,23.58863108576375,0
2026-01-23 08:00:00,PCS-01,377.98921439552447,-17.021749766185575,30.691973662900427,0
2026-01-23 08:05:00,PCS-01,384.13370813472176,23.009821859498068,25.51168199379161,0
2026-01-23 08:10:00,PCS-01,381.8661928761649,-80.26162859868839,26.858786036100195,0
2026-01-23 08:15:00,PCS-01,379.7164010461987,-0.6329819050129193,24.111290367415297,0
2026-01-23 08:20:00,PCS-01,378.56550433272577,-36.94861515637739,23.233222318488185,0
2026-01-23 08:25:00,PCS-01,378.78254116991377,18.55739614734531,33.15940249898943,0
2026-01-23 08:30:00,PCS-01,377.27462418200406,46.061568583853344,24.825816314426696,0
2026-01-23 08:35:00,PCS-01,373.1041600690935,-8.095187916923948,29.659148828477598,0
2026-01-23 08:40:00,PCS-01,382.2832401902844,-61.22721877898536,26.340108402560084,0
2026-01-23 08:45:00,PCS-01,382.79066561218366,-69.29742843017824,28.52853470995813,0
2026-01-23 08:50:00,PCS-01,376.9210942418449,28.565159628585196,21.3944659430776,0
2026-01-23 08:55:00,PCS-01,381.2353701609413,-15.39086805247426,30.741372029798754,0
2026-01-23 09:00:00,PCS-01,379.1848945191696,36.12366329400257,30.153517159876007,0
2026-01-23 09:05:00,PCS-01,381.98379679409237,-41.698482390988254,22.445895058085892,0
2026-01-23 09:10:00,PCS-01,379.36163821048285,56.00948537379806,28.820961645741058,0
2026-01-23 09:15:00,PCS-01,380.0387236409842,-23.36617462831923,28.53145452263068,0
2026-01-23 09:20:00,PCS-01,380.1588459605339,64.22519456064516,24.628833839311827,0
2026-01-23 09:25:00,PCS-01,384.6204458742661,41.579184127314726,26.784904281347643,0
2026-01-23 09:30:00,PCS-01,386.81222154843164,-63.2571580147398,31.22850896174935,0
2026-01-23 09:35:00,PCS-01,377.3379164835122,16.095777842613078,28.099753050508895,0
2026-01-23 09:40:00,PCS-01,375.6863493729471,-25.897673200891276,30.131941358000407,0
2026-01-23 09:45:00,PCS-01,381.0730012546244,1.7510781253970924,29.063288189727952,0
2026-01-23 09:50:00,PCS-01,380.02838761314786,21.056704001846327,29.515089909874547,0
2026-01-23 09:55:00,PCS-01,379.5223953082324,-28.589304324486346,27.44066536965194,0
2026-01-23 10:00:00,PCS-01,380.4958219470645,48.7166280673037,29.073751045477813,0
2026-01-23 10:05:00,PCS-01,380.34882112378017,55.436256370810206,30.781417673748635,0
2026-01-23 10:10:00,PCS-01,376.07088720215575,-4.629869185532185,28.23629409854134,0
2026-01-23 10:15:00,PCS-01,373.2764234165992,17.804173656152688,29.31486275880445,0
2026-01-23 10:20:00,PCS-01,382.9293875041794,5.521678837431909,32.614938653407854,0
2026-01-23 10:25:00,PCS-01,384.3386988866438,70.78129096042733,29.860137913534242,0
2026-01-23 10:30:00,PCS-01,381.44379246736463,22.788386436975404,29.190714641006863,0
2026-01-23 10:35:00,PCS-01,378.4536060882703,-17.50112251652315,32.811022394183915,0
2026-01-23 10:40:00,PCS-01,381.95374869865685,6.808149485262777,32.32810888582516,0
2026-01-23 10:45:00,PCS-01,375.12205106399813,14.148477621639353,23.12204733675832,0
2026-01-23 10:50:00,PCS-01,378.3964483687454,53.37945141614963,27.69441895247075,0
2026-01-23 10:55:00,PCS-01,382.6480969352609,-50.705277956909676,29.471470109744274,0
2026-01-23 11:00:00,PCS-01,386.99872861168535,-42.00344731335477,28.7293841943602,0
2026-01-23 11:05:00,PCS-01,379.87658123811866,-55.34562851471768,29.300197179728723,0
2026-01-23 11:10:00,PCS-01,382.1271600025626,-29.4632873238197,27.284686464008598,0
2026-01-23 11:15:00,PCS-01,379.5892431054835,-4.319759314164999,27.01484824004702,0
2026-01-23 11:20:00,PCS-01,382.30122494447915,-25.271919886588243,24.531339420163725,0
2026-01-23 11:25:00,PCS-01,375.3898753096728,26.88207671912144,25.112773009061193,0
2026-01-23 11:30:00,PCS-01,374.60221717792126,11.76461884479317,29.087754486734404,0
2026-01-23 11:35:00,PCS-01,386.21733593067694,-54.535061775427174,31.708930360671726,0
2026-01-23 11:40:00,PCS-01,376.6429009411844,36.95023809688859,25.96593714779468,0
2026-01-23 11:45:00,PCS-01,379.6485880100086,-7.768143465607741,22.585586344164884,0
2026-01-23 11:50:00,PCS-01,386.91839291270816,10.68130574481602,37.72246715984756,0
2026-01-23 11:55:00,PCS-01,382.60870244000523,14.777120035804591,28.905535606570286,0
2026-01-23 12:00:00,PCS-01,378.89489972117144,1.4576894777745373,28.010440028702554,0
2026-01-23 12:05:00,PCS-01,381.99539733050375,19.48344264033671,25.900373950793735,0
2026-01-23 12:10:00,PCS-01,383.3621491354193,111.6745416215081,26.34307037781081,0
2026-01-23 12:15:00,PCS-01,383.94905649135916,-35.605256299433165,29.069018508465955,0
2026-01-23 12:20:00,PCS-01,384.17168205500855,-26.583323174955204,28.35185761260124,0
2026-01-23 12:25:00,PCS-01,376.6889228573829,21.78513649062822,28.719668430290117,0
2026-01-23 12:30:00,PCS-01,374.0502598441569,-12.577747010142524,28.763852433303725,0
2026-01-23 12:35:00,PCS-01,378.15784709157333,-15.3097642296711,27.5708430552357,0
2026-01-23 12:40:00,PCS-01,376.0408870873946,53.64967985146184,23.662178224183737,0
2026-01-23 12:45:00,PCS-01,382.5753099905423,41.71400564839014,24.690575356187622,0
2026-01-23 12:50:00,PCS-01,386.9662695636492,21.329958860694738,26.358173555258308,0
2026-01-23 12:55:00,PCS-01,378.5316937535611,-21.59793863233302,30.67544917719886,0
2026-01-23 13:00:00,PCS-01,380.29421976577845,32.10194239232566,33.08021967064027,0
2026-01-23 13:05:00,PCS-01,377.06905172284957,-29.350234501713075,28.496650932090613,0
2026-01-23 13:10:00,PCS-01,379.60850917117403,84.46740563647202,24.86299062562219,0
2026-01-23 13:15:00,PCS-01,383.32065401624993,9.636071777916289,27.45491333285089,0
2026-01-23 13:20:00,PCS-01,378.81810648553846,-17.39887437766913,25.731683646756082,0
2026-01-23 13:25:00,PCS-01,380.06119771922494,-1.7218292573716567,31.083327312261837,0
2026-01-23 13:30:00,PCS-01,381.94984708042904,-60.00315250879564,29.09002013171758,0
2026-01-23 13:35:00,PCS-01,374.88677180198033,-13.491808726954957,32.53036176019988,0
2026-01-23 13:40:00,PCS-01,379.5602236511822,-42.89940740652845,28.475540252537062,0
2026-01-23 13:45:00,PCS-01,381.10143245058777,-28.97301465794788,23.71336602880214,0
2026-01-23 13:50:00,PCS-01,383.4571195898971,0.6828906694123403,32.73967080002907,0
2026-01-23 13:55:00,PCS-01,379.58752694938755,-12.205319440047601,32.775527964463905,0
2026-01-23 14:00:00,PCS-01,376.6990876243846,-33.12575883302388,31.44232591132824,0
2026-01-23 14:05:00,PCS-01,376.5115481949308,4.252403602887741,21.99184731633495,0
2026-01-23 14:10:00,PCS-01,377.95489315392695,-101.0121763485063,26.700171461535273,0
2026-01-23 14:15:00,PCS-01,373.57561773750456,61.240893222747495,32.412152242833585,0
2026-01-23 14:20:00,PCS-01,386.89866873631286,-0.3475416897096122,23.950414775461745,0
2026-01-23 14:25:00,PCS-01,376.742592360944,83.89843845825536,27.02484535391826,0
2026-01-23 14:30:00,PCS-01,384.72726589519147,60.556974786081355,30.667160318642043,0
2026-01-23 14:35:00,PCS-01,387.845906074339,10.050083884288647,26.4907636619048,0
2026-01-23 14:40:00,PCS-01,375.3348267026589,36.84114404822388,30.435636770882365,0
2026-01-23 14:45:00,PCS-01,378.73258730671193,22.91660070084962,29.914861737566362,0
2026-01-23 14:50:00,PCS-01,378.0444349111509,16.4014786130253,27.228588717335338,0
2026-01-23 14:55:00,PCS-01,381.97898866565566,-28.20350575679975,23.347145410089574,0
2026-01-23 15:00:00,PCS-01,379.0918064042417,1.198643660215156,25.89114092260594,0
2026-01-23 15:05:00,PCS-01,382.71782486710964,36.39089359862084,24.824739988037305,0
2026-01-23 15:10:00,PCS-01,378.9556966270705,58.62375396523972,29.799364599841308,0
2026-01-23 15:15:00,PCS-01,383.60391021848903,15.542257036178654,30.829368266624268,0
2026-01-23 15:20:00,PCS-01,379.63363418949564,15.332219328097175,35.015418483892276,0
2026-01-23 15:25:00,PCS-01,377.59931952069934,-23.370768767482275,32.252155586419384,0
2026-01-23 15:30:00,PCS-01,376.25204226938683,-65.60103017475954,25.657477272339033,0
2026-01-23 15:35:00,PCS-01,382.3563391881095,21.811894362558697,28.068869257968217,0
2026-01-23 15:40:00,PCS-01,377.0992817123655,2.113177961874756,26.928028690722805,0
2026-01-23 15:45:00,PCS-01,384.1030852364271,5.715814287848676,30.841057452923835,0
2026-01-23 15:50:00,PCS-01,380.8826471496748,19.79438885470423,25.30351359096998,0
2026-01-23 15:55:00,PCS-01,378.21449394356847,56.00884906195134,35.47023705956846,0
2026-01-23 16:00:00,PCS-01,379.80652536238847,-35.736924356013155,31.487843426343645,0
2026-01-23 16:05:00,PCS-01,378.5430121106869,-30.30265836132998,22.914991506687294,0
2026-01-23 16:10:00,PCS-01,381.2219804766943,-36.4284495164923,27.836299769683393,0
2026-01-23 16:15:00,PCS-01,382.0990759605273,-59.494623705619524,28.108151427332178,0
2026-01-23 16:20:00,PCS-01,383.0447581797771,1.332748532288694,26.601393675751694,0
2026-01-23 16:25:00,PCS-01,376.8022293387293,130.15654348821693,29.943867014446358,0
2026-01-23 16:30:00,PCS-01,381.55298780381094,-19.085869918946507,23.904588624628342,0
2026-01-23 16:35:00,PCS-01,379.2841784591015,-31.279809857057195,31.916210249089467,0
2026-01-23 16:40:00,PCS-01,378.75903378668767,-12.903493384385726,31.857073264983867,0
2026-01-23 16:45:00,PCS-01,382.16174110508956,51.295643612238166,28.565954070720046,0
2026-01-23 16:50:00,PCS-01,379.5489064358742,60.33439422230133,25.498139233923393,0
2026-01-23 16:55:00,PCS-01,382.6947830966022,58.865885361791555,32.48990554917396,0
2026-01-23 17:00:00,PCS-01,382.3878085854469,-41.953574955819974,29.366539778858304,0
2026-01-23 17:05:00,PCS-01,382.498647651141,38.2656569122851,20.97313779869525,0
2026-01-23 17:10:00,PCS-01,380.671308616653,-20.890870484397723,29.02353208621697,0
2026-01-23 17:15:00,PCS-01,378.83338231817055,-3.6517097307507407,34.294862562794954,0
2026-01-23 17:20:00,PCS-01,380.75847334899373,-9.627786474158547,26.557563142583415,0
2026-01-23 17:25:00,PCS-01,380.5664614296477,4.430490992200778,24.20511854211841,0
2026-01-23 17:30:00,PCS-01,376.1046581135365,0.5499342758235474,28.856110726136134,0
2026-01-23 17:35:00,PCS-01,381.3717630306086,65.850437043773,28.071075758125016,0
2026-01-23 17:40:00,PCS-01,379.779015012852,35.44236198670059,21.593385480818714,0
2026-01-23 17:45:00,PCS-01,385.40201868895804,-11.029028813692348,28.099241970337687,0
2026-01-23 17:50:00,PCS-01,378.3570419724878,0.25600486468758327,26.42320959179412,0
2026-01-23 17:55:00,PCS-01,378.8207161513124,-10.880087557942419,24.447515956313996,0
2026-01-23 18:00:00,PCS-01,377.56063712765797,-27.904817086882797,31.451822506781976,0
2026-01-23 18:05:00,PCS-01,380.47328778934667,74.87685694834735,27.783848610443496,0
2026-01-23 18:10:00,PCS-01,379.90367511621906,43.904388619760546,30.786492933267915,0
2026-01-23 18:15:00,PCS-01,380.4400323704567,15.895529888501084,28.70601409640381,0
2026-01-23 18:20:00,PCS-01,380.2419531950137,30.70690786387178,28.214089267226182,0
2026-01-23 18:25:00,PCS-01,378.2486750690507,80.64592999089818,26.646216508185773,0
2026-01-23 18:30:00,PCS-01,378.070167498031,-1.6712034231321864,28.09954076817848,0
2026-01-23 18:35:00,PCS-01,388.60978571874864,-34.90659998728717,30.529292491579604,0
2026-01-23 18:40:00,PCS-01,377.23844514330926,-12.993464605711619,26.901726416726987,0
2026-01-23 18:45:00,PCS-01,376.56016105560406,5.4011243483483105,29.765895711872098,0
2026-01-23 18:50:00,PCS-01,380.9901777907569,46.942835111230266,28.0730994368654,0
2026-01-23 18:55:00,PCS-01,382.83390983221466,-46.96171888998038,27.11142889281645,0
2026-01-23 19:00:00,PCS-01,380.1429014845853,98.08706631708746,31.27346702750511,0
2026-01-23 19:05:00,PCS-01,380.1169687065956,-7.110297876837141,23.577164181645486,0
2026-01-23 19:10:00,PCS-01,380.18968175146273,-20.81071068223542,24.236378241088428,0
2026-01-23 19:15:00,PCS-01,381.3655697921698,-49.157685833731016,23.56203457555815,0
2026-01-23 19:20:00,PCS-01,384.0400246013608,2.0928761175520734,32.876692320092324,0
2026-01-23 19:25:00,PCS-01,377.8414052154542,-9.163913620677405,25.58283188874057,0
2026-01-23 19:30:00,PCS-01,377.4224137552338,-10.359556799898757,22.365509373215787,0
2026-01-23 19:35:00,PCS-01,382.2784968145427,-27.97048215889941,29.96340500032041,0
2026-01-23 19:40:00,PCS-01,378.2456989375892,-27.757024292630778,27.094206355061452,0
2026-01-23 19:45:00,PCS-01,378.16591403175795,-41.46799841920994,22.919400696759393,0
2026-01-23 19:50:00,PCS-01,377.862615443429,-13.584455249129574,25.901697686024402,0
2026-01-23 19:55:00,PCS-01,384.18053001149565,-30.790174328900935,24.166616572679406,0
2026-01-23 20:00:00,PCS-01,379.96563650726273,-99.7048121265516,31.905757767367998,0
2026-01-23 20:05:00,PCS-01,379.2675015918128,32.44468136053656,29.11263956056189,0
2026-01-23 20:10:00,PCS-01,380.9822443245537,5.979945365571682,27.142735884165365,0
2026-01-23 20:15:00,PCS-01,375.6156969152515,-58.36751594075031,30.511089045009275,0
2026-01-23 20:20:00,PCS-01,380.1416633950046,30.206706399608333,34.056501577328106,0
2026-01-23 20:25:00,PCS-01,376.05489367289505,-14.905421629586986,27.567098631892005,0
2026-01-23 20:30:00,PCS-01,379.28739569645103,43.24352073421939,26.305532962485547,0
2026-01-23 20:35:00,PCS-01,378.4825797722153,-26.107082875927166,29.91126292523644,0
2026-01-23 20:40:00,PCS-01,378.48490247997063,12.889660238631071,29.290845585562288,0
2026-01-23 20:45:00,PCS-01,381.22729290157355,-20.5523145090582,30.634699206781924,0
2026-01-23 20:50:00,PCS-01,383.5472773980196,54.07544743233663,26.666971995157443,0
2026-01-23 20:55:00,PCS-01,381.6286731678367,30.16117200738103,28.075335978176525,0
2026-01-23 21:00:00,PCS-01,380.05630657626557,-7.659202386276593,28.881788916228953,0
2026-01-23 21:05:00,PCS-01,383.8352420649305,-57.94212862149471,29.10142234997739,0
2026-01-23 21:10:00,PCS-01,379.5454648076172,24.754622023651404,26.51803660328831,0
2026-01-23 21:15:00,PCS-01,381.407768191298,49.128983180520564,33.30488395604293,0
2026-01-23 21:20:00,PCS-01,380.3845279903852,17.180910496011645,34.16958682976175,0
2026-01-23 21:25:00,PCS-01,382.48553442947264,-45.09323101969872,24.877873095598186,0
2026-01-23 21:30:00,PCS-01,380.1265909906121,-33.04834398401339,26.696577905675827,0
2026-01-23 21:35:00,PCS-01,375.99522516747487,-53.2517358002826,30.505830521648043,0
2026-01-23 21:40:00,PCS-01,379.72961575311524,50.81340608730989,26.050841153583715,0
2026-01-23 21:45:00,PCS-01,374.2024901868805,-9.489102791530037,27.22586964836056,0
2026-01-23 21:50:00,PCS-01,381.50680509161884,22.02734673071831,27.183781239065947,0
2026-01-23 21:55:00,PCS-01,380.08681054786456,-11.785982671209005,25.861239709476376,0
2026-01-23 22:00:00,PCS-01,376.0495692003781,44.16960144205682,31.11684951525021,0
2026-01-23 22:05:00,PCS-01,382.0335629873476,-83.82739908616259,29.96508149078946,0
2026-01-23 22:10:00,PCS-01,381.4971148040732,-28.895849327055654,25.774761958520212,0
2026-01-23 22:15:00,PCS-01,384.99977814359033,23.568564077491203,26.85527731289758,0
2026-01-23 22:20:00,PCS-01,377.8695917387197,61.35929246354625,20.4158246027362,0
2026-01-23 22:25:00,PCS-01,381.0437228943525,-6.928106381801108,26.504078617773054,0
2026-01-23 22:30:00,PCS-01,377.4756538946376,-27.86235728488306,21.69273963428145,0
2026-01-23 22:35:00,PCS-01,374.5743879255941,-20.23958991057008,26.23172690303371,0
2026-01-23 22:40:00,PCS-01,379.99198666782524,7.6316865451716,21.128063172992746,0
2026-01-23 22:45:00,PCS-01,379.4579755024626,51.84345067481448,25.117844435312737,0
2026-01-23 22:50:00,PCS-01,386.370719183363,-77.94040406065321,24.13064468448675,0
2026-01-23 22:55:00,PCS-01,379.83060274008307,24.805589762905846,25.613470417318396,0
2026-01-23 23:00:00,PCS-01,380.10661354857547,29.755649620099007,32.1182124493389,0
2026-01-23 23:05:00,PCS-01,384.75983812461203,16.351381283626058,27.01371852621511,0
2026-01-23 23:10:00,PCS-01,383.1906472074519,10.388530027850482,30.962786956130877,0
2026-01-23 23:15:00,PCS-01,377.39586204305715,-32.559881276981955,30.84515705891835,0
2026-01-23 23:20:00,PCS-01,379.4381632535969,47.103829979213415,31.16718683529424,0
2026-01-23 23:25:00,PCS-01,375.0706357315012,69.71024929229263,29.74377250079442,0
2026-01-23 23:30:00,PCS-01,382.5064216492125,-25.13127637360938,22.109941234426728,0
2026-01-23 23:35:00,PCS-01,375.33882817519384,48.9132066833734,28.659278826574077,0
2026-01-23 23:40:00,PCS-01,383.71686609554155,69.30953118614327,32.93753439571198,0
2026-01-23 23:45:00,PCS-01,378.7999936613521,-0.8308307015362588,26.296903073664996,0
2026-01-23 23:50:00,PCS-01,379.0060332262056,-31.722705255011313,28.729887311150705,0
2026-01-23 23:55:00,PCS-01,379.71531924527113,-70.91383263945326,26.93205015885996,0
2026-01-24 00:00:00,PCS-01,379.9750635539923,-42.39573032335499,26.741445821887293,0
2026-01-24 00:05:00,PCS-01,376.52967674185044,6.45468559091106,26.036267062645194,0
2026-01-24 00:10:00,PCS-01,386.4984310380455,-76.0986007697042,26.294159973256495,0
2026-01-24 00:15:00,PCS-01,376.55738903669885,47.535207229629,33.709467186344106,0
2026-01-24 00:20:00,PCS-01,388.2792469831054,-70.07210881113869,31.108025908524134,0
2026-01-24 00:25:00,PCS-01,378.1213936712402,-25.977274240746667,29.194583125884215,0
2026-01-24 00:30:00,PCS-01,380.74612906338433,-4.4651446824945,25.30180853619838,0
2026-01-24 00:35:00,PCS-01,380.8844876438258,-18.52184195714279,25.70294760234373,0
2026-01-24 00:40:00,PCS-01,380.1819017002588,17.530709096469227,29.80455827304312,0
2026-01-24 00:45:00,PCS-01,379.9826645802139,11.064955556726641,30.699279320271415,0
2026-01-24 00:50:00,PCS-01,377.10848817048577,64.31546124194278,29.932910426731347,0
2026-01-24 00:55:00,PCS-01,380.20603906886925,-27.00816873282608,33.237926992408305,0
2026-01-24 01:00:00,PCS-01,383.81064760795874,5.550953869955827,25.513297617137287,0
2026-01-24 01:05:00,PCS-01,380.0989599618552,65.25495565684488,24.317415264851103,0
2026-01-24 01:10:00,PCS-01,378.369471704871,36.41993048157385,24.589100050597814,0
2026-01-24 01:15:00,PCS-01,383.5420845224901,28.900697316277878,31.462152347859814,0
2026-01-24 01:20:00,PCS-01,379.8836438493296,-7.863329509950509,32.230031920192616,0
2026-01-24 01:25:00,PCS-01,382.582163072858,-56.253955961158724,28.17883353064351,0
2026-01-24 01:30:00,PCS-01,381.99330186248994,-41.240115027667514,33.28871507263996,0
2026-01-24 01:35:00,PCS-01,376.6986794888067,-63.98860747143119,28.702350859040166,0
2026-01-24 01:40:00,PCS-01,385.3610004897106,-35.09329410972997,28.778723080479597,0
2026-01-24 01:45:00,PCS-01,378.3665107884612,8.775634274371932,26.203677784972847,0
2026-01-24 01:50:00,PCS-01,377.0047408549473,11.254675424542137,32.67634332955871,0
2026-01-24 01:55:00,PCS-01,382.09150074535387,-6.695405334775122,26.857574084473736,0
2026-01-24 02:00:00,PCS-01,380.54223746259004,-67.57421803304732,28.705790876112783,0
2026-01-24 02:05:00,PCS-01,380.02025508154424,0.5414259772013686,27.833073836968843,0
2026-01-24 02:10:00,PCS-01,377.7309904380705,49.0417217141615,33.80644376240038,0
2026-01-24 02:15:00,PCS-01,381.76646227167674,29.88728248047861,28.47832868898882,0
2026-01-24 02:20:00,PCS-01,380.5897585349274,-6.9935768693815845,33.23898336524168,0
2026-01-24 02:25:00,PCS-01,384.63824686013754,-52.23018684787547,32.74414503937514,0
2026-01-24 02:30:00,PCS-01,378.90292452721997,-74.48839415049574,27.717688902478272,0
2026-01-24 02:35:00,PCS-01,379.35312564672057,67.288463367452,19.631861522982994,0
2026-01-24 02:40:00,PCS-01,376.17823694073195,-73.76119965981877,26.001753942800537,0
2026-01-24 02:45:00,PCS-01,382.70589887343203,3.654230829684732,32.08158798881059,0
2026-01-24 02:50:00,PCS-01,381.30698354309476,18.019189064441804,27.222308899051228,0
2026-01-24 02:55:00,PCS-01,380.9904214517222,-28.113042058629762,30.15392019708607,0
2026-01-24 03:00:00,PCS-01,378.0089933126789,7.919117933859589,23.860597496750575,0
2026-01-24 03:05:00,PCS-01,381.2451096220977,-54.8223345259072,26.95630734336822,0
2026-01-24 03:10:00,PCS-01,380.8162306748031,-0.7683868809185461,23.891616522193164,0
2026-01-24 03:15:00,PCS-01,383.1348711510098,-34.67872855391927,22.007850645141044,0
2026-01-24 03:20:00,PCS-01,385.0072029034627,4.1713395796537585,27.59534465144084,0
2026-01-24 03:25:00,PCS-01,386.22296241585957,2.5114839696813878,28.186079446797542,0
2026-01-24 03:30:00,PCS-01,378.9402102644649,-37.75331703245309,20.019224514923476,0
2026-01-24 03:35:00,PCS-01,375.056284702423,-15.570862767410174,29.809173146657205,0
2026-01-24 03:40:00,PCS-01,381.1823606015722,47.97449034551403,23.52886553945875,0
2026-01-24 03:45:00,PCS-01,378.5086118434036,-28.388602017286665,27.390302476848817,0
2026-01-24 03:50:00,PCS-01,375.2835673377949,1.0649226714986653,20.447666779728426,0
2026-01-24 03:55:00,PCS-01,379.29008962259735,-64.38394684545113,25.904650554670432,0
2026-01-24 04:00:00,PCS-01,382.1426637011196,-56.34612803808065,25.38797759837696,0
2026-01-24 04:05:00,PCS-01,379.794640060566,4.65162393500848,27.41583291629538,0
2026-01-24 04:10:00,PCS-01,380.4346254620047,8.476068238334793,21.941638333240753,0
2026-01-24 04:15:00,PCS-01,380.8943982154052,39.00655167924549,31.00585173969704,0
2026-01-24 04:20:00,PCS-01,381.20053715856335,-87.73639089736777,19.262876841786493,0
2026-01-24 04:25:00,PCS-01,378.70385868759155,-23.703910714184246,26.102769245708213,0
2026-01-24 04:30:00,PCS-01,378.5663856041535,-86.50699971194433,30.407562492945065,0
2026-01-24 04:35:00,PCS-01,378.00481725656806,-10.482404954853708,27.304578783946976,0
2026-01-24 04:40:00,PCS-01,384.9930111016926,31.508808448651628,32.60141420548383,0
2026-01-24 04:45:00,PCS-01,380.3897756918019,-5.69699684041507,31.27907112078874,0
2026-01-24 04:50:00,PCS-01,378.343920373184,-75.95933148143457,26.890113861793004,0
2026-01-24 04:55:00,PCS-01,376.09808502343515,29.75016123108492,30.451386393621874,0
2026-01-24 05:00:00,PCS-01,380.75179728797696,14.820695303740717,33.50185933955223,0
2026-01-24 05:05:00,PCS-01,382.9676417682959,-19.85205273194554,30.94192699310011,0
2026-01-24 05:10:00,PCS-01,382.72127077458174,-16.63433131371275,29.4287083774292,0
2026-01-24 05:15:00,PCS-01,384.9647537007142,-11.115854066103083,27.138736046467315,0
2026-01-24 05:20:00,PCS-01,388.4825467238632,-33.3692909998485,28.110103060404775,0
2026-01-24 05:25:00,PCS-01,382.4702935229819,-63.408760732840854,25.540898568220552,0
2026-01-24 05:30:00,PCS-01,381.9591239711976,-81.54748106926134,25.87517191261784,0
2026-01-24 05:35:00,PCS-01,382.41831794804096,55.70882774190555,31.165172103180478,0
2026-01-24 05:40:00,PCS-01,381.7004210093251,-12.349956722456055,27.09937305180319,0
2026-01-24 05:45:00,PCS-01,382.77118160075116,-34.74064719758125,26.832195451266184,0
2026-01-24 05:50:00,PCS-01,378.5366250365397,-42.07688653731692,27.36607404818343,0
2026-01-24 05:55:00,PCS-01,382.1952565971678,-43.5773143035253,23.89850163248312,0
2026-01-24 06:00:00,PCS-01,375.7603105391267,-10.616580686328982,29.155172167915477,0
2026-01-24 06:05:00,PCS-01,376.76924730190007,89.3201543605185,32.81331872316605,0
2026-01-24 06:10:00,PCS-01,380.9197361513655,-22.751133442829108,30.54100245355542,0
2026-01-24 06:15:00,PCS-01,380.8164350149791,48.083244569961835,25.692157978055278,0
2026-01-24 06:20:00,PCS-01,380.39839799400323,-6.253462522710352,27.32699634128718,0
2026-01-24 06:25:00,PCS-01,374.77604861248403,22.485833205437153,33.61530529567016,0
2026-01-24 06:30:00,PCS-01,377.3321401334997,-42.21197294605122,28.996072952091897,0
2026-01-24 06:35:00,PCS-01,381.67552459814164,23.794332812850282,30.415023837248967,0
2026-01-24 06:40:00,PCS-01,378.4654539017346,50.12681894132494,23.618649409376353,0
2026-01-24 06:45:00,PCS-01,380.1363240447874,-73.93719920514923,29.843127489088467,0
2026-01-24 06:50:00,PCS-01,377.2212110408,-1.5579791716622293,27.65747451071883,0
2026-01-24 06:55:00,PCS-01,376.502762468481,-32.342875384353945,23.254296477962907,0
2026-01-24 07:00:00,PCS-01,383.5838606029756,25.28632092940044,29.722803494841326,0
2026-01-24 07:05:00,PCS-01,384.39749477956707,-55.222876690599605,26.338424671973094,0
2026-01-24 07:10:00,PCS-01,382.8372887849942,14.681049512496894,21.03865009591335,0
2026-01-24 07:15:00,PCS-01,380.3411720851323,40.61750819116817,25.74958540640992,0
2026-01-24 07:20:00,PCS-01,380.291067443054,-2.5326626003835244,25.023344997668147,0
2026-01-24 07:25:00,PCS-01,384.827266791202,-28.371340496670385,22.07661270797472,0
2026-01-24 07:30:00,PCS-01,380.71557399066364,31.669327832866294,29.434058655498113,0
2026-01-24 07:35:00,PCS-01,377.69141904932485,-28.014966290887116,31.44758186175061,0
2026-01-24 07:40:00,PCS-01,381.7493312311829,-21.67273898012043,32.574465019530344,0
2026-01-24 07:45:00,PCS-01,373.54897148967257,-7.863922615985888,23.051872362795677,0
2026-01-24 07:50:00,PCS-01,381.37128521026676,-0.8742443488934366,33.682996223001865,0
2026-01-24 07:55:00,PCS-01,377.15359036662846,88.8571212255487,31.859919549716768,0
2026-01-24 08:00:00,PCS-01,379.5004435860815,-80.2300324146978,30.028586692153073,0
2026-01-24 08:05:00,PCS-01,378.42815761151644,34.79061277933114,33.08567924850258,0
2026-01-24 08:10:00,PCS-01,377.8351349821268,87.6794211977425,27.287714913711092,0
2026-01-24 08:15:00,PCS-01,385.13939351942787,-63.43470674262757,25.452946690078004,0
2026-01-24 08:20:00,PCS-01,377.4471997005201,96.80000353013878,20.25932711983202,0
2026-01-24 08:25:00,PCS-01,374.14367228923277,-0.9943917774001177,22.412939677055864,0
2026-01-24 08:30:00,PCS-01,379.5506740163469,-31.58168309672968,25.014710079818613,0
2026-01-24 08:35:00,PCS-01,381.3924728543517,60.30484496047846,25.30314805909819,0
2026-01-24 08:40:00,PCS-01,382.3902175686288,30.46117359595516,24.985591016664515,0
2026-01-24 08:45:00,PCS-01,382.9946429797783,-41.76150018561398,28.988636294184314,0
2026-01-24 08:50:00,PCS-01,386.530546985721,-34.092403472736166,28.846915828712966,0
2026-01-24 08:55:00,PCS-01,376.3329441254844,-59.99684686347973,21.77520727292169,0
2026-01-24 09:00:00,PCS-01,386.9208588186583,-6.032012857462995,26.895942484286852,0
2026-01-24 09:05:00,PCS-01,380.6293167544859,63.648060574282866,31.296200397598373,0
2026-01-24 09:10:00,PCS-01,379.2140779481398,-24.363262582408517,26.865059400493763,0
2026-01-24 09:15:00,PCS-01,381.8985404629548,-29.713522798842963,31.058350927504023,0
2026-01-24 09:20:00,PCS-01,376.3410596102613,2.780562485636871,33.21953302242712,0
2026-01-24 09:25:00,PCS-01,384.62745674042503,68.47810978982204,31.696976677731648,0
2026-01-24 09:30:00,PCS-01,379.7132571948224,-24.720333892888384,26.215302663680337,0
2026-01-24 09:35:00,PCS-01,384.7790740479548,19.961309134268745,26.29647411810196,0
2026-01-24 09:40:00,PCS-01,379.0363924791639,39.68250960137623,27.31307180117662,0
2026-01-24 09:45:00,PCS-01,381.65112647407653,42.555682547074966,34.43746370352752,0
2026-01-24 09:50:00,PCS-01,381.95060709871774,32.324016298698936,30.322743209044088,0
2026-01-24 09:55:00,PCS-01,375.5825800430641,21.635728946389484,37.29276724252664,0
2026-01-24 10:00:00,PCS-01,380.46080647980017,2.0684135343276284,25.739065629252952,0
2026-01-24 10:05:00,PCS-01,384.81660306788507,53.22500491663568,30.712760576144746,0
2026-01-24 10:10:00,PCS-01,380.2289115704594,-6.27637785446666,25.37045484831347,0
2026-01-24 10:15:00,PCS-01,380.0675402020321,-67.39325161529312,27.453561572986334,0
2026-01-24 10:20:00,PCS-01,372.078601042344,-54.746841817912106,25.652951131561515,0
2026-01-24 10:25:00,PCS-01,377.3204911316844,-32.83766077964681,30.007066077676843,0
2026-01-24 10:30:00,PCS-01,383.3528062563728,-3.0439821483830283,26.711409948345757,0
2026-01-24 10:35:00,PCS-01,384.6603151275021,-4.642185144336628,25.121056627500423,0
2026-01-24 10:40:00,PCS-01,380.00828531933763,56.16166683001234,25.796342489174233,0
2026-01-24 10:45:00,PCS-01,384.6740297633878,24.23331840232794,27.690681117012627,0
2026-01-24 10:50:00,PCS-01,379.6837969646,43.2514956811579,27.216449425889635,0
2026-01-24 10:55:00,PCS-01,380.92917185522924,-36.46190980083622,28.409946443260484,0
2026-01-24 11:00:00,PCS-01,378.68930300754687,-82.35595870540807,22.06319332221738,0
2026-01-24 11:05:00,PCS-01,375.98576113810265,2.885690611752697,26.797146615898875,0
2026-01-24 11:10:00,PCS-01,382.9460500798056,26.98671113830891,29.480028908640655,0
2026-01-24 11:15:00,PCS-01,382.68569113519084,67.22784976262861,28.54683359542895,0
2026-01-24 11:20:00,PCS-01,383.3585590238787,-8.435204330579552,22.351763529503053,0
2026-01-24 11:25:00,PCS-01,385.0342664529612,-10.779927578387483,25.47983113907285,0
2026-01-24 11:30:00,PCS-01,378.7910983271916,31.152134446761472,31.64432082525362,0
2026-01-24 11:35:00,PCS-01,384.4860456399079,-16.24618066032053,27.251204177797327,0
2026-01-24 11:40:00,PCS-01,381.02955519244335,54.84665484518477,28.613057712073534,0
2026-01-24 11:45:00,PCS-01,380.4992873142155,-20.063299305023286,26.661539189192595,0
2026-01-24 11:50:00,PCS-01,372.36423499784127,-29.623116568349626,29.65587576815219,0
2026-01-24 11:55:00,PCS-01,379.3557218746942,-47.080931834040676,25.72855551005438,0
2026-01-24 12:00:00,PCS-01,383.2539252956117,-39.7773857772074,28.75072370794923,0
2026-01-24 12:05:00,PCS-01,375.56167868713624,-67.56810847124106,28.740160632524155,0
2026-01-24 12:10:00,PCS-01,380.40189535878875,39.06880452123057,31.276859847859047,0
2026-01-24 12:15:00,PCS-01,381.2158419450121,-15.39033658823848,25.293510022237214,0
2026-01-24 12:20:00,PCS-01,373.5722039321727,-12.172037344948631,25.94304572171227,0
2026-01-24 12:25:00,PCS-01,382.31239682222434,50.91749123634747,21.736504805314247,0
2026-01-24 12:30:00,PCS-01,378.7241284076495,-12.228911468134738,26.589729267466975,0
2026-01-24 12:35:00,PCS-01,380.6705701671617,-5.243593016440808,29.6774999290641,0
2026-01-24 12:40:00,PCS-01,376.99551545341336,20.29365578320327,26.137917362352123,0
2026-01-24 12:45:00,PCS-01,382.2293384326256,34.17962285139501,23.37863831197815,0
2026-01-24 12:50:00,PCS-01,376.41895392707386,92.3074902965618,22.856431567418994,0
2026-01-24 12:55:00,PCS-01,375.7403668730526,50.923580561408414,24.776721164064657,0
2026-01-24 13:00:00,PCS-01,388.88173458848155,34.772313017628875,28.47550996113305,0
2026-01-24 13:05:00,PCS-01,380.36668064495785,5.654738372345052,27.23935375401602,0
2026-01-24 13:10:00,PCS-01,381.7647132827741,24.938025301817124,34.20406370989881,0
2026-01-24 13:15:00,PCS-01,376.54914049094714,61.27622898565785,27.745750272434993,0
2026-01-24 13:20:00,PCS-01,388.31877305279176,-59.83905648256201,29.842892192572684,0
2026-01-24 13:25:00,PCS-01,379.4037302394957,58.85739872735452,25.888878160128673,0
2026-01-24 13:30:00,PCS-01,378.80552874950826,29.79775040639634,27.729433380224144,0
2026-01-24 13:35:00,PCS-01,378.6934231793032,5.587007851296178,28.704931870102754,0
2026-01-24 13:40:00,PCS-01,383.218113705381,10.051187339435362,26.87401695977792,0
2026-01-24 13:45:00,PCS-01,375.50015629762703,70.93169464020914,30.333554223090406,0
2026-01-24 13:50:00,PCS-01,381.2468324536423,35.93843353544902,27.807472671304552,0
2026-01-24 13:55:00,PCS-01,375.2576251556242,33.98113149552751,26.88216159041381,0
2026-01-24 14:00:00,PCS-01,381.3270845191774,-15.627099372803197,26.2188158582864,0
2026-01-24 14:05:00,PCS-01,382.40865842460397,-17.490503285838283,24.960802641907854,0
2026-01-24 14:10:00,PCS-01,382.67937775079815,-17.016016057253534,23.930060878085982,0
2026-01-24 14:15:00,PCS-01,376.7164810807489,-19.563177499452834,27.921082654400664,0
2026-01-24 14:20:00,PCS-01,380.41642713409556,3.8843531283570294,26.39772489838577,0
2026-01-24 14:25:00,PCS-01,383.1294474254816,-21.981200963977493,29.139217403252452,0
2026-01-24 14:30:00,PCS-01,383.7220371181708,-84.1693466995147,30.032510777326376,0
2026-01-24 14:35:00,PCS-01,384.36216031067687,2.701903519452264,27.731701665148453,0
2026-01-24 14:40:00,PCS-01,379.16205793554803,9.901240851133213,35.159730134685425,0
2026-01-24 14:45:00,PCS-01,381.410815736831,-40.2992168395796,25.27330212887895,0
2026-01-24 14:50:00,PCS-01,382.9022295756555,-22.851078047532603,27.96607588737183,0
2026-01-24 14:55:00,PCS-01,382.4658898386497,-3.8650505476949357,29.374519405350163,0
2026-01-24 15:00:00,PCS-01,380.51536922993574,31.81690798819808,27.440379778154917,0
2026-01-24 15:05:00,PCS-01,380.9264734183332,-34.84567841074485,29.519188894940978,0
2026-01-24 15:10:00,PCS-01,377.29950378190966,-36.23896865420973,24.660530088501268,0
2026-01-24 15:15:00,PCS-01,384.4603390211885,-12.13905047020219,27.251993495262006,0
2026-01-24 15:20:00,PCS-01,383.5757862719247,12.104011043868796,27.802109035156892,0
2026-01-24 15:25:00,PCS-01,377.75587685939274,30.581191640058528,22.67141289588242,0
2026-01-24 15:30:00,PCS-01,384.7836587677528,-54.31105954973282,26.086227732638722,0
2026-01-24 15:35:00,PCS-01,379.0902182930777,11.768962978681802,26.51025122732309,0
2026-01-24 15:40:00,PCS-01,383.8858659949622,-5.064360459332286,29.46806302530673,0
2026-01-24 15:45:00,PCS-01,380.5131509830047,21.11497163868949,28.992419417004825,0
2026-01-24 15:50:00,PCS-01,378.48411066496436,43.989710664753474,29.558328409554626,0
2026-01-24 15:55:00,PCS-01,377.4717916636665,11.754906779966493,26.549122566770652,0
2026-01-24 16:00:00,PCS-01,380.719060228081,-6.077403753105164,24.492737414384628,0
2026-01-24 16:05:00,PCS-01,381.20032262064893,-75.75768454884587,31.09971820545905,0
2026-01-24 16:10:00,PCS-01,379.45825455748064,19.26170245393854,25.948449357228476,0
2026-01-24 16:15:00,PCS-01,378.08506169836403,5.667752897462666,31.324621150709994,0
2026-01-24 16:20:00,PCS-01,380.10363859653387,29.294644556228594,31.409672443085558,0
2026-01-24 16:25:00,PCS-01,384.2273473021404,-61.34340036636079,30.27558644029526,0
2026-01-24 16:30:00,PCS-01,379.10114937077833,73.77743360330665,28.195371101823504,0
2026-01-24 16:35:00,PCS-01,378.9614882491397,66.80960537822679,23.641191740669193,0
2026-01-24 16:40:00,PCS-01,372.26508431527816,-4.105984660373131,29.408788999906648,0
2026-01-24 16:45:00,PCS-01,377.9590002553187,-34.17564753113191,21.60781623071912,0
2026-01-24 16:50:00,PCS-01,374.417338672937,18.070568377069208,22.19192108598077,0
2026-01-24 16:55:00,PCS-01,383.68863822765246,13.137170180220492,31.751664574112898,0
2026-01-24 17:00:00,PCS-01,375.30898989774727,40.67414028044724,26.851132430810207,0
2026-01-24 17:05:00,PCS-01,382.57015353297766,16.11491228745042,23.703564767358543,0
2026-01-24 17:10:00,PCS-01,382.08926572266415,-0.9088128430842013,32.74652924426265,0
2026-01-24 17:15:00,PCS-01,373.1431677492368,16.740408615470344,30.358275052320757,0
2026-01-24 17:20:00,PCS-01,385.45874351171034,74.69240534290327,25.85317642799601,0
2026-01-24 17:25:00,PCS-01,377.7165655043757,-34.620593851948975,30.500033961592678,0
2026-01-24 17:30:00,PCS-01,371.80932703353056,12.277276005609238,31.608356564880765,0
2026-01-24 17:35:00,PCS-01,377.2172504715728,-37.78341431780689,25.332649715905834,0
2026-01-24 17:40:00,PCS-01,377.8321185306001,12.000550599380183,25.37755134089009,0
2026-01-24 17:45:00,PCS-01,373.0184141459934,3.5110072620557373,30.458174167533027,0
2026-01-24 17:50:00,PCS-01,381.41405856038045,7.916001722431436,31.269712931061026,0
2026-01-24 17:55:00,PCS-01,376.79783411215664,13.028345000048137,27.41099613311514,0
2026-01-24 18:00:00,PCS-01,377.9549857154928,-71.21033132676781,29.780068717484,0
2026-01-24 18:05:00,PCS-01,376.4326687427939,-16.152382735117875,33.39334771775642,0
2026-01-24 18:10:00,PCS-01,381.8916962722063,-41.70813418987832,22.3010194265253,0
2026-01-24 18:15:00,PCS-01,380.5019105414673,0.8371685988167145,24.986110637458314,0
2026-01-24 18:20:00,PCS-01,378.8464101850285,30.913868096706906,32.16024088961154,0
2026-01-24 18:25:00,PCS-01,380.79915371646194,-15.143800518857091,23.805683720837436,0
2026-01-24 18:30:00,PCS-01,380.7285278113554,-48.76248449793211,27.412043277702058,0
2026-01-24 18:35:00,PCS-01,378.318416171008,17.969293023934718,26.872320198080335,0
2026-01-24 18:40:00,PCS-01,376.78295568334755,41.192147445435026,30.396692839282238,0
2026-01-24 18:45:00,PCS-01,381.8008668024896,-32.38074305559735,24.842895617212964,0
2026-01-24 18:50:00,PCS-01,380.67562021732687,62.44531136726118,32.368097539249405,0
2026-01-24 18:55:00,PCS-01,380.5978593795726,36.91957342104484,26.493311779891282,0
2026-01-24 19:00:00,PCS-01,378.5917794496024,9.319141522133474,29.81332229222528,0
2026-01-24 19:05:00,PCS-01,384.0885295003954,58.26628027527094,33.560907212452854,0
2026-01-24 19:10:00,PCS-01,386.132999139367,29.459223737586342,27.343661500227057,0
2026-01-24 19:15:00,PCS-01,384.7205460444124,1.5526983844525002,32.04146199592817,0
2026-01-24 19:20:00,PCS-01,380.82536663848805,-16.939161588633635,30.219377361092196,0
2026-01-24 19:25:00,PCS-01,380.0405954696973,69.45822230109634,30.123331700111827,0
2026-01-24 19:30:00,PCS-01,380.63123906918685,-24.371044952974394,31.59667518866419,0
2026-01-24 19:35:00,PCS-01,374.0570915888544,-22.073142011368375,26.008982677741663,0
2026-01-24 19:40:00,PCS-01,379.7193353072269,16.21523535654736,25.06243897427869,0
2026-01-24 19:45:00,PCS-01,383.73490472093897,37.15123299720134,30.811302661934903,0
2026-01-24 19:50:00,PCS-01,377.9993118727373,139.6226519825534,27.178223279755173,0
2026-01-24 19:55:00,PCS-01,382.94740200808866,17.76841972628588,26.59830375360766,0
2026-01-24 20:00:00,PCS-01,378.0799955491102,20.640132033824443,26.57037320107423,0
2026-01-24 20:05:00,PCS-01,376.33642968765264,30.922652824969596,30.511575673695443,0
2026-01-24 20:10:00,PCS-01,383.4745873947671,4.777599605832218,27.629246495250296,0
2026-01-24 20:15:00,PCS-01,378.09135228292223,-25.899287949500966,32.51784105929959,0
2026-01-24 20:20:00,PCS-01,379.12789259697945,-98.078666716253,29.874672082406306,0
2026-01-24 20:25:00,PCS-01,381.0771674807731,7.004422597105323,24.815706661420265,0
2026-01-24 20:30:00,PCS-01,378.25754540825625,31.32027678606042,30.10529777869491,0
2026-01-24 20:35:00,PCS-01,384.9259233230823,-19.78554632368162,26.713678981527817,0
2026-01-24 20:40:00,PCS-01,376.43400125557247,-59.98412781956329,28.939750838859922,0
2026-01-24 20:45:00,PCS-01,377.38355125808926,-16.875360715889098,31.658110088787268,0
2026-01-24 20:50:00,PCS-01,376.9244104398651,5.438240245979696,28.518868789445335,0
2026-01-24 20:55:00,PCS-01,380.9169743035185,28.012480617610684,29.664079134902217,0
2026-01-24 21:00:00,PCS-01,377.8628485828822,30.500625742643635,33.64639032576039,0
2026-01-24 21:05:00,PCS-01,373.3494616771575,35.07255302985555,31.77000617767781,0
2026-01-24 21:10:00,PCS-01,374.7775038909546,26.827772260739337,28.35011857224543,0
2026-01-24 21:15:00,PCS-01,380.57475542977267,-16.06287425125643,26.83212345584484,0
2026-01-24 21:20:00,PCS-01,382.30431120818724,43.43843535009433,29.179439273297024,0
2026-01-24 21:25:00,PCS-01,379.851314157195,-9.392566549428766,27.250726963537602,0
2026-01-24 21:30:00,PCS-01,381.91109675704104,56.23194108204471,24.271634320553677,0
2026-01-24 21:35:00,PCS-01,380.24593550346515,-55.24303969743168,30.898800926064972,0
2026-01-24 21:40:00,PCS-01,379.961044229367,-19.198010782359177,29.76998232458013,0
2026-01-24 21:45:00,PCS-01,378.8329020590078,44.585787601726075,25.499980654895936,0
2026-01-24 21:50:00,PCS-01,380.299292738679,11.49367531706445,32.88912801884578,0
2026-01-24 21:55:00,PCS-01,382.74760656297127,9.679169291415977,23.488754244419685,0
2026-01-24 22:00:00,PCS-01,380.1466031142145,-18.61855679417063,28.17933119524476,0
2026-01-24 22:05:00,PCS-01,378.8294053111963,-25.960051779792735,26.33236627440649,0
2026-01-24 22:10:00,PCS-01,377.33957388225787,4.203455686418667,22.95176001824464,0
2026-01-24 22:15:00,PCS-01,384.9893119426463,0.9574012404610577,30.660772135555767,0
2026-01-24 22:20:00,PCS-01,382.79006116113004,-21.48671862185924,26.618552441743095,0
2026-01-24 22:25:00,PCS-01,382.08919943855756,31.263773533574252,24.944049464392766,0
2026-01-24 22:30:00,PCS-01,383.9526269236026,-26.122022521054976,30.689664730116704,0
2026-01-24 22:35:00,PCS-01,378.41622998137274,23.997027959943324,28.424290478617397,0
2026-01-24 22:40:00,PCS-01,376.1381211485649,-40.2679239939901,29.60840014171669,0
2026-01-24 22:45:00,PCS-01,377.028575302517,-20.30468299884413,27.416631240647575,0
2026-01-24 22:50:00,PCS-01,378.86720498323984,-47.5450646548332,24.93009992375748,0
2026-01-24 22:55:00,PCS-01,380.9085408783062,-13.943112136934188,33.18320461194131,0
2026-01-24 23:00:00,PCS-01,381.1716281877274,18.13761924534331,27.594431456009275,0
2026-01-24 23:05:00,PCS-01,381.84083014832726,46.446433374821304,24.406280027416102,0
2026-01-24 23:10:00,PCS-01,374.4021063556978,40.91000341168591,27.946835898429683,0
2026-01-24 23:15:00,PCS-01,378.2351239274614,-65.82112172035038,30.061528000948126,0
2026-01-24 23:20:00,PCS-01,386.51737375675947,-2.3210350677776543,31.65304309664949,0
2026-01-24 23:25:00,PCS-01,372.41797132985977,-26.175600062074956,29.239083860490325,0
2026-01-24 23:30:00,PCS-01,377.2185305496229,30.254017872919906,25.670643825435548,0
2026-01-24 23:35:00,PCS-01,375.0621368444056,-14.723290725338966,27.825972965853936,0
2026-01-24 23:40:00,PCS-01,381.80320478092807,-22.8043057539653,30.300863550654203,0
2026-01-24 23:45:00,PCS-01,379.89745158732416,52.19075949320924,25.748459216338922,0
2026-01-24 23:50:00,PCS-01,378.47276910097645,-77.67667947948891,28.094469081614733,0
2026-01-24 23:55:00,PCS-01,385.48250438741303,18.80320905976369,25.33941790877014,0
2026-01-25 00:00:00,PCS-01,380.0042519035322,-30.402648157819158,25.018581700625774,0
2026-01-25 00:05:00,PCS-01,374.546571433195,-42.09601307090104,29.877415089507423,0
2026-01-25 00:10:00,PCS-01,378.92039681544856,-0.2583688384461559,27.21386904159121,0
2026-01-25 00:15:00,PCS-01,386.49627837818537,28.186022725049757,27.2484827596318,0
2026-01-25 00:20:00,PCS-01,380.2092811710052,-18.296306288575522,31.161421072320024,0
2026-01-25 00:25:00,PCS-01,377.6860668017631,17.441582127750678,26.9378892904916,0
2026-01-25 00:30:00,PCS-01,385.490283438895,43.856222158081266,25.770817058978626,0
2026-01-25 00:35:00,PCS-01,376.69043114721546,67.8550515650591,30.117929289924863,0
2026-01-25 00:40:00,PCS-01,377.32851886768265,56.585301659135325,26.696734067395838,0
2026-01-25 00:45:00,PCS-01,383.3672827571511,-15.306357229438243,29.434113548243385,0
2026-01-25 00:50:00,PCS-01,376.6685126774995,-12.289721673739153,31.315560276131677,0
2026-01-25 00:55:00,PCS-01,381.5253823767298,-58.24494989177044,27.677817570173907,0
2026-01-25 01:00:00,PCS-01,380.8684489746031,-37.892162786637186,26.268106632444926,0
2026-01-25 01:05:00,PCS-01,375.13520522477177,-55.00509920394207,21.699721458708943,0
2026-01-25 01:10:00,PCS-01,384.8263798072238,-122.40228529621294,25.338689500078317,0
2026-01-25 01:15:00,PCS-01,379.6303910991052,-60.10526556838167,25.69271918952761,0
2026-01-25 01:20:00,PCS-01,379.5926273609928,67.30321782056129,27.392370048672625,0
2026-01-25 01:25:00,PCS-01,379.77689999458164,12.351528091525584,24.6431073048507,0
2026-01-25 01:30:00,PCS-01,377.45461282043436,-8.702937388039215,32.25005278414306,0
2026-01-25 01:35:00,PCS-01,373.5643278781725,52.40580595256852,30.225870566476548,0
2026-01-25 01:40:00,PCS-01,374.7829902436039,17.55090228211889,22.790368015255016,0
2026-01-25 01:45:00,PCS-01,375.0914185324117,10.498321331516582,32.0332614532595,0
2026-01-25 01:50:00,PCS-01,380.776960314912,-54.85522190995769,30.400244473771327,0
2026-01-25 01:55:00,PCS-01,377.9133989329655,-33.661615859316825,24.552785571046243,0
2026-01-25 02:00:00,PCS-01,381.9239796952902,-18.311843157349305,27.50795818968971,0
2026-01-25 02:05:00,PCS-01,382.12858087899497,48.86698944029404,23.628986467097622,0
2026-01-25 02:10:00,PCS-01,378.5378339333613,-11.684557900380497,25.517208165747707,0
2026-01-25 02:15:00,PCS-01,376.5414052327055,-28.56076065257274,25.19439601837262,0
2026-01-25 02:20:00,PCS-01,380.31623769722137,16.43833412502721,29.580004640104875,0
2026-01-25 02:25:00,PCS-01,382.9277748011176,-35.336321967889,32.656967782825625,0
2026-01-25 02:30:00,PCS-01,377.8055343262225,29.629237548409122,25.62587431542302,0
2026-01-25 02:35:00,PCS-01,378.0484404377331,-17.61800793083021,32.56023817440889,0
2026-01-25 02:40:00,PCS-01,381.5374082290236,-4.802233576163784,33.249817437704166,0
2026-01-25 02:45:00,PCS-01,378.7495975900075,13.104880154909456,29.569733876981182,0
2026-01-25 02:50:00,PCS-01,384.5269737688164,-94.8635269972671,27.827968714448275,0
2026-01-25 02:55:00,PCS-01,378.9172390353437,-12.230529873707848,24.130810415096658,0
2026-01-25 03:00:00,PCS-01,381.03305222883836,-10.013962600154159,26.28159814462557,0
2026-01-25 03:05:00,PCS-01,381.66243248998927,78.24510251459772,30.483067486023963,0
2026-01-25 03:10:00,PCS-01,378.7352244219292,58.30365807515942,26.257328133654955,0
2026-01-25 03:15:00,PCS-01,377.8418350917387,-7.211943909485855,27.850230935208312,0
2026-01-25 03:20:00,PCS-01,377.98948500213123,65.67150086248608,27.030120964873294,0
2026-01-25 03:25:00,PCS-01,380.2517998922309,58.30186171793629,30.364266306734166,0
2026-01-25 03:30:00,PCS-01,378.93788016752205,45.935182458761574,27.54604858646327,0
2026-01-25 03:35:00,PCS-01,380.6805846586646,47.76296089922784,27.73709652217271,0
2026-01-25 03:40:00,PCS-01,376.6458111501669,28.781540590917857,30.49257974411612,0
2026-01-25 03:45:00,PCS-01,373.90316102308327,26.301782270315254,26.37757047860008,0
2026-01-25 03:50:00,PCS-01,382.86919209677706,-62.13424970137154,28.010489233865176,0
2026-01-25 03:55:00,PCS-01,384.72825609605854,-11.590079082845792,25.304270960869232,0
2026-01-25 04:00:00,PCS-01,380.0112462939708,-17.288443227498465,27.796055579884698,0
2026-01-25 04:05:00,PCS-01,383.98468522338084,3.3878829950141167,26.85223756370226,0
2026-01-25 04:10:00,PCS-01,372.0375004288765,7.427655521372943,33.65276300528741,0
2026-01-25 04:15:00,PCS-01,380.3860665939146,104.0047866869338,27.533470340707723,0
2026-01-25 04:20:00,PCS-01,377.891061946353,-11.596041518959527,28.922998224542862,0
2026-01-25 04:25:00,PCS-01,374.2982745460865,24.117165076537425,22.971342960665446,0
2026-01-25 04:30:00,PCS-01,379.4109821226791,-22.274884138973775,24.70647800829021,0
2026-01-25 04:35:00,PCS-01,378.67728166514905,-51.713567444069895,23.170040676924792,0
2026-01-25 04:40:00,PCS-01,375.36278935021835,-54.32313677393605,27.810447133273687,0
2026-01-25 04:45:00,PCS-01,385.73286871151004,-7.864461682493189,27.507876480180496,0
2026-01-25 04:50:00,PCS-01,378.839118178385,-65.83581111396748,33.016666702754065,0
2026-01-25 04:55:00,PCS-01,379.67748693049896,-10.012940723715767,23.292970548589178,0
2026-01-25 05:00:00,PCS-01,377.99862079019306,-35.91781366766228,29.13276715150699,0
2026-01-25 05:05:00,PCS-01,379.3154612691998,49.69496770721555,32.30516529320325,0
2026-01-25 05:10:00,PCS-01,385.4856434012343,-5.149051198506153,28.159969742985698,0
2026-01-25 05:15:00,PCS-01,379.1484670012455,-4.931687556268777,25.175697236646982,0
2026-01-25 05:20:00,PCS-01,383.45218760900644,-37.07999479116042,26.4347523428992,0
2026-01-25 05:25:00,PCS-01,382.5958727958146,-36.71390698453165,31.35272327994347,0
2026-01-25 05:30:00,PCS-01,376.27533915177384,-45.18627168563128,30.763538122628912,0
2026-01-25 05:35:00,PCS-01,377.3374420733301,-50.33664347245113,23.8181503818173,0
2026-01-25 05:40:00,PCS-01,381.34951788287066,-8.31857049846231,34.11862708127494,0
2026-01-25 05:45:00,PCS-01,383.5652338521705,25.12432858485534,27.765601752031806,0
2026-01-25 05:50:00,PCS-01,375.10965767876525,-6.868676461334996,27.087374852792266,0
2026-01-25 05:55:00,PCS-01,379.70929336948444,-73.82788214673985,29.906700114251173,0
2026-01-25 06:00:00,PCS-01,384.38288105620313,-46.90342941286503,27.497846576095696,0
2026-01-25 06:05:00,PCS-01,381.7004012327269,42.2695725761778,31.618006626673125,0
2026-01-25 06:10:00,PCS-01,381.3848235876175,57.151987364045624,27.713490158089638,0
2026-01-25 06:15:00,PCS-01,378.0320689042425,-49.5389148193391,23.78505567524899,0
2026-01-25 06:20:00,PCS-01,378.04416102913194,14.637536603647192,25.093909328569495,0
2026-01-25 06:25:00,PCS-01,376.81374756798243,-44.838053722987645,23.91721343329551,0
2026-01-25 06:30:00,PCS-01,381.11853677883147,52.80724550812147,31.0982915750866,0
2026-01-25 06:35:00,PCS-01,379.5558092377736,-24.78747000028585,24.272414294890524,0
2026-01-25 06:40:00,PCS-01,376.9916768490984,11.379357845006108,21.042980847347724,0
2026-01-25 06:45:00,PCS-01,377.1706855070747,17.633084132359972,35.89011469178185,0
2026-01-25 06:50:00,PCS-01,377.8696947238223,-45.82750439214526,32.117025386732706,0
2026-01-25 06:55:00,PCS-01,376.5848927994393,-7.3752159373985915,27.34309787392111,0
2026-01-25 07:00:00,PCS-01,376.8054158684498,-78.63039071799686,28.80857344513698,0
2026-01-25 07:05:00,PCS-01,383.95504410647777,-61.08744669009204,24.9344633186573,0
2026-01-25 07:10:00,PCS-01,377.2194086312249,33.952002370005786,29.709867759559362,0
2026-01-25 07:15:00,PCS-01,382.5797516208799,4.923434408974999,26.784945984959872,0
2026-01-25 07:20:00,PCS-01,384.2181342962155,49.238231170896555,28.28391248568706,0
2026-01-25 07:25:00,PCS-01,384.89160298297816,-18.34828749334613,27.469389685350393,0
2026-01-25 07:30:00,PCS-01,381.89533325446985,43.95862113883905,33.50369725379431,0
2026-01-25 07:35:00,PCS-01,380.0161293130033,-23.201989055295872,24.934973096607802,0
2026-01-25 07:40:00,PCS-01,384.3238939904753,29.38885932571217,33.713929653948,0
2026-01-25 07:45:00,PCS-01,383.94433673146324,25.201917464682097,33.333633226646675,0
2026-01-25 07:50:00,PCS-01,384.7857692246024,69.27820049904062,27.407601459956016,0
2026-01-25 07:55:00,PCS-01,372.87905949317684,-52.76255975075838,26.244974829032408,0
2026-01-25 08:00:00,PCS-01,374.66201046987334,9.222052539508418,24.479336746970205,0
2026-01-25 08:05:00,PCS-01,375.5656692231793,-3.6316966017266394,30.343999600314856,0
2026-01-25 08:10:00,PCS-01,380.21735169681926,24.039780499106094,28.39703323575586,0
2026-01-25 08:15:00,PCS-01,381.35589065800986,26.77237866757318,28.373638330066274,0
2026-01-25 08:20:00,PCS-01,377.51806675065,31.682141191170526,33.21509271502826,0
2026-01-25 08:25:00,PCS-01,378.83670410370786,10.27109644168049,31.347152091831667,0
2026-01-25 08:30:00,PCS-01,378.6285810271037,1.737494681014716,27.85659794750058,0
2026-01-25 08:35:00,PCS-01,377.33229882274026,56.14979289414839,26.880374040707448,0
2026-01-25 08:40:00,PCS-01,381.9333385989524,-102.53823637960822,29.33760647790391,0
2026-01-25 08:45:00,PCS-01,381.94718735140304,26.831708582148877,28.879934203239305,0
2026-01-25 08:50:00,PCS-01,378.7220678919318,11.770043344536738,29.6726161178927,0
2026-01-25 08:55:00,PCS-01,375.64945440963146,54.07454202728596,28.925522759835843,0
2026-01-25 09:00:00,PCS-01,380.4500378148559,-47.22033291727486,26.481446135534476,0
2026-01-25 09:05:00,PCS-01,378.8373251396254,-106.91249715240055,30.51588018749565,0
2026-01-25 09:10:00,PCS-01,381.69111751903534,-39.56723694165242,20.404079773495123,0
2026-01-25 09:15:00,PCS-01,379.71788138943975,-18.991759400488625,26.696883996358228,0
2026-01-25 09:20:00,PCS-01,376.07315357569263,-19.113738873487197,33.031108093337444,0
2026-01-25 09:25:00,PCS-01,379.3910801244729,28.32820761261509,33.92280364574136,0
2026-01-25 09:30:00,PCS-01,382.1746470135853,-50.95864651122891,31.43372475092796,0
2026-01-25 09:35:00,PCS-01,383.6688616591709,84.7516808916958,25.713795411367528,0
2026-01-25 09:40:00,PCS-01,380.99752075527,-0.9638990700312353,27.376438597327184,0
2026-01-25 09:45:00,PCS-01,377.0967333186203,56.52175345650078,26.69708084680343,0
2026-01-25 09:50:00,PCS-01,376.9532227572424,46.9666876147588,28.287617203165595,0
2026-01-25 09:55:00,PCS-01,376.1645485142635,58.53267301497864,27.432413455454906,0
2026-01-25 10:00:00,PCS-01,379.8896021550087,-26.968375926541025,22.70755068271114,0
2026-01-25 10:05:00,PCS-01,377.4633945708499,15.815239265375602,23.513475670135982,0
2026-01-25 10:10:00,PCS-01,380.7558111272079,-39.45543165272363,29.131964830982056,0
2026-01-25 10:15:00,PCS-01,381.4669705267921,20.41546123047368,26.605153921429267,0
2026-01-25 10:20:00,PCS-01,381.11859248324225,-25.912241595312796,28.348623466617735,0
2026-01-25 10:25:00,PCS-01,383.101273373337,-25.820775261191944,30.422618596463323,0
2026-01-25 10:30:00,PCS-01,384.21440505541494,41.8165445608496,26.90022634868733,0
2026-01-25 10:35:00,PCS-01,373.7711389276499,-11.172474056139075,32.66972769728877,0
2026-01-25 10:40:00,PCS-01,381.79157132910643,-80.11635418815217,28.381473452555497,0
2026-01-25 10:45:00,PCS-01,383.87508896198216,8.35722909751359,28.881908558406572,0
2026-01-25 10:50:00,PCS-01,376.13996537657874,-27.857424336825794,30.15600087916599,0
2026-01-25 10:55:00,PCS-01,380.79888185516677,-12.8508707418724,31.73049266874389,0
2026-01-25 11:00:00,PCS-01,383.26970503574944,-74.0933657161248,33.216634500778824,0
2026-01-25 11:05:00,PCS-01,380.5817482547255,-5.0737917466043,27.069127454944027,0
2026-01-25 11:10:00,PCS-01,374.53820054322006,-37.91645727327226,25.788527342946644,0
2026-01-25 11:15:00,PCS-01,378.84599281139987,-50.8549876373926,30.032480524659913,0
2026-01-25 11:20:00,PCS-01,384.2268074589863,-80.1492104935131,30.084299163266692,0
2026-01-25 11:25:00,PCS-01,380.35294076195106,60.38304911548295,28.182729346660864,0
2026-01-25 11:30:00,PCS-01,385.7545396091868,-45.65732692262181,23.993494369862233,0
2026-01-25 11:35:00,PCS-01,382.1651660412378,-4.162357834220899,29.454991518470603,0
2026-01-25 11:40:00,PCS-01,378.10906295326066,66.08822491979333,28.23862507864441,0
2026-01-25 11:45:00,PCS-01,372.94934858713447,33.25646442916542,32.43466326514165,0
2026-01-25 11:50:00,PCS-01,376.7679568121428,-5.851583382192973,24.69415154734388,0
2026-01-25 11:55:00,PCS-01,383.3319366425715,-13.729193605152105,28.17552867890504,0
2026-01-25 12:00:00,PCS-01,378.46035874695275,-0.26720661562548975,29.639440265920484,0
2026-01-25 12:05:00,PCS-01,381.12291843765547,-23.104465198811535,28.420528256215192,0
2026-01-25 12:10:00,PCS-01,382.22878473152235,6.223113187428567,23.680134797286954,0
2026-01-25 12:15:00,PCS-01,378.800573587773,-44.81292677109351,26.72133877289379,0
2026-01-25 12:20:00,PCS-01,378.8446391169952,23.687501302615345,30.35630539805561,0
2026-01-25 12:25:00,PCS-01,379.50289183601484,-3.933475065746374,26.642243715453354,0
2026-01-25 12:30:00,PCS-01,377.98117055302566,-42.888797105799355,24.45702774576744,0
2026-01-25 12:35:00,PCS-01,381.3841960162915,9.389425592490708,31.90294637677693,0
2026-01-25 12:40:00,PCS-01,383.893948218003,-36.856078654441234,33.40265283203735,0
2026-01-25 12:45:00,PCS-01,381.09233558620707,-14.84169238899229,26.251935078205065,0
2026-01-25 12:50:00,PCS-01,379.17888751422964,64.9244793318414,27.86523153774038,0
2026-01-25 12:55:00,PCS-01,375.1520736855901,43.98413054271608,30.190498528772256,0
2026-01-25 13:00:00,PCS-01,378.3214683782266,-22.759110384425636,32.09170714496275,0
2026-01-25 13:05:00,PCS-01,377.8171650037782,-28.56464216003547,29.313397055659678,0
2026-01-25 13:10:00,PCS-01,380.8895113286689,-32.362386848527535,31.335604121550514,0
2026-01-25 13:15:00,PCS-01,381.3962421720302,109.58002158021684,27.012936556634777,0
2026-01-25 13:20:00,PCS-01,383.0106435864144,-12.436784453196081,33.7595985154084,0
2026-01-25 13:25:00,PCS-01,384.8990246671889,42.5119245313665,30.857590754062432,0
2026-01-25 13:30:00,PCS-01,379.7151601699142,14.05194777727619,28.965206760632267,0
2026-01-25 13:35:00,PCS-01,379.58292880830817,-30.444199506913012,26.535656773841804,0
2026-01-25 13:40:00,PCS-01,375.4995503956804,-2.7840222276880406,28.775979051538243,0
2026-01-25 13:45:00,PCS-01,382.92813078293386,-11.588592280801231,27.555184373244938,0
2026-01-25 13:50:00,PCS-01,375.7260531822852,40.56733273828728,28.734907102621158,0
2026-01-25 13:55:00,PCS-01,378.0248696432925,-30.374411439662445,32.87548580663602,0
2026-01-25 14:00:00,PCS-01,385.2267049523547,-36.99915035779361,29.70001292463279,0
2026-01-25 14:05:00,PCS-01,380.35777332426784,-68.62027525194026,31.818763873971434,0
2026-01-25 14:10:00,PCS-01,377.76794039472526,13.421540105859084,24.35416026218721,0
2026-01-25 14:15:00,PCS-01,381.14781034822425,-50.73743220668004,22.482435510138515,0
2026-01-25 14:20:00,PCS-01,383.5823145394216,22.21933553552288,28.315437552351995,0
2026-01-25 14:25:00,PCS-01,381.9026897188798,80.4795023480021,34.93745804974998,0
2026-01-25 14:30:00,PCS-01,380.2557968257869,36.44240157573143,25.281445567461127,0
2026-01-25 14:35:00,PCS-01,377.0834781588921,77.43621199640332,26.53223733058997,0
2026-01-25 14:40:00,PCS-01,379.9408317499584,-19.639362757254773,32.67735669470032,0
2026-01-25 14:45:00,PCS-01,375.70482854259654,-2.918263726779657,29.457091949074986,0
2026-01-25 14:50:00,PCS-01,380.95823571912774,-1.9609693826355632,28.790890308179215,0
2026-01-25 14:55:00,PCS-01,379.6262159632313,27.48646732642985,27.76149973427133,0
2026-01-25 15:00:00,PCS-01,375.1784371645241,-63.97653383565816,26.04190995922214,0
2026-01-25 15:05:00,PCS-01,377.7431119479785,-45.05831613953931,29.662878169661745,0
2026-01-25 15:10:00,PCS-01,380.82247132783795,25.652348680045666,27.854687730172465,0
2026-01-25 15:15:00,PCS-01,381.13593694481546,-4.632634836274323,32.55296853526596,0
2026-01-25 15:20:00,PCS-01,380.4469418349513,-3.332948305975548,27.38999120081876,0
2026-01-25 15:25:00,PCS-01,380.91574578930863,-48.32374552058666,30.561554987245803,0
2026-01-25 15:30:00,PCS-01,375.93121331862386,-31.383087405085504,28.140310355240903,0
2026-01-25 15:35:00,PCS-01,376.6288168475646,-54.61627890124299,22.10492682080429,0
2026-01-25 15:40:00,PCS-01,380.6806843969713,4.1917237731598975,24.025005195691666,0
2026-01-25 15:45:00,PCS-01,383.96050194299477,19.47050813450883,32.39065693033437,0
2026-01-25 15:50:00,PCS-01,382.22587565999333,68.30284799633161,27.329187461863356,0
2026-01-25 15:55:00,PCS-01,379.89716081244603,-34.1436010345137,31.5369743399209,0
2026-01-25 16:00:00,PCS-01,380.1208765410582,-24.1443104940253,29.77397104257841,0
2026-01-25 16:05:00,PCS-01,383.01306918269506,66.56868107609387,24.990950006456735,0
2026-01-25 16:10:00,PCS-01,377.23101925845555,-27.725880905797222,33.76828226222847,0
2026-01-25 16:15:00,PCS-01,380.53376358359793,67.47987342503626,29.088637545221793,0
2026-01-25 16:20:00,PCS-01,378.7973993940617,78.58339413944664,28.936179325345904,0
2026-01-25 16:25:00,PCS-01,380.13659859645594,-20.839893055107925,22.912973013158346,0
2026-01-25 16:30:00,PCS-01,380.59491359612133,36.275242936084084,27.712631585684253,0
2026-01-25 16:35:00,PCS-01,377.617791284243,-18.132001663197858,27.844284386932227,0
2026-01-25 16:40:00,PCS-01,384.04799464508886,58.593451257293765,32.60165087143432,0
2026-01-25 16:45:00,PCS-01,382.6103828605131,-0.8043906165074471,26.705769637775223,0
2026-01-25 16:50:00,PCS-01,382.06267267208847,14.456359975344885,30.773492922703312,0
2026-01-25 16:55:00,PCS-01,382.35505932202483,5.482248361819803,33.75459416782861,0
2026-01-25 17:00:00,PCS-01,376.8741998460461,52.15378357058447,26.296042556823625,0
2026-01-25 17:05:00,PCS-01,378.0345410351202,-15.816716343832312,21.615132827089184,0
2026-01-25 17:10:00,PCS-01,378.92045634243294,14.913819303587857,31.33793965690203,0
2026-01-25 17:15:00,PCS-01,380.6334023597723,-40.47023511654974,26.36613243328622,0
2026-01-25 17:20:00,PCS-01,381.7653274792653,-7.8744068282722735,27.33661145952287,0
2026-01-25 17:25:00,PCS-01,385.5679419679851,-12.769372633393543,27.990721619995668,0
2026-01-25 17:30:00,PCS-01,381.83999557393395,1.3655094895739541,28.892623847789938,0
2026-01-25 17:35:00,PCS-01,379.5842340133885,22.921535309353555,24.524042884194408,0
2026-01-25 17:40:00,PCS-01,377.64853370325324,-13.38816384559026,21.228776121030798,0
2026-01-25 17:45:00,PCS-01,384.01146307906697,-7.438673574973951,27.489918828279038,0
2026-01-25 17:50:00,PCS-01,379.94788309924974,31.137388915927357,25.952292373720077,0
2026-01-25 17:55:00,PCS-01,384.6026546382154,30.734958382078187,26.707097787010607,0
2026-01-25 18:00:00,PCS-01,383.4910566750031,109.88568245427123,22.579001244497878,0
2026-01-25 18:05:00,PCS-01,383.1903785969777,-70.90189823644758,29.311851726610247,0
2026-01-25 18:10:00,PCS-01,386.07043809232067,65.38365486588916,29.23002092444895,0
2026-01-25 18:15:00,PCS-01,383.1362208259067,-44.508431970357414,27.71412725119267,0
2026-01-25 18:20:00,PCS-01,384.0418455897625,-56.702560955133656,27.833141499953747,0
2026-01-25 18:25:00,PCS-01,382.1024373154978,10.363153898216147,27.2954598943337,0
2026-01-25 18:30:00,PCS-01,377.8975016221195,-30.2043388825717,25.62060589542041,0
2026-01-25 18:35:00,PCS-01,382.57353531756485,8.268919618047883,27.46257196354043,0
2026-01-25 18:40:00,PCS-01,377.016212429064,15.80093422035058,28.94443413189318,0
2026-01-25 18:45:00,PCS-01,385.34507480524223,-15.522825347743918,29.93736442830995,0
2026-01-25 18:50:00,PCS-01,383.4222896890728,1.1964518427070798,27.541655612721634,0
2026-01-25 18:55:00,PCS-01,382.10616887805196,40.656243414042294,27.442505362848614,0
2026-01-25 19:00:00,PCS-01,382.13021559246664,-84.72438876305569,26.249993871467318,0
2026-01-25 19:05:00,PCS-01,377.70337025562156,-11.837238352311946,29.497654721254715,0
2026-01-25 19:10:00,PCS-01,377.8146351216185,-75.30212454185545,26.402922821959997,0
2026-01-25 19:15:00,PCS-01,386.0213551762389,17.88832466492807,28.233534314933596,0
2026-01-25 19:20:00,PCS-01,379.3820480515651,36.85575522191064,24.61725043975676,0
2026-01-25 19:25:00,PCS-01,376.57033211074605,4.67325254037101,28.658853504741007,0
2026-01-25 19:30:00,PCS-01,381.0420068740341,-39.71421882290326,31.654063098928567,0
2026-01-25 19:35:00,PCS-01,382.88059044498766,39.767045535663364,25.279557849951605,0
2026-01-25 19:40:00,PCS-01,381.8002524521944,-10.729912132280088,25.66601539906023,0
2026-01-25 19:45:00,PCS-01,377.6859320777517,40.11044414457633,25.197974663103437,0
2026-01-25 19:50:00,PCS-01,377.8280154381043,-62.086981829757974,31.196092548197385,0
2026-01-25 19:55:00,PCS-01,382.7092986422191,61.17878201244879,26.312137434011145,0
2026-01-25 20:00:00,PCS-01,377.2494139007979,54.986667186183595,31.547357494210143,0
2026-01-25 20:05:00,PCS-01,380.4468634003731,-21.103104863802116,24.893156986170563,0
2026-01-25 20:10:00,PCS-01,382.4031641553103,2.063537406994623,26.097202712005814,0
2026-01-25 20:15:00,PCS-01,376.68388592384895,-32.85230106223901,19.73546049396245,0
2026-01-25 20:20:00,PCS-01,375.00527458996953,25.894203388578543,27.591629003995248,0
2026-01-25 20:25:00,PCS-01,384.9883703969877,44.986039869259045,26.51080500169506,0
2026-01-25 20:30:00,PCS-01,375.9699031384802,-55.54708802959463,28.19227908816061,0
2026-01-25 20:35:00,PCS-01,375.06182386019526,-27.604385804901042,24.16927170060723,0
2026-01-25 20:40:00,PCS-01,378.3935571823278,-12.85102907136448,22.534209300309705,0
2026-01-25 20:45:00,PCS-01,379.26691872787825,-15.831409551016076,29.703975019461367,0
2026-01-25 20:50:00,PCS-01,374.57562902090666,59.172498988625144,30.00185412155693,0
2026-01-25 20:55:00,PCS-01,383.4046181937413,-56.76261396971272,29.640964211003556,0
2026-01-25 21:00:00,PCS-01,382.2086163635101,-5.932664149854618,29.92259960723495,0
2026-01-25 21:05:00,PCS-01,379.13739756958444,-76.2979345216094,30.445937460945608,0
2026-01-25 21:10:00,PCS-01,382.95510758135015,70.96436582652066,21.927667247257737,0
2026-01-25 21:15:00,PCS-01,376.3759334877956,36.49418815558283,31.139629985707327,0
2026-01-25 21:20:00,PCS-01,379.7587892809949,-4.128400417960514,33.31840163475195,0
2026-01-25 21:25:00,PCS-01,382.90530627716277,-6.450147999419613,28.877337149060168,0
2026-01-25 21:30:00,PCS-01,381.136373260728,17.96469480571484,26.972033544743113,0
2026-01-25 21:35:00,PCS-01,375.8361637065233,-12.843172102029019,29.545578399778062,0
2026-01-25 21:40:00,PCS-01,379.7120160621271,20.670601402042337,28.5135527463934,0
2026-01-25 21:45:00,PCS-01,375.87670077272037,35.34234511376961,27.30798950297056,0
2026-01-25 21:50:00,PCS-01,376.12140871175114,42.874753506781865,28.704593794522598,0
2026-01-25 21:55:00,PCS-01,375.9293574949838,42.082291423147396,31.438221781006426,0
2026-01-25 22:00:00,PCS-01,380.5309766161857,40.35376965735691,27.517906503112222,0
2026-01-25 22:05:00,PCS-01,379.3877394493866,-15.990506605903217,26.352041574189926,0
2026-01-25 22:10:00,PCS-01,379.70711851061895,102.12634472818742,28.101896397138766,0
2026-01-25 22:15:00,PCS-01,377.74691328704546,5.837504331737541,25.634086278408525,0
2026-01-25 22:20:00,PCS-01,377.1904143717306,92.31732292369985,27.612302153741194,0
2026-01-25 22:25:00,PCS-01,387.3137361331496,-38.61880394983727,27.969176059413236,0
2026-01-25 22:30:00,PCS-01,375.8337920740277,29.09825408916095,26.914769924968223,0
2026-01-25 22:35:00,PCS-01,376.82618567634523,12.252096894792,32.52442670391636,0
2026-01-25 22:40:00,PCS-01,383.17062313060654,7.248482807445631,23.59142346160698,0
2026-01-25 22:45:00,PCS-01,379.1032773423885,54.938614004853854,28.680865901823264,0
2026-01-25 22:50:00,PCS-01,379.580337579271,48.976691289843245,22.54744298536145,0
2026-01-25 22:55:00,PCS-01,382.95963263490114,-37.19489180376605,26.964058359966675,0
2026-01-25 23:00:00,PCS-01,377.53366405395474,-16.49730395527528,30.511914729157507,0
2026-01-25 23:05:00,PCS-01,379.10481844480745,-47.582617094809066,32.23893891085366,0
2026-01-25 23:10:00,PCS-01,382.3350562704819,49.87468588495374,29.254143306179905,0
2026-01-25 23:15:00,PCS-01,378.2460359180387,18.73068168310947,27.091068915103918,0
2026-01-25 23:20:00,PCS-01,380.7414597444914,22.274819580434855,25.62691935301182,0
2026-01-25 23:25:00,PCS-01,378.9114863041451,74.37874829435698,30.08736496099955,0
2026-01-25 23:30:00,PCS-01,380.28411215662464,-11.375202198276245,27.260582581913198,0
2026-01-25 23:35:00,PCS-01,378.92827035445725,50.027826766136144,28.042270730758883,0
2026-01-25 23:40:00,PCS-01,383.88010712810603,39.43051154022802,31.634754500655315,0
2026-01-25 23:45:00,PCS-01,378.5624661008589,51.352115111836476,24.136956293128698,0
2026-01-25 23:50:00,PCS-01,383.44119860532254,-44.24425360281978,26.116924386961728,0
2026-01-25 23:55:00,PCS-01,377.8944877350786,69.84754204742585,23.49206504293681,0
2026-01-26 00:00:00,PCS-01,377.8330685103076,-10.965336608368927,28.757724890390207,0
2026-01-26 00:05:00,PCS-01,378.011023974292,115.89751163260775,25.875065453234104,0
2026-01-26 00:10:00,PCS-01,385.00564973773743,-27.756923997113482,30.697827730740357,0
2026-01-26 00:15:00,PCS-01,382.49338472722053,1.7932644426724067,31.762190934293784,0
2026-01-26 00:20:00,PCS-01,377.3298139437917,19.727870694026805,31.46804329434886,0
2026-01-26 00:25:00,PCS-01,377.40946062973217,39.8940800421071,27.24509035527307,0
2026-01-26 00:30:00,PCS-01,381.8968614892745,33.393194699413215,30.881864371887296,0
2026-01-26 00:35:00,PCS-01,383.21004295421386,-3.6078256479458632,22.34610593336716,0
2026-01-26 00:40:00,PCS-01,381.9587325249912,-22.027451094276202,28.861724072000086,0
2026-01-26 00:45:00,PCS-01,381.8674460121531,40.63841116583889,32.73932860044472,0
2026-01-26 00:50:00,PCS-01,381.05809024584084,-11.378726313061504,25.30690986608356,0
2026-01-26 00:55:00,PCS-01,386.2097976228574,16.517755656239938,27.473019871194097,0
2026-01-26 01:00:00,PCS-01,382.3937324448612,-16.137395624674454,30.61967863025721,0
2026-01-26 01:05:00,PCS-01,382.4461033698653,101.88987202401124,26.056098654480625,0
2026-01-26 01:10:00,PCS-01,377.16619201693845,-2.0907633993014896,26.37463427466525,0
2026-01-26 01:15:00,PCS-01,376.823683222797,-75.42852903400149,28.41611479935968,0
2026-01-26 01:20:00,PCS-01,380.4936507312943,3.05633235815172,25.902479379793178,0
2026-01-26 01:25:00,PCS-01,380.0958771328702,-68.12924098130023,27.050658435233487,0
2026-01-26 01:30:00,PCS-01,378.25796394951874,50.91011880087133,27.026205720201226,0
2026-01-26 01:35:00,PCS-01,379.3452851726166,44.39227096356781,28.658482173920234,0
2026-01-26 01:40:00,PCS-01,382.79911255131674,55.329939495926354,24.368676898981608,0
2026-01-26 01:45:00,PCS-01,380.6667812808123,56.94815129757026,30.839152441066027,0
2026-01-26 01:50:00,PCS-01,381.9333323427629,5.7668041977736575,27.751744653770285,0
2026-01-26 01:55:00,PCS-01,379.92643721649176,-22.46882086491974,29.036973762364184,0
2026-01-26 02:00:00,PCS-01,380.2442603855011,5.623147062383498,32.402558352981174,0
2026-01-26 02:05:00,PCS-01,382.07996277361246,-11.065518523514818,24.80709975433923,0
2026-01-26 02:10:00,PCS-01,378.80398092042884,35.34706504798889,36.83535989558579,0
2026-01-26 02:15:00,PCS-01,378.1582447409623,40.18225066705419,28.50881661935276,0
2026-01-26 02:20:00,PCS-01,378.5759525234837,-65.03879501224559,28.001657177671678,0
2026-01-26 02:25:00,PCS-01,377.4541073608907,28.151317060425974,28.384996242795125,0
2026-01-26 02:30:00,PCS-01,376.36995866990844,10.554022313806916,33.27200268990698,0
2026-01-26 02:35:00,PCS-01,378.2974695729677,11.119494598418289,33.96244940716223,0
2026-01-26 02:40:00,PCS-01,379.07318813264436,26.460440198360565,30.24789706614761,0
2026-01-26 02:45:00,PCS-01,381.5893624731339,-13.463599380763293,32.24710835361936,0
2026-01-26 02:50:00,PCS-01,377.84463015851367,-39.02086296346184,29.24867456681676,0
2026-01-26 02:55:00,PCS-01,383.04778251188,-32.95266117393219,28.16062323818056,0
2026-01-26 03:00:00,PCS-01,379.97873284963913,-8.938201740328166,23.307478271245824,0
2026-01-26 03:05:00,PCS-01,376.39234251627295,18.44804908984495,26.324793812875452,0
2026-01-26 03:10:00,PCS-01,377.32472427276525,-69.15537968815724,27.901512555362526,0
2026-01-26 03:15:00,PCS-01,378.1788679605299,23.730880396112532,25.975318263534806,0
2026-01-26 03:20:00,PCS-01,384.07469496426586,75.43603476294939,22.332433732437575,0
2026-01-26 03:25:00,PCS-01,378.90440042880454,-50.049454648011334,24.9039288534701,0
2026-01-26 03:30:00,PCS-01,374.62804451881277,-14.046660510584314,26.83131946483597,0
2026-01-26 03:35:00,PCS-01,377.7967864555322,27.04391767096673,26.300752758834825,0
2026-01-26 03:40:00,PCS-01,381.1853924887585,22.06205850071347,23.674215474787534,0
2026-01-26 03:45:00,PCS-01,380.0118370921944,-59.36218737350562,29.240344221185836,0
2026-01-26 03:50:00,PCS-01,368.2203066876964,26.384030738354536,32.148628767084226,0
2026-01-26 03:55:00,PCS-01,379.4081794674973,-57.6784300891224,24.517535385297254,0
2026-01-26 04:00:00,PCS-01,380.5892156237362,2.082139256746714,29.3608281744507,0
2026-01-26 04:05:00,PCS-01,383.2228364652953,-37.17281187148523,31.541039878566767,0
2026-01-26 04:10:00,PCS-01,383.18692876874053,35.05005621684603,29.298256869333535,0
2026-01-26 04:15:00,PCS-01,376.55095922982605,-20.05689704388056,27.17538609542436,0
2026-01-26 04:20:00,PCS-01,381.0960803776296,5.282699144461778,35.24740390620167,0
2026-01-26 04:25:00,PCS-01,384.5354745301563,70.39965953749662,25.48844952821794,0
2026-01-26 04:30:00,PCS-01,375.14016790771853,35.030440421199735,23.23609821682133,0
2026-01-26 04:35:00,PCS-01,380.334454191466,-2.38830364045821,32.4871330232777,0
2026-01-26 04:40:00,PCS-01,377.9052135946878,46.7259696556091,27.468484954963923,0
2026-01-26 04:45:00,PCS-01,381.70630700196625,-66.35732096521664,30.934889539291728,0
2026-01-26 04:50:00,PCS-01,380.30591556672056,41.395214523363755,31.25518736889423,0
2026-01-26 04:55:00,PCS-01,380.9164317759953,30.035998345115136,29.439426446608813,0
2026-01-26 05:00:00,PCS-01,385.8927277237397,-20.475664327503335,27.69149017358553,0
2026-01-26 05:05:00,PCS-01,378.4150901099046,-49.55098940648093,30.371036545060342,0
2026-01-26 05:10:00,PCS-01,377.12388273555484,3.6664724466270093,26.139040273349053,0
2026-01-26 05:15:00,PCS-01,374.3694332408142,-5.652059930292177,25.71224191963165,0
2026-01-26 05:20:00,PCS-01,380.89987092833195,-18.822781019899885,25.782243356927456,0
2026-01-26 05:25:00,PCS-01,381.0344474426132,53.98862379769615,22.74421311571315,0
2026-01-26 05:30:00,PCS-01,380.5337849737799,-49.79786260547195,29.509448828181398,0
2026-01-26 05:35:00,PCS-01,376.1044721628873,-1.2804439015688018,27.360444740152026,0
2026-01-26 05:40:00,PCS-01,377.9957308613503,0.18400363187969535,27.701083021269078,0
2026-01-26 05:45:00,PCS-01,377.5600384812064,-0.8231282488670483,24.571239912304062,0
2026-01-26 05:50:00,PCS-01,383.7526921359604,8.182436386722687,27.816965387529127,0
2026-01-26 05:55:00,PCS-01,381.8876198816609,-21.646940904841326,25.49490212031615,0
2026-01-26 06:00:00,PCS-01,380.89900247654754,-20.394871344525136,26.039653033287813,0
2026-01-26 06:05:00,PCS-01,375.2730617427971,-6.018490354525841,28.076296292152822,0
2026-01-26 06:10:00,PCS-01,378.17418193232805,-5.505085314573961,28.812650957589984,0
2026-01-26 06:15:00,PCS-01,382.994271070497,20.566047375431786,28.685903706583105,0
2026-01-26 06:20:00,PCS-01,377.60335348608197,-23.195631143011827,26.74899571991843,0
2026-01-26 06:25:00,PCS-01,370.943139533479,11.435940721890486,30.44768574810728,0
2026-01-26 06:30:00,PCS-01,388.0729787379379,63.04744838291238,25.318543881405258,0
2026-01-26 06:35:00,PCS-01,378.7169669407356,-28.796558400785727,24.830237158161747,0
2026-01-26 06:40:00,PCS-01,377.3673589013578,-47.861676050946485,29.00529451027775,0
2026-01-26 06:45:00,PCS-01,382.1227913486941,-45.710973429186964,24.36406497247021,0
2026-01-26 06:50:00,PCS-01,379.66002034806445,-24.601061704020964,29.750281417904688,0
2026-01-26 06:55:00,PCS-01,380.70855538322957,-31.361368383157185,31.428289790873364,0
2026-01-26 07:00:00,PCS-01,377.19024963321976,41.45863662446715,28.78663014185113,0
2026-01-26 07:05:00,PCS-01,377.052566545439,61.23425170455705,27.994158257378718,0
2026-01-26 07:10:00,PCS-01,373.7459387822842,47.89666320123877,26.714270160663816,0
2026-01-26 07:15:00,PCS-01,383.02042636483736,-60.74182811481223,27.29700402029617,0
2026-01-26 07:20:00,PCS-01,377.31393089142284,-62.63153542534372,27.594839172599617,0
2026-01-26 07:25:00,PCS-01,378.628136176489,-65.5379035943723,26.239869918965127,0
2026-01-26 07:30:00,PCS-01,379.283411155158,-34.6700902938774,26.210262503594635,0
2026-01-26 07:35:00,PCS-01,374.00914365343397,-14.789643134037288,26.741308551459106,0
2026-01-26 07:40:00,PCS-01,379.89279243248075,-25.14932502176884,26.037283651256743,0
2026-01-26 07:45:00,PCS-01,382.68454877483856,-21.305553350231712,32.05396630393749,0
2026-01-26 07:50:00,PCS-01,380.2015362927263,23.87877085212075,30.959997893676775,0
2026-01-26 07:55:00,PCS-01,385.57634116866774,-14.932866594196796,28.980316007598525,0
2026-01-26 08:00:00,PCS-01,375.7832738774146,-29.14108317227373,30.558281463914152,0
2026-01-26 08:05:00,PCS-01,375.22292997717557,-3.711368264846224,25.46146170631874,0
2026-01-26 08:10:00,PCS-01,377.04368705814824,-2.1230684989194555,25.208302928200133,0
2026-01-26 08:15:00,PCS-01,378.48161234889886,56.763464011727855,28.04220285981092,0
2026-01-26 08:20:00,PCS-01,381.1572156743545,-55.74091046515454,30.343195760626685,0
2026-01-26 08:25:00,PCS-01,376.46056914198414,-48.42205142862663,28.48664835160032,0
2026-01-26 08:30:00,PCS-01,382.85738887467863,-12.682669535040374,26.197756602979638,0
2026-01-26 08:35:00,PCS-01,376.7830633853402,-22.448997300723335,29.072912179058044,0
2026-01-26 08:40:00,PCS-01,375.17466752208037,-56.34395428045701,26.459544703956436,0
2026-01-26 08:45:00,PCS-01,378.6645658121322,-7.781777819998185,31.691453789965195,0
2026-01-26 08:50:00,PCS-01,377.492548126615,-35.82776398214004,27.70688366240681,0
2026-01-26 08:55:00,PCS-01,380.6068069933372,-12.732292475860685,29.42502533405216,0
2026-01-26 09:00:00,PCS-01,382.57303028852397,-6.562290728639838,30.40732232852009,0
2026-01-26 09:05:00,PCS-01,376.7518929256947,-4.850922198463696,28.422179582889473,0
2026-01-26 09:10:00,PCS-01,380.01215760238705,26.61837354593065,27.538915186365173,0
2026-01-26 09:15:00,PCS-01,377.5517460987523,102.18542127217134,25.207908176706074,0
2026-01-26 09:20:00,PCS-01,377.9799240674127,75.37133277067716,32.884775898775366,0
2026-01-26 09:25:00,PCS-01,375.9641003853856,-13.050930107643989,25.16754043131742,0
2026-01-26 09:30:00,PCS-01,377.0277886795411,6.98352330344003,29.86122764939522,0
2026-01-26 09:35:00,PCS-01,378.60793004160945,23.062929003588696,29.745641904834162,0
2026-01-26 09:40:00,PCS-01,384.1110127121706,3.3416408775330892,27.12017288626307,0
2026-01-26 09:45:00,PCS-01,380.5668082397139,11.058904190616296,28.044599258650617,0
2026-01-26 09:50:00,PCS-01,378.6025788048018,16.173939876118034,27.367940799888327,0
2026-01-26 09:55:00,PCS-01,381.68289714721834,74.83573389301148,26.35946980889078,0
2026-01-26 10:00:00,PCS-01,379.4005099133295,57.76781248775271,22.875903154528615,0
2026-01-26 10:05:00,PCS-01,383.07237901592833,62.1949896925101,29.832585378594683,0
2026-01-26 10:10:00,PCS-01,381.55106323924764,-1.7779951762958288,27.200169135209585,0
2026-01-26 10:15:00,PCS-01,381.8891823738578,-116.41121318392044,27.151882556842388,0
2026-01-26 10:20:00,PCS-01,382.5914478274703,21.11030195123128,27.295116534380526,0
2026-01-26 10:25:00,PCS-01,387.5922858238377,-9.659971878290413,25.28385426130709,0
2026-01-26 10:30:00,PCS-01,375.7238571614321,-21.60059268306506,31.538556520238043,0
2026-01-26 10:35:00,PCS-01,379.55154649094175,-2.3273741810538775,26.633268919840948,0
2026-01-26 10:40:00,PCS-01,381.7560250029686,22.638695884317855,29.561387543915938,0
2026-01-26 10:45:00,PCS-01,379.1206084436659,-41.9176905393327,31.66478346330749,0
2026-01-26 10:50:00,PCS-01,379.27114169980274,57.950260359170905,25.21366363392242,0
2026-01-26 10:55:00,PCS-01,383.59067744728947,8.523978330642944,26.260041124342866,0
2026-01-26 11:00:00,PCS-01,376.83258074542766,23.810633947776417,26.470962426152163,0
2026-01-26 11:05:00,PCS-01,383.4524239123694,-48.46924465516779,29.10459667165543,0
2026-01-26 11:10:00,PCS-01,377.7221285303301,-37.92460354934275,31.87029042391546,0
2026-01-26 11:15:00,PCS-01,382.80926835510957,61.99609975281108,30.285528600111945,0
2026-01-26 11:20:00,PCS-01,382.6144704412702,9.549451218985592,28.753263678156664,0
2026-01-26 11:25:00,PCS-01,375.7829671999706,-21.553310511310826,30.340365456631204,0
2026-01-26 11:30:00,PCS-01,381.66449698389494,-18.370262455734544,27.81255822068488,0
2026-01-26 11:35:00,PCS-01,379.75383698141565,-17.296148302002635,33.779766515370426,0
2026-01-26 11:40:00,PCS-01,379.8164287932598,-4.032371976805336,29.691100203585464,0
2026-01-26 11:45:00,PCS-01,379.6845510835134,2.1573773454507785,30.88911006924581,0
2026-01-26 11:50:00,PCS-01,376.8568405916424,165.77361457347263,26.460560803565915,0
2026-01-26 11:55:00,PCS-01,378.96369613013957,-34.43559678527794,29.49090294330783,0
2026-01-26 12:00:00,PCS-01,380.5383853722376,-21.6816065986664,29.81732229943739,0
2026-01-26 12:05:00,PCS-01,377.7264323072707,94.66035488030766,28.96555069127592,0
2026-01-26 12:10:00,PCS-01,380.9224238225804,43.47345349289615,27.451989795408814,0
2026-01-26 12:15:00,PCS-01,381.1244450455517,-52.08300216030345,31.17663827493916,0
2026-01-26 12:20:00,PCS-01,380.42861052597544,52.81028432001463,36.407291679179906,0
2026-01-26 12:25:00,PCS-01,377.76609698943986,-59.185655748659656,27.821169421967898,0
2026-01-26 12:30:00,PCS-01,380.02998010518047,53.69030649339469,30.352645190046545,0
2026-01-26 12:35:00,PCS-01,376.094671030294,43.72757924778472,30.35184196201192,0
2026-01-26 12:40:00,PCS-01,379.28453988557675,11.04631983564233,32.233177783507074,0
2026-01-26 12:45:00,PCS-01,374.47159543348965,-21.141334995552032,30.332385438420584,0
2026-01-26 12:50:00,PCS-01,374.57869369733163,82.28489011477961,30.057923174726234,0
2026-01-26 12:55:00,PCS-01,384.0655520865283,-27.425428925869063,24.522520707223485,0
2026-01-26 13:00:00,PCS-01,381.0573167894849,2.907480662367484,23.957670673674833,0
2026-01-26 13:05:00,PCS-01,386.8915085849294,-32.59572222488539,29.352588561919536,0
2026-01-26 13:10:00,PCS-01,379.57269375890525,39.77534894946919,29.00639021864934,0
2026-01-26 13:15:00,PCS-01,375.0321271861361,-17.916565379872445,28.75983880883506,0
2026-01-26 13:20:00,PCS-01,376.52329286330195,-25.922700706440644,32.47950782893684,0
2026-01-26 13:25:00,PCS-01,380.35270233713817,-11.834696838561598,28.134044991399836,0
2026-01-26 13:30:00,PCS-01,384.56033817863056,4.0278280857719935,31.42430945529817,0
2026-01-26 13:35:00,PCS-01,376.4332081469214,-21.78516153882272,27.721698317379552,0
2026-01-26 13:40:00,PCS-01,377.5268522728677,-32.67379328919563,27.928945378794364,0
2026-01-26 13:45:00,PCS-01,383.60719744281215,34.312869805745436,27.709841984212474,0
2026-01-26 13:50:00,PCS-01,381.1419305506916,-37.5353176410944,29.522758888278002,0
2026-01-26 13:55:00,PCS-01,379.3987182471206,4.285241432218872,26.65732511929147,0
2026-01-26 14:00:00,PCS-01,381.5266682161538,3.1956649928495624,30.55599393440531,0
2026-01-26 14:05:00,PCS-01,379.42124682540765,-34.98831303765547,25.150334327412935,0
2026-01-26 14:10:00,PCS-01,380.5768527205949,-71.85730907823097,29.267678060198158,0
2026-01-26 14:15:00,PCS-01,379.5302467484408,19.287451507072603,28.054757165246837,0
2026-01-26 14:20:00,PCS-01,383.2072808779795,-11.977832742320096,32.64743681685313,0
2026-01-26 14:25:00,PCS-01,376.4372857144898,21.084694733980015,28.078171853474068,0
2026-01-26 14:30:00,PCS-01,384.71735398451733,24.908802114355403,26.008516031436507,0
2026-01-26 14:35:00,PCS-01,387.2797249985363,-20.06656436471436,32.16503071329879,0
2026-01-26 14:40:00,PCS-01,379.77301613133835,6.49136931047618,29.567611601438514,0
2026-01-26 14:45:00,PCS-01,383.92519231788106,-60.97788347516598,31.322626068809427,0
2026-01-26 14:50:00,PCS-01,373.8815044014909,25.847053392196983,33.78381336947246,0
2026-01-26 14:55:00,PCS-01,378.0430692201923,-13.238756085917148,28.665405012092265,0
2026-01-26 15:00:00,PCS-01,380.93770514592813,4.560716822126554,27.008607790831807,0
2026-01-26 15:05:00,PCS-01,379.69506471579274,50.501738950856335,30.0166601728298,0
2026-01-26 15:10:00,PCS-01,380.4326310640939,75.16181270977782,28.78223070000131,0
2026-01-26 15:15:00,PCS-01,382.9017260582684,-6.075047297690609,28.868389524908853,0
2026-01-26 15:20:00,PCS-01,380.02451119279766,8.636655197763034,27.490562686528147,0
2026-01-26 15:25:00,PCS-01,382.86125166218795,-5.067690123397989,27.363500054003413,0
2026-01-26 15:30:00,PCS-01,375.91121905861905,-12.89915892761899,34.107193413960125,0
2026-01-26 15:35:00,PCS-01,381.12284822612276,86.18733732965401,29.966713630734667,0
2026-01-26 15:40:00,PCS-01,380.5194168587443,-32.02705332138248,31.30756408201354,0
2026-01-26 15:45:00,PCS-01,382.64689888191975,-67.48648503438821,29.367033898250796,0
2026-01-26 15:50:00,PCS-01,374.87981180426976,-9.958674728457478,28.277051654067005,0
2026-01-26 15:55:00,PCS-01,378.57572826785895,-20.133354177150842,26.14313159053171,0
2026-01-26 16:00:00,PCS-01,380.3424438268315,-16.97530938893695,34.036196003447415,0
2026-01-26 16:05:00,PCS-01,378.52823946077586,-6.996440296824044,26.462885466288913,0
2026-01-26 16:10:00,PCS-01,379.26125950569786,-49.17647821552344,28.95541716498729,0
2026-01-26 16:15:00,PCS-01,383.72600039467903,20.447975462515437,30.441404475891773,0
2026-01-26 16:20:00,PCS-01,379.80097639570414,-41.29700292209691,28.67203719938882,0
2026-01-26 16:25:00,PCS-01,378.6009933354708,17.099355799332514,31.234724114364283,0
2026-01-26 16:30:00,PCS-01,378.87707465063244,-35.52941491352289,29.96022805360674,0
2026-01-26 16:35:00,PCS-01,383.14132364473113,50.770972782567,28.733313459781854,0
2026-01-26 16:40:00,PCS-01,380.87247709599455,-79.60376914923336,29.623069484731914,0
2026-01-26 16:45:00,PCS-01,374.6850700237185,-17.136520983421363,29.404590315337842,0
2026-01-26 16:50:00,PCS-01,378.8916235386882,56.21684038710451,25.823283420172128,0
2026-01-26 16:55:00,PCS-01,378.149858766485,3.0623926679055478,31.453676631554426,0
2026-01-26 17:00:00,PCS-01,382.62955047054066,15.131758440773048,27.12686228269446,0
2026-01-26 17:05:00,PCS-01,379.17328378013815,58.593424541692684,23.166387620927818,0
2026-01-26 17:10:00,PCS-01,382.33275081531843,21.479857333202762,32.52334051343684,0
2026-01-26 17:15:00,PCS-01,379.49474919202214,-26.596415020087612,29.758143791233017,0
2026-01-26 17:20:00,PCS-01,379.86455160471013,-8.715145677341827,30.88376237476533,0
2026-01-26 17:25:00,PCS-01,381.82265950028545,35.17449588467469,21.918337377799986,0
2026-01-26 17:30:00,PCS-01,381.74281426731005,43.05528935687195,27.559127639822474,0
2026-01-26 17:35:00,PCS-01,377.65218103619725,-22.233964292666958,20.365574855474563,0
2026-01-26 17:40:00,PCS-01,374.8732157878361,-38.05877718510351,30.062393175667363,0
2026-01-26 17:45:00,PCS-01,379.1533050772306,81.67295315118474,33.723576876643754,0
2026-01-26 17:50:00,PCS-01,385.2083939261443,-14.706314132288403,28.158245540575845,0
2026-01-26 17:55:00,PCS-01,377.92833191732285,-64.10177492112905,24.20519276964624,0
2026-01-26 18:00:00,PCS-01,381.9943058231253,35.73265976503021,25.63143442441276,0
2026-01-26 18:05:00,PCS-01,372.45572689733774,23.413064791296012,21.736586382820622,0
2026-01-26 18:10:00,PCS-01,380.69711445956926,60.08926457139409,29.41628582219944,0
2026-01-26 18:15:00,PCS-01,376.4167701233,-30.840066377706297,28.07165540650034,0
2026-01-26 18:20:00,PCS-01,383.60032080463077,112.75607940126866,29.93819895003805,0
2026-01-26 18:25:00,PCS-01,377.5134681470053,-11.855379057760052,30.6177554606966,0
2026-01-26 18:30:00,PCS-01,382.4914762050514,-3.5023976936971386,28.473376206351038,0
2026-01-26 18:35:00,PCS-01,377.96945596809013,-18.561407969637745,30.417213213982034,0
2026-01-26 18:40:00,PCS-01,378.4950330542311,81.52892576689163,28.870938802258337,0
2026-01-26 18:45:00,PCS-01,376.68159553027147,-4.824916774420609,21.312734051545895,0
2026-01-26 18:50:00,PCS-01,381.5997920857243,-72.38095600636609,29.680269441626468,0
2026-01-26 18:55:00,PCS-01,380.51153045280495,7.227361399448455,26.461038128652383,0
2026-01-26 19:00:00,PCS-01,375.31978229608694,-1.4020239784574453,25.341210775787978,0
2026-01-26 19:05:00,PCS-01,380.73989336590506,1.0460022192846565,28.35722820020509,0
2026-01-26 19:10:00,PCS-01,379.2897420542217,-23.056340193323067,33.930140782861436,0
2026-01-26 19:15:00,PCS-01,382.7573024553576,64.57497332294069,29.77015307741289,0
2026-01-26 19:20:00,PCS-01,382.1062060411842,36.86297332875228,28.485990893669467,0
2026-01-26 19:25:00,PCS-01,385.1508202228597,42.37376816860362,31.072673000809637,0
2026-01-26 19:30:00,PCS-01,379.2033324852715,-4.62766083942204,19.971257886610204,0
2026-01-26 19:35:00,PCS-01,379.77792733945284,21.454314473298226,25.487834579504295,0
2026-01-26 19:40:00,PCS-01,379.8921922400131,24.490275017543137,32.95293075578267,0
2026-01-26 19:45:00,PCS-01,381.00252988661487,-1.8091643181318575,30.664806875336023,0
2026-01-26 19:50:00,PCS-01,382.26256011887057,22.92373755173425,32.428740941008144,0
2026-01-26 19:55:00,PCS-01,381.4096851912205,15.034010224508217,25.513553006548715,0
2026-01-26 20:00:00,PCS-01,378.7667194816521,-85.96364524101512,23.16953959608084,0
2026-01-26 20:05:00,PCS-01,377.4420055660168,96.4893192162516,30.59745526047917,0
2026-01-26 20:10:00,PCS-01,375.0834975002237,35.077655094257054,24.568386146500128,0
2026-01-26 20:15:00,PCS-01,379.64919826860597,-35.562512751535024,30.95377341419878,0
2026-01-26 20:20:00,PCS-01,377.8957205014302,-9.925884993412717,28.812681625164327,0
2026-01-26 20:25:00,PCS-01,380.2700316826887,43.30111717972695,36.99793686967829,0
2026-01-26 20:30:00,PCS-01,376.82867221955746,-21.013644334470563,28.144942685180858,0
2026-01-26 20:35:00,PCS-01,385.41858097755005,56.11652625526163,28.578409776687522,0
2026-01-26 20:40:00,PCS-01,383.60129581027144,36.16542317942499,27.380761821039865,0
2026-01-26 20:45:00,PCS-01,378.6445290768092,24.13153050703867,26.505416459551277,0
2026-01-26 20:50:00,PCS-01,376.16051586899806,98.26877754469619,29.476001864379718,0
2026-01-26 20:55:00,PCS-01,380.6163230028019,21.626543343797277,28.914288882661488,0
2026-01-26 21:00:00,PCS-01,382.1156194879668,2.383459562624521,23.769461217179277,0
2026-01-26 21:05:00,PCS-01,377.99897975782346,7.3615067516752,24.55234044570998,0
2026-01-26 21:10:00,PCS-01,380.59237181589003,31.506809374085698,28.82967345756339,0
2026-01-26 21:15:00,PCS-01,384.0180930052265,24.901052008069495,34.82372801206043,0
2026-01-26 21:20:00,PCS-01,380.91751397277665,36.32775058029505,27.208063453328275,0
2026-01-26 21:25:00,PCS-01,380.8580677849099,68.9300751694348,31.15682166590072,0
2026-01-26 21:30:00,PCS-01,381.65428119249646,21.108078737477328,29.32008089356351,0
2026-01-26 21:35:00,PCS-01,383.4730947318952,27.530649523745506,23.2394315577096,0
2026-01-26 21:40:00,PCS-01,383.60025997373197,3.958240854048771,25.846368861098277,0
2026-01-26 21:45:00,PCS-01,374.8345350586624,-29.84230557144675,30.45009339151133,0
2026-01-26 21:50:00,PCS-01,382.7176611588551,32.015042070202654,26.58089958039383,0
2026-01-26 21:55:00,PCS-01,381.47764440168055,-51.51042788733959,31.382912962875412,0
2026-01-26 22:00:00,PCS-01,383.5721429283317,39.162701103832404,28.07234828658537,0
2026-01-26 22:05:00,PCS-01,377.6452630451702,-50.84161379934492,29.437125021766654,0
2026-01-26 22:10:00,PCS-01,387.79707543912156,30.882492686836393,25.811131639363584,0
2026-01-26 22:15:00,PCS-01,379.60565710959025,-40.35580742236697,26.22207424996201,0
2026-01-26 22:20:00,PCS-01,378.81114247864144,-2.9099768711604397,28.045380584528527,0
2026-01-26 22:25:00,PCS-01,377.9011889260888,12.483207772148358,24.3117371928379,0
2026-01-26 22:30:00,PCS-01,382.3969139759447,-32.4341464815109,24.539513514667128,0
2026-01-26 22:35:00,PCS-01,379.7952430384965,-45.806690690179636,27.379096061942032,0
2026-01-26 22:40:00,PCS-01,379.4225857019724,-80.62766479871856,33.285088101261586,0
2026-01-26 22:45:00,PCS-01,377.23344923934764,-41.58136463233001,26.56984654099873,0
2026-01-26 22:50:00,PCS-01,377.9390238561762,54.248791396678236,33.76056613400894,0
2026-01-26 22:55:00,PCS-01,377.6353461588408,64.36918522762669,35.39123246783314,0
2026-01-26 23:00:00,PCS-01,379.09236111688006,-17.8988636761032,30.82862356400582,0
2026-01-26 23:05:00,PCS-01,381.703512362212,-110.26838479615536,28.344765137831626,0
2026-01-26 23:10:00,PCS-01,377.39710276778993,2.89569893094537,28.726959966262296,0
2026-01-26 23:15:00,PCS-01,380.6059039666704,22.146535170545484,28.40155092852937,0
2026-01-26 23:20:00,PCS-01,379.82992238638417,65.38542671583322,23.23406474219725,0
2026-01-26 23:25:00,PCS-01,375.28131373238904,-59.11445331053922,27.600554441100723,0
2026-01-26 23:30:00,PCS-01,381.42368720018425,1.9604122571338314,31.22954802136899,0
2026-01-26 23:35:00,PCS-01,380.6441110114009,10.6658660976752,28.437238661535094,0
2026-01-26 23:40:00,PCS-01,383.6455588078656,13.538653935703513,30.29925141296451,0
2026-01-26 23:45:00,PCS-01,376.426178915036,5.546004617488707,22.627653208734,0
2026-01-26 23:50:00,PCS-01,383.1489350677201,-72.02779431976381,26.457511594923844,0
2026-01-26 23:55:00,PCS-01,384.4353186290059,24.032275153844314,23.045567269353224,0
2026-01-27 00:00:00,PCS-01,377.5043488855514,52.478623308511175,31.01582014180171,0
2026-01-27 00:05:00,PCS-01,373.1484111423303,-3.9047660446387757,32.89283412390306,0
2026-01-27 00:10:00,PCS-01,375.7305972202179,-11.646196681838383,27.518614716283953,0
2026-01-27 00:15:00,PCS-01,381.7721518412983,29.697943972795855,25.946789787340883,0
2026-01-27 00:20:00,PCS-01,380.9723904766645,13.058961082811013,31.29782374706461,0
2026-01-27 00:25:00,PCS-01,386.454271536155,-24.379720818674357,31.941392421762828,0
2026-01-27 00:30:00,PCS-01,379.69294703064475,9.31959060846026,27.90131562229908,0
2026-01-27 00:35:00,PCS-01,379.6204265101964,-33.71934943639484,30.73154015518296,0
2026-01-27 00:40:00,PCS-01,385.9989048229469,-96.51953846109612,23.423276408386037,0
2026-01-27 00:45:00,PCS-01,383.276033758252,32.04578137451878,27.318970953224188,0
2026-01-27 00:50:00,PCS-01,377.46931652090706,-37.493930365732304,27.864985608965636,0
2026-01-27 00:55:00,PCS-01,381.66687819001663,24.472750792276408,26.521865965087663,0
2026-01-27 01:00:00,PCS-01,383.9174777441965,25.03006910791254,26.67760741220559,0
2026-01-27 01:05:00,PCS-01,379.7533932376362,-20.986274156838686,30.757944592959415,0
2026-01-27 01:10:00,PCS-01,381.0826878677712,-6.0522606214574495,29.486027674672542,0
2026-01-27 01:15:00,PCS-01,382.3174657307964,15.84574874809471,24.178840379045855,0
2026-01-27 01:20:00,PCS-01,379.40694182079284,48.47341731774457,24.29029884336754,0
2026-01-27 01:25:00,PCS-01,385.7294854425894,10.42795377120473,29.357591059852407,0
2026-01-27 01:30:00,PCS-01,380.3286347135891,4.357760822673102,25.299876093335545,0
2026-01-27 01:35:00,PCS-01,376.37581499627026,-98.03495644594237,23.905252172168385,0
2026-01-27 01:40:00,PCS-01,378.0320530047394,-13.196239232461835,26.367216241968052,0
2026-01-27 01:45:00,PCS-01,375.40618322627415,-7.251772689511558,25.884080150018658,0
2026-01-27 01:50:00,PCS-01,381.6792607615043,-24.036992537012512,25.74968371004834,0
2026-01-27 01:55:00,PCS-01,384.70038183760704,8.871409402401559,26.52831066659061,0
2026-01-27 02:00:00,PCS-01,386.6675339196122,10.266136660112172,29.549312210013657,0
2026-01-27 02:05:00,PCS-01,377.01310531041014,8.712795495119494,25.637293099991453,0
2026-01-27 02:10:00,PCS-01,382.0324006800799,54.29481013765053,28.586757707458858,0
2026-01-27 02:15:00,PCS-01,375.1895370909119,8.417095773139538,27.853745329239363,0
2026-01-27 02:20:00,PCS-01,381.5824675383801,-29.01469764638298,22.74264467055118,0
2026-01-27 02:25:00,PCS-01,378.8652201205357,33.17257013219423,27.625287652520612,0
2026-01-27 02:30:00,PCS-01,380.02664837419485,-45.03437718099589,28.407884343809844,0
2026-01-27 02:35:00,PCS-01,380.37523474824604,-1.5300804071152732,30.448864774032888,0
2026-01-27 02:40:00,PCS-01,377.42126407509,-11.837585537438924,29.689083035471228,0
2026-01-27 02:45:00,PCS-01,375.30153259092305,-42.43923628825555,27.80431198059921,0
2026-01-27 02:50:00,PCS-01,380.51965184791845,-9.423200032473973,29.110130614297844,0
2026-01-27 02:55:00,PCS-01,383.12592114167364,29.890349849766093,26.31774230042702,0
2026-01-27 03:00:00,PCS-01,385.90821950168083,54.306704722446774,20.516519953401698,0
2026-01-27 03:05:00,PCS-01,379.6671610830867,56.171120733274414,24.76837874033865,0
2026-01-27 03:10:00,PCS-01,382.2473240222819,-7.893819141273971,32.56908937042671,0
2026-01-27 03:15:00,PCS-01,383.33888153858425,-1.8302147499358157,30.589359913604092,0
2026-01-27 03:20:00,PCS-01,383.53419513808467,-38.196684840680874,30.29761054492066,0
2026-01-27 03:25:00,PCS-01,381.6707094021907,35.79696912822409,28.208852894435353,0
2026-01-27 03:30:00,PCS-01,377.8500480523991,-30.896331688905377,30.45530876131588,0
2026-01-27 03:35:00,PCS-01,376.9770668562889,5.292933760824042,23.764983304800076,0
2026-01-27 03:40:00,PCS-01,384.36550478634416,-74.29933347892026,25.736014860546316,0
2026-01-27 03:45:00,PCS-01,379.18841196718165,-26.894348983747616,28.629444866311157,0
2026-01-27 03:50:00,PCS-01,384.7041946548022,37.49896806051093,25.282422323495766,0
2026-01-27 03:55:00,PCS-01,378.79524509095864,6.605318143651052,28.428316834792415,0
2026-01-27 04:00:00,PCS-01,380.18331994359045,-12.130851645407263,29.98116935275125,0
2026-01-27 04:05:00,PCS-01,374.1123621500885,11.801702989047378,26.776790111979302,0
2026-01-27 04:10:00,PCS-01,378.0282782217052,59.710463951646915,24.09361970093112,0
2026-01-27 04:15:00,PCS-01,377.77578856332025,-48.15561903858186,31.350962846848862,0
2026-01-27 04:20:00,PCS-01,382.4857193134069,-15.24278252936014,19.382552385685717,0
2026-01-27 04:25:00,PCS-01,383.0578062078698,-3.0379125092533235,28.049686976872476,0
2026-01-27 04:30:00,PCS-01,380.4490761330879,28.40285252271095,30.980349438191574,0
2026-01-27 04:35:00,PCS-01,377.25194651133125,30.716304499602852,24.961008847528866,0
2026-01-27 04:40:00,PCS-01,383.65116859682684,61.91945391817778,26.71132651523099,0
2026-01-27 04:45:00,PCS-01,382.2563842873874,-67.13339099900605,26.88868904934594,0
2026-01-27 04:50:00,PCS-01,380.9986050645734,-70.29424122851321,26.61060541944783,0
2026-01-27 04:55:00,PCS-01,378.17338387387804,-60.411779069402726,26.673992435482198,0
2026-01-27 05:00:00,PCS-01,385.3909254345003,-60.6029649681469,25.987655541776032,0
2026-01-27 05:05:00,PCS-01,385.90100241853145,53.291592156691436,27.850154803664516,0
2026-01-27 05:10:00,PCS-01,383.3328268728224,-8.749174459048648,27.59217309153404,0
2026-01-27 05:15:00,PCS-01,382.64053379494163,-38.454218017240876,28.58259811197763,0
2026-01-27 05:20:00,PCS-01,383.1973211785845,-2.4779859811423424,30.71522342470893,0
2026-01-27 05:25:00,PCS-01,386.04997042824607,12.20907153448522,29.33892518087499,0
2026-01-27 05:30:00,PCS-01,384.8259601021714,17.418521332311183,25.667507543498274,0
2026-01-27 05:35:00,PCS-01,374.8897584039401,-1.239417474902512,21.50496803852907,0
2026-01-27 05:40:00,PCS-01,379.876532803448,4.027193461658301,33.104605451076175,0
2026-01-27 05:45:00,PCS-01,380.53783155578424,-84.3212779171217,32.96368452155888,0
2026-01-27 05:50:00,PCS-01,383.90437193130214,4.289675319924708,31.718378113390525,0
2026-01-27 05:55:00,PCS-01,379.24218574348754,-5.392707464159269,28.249083501886247,0
2026-01-27 06:00:00,PCS-01,381.0976244630931,25.10460395651593,26.248349454462723,0
2026-01-27 06:05:00,PCS-01,384.54791543932106,31.163269595922493,26.72268258394541,0
2026-01-27 06:10:00,PCS-01,379.57785508262606,-18.179366975301253,28.78316956550959,0
2026-01-27 06:15:00,PCS-01,380.7420762971799,-15.056610821075392,27.865270767299425,0
2026-01-27 06:20:00,PCS-01,375.8538998019879,-12.21123975941347,22.404219261470566,0
2026-01-27 06:25:00,PCS-01,376.79957245142754,-37.03801929450559,32.53949240119343,0
2026-01-27 06:30:00,PCS-01,382.43459629871444,-18.892334035236967,30.257467667727553,0
2026-01-27 06:35:00,PCS-01,380.7118205321461,77.0493662258059,27.674990221075095,0
2026-01-27 06:40:00,PCS-01,380.6970363904488,81.25828599826944,31.681851670654595,0
2026-01-27 06:45:00,PCS-01,381.7508648292912,17.259562404979164,26.929955868656627,0
2026-01-27 06:50:00,PCS-01,378.2905402664556,-13.126686655278997,28.472557883457387,0
2026-01-27 06:55:00,PCS-01,375.34653294226086,19.32146468202326,29.241373001835328,0
2026-01-27 07:00:00,PCS-01,379.50972214991697,-42.2077951560668,24.50183073284061,0
2026-01-27 07:05:00,PCS-01,380.48298587126294,30.79109332299621,27.91608892649934,0
2026-01-27 07:10:00,PCS-01,386.95273199027963,42.90668048878268,22.894296474254766,0
2026-01-27 07:15:00,PCS-01,388.29866215773467,-103.86147236532047,27.972337713538064,0
2026-01-27 07:20:00,PCS-01,380.19976966847906,9.840787444706724,28.69311653383122,0
2026-01-27 07:25:00,PCS-01,379.2474331531214,42.852368365479705,28.78330209840268,0
2026-01-27 07:30:00,PCS-01,380.88026280008546,-3.3258869332344965,28.04275839092663,0
2026-01-27 07:35:00,PCS-01,376.8222547698885,-25.434875100306122,26.651613091338884,0
2026-01-27 07:40:00,PCS-01,371.58096405605346,100.54775098224135,27.74067282440007,0
2026-01-27 07:45:00,PCS-01,387.6058205527208,-22.911439156603024,29.764058982913266,0
2026-01-27 07:50:00,PCS-01,381.54419624638945,51.6558066278791,31.008272335923085,0
2026-01-27 07:55:00,PCS-01,381.98645435910515,30.816584049478752,26.571175763672077,0
2026-01-27 08:00:00,PCS-01,375.8536082459431,-96.05539894600727,26.37701799108617,0
2026-01-27 08:05:00,PCS-01,378.691534348999,-0.612177394967827,34.2735160944095,0
2026-01-27 08:10:00,PCS-01,377.7638887475717,-13.583725640414947,31.239801522627157,0
2026-01-27 08:15:00,PCS-01,378.88346217243986,40.38901142606268,30.058299229698186,0
2026-01-27 08:20:00,PCS-01,379.41037617762754,12.973283646053272,32.20358951031918,0
2026-01-27 08:25:00,PCS-01,384.2427277461541,29.94216772110647,29.721128836105155,0
2026-01-27 08:30:00,PCS-01,378.4437095720009,-66.6642336946137,24.651780661262816,0
2026-01-27 08:35:00,PCS-01,382.6657304408863,42.9278839798799,27.376435708165676,0
2026-01-27 08:40:00,PCS-01,371.0158011489977,-21.927284873094347,29.03946526768868,0
2026-01-27 08:45:00,PCS-01,381.66948212744455,-2.1444102691723286,34.52775931606982,0
2026-01-27 08:50:00,PCS-01,377.82783199734854,18.163833094951844,30.197276178289027,0
2026-01-27 08:55:00,PCS-01,377.7546149141482,26.187957934764125,28.496358944357667,0
2026-01-27 09:00:00,PCS-01,380.9635397542756,2.0795587761982417,22.354864563898083,0
2026-01-27 09:05:00,PCS-01,380.21416816134496,-77.04305162945353,32.6018037903947,0
2026-01-27 09:10:00,PCS-01,378.8227841718749,-58.32086484908175,32.18941184109216,0
2026-01-27 09:15:00,PCS-01,374.3882389175326,18.3206619424036,35.070601300537554,0
2026-01-27 09:20:00,PCS-01,379.5860769384449,24.643690673202755,25.98789746004282,0
2026-01-27 09:25:00,PCS-01,383.0613323333826,41.92327216761658,33.965646794120836,0
2026-01-27 09:30:00,PCS-01,380.0091527855705,-31.466280557012915,28.2354733759481,0
2026-01-27 09:35:00,PCS-01,384.7937931513703,-12.06907944377463,23.4846742491878,0
2026-01-27 09:40:00,PCS-01,378.7854956795275,-6.124235149566917,30.229039198655457,0
2026-01-27 09:45:00,PCS-01,382.7580974116651,27.166296944694768,25.783738254505735,0
2026-01-27 09:50:00,PCS-01,381.3358037472744,15.035289254488898,26.35672124930859,0
2026-01-27 09:55:00,PCS-01,380.0182900049726,15.546695407446798,27.838948797810648,0
2026-01-27 10:00:00,PCS-01,373.47883809797014,-29.30379499534211,24.405665020531064,0
2026-01-27 10:05:00,PCS-01,384.8405985673058,7.826156202844235,27.608916983047045,0
2026-01-27 10:10:00,PCS-01,374.57218794934965,-7.584791773314061,29.940763595526914,0
2026-01-27 10:15:00,PCS-01,382.59097531994075,-10.627053882477997,30.28034438435108,0
2026-01-27 10:20:00,PCS-01,378.46851266395254,-5.75465066638232,26.883876994258053,0
2026-01-27 10:25:00,PCS-01,377.59559658987513,-12.9905943958401,28.50601385667616,0
2026-01-27 10:30:00,PCS-01,385.45235283054143,108.91627201501024,22.771005320850307,0
2026-01-27 10:35:00,PCS-01,380.0425174031583,-67.40511261487788,31.445217451522105,0
2026-01-27 10:40:00,PCS-01,379.6108496300654,-46.17922656743529,27.843207530659207,0
2026-01-27 10:45:00,PCS-01,377.3195428335154,20.058205509047376,29.186518693056914,0
2026-01-27 10:50:00,PCS-01,384.1373490874274,36.12388952674249,25.06313534402903,0
2026-01-27 10:55:00,PCS-01,382.158387305336,32.42364313991899,25.383124607569783,0
2026-01-27 11:00:00,PCS-01,381.0281394651483,-68.42291920812775,30.335115321511154,0
2026-01-27 11:05:00,PCS-01,380.4812084363275,76.0664774213817,28.95681872038462,0
2026-01-27 11:10:00,PCS-01,385.05416502442256,8.11964276591394,33.11582828897719,0
2026-01-27 11:15:00,PCS-01,379.64448389008294,20.047686831744652,25.75877860208249,0
2026-01-27 11:20:00,PCS-01,378.5169904375648,12.110292704349096,28.201116076320947,0
2026-01-27 11:25:00,PCS-01,381.55432267717083,-73.77866568394677,26.630855165943142,0
2026-01-27 11:30:00,PCS-01,381.93656804774105,32.2957134873812,25.6089117610745,0
2026-01-27 11:35:00,PCS-01,376.4009632087652,-31.47774906165374,31.336973401546036,0
2026-01-27 11:40:00,PCS-01,382.0355407554739,8.948294243538179,27.24266134667759,0
2026-01-27 11:45:00,PCS-01,379.8918892219011,8.367634416586396,32.298798496817625,0
2026-01-27 11:50:00,PCS-01,383.88142898931613,29.941123074486697,27.389840570666408,0
2026-01-27 11:55:00,PCS-01,377.4225331607591,-23.07758008084775,36.74326727568762,0
2026-01-27 12:00:00,PCS-01,379.40278728241293,45.8918008629326,27.681483275969917,0
2026-01-27 12:05:00,PCS-01,377.7369462247042,-53.58575273216758,26.970015643599567,0
2026-01-27 12:10:00,PCS-01,381.1340493744057,-78.95981366198201,26.324336418634257,0
2026-01-27 12:15:00,PCS-01,384.93345776600324,-9.027926713506396,30.64386944326323,0
2026-01-27 12:20:00,PCS-01,387.54622294797684,-21.236867296190542,31.64827351311768,0
2026-01-27 12:25:00,PCS-01,379.75121851526376,-43.53859901903646,26.180446138982866,0
2026-01-27 12:30:00,PCS-01,381.76397558510257,19.048325794222524,26.65402345265195,0
2026-01-27 12:35:00,PCS-01,379.0811435375695,73.39947283047165,27.21656058730472,0
2026-01-27 12:40:00,PCS-01,380.2637261076972,-59.414109189302735,27.745415882012068,0
2026-01-27 12:45:00,PCS-01,378.8443651859022,-13.079480172664045,27.21177634941789,0
2026-01-27 12:50:00,PCS-01,384.25890905983107,11.042196215120983,26.678589520774615,0
2026-01-27 12:55:00,PCS-01,378.15810130366975,-19.850866929199537,32.08924392358108,0
2026-01-27 13:00:00,PCS-01,378.5379446190539,-60.4458183065553,30.92857901904255,0
2026-01-27 13:05:00,PCS-01,379.02271387884116,28.483361339821887,28.62593662691757,0
2026-01-27 13:10:00,PCS-01,385.9793710001376,53.51254407104412,25.421884860821766,0
2026-01-27 13:15:00,PCS-01,384.3745667725408,22.705132710742756,29.021835325190796,0
2026-01-27 13:20:00,PCS-01,377.5199553883019,34.1157018641755,31.631916951161024,0
2026-01-27 13:25:00,PCS-01,383.68256607071584,-29.22725471618068,25.36027367790057,0
2026-01-27 13:30:00,PCS-01,375.6551040981892,-11.751318396531843,30.7362822024789,0
2026-01-27 13:35:00,PCS-01,378.30038486917033,51.56480904997511,27.58408987956876,0
2026-01-27 13:40:00,PCS-01,382.1552864073991,-12.664930731648422,32.811845290401926,0
2026-01-27 13:45:00,PCS-01,373.8475862317775,29.397835851394728,31.97559466527761,0
2026-01-27 13:50:00,PCS-01,382.275585265624,13.228256727558751,33.678836270573456,0
2026-01-27 13:55:00,PCS-01,379.7179690170642,26.030672525420986,24.71891272754256,0
2026-01-27 14:00:00,PCS-01,382.01219466287347,-78.426821981397,32.88481613921012,0
2026-01-27 14:05:00,PCS-01,380.6121784030933,56.82327626480632,29.149517936421237,0
2026-01-27 14:10:00,PCS-01,378.0070786522749,21.327680952696735,27.836314390479295,0
2026-01-27 14:15:00,PCS-01,383.69912406175587,-36.81571684981528,26.688302535962656,0
2026-01-27 14:20:00,PCS-01,374.6335693508117,-1.7687245238983573,29.47669614088166,0
2026-01-27 14:25:00,PCS-01,377.75186280979176,16.3885134714715,25.92458796962593,0
2026-01-27 14:30:00,PCS-01,380.99472775173325,-15.851501759449977,24.630297333822952,0
2026-01-27 14:35:00,PCS-01,376.7877193833545,38.84661413204603,24.65697106422108,0
2026-01-27 14:40:00,PCS-01,377.8428588394734,26.7680376346741,24.652108039929562,0
2026-01-27 14:45:00,PCS-01,380.09236908208976,9.484078515176918,30.280134805164067,0
2026-01-27 14:50:00,PCS-01,382.25268140316393,47.99118359491746,31.503659625800804,0
2026-01-27 14:55:00,PCS-01,377.3905116955268,7.5076837333878945,27.31959398237617,0
2026-01-27 15:00:00,PCS-01,377.7422698160809,-48.269165109079054,32.002150004735874,0
2026-01-27 15:05:00,PCS-01,377.0942428941844,65.94123022882108,28.50767464146717,0
2026-01-27 15:10:00,PCS-01,381.9614506474448,-85.45857049314286,27.878352168780918,0
2026-01-27 15:15:00,PCS-01,379.03591368855786,-3.803087065442555,34.951668276263554,0
2026-01-27 15:20:00,PCS-01,381.15255708216233,5.390904774313228,25.77591503198057,0
2026-01-27 15:25:00,PCS-01,380.71368143909996,58.95281257054644,28.35055273850525,0
2026-01-27 15:30:00,PCS-01,375.2502091893119,-0.5665732076217398,29.54050501282735,0
2026-01-27 15:35:00,PCS-01,377.6591597111082,16.618711084454596,29.8064927751931,0
2026-01-27 15:40:00,PCS-01,378.93826096895185,-86.25723009286284,28.55427457092733,0
2026-01-27 15:45:00,PCS-01,378.0795480392417,-17.96190767948124,31.25906024350349,0
2026-01-27 15:50:00,PCS-01,383.92613512551344,55.372619781744,31.489647374483493,0
2026-01-27 15:55:00,PCS-01,379.0077633234211,71.23334307119184,22.092565454967204,0
2026-01-27 16:00:00,PCS-01,377.4917152952089,52.97265309387026,27.96324393107084,0
2026-01-27 16:05:00,PCS-01,374.96554259360516,19.77870390451081,32.089127647527526,0
2026-01-27 16:10:00,PCS-01,378.3357562080963,-6.952958541658881,24.662186320905008,0
2026-01-27 16:15:00,PCS-01,387.495902071224,-55.25620553642324,28.112721991632693,0
2026-01-27 16:20:00,PCS-01,380.0012286895234,-46.17442301520442,31.93275560081686,0
2026-01-27 16:25:00,PCS-01,377.13987497258665,61.28474344433044,28.29578096367023,0
2026-01-27 16:30:00,PCS-01,378.00138957899213,-58.04461578641063,30.216595631070753,0
2026-01-27 16:35:00,PCS-01,379.9154576516089,-9.867875171942691,25.41309905020978,0
2026-01-27 16:40:00,PCS-01,377.8133649389979,-32.10037975047376,29.393953171394863,0
2026-01-27 16:45:00,PCS-01,383.0778878760037,6.663689306325517,24.62034912189551,0
2026-01-27 16:50:00,PCS-01,379.73949736967774,-63.5248444524546,28.719605852890282,0
2026-01-27 16:55:00,PCS-01,382.2261968017277,-30.57154335054964,23.41774899661553,0
2026-01-27 17:00:00,PCS-01,380.35189668705544,-7.120717980369665,25.241567292362213,0
2026-01-27 17:05:00,PCS-01,382.2089338697667,74.3755612059324,29.984853368495667,0
2026-01-27 17:10:00,PCS-01,379.9640583620262,-23.260315654146506,29.310525887441205,0
2026-01-27 17:15:00,PCS-01,381.8168402296339,-20.83944056059371,33.297222515554566,0
2026-01-27 17:20:00,PCS-01,372.93623744903886,96.829010730314,33.30035243739747,0
2026-01-27 17:25:00,PCS-01,378.5062713961966,41.42856226370906,23.155108019542983,0
2026-01-27 17:30:00,PCS-01,385.21059545197767,56.28222264401893,24.74078088294492,0
2026-01-27 17:35:00,PCS-01,381.5520798195454,-37.42535102407339,22.651749694151633,0
2026-01-27 17:40:00,PCS-01,375.1323490831534,6.251176788994065,32.730831938975165,0
2026-01-27 17:45:00,PCS-01,377.69132795862043,-92.14912656164223,25.449923150572047,0
2026-01-27 17:50:00,PCS-01,381.05638990893505,-19.10053929154096,33.63298777912978,0
2026-01-27 17:55:00,PCS-01,381.67165541015834,12.622898751228007,23.529240370124107,0
2026-01-27 18:00:00,PCS-01,384.5812080677772,27.58866850033329,26.410710501364942,0
2026-01-27 18:05:00,PCS-01,384.4317967134561,-52.55414730802154,32.115920425839604,0
2026-01-27 18:10:00,PCS-01,376.92453582035847,19.73282412168571,29.414683924281995,0
2026-01-27 18:15:00,PCS-01,376.95250806872394,31.970364251237147,23.0308950873971,0
2026-01-27 18:20:00,PCS-01,380.7608506371517,-25.50992127399471,27.375809975554482,0
2026-01-27 18:25:00,PCS-01,380.06578439602566,-36.859085837039565,29.089331459495593,0
2026-01-27 18:30:00,PCS-01,380.0888364291704,4.032611630159938,31.086814055473496,0
2026-01-27 18:35:00,PCS-01,378.5408385471113,38.30504824920989,27.37612196368696,0
2026-01-27 18:40:00,PCS-01,376.93937634946025,101.6571983758306,25.738458269714386,0
2026-01-27 18:45:00,PCS-01,379.16039408751436,39.23347369315707,28.68636964384821,0
2026-01-27 18:50:00,PCS-01,379.384765564146,-59.196100879629654,27.811705498230776,0
2026-01-27 18:55:00,PCS-01,378.8824890589995,46.290427981666454,24.05991187827449,0
2026-01-27 19:00:00,PCS-01,383.03353053415077,-52.71269546552973,26.613222107761263,0
2026-01-27 19:05:00,PCS-01,381.1414567245408,-9.049482209098198,30.701489711374474,0
2026-01-27 19:10:00,PCS-01,383.02491212260054,-56.11141211206885,26.263701765541263,0
2026-01-27 19:15:00,PCS-01,378.77930101961493,10.408229151249145,28.235547158007684,0
2026-01-27 19:20:00,PCS-01,375.43565243804335,-13.213280929947908,27.405260954808313,0
2026-01-27 19:25:00,PCS-01,380.93518131959894,-42.20894571250878,28.336047921897578,0
2026-01-27 19:30:00,PCS-01,376.94633830773677,-9.756386310797632,28.804920705530773,0
2026-01-27 19:35:00,PCS-01,377.10056662947636,-77.42633079453165,21.59188989391896,0
2026-01-27 19:40:00,PCS-01,379.48541894854696,-8.436386478075589,30.444514719683053,0
2026-01-27 19:45:00,PCS-01,378.03577975602883,22.623835130778186,26.555083707887615,0
2026-01-27 19:50:00,PCS-01,380.02144328223415,119.13917728804235,26.16879594190662,0
2026-01-27 19:55:00,PCS-01,383.46539880867044,-33.534206545814214,27.19606484762235,0
2026-01-27 20:00:00,PCS-01,376.42825776329744,-20.142598577533768,32.128798992719666,0
2026-01-27 20:05:00,PCS-01,382.55468814436676,19.39613951452942,27.265174005121846,0
2026-01-27 20:10:00,PCS-01,377.6745948899011,-41.13916522706789,27.52460296462425,0
2026-01-27 20:15:00,PCS-01,378.75372862671884,48.6431787167441,25.755873007500107,0
2026-01-27 20:20:00,PCS-01,385.03431993864365,45.102353254580876,27.34463316107106,0
2026-01-27 20:25:00,PCS-01,377.3682947080074,11.886461370414484,26.30514253334859,0
2026-01-27 20:30:00,PCS-01,378.19779065150834,0.7347167958144003,26.239579698556565,0
2026-01-27 20:35:00,PCS-01,381.4615616922975,2.7209929606643746,25.362973491870736,0
2026-01-27 20:40:00,PCS-01,378.07007972304746,31.610241099341465,27.923823570678373,0
2026-01-27 20:45:00,PCS-01,381.7804290513371,-17.278858533966424,32.0146658997062,0
2026-01-27 20:50:00,PCS-01,382.7678066212147,74.49470516051367,25.759632158131648,0
2026-01-27 20:55:00,PCS-01,378.65664046619275,-39.23137704325324,27.11782130973599,0
2026-01-27 21:00:00,PCS-01,380.65994978710927,35.158336401152106,27.83634641431218,0
2026-01-27 21:05:00,PCS-01,382.18860102521785,67.02625923037981,27.179053766378566,0
2026-01-27 21:10:00,PCS-01,383.90970403989917,-72.53790557067835,29.137098325499206,0
2026-01-27 21:15:00,PCS-01,381.14558521050134,-79.69746882369817,24.64962956739154,0
2026-01-27 21:20:00,PCS-01,380.8883468411936,84.02465095192622,29.390273383572183,0
2026-01-27 21:25:00,PCS-01,382.9990755942271,-35.08267568854234,27.64176456909313,0
2026-01-27 21:30:00,PCS-01,381.97090499013586,29.510488438148982,29.607349581920136,0
2026-01-27 21:35:00,PCS-01,386.31922861596263,-19.617054499473316,28.226715519382726,0
2026-01-27 21:40:00,PCS-01,374.8627754276484,-19.969704192718073,27.88289015608281,0
2026-01-27 21:45:00,PCS-01,376.7142618726633,-38.358431897605485,29.929689983751555,0
2026-01-27 21:50:00,PCS-01,377.7483655138901,-20.73266603760226,28.843841989753418,0
2026-01-27 21:55:00,PCS-01,382.2360351021844,-75.11385003130823,29.659619108932677,0
2026-01-27 22:00:00,PCS-01,381.83307489002084,28.44910500936162,29.311958734560594,0
2026-01-27 22:05:00,PCS-01,382.8790090202438,-38.84786006744555,27.40134359309965,0
2026-01-27 22:10:00,PCS-01,376.7153296885521,-4.152978218788594,24.323532626458455,0
2026-01-27 22:15:00,PCS-01,383.0222139712671,-52.820600668357514,28.803166883873036,0
2026-01-27 22:20:00,PCS-01,379.9239683629094,40.00006316932477,28.668295546812637,0
2026-01-27 22:25:00,PCS-01,384.48920290976025,-12.649094440297496,31.860026351284354,0
2026-01-27 22:30:00,PCS-01,383.8538731384733,-20.534206730485188,28.19767060800251,0
2026-01-27 22:35:00,PCS-01,381.77627156539575,3.1731167383361307,26.682536489968097,0
2026-01-27 22:40:00,PCS-01,379.337460059484,-32.200264023390204,25.703289438940015,0
2026-01-27 22:45:00,PCS-01,381.29205950669126,-33.13685490722345,32.05702097398786,0
2026-01-27 22:50:00,PCS-01,382.38192312809826,35.417749573602265,25.122815709255903,0
2026-01-27 22:55:00,PCS-01,383.2858951149937,41.375104878835536,25.422820072762782,0
2026-01-27 23:00:00,PCS-01,377.27384372558714,-7.996526771442899,24.709140137069422,0
2026-01-27 23:05:00,PCS-01,382.70086422046256,16.102375905609065,27.9225099362464,0
2026-01-27 23:10:00,PCS-01,383.8021066461016,45.08174045529983,26.37932427344775,0
2026-01-27 23:15:00,PCS-01,383.7117232884904,-20.519056923988135,23.987694096704878,0
2026-01-27 23:20:00,PCS-01,376.87364736883535,7.912336366498256,32.72675310628976,0
2026-01-27 23:25:00,PCS-01,377.2830130277918,19.716545379991384,30.773035806940403,0
2026-01-27 23:30:00,PCS-01,379.4021808116067,-30.29879087605908,27.013060931370333,0
2026-01-27 23:35:00,PCS-01,376.0019132106558,28.09066773815139,23.611745663609497,0
2026-01-27 23:40:00,PCS-01,379.26729420928956,-23.62374660389871,28.83129788235904,0
2026-01-27 23:45:00,PCS-01,381.86149932283286,46.15920770043063,28.125277337816332,0
2026-01-27 23:50:00,PCS-01,376.68931173186604,-17.859720090277705,31.450647102792875,0
2026-01-27 23:55:00,PCS-01,376.4147130755342,4.291496686597068,32.67336858262856,0
2026-01-28 00:00:00,PCS-01,381.16708220444616,-37.20056051982636,28.454139198546407,0
2026-01-28 00:05:00,PCS-01,375.63011721670546,-30.546718663460666,29.34770095853981,0
2026-01-28 00:10:00,PCS-01,379.1510147018799,-2.5035691655990187,33.30014039703727,0
2026-01-28 00:15:00,PCS-01,382.68877442937264,16.003256057781364,30.315336513772955,0
2026-01-28 00:20:00,PCS-01,379.1795451972008,-8.1903957015316,30.16530595521775,0
2026-01-28 00:25:00,PCS-01,383.0236939514856,-17.24453739584825,24.229469685453665,0
2026-01-28 00:30:00,PCS-01,383.5137796375246,-3.122132641479805,31.28991955706108,0
2026-01-28 00:35:00,PCS-01,379.54573474418817,-2.9312437008754113,29.44249839154994,0
2026-01-28 00:40:00,PCS-01,376.62978887060757,-106.96918633926668,29.19858666919032,0
2026-01-28 00:45:00,PCS-01,377.78252654585077,-8.899622218596553,31.59519244181274,0
2026-01-28 00:50:00,PCS-01,380.79997585266466,40.624607936779995,27.82291413009331,0
2026-01-28 00:55:00,PCS-01,376.2511767898109,84.82862980918699,29.903644369150943,0
2026-01-28 01:00:00,PCS-01,382.77378549861174,52.49660372181609,37.726474161700075,0
2026-01-28 01:05:00,PCS-01,373.1297645207113,-3.2484113554001555,29.958126156162415,0
2026-01-28 01:10:00,PCS-01,380.7326272549188,-35.49042065202076,27.012263697612962,0
2026-01-28 01:15:00,PCS-01,377.87231949983607,5.4862696307006455,23.386030428204585,0
2026-01-28 01:20:00,PCS-01,381.0507029012208,-39.51936076415961,28.361436845065196,0
2026-01-28 01:25:00,PCS-01,383.8440880470816,25.755205288401708,25.675987541422923,0
2026-01-28 01:30:00,PCS-01,384.65542311997086,3.402539153190001,28.202940902101425,0
2026-01-28 01:35:00,PCS-01,378.2378356727249,2.70422087024769,27.06645064169444,0
2026-01-28 01:40:00,PCS-01,384.33805905194083,33.673951638096746,24.766283952042304,0
2026-01-28 01:45:00,PCS-01,377.0158284155593,-67.87542854059318,22.80974014047058,0
2026-01-28 01:50:00,PCS-01,380.833199057122,-23.587931770715272,25.27955746076543,0
2026-01-28 01:55:00,PCS-01,378.7562722367223,61.619662527875604,27.728675917778677,0
2026-01-28 02:00:00,PCS-01,385.15331062539934,4.296999620679782,23.195646038147864,0
2026-01-28 02:05:00,PCS-01,383.1897676578566,-31.22839293267578,23.841439073301697,0
2026-01-28 02:10:00,PCS-01,382.5756590200383,17.06542726344821,27.70145016775101,0
2026-01-28 02:15:00,PCS-01,376.24182022400436,-2.8442595250790577,29.05309850356662,0
2026-01-28 02:20:00,PCS-01,378.5953122499817,-33.356140594318376,26.02471360785944,0
2026-01-28 02:25:00,PCS-01,380.07959958353604,112.90236918469718,29.59852776255165,0
2026-01-28 02:30:00,PCS-01,380.2934416067145,67.51460587707615,30.152752887067688,0
2026-01-28 02:35:00,PCS-01,385.6003558773447,10.2728520560171,28.263084581050684,0
2026-01-28 02:40:00,PCS-01,378.9213446785427,-0.9526457229794076,23.21726105617078,0
2026-01-28 02:45:00,PCS-01,376.7889582684625,-84.90476471105745,27.39179270204539,0
2026-01-28 02:50:00,PCS-01,378.8844934605668,41.438487177759306,26.06888413417133,0
2026-01-28 02:55:00,PCS-01,382.0626405935438,-92.96344375255808,32.35371790689179,0
2026-01-28 03:00:00,PCS-01,378.0883399814958,-13.633261498455937,24.61731129186523,0
2026-01-28 03:05:00,PCS-01,382.8527573527787,-19.282442681465625,25.527825899114244,0
2026-01-28 03:10:00,PCS-01,379.1471812681572,-47.3075576121618,27.434588942670878,0
2026-01-28 03:15:00,PCS-01,379.34596700103754,2.3611104528489726,26.896096383155133,0
2026-01-28 03:20:00,PCS-01,380.1338558500314,31.00585479277511,28.607876779930347,0
2026-01-28 03:25:00,PCS-01,379.6822903330019,39.63741816782305,25.806575688139198,0
2026-01-28 03:30:00,PCS-01,382.5145118489797,111.85002658013732,24.14112135316014,0
2026-01-28 03:35:00,PCS-01,382.2208756731379,-92.51382014353041,30.452583320000976,0
2026-01-28 03:40:00,PCS-01,379.487142634286,49.8810275257145,27.63443197462119,0
2026-01-28 03:45:00,PCS-01,378.637398699737,3.021329796668465,31.867113178652215,0
2026-01-28 03:50:00,PCS-01,380.35238231808694,14.275931150820224,32.52196044363424,0
2026-01-28 03:55:00,PCS-01,380.1687645702588,-72.03097952562291,29.475006444745212,0
2026-01-28 04:00:00,PCS-01,381.95995359851446,36.87126666750692,24.1509285694877,0
2026-01-28 04:05:00,PCS-01,383.47039522775833,30.93336733779058,31.051019071816224,0
2026-01-28 04:10:00,PCS-01,382.2941907904605,-63.90290251797413,27.736450798450754,0
2026-01-28 04:15:00,PCS-01,379.82908354864304,-39.34302261143022,29.00283863530018,0
2026-01-28 04:20:00,PCS-01,381.52575387190143,-14.35124460507252,23.154435624763554,0
2026-01-28 04:25:00,PCS-01,383.47439447104466,-17.474628205682855,30.694732537321094,0
2026-01-28 04:30:00,PCS-01,378.62507050464933,-14.223403803994465,26.437495748802103,0
2026-01-28 04:35:00,PCS-01,376.3392655052035,-39.20849986132784,26.319674692769688,0
2026-01-28 04:40:00,PCS-01,384.61739119569256,36.506784411830594,30.727992035963336,0
2026-01-28 04:45:00,PCS-01,382.5054471286095,30.440219017280143,30.079941065268347,0
2026-01-28 04:50:00,PCS-01,379.24716053409094,-15.445878731689366,32.00922768592785,0
2026-01-28 04:55:00,PCS-01,379.8717171377922,89.29796827739187,31.199887350511418,0
2026-01-28 05:00:00,PCS-01,379.69050415394656,20.627211406376105,28.596700632530514,0
2026-01-28 05:05:00,PCS-01,383.32654505230494,54.64842612440602,28.319041085040677,0
2026-01-28 05:10:00,PCS-01,383.7519082498156,-1.4064353730192107,28.028850418051686,0
2026-01-28 05:15:00,PCS-01,376.67583068328526,-5.419489338061983,24.817970117217826,0
2026-01-28 05:20:00,PCS-01,381.13620812329947,-38.16681574091935,31.234941783962626,0
2026-01-28 05:25:00,PCS-01,377.83794576712705,26.468599367052406,27.627573964008207,0
2026-01-28 05:30:00,PCS-01,377.6096292213164,35.13181858123386,30.299402526419755,0
2026-01-28 05:35:00,PCS-01,383.437504513443,30.800849667745783,24.440029903566266,0
2026-01-28 05:40:00,PCS-01,382.0313351462432,-6.823275889809598,27.230278669933977,0
2026-01-28 05:45:00,PCS-01,380.94104496686435,-23.43507174039438,28.672478823026225,0
2026-01-28 05:50:00,PCS-01,382.91943815883377,-33.152104619982346,28.21851785657269,0
2026-01-28 05:55:00,PCS-01,382.8491756831879,-19.346187360082084,29.296139951782564,0
2026-01-28 06:00:00,PCS-01,379.86009856823017,-18.168818821432204,24.581631811414873,0
2026-01-28 06:05:00,PCS-01,378.8378401766927,-70.32535564968035,28.212402508342237,0
2026-01-28 06:10:00,PCS-01,375.193314632627,-19.431701038457657,26.635193065845968,0
2026-01-28 06:15:00,PCS-01,379.2579830020424,-5.766740906185594,32.65387138744474,0
2026-01-28 06:20:00,PCS-01,381.9324668922852,-16.342902229448868,26.792350205746054,0
2026-01-28 06:25:00,PCS-01,380.7522579949741,1.8810392267663083,24.99254221269997,0
2026-01-28 06:30:00,PCS-01,376.87126553594976,-30.141377421320307,31.29413692664025,0
2026-01-28 06:35:00,PCS-01,380.55736659479055,-8.713765681772966,23.038712619712538,0
2026-01-28 06:40:00,PCS-01,383.9581774997526,71.30385867426484,28.43635336058123,0
2026-01-28 06:45:00,PCS-01,385.5288495402308,24.142722343969737,30.64896899320925,0
2026-01-28 06:50:00,PCS-01,381.643882500625,2.0392597125029353,24.872232211514802,0
2026-01-28 06:55:00,PCS-01,374.7400776469603,-37.004327303955584,30.546305011906846,0
2026-01-28 07:00:00,PCS-01,381.5021848991126,-55.793676109450956,24.202888357306726,0
2026-01-28 07:05:00,PCS-01,378.70011761317636,10.790846387455193,31.89521475877108,0
2026-01-28 07:10:00,PCS-01,376.6463153390436,-12.032093293837798,31.37111560521543,0
2026-01-28 07:15:00,PCS-01,379.6009713381412,-36.43794504855962,27.450186994563868,0
2026-01-28 07:20:00,PCS-01,376.8779282912399,36.15276375031256,30.284621078747637,0
2026-01-28 07:25:00,PCS-01,378.5078266657022,23.45667533706635,23.55900096868227,0
2026-01-28 07:30:00,PCS-01,381.29712555723495,-5.0446637905110245,27.637828428652018,0
2026-01-28 07:35:00,PCS-01,377.83455016512363,3.774618375631653,30.679366945433,0
2026-01-28 07:40:00,PCS-01,374.29011469323865,-7.1135507266766105,26.249594872675893,0
2026-01-28 07:45:00,PCS-01,383.5132127344997,-32.01033636995854,29.712725830697305,0
2026-01-28 07:50:00,PCS-01,379.9901953053166,-35.46826855255642,26.384970310891276,0
2026-01-28 07:55:00,PCS-01,377.0614128829057,15.110165961208548,23.261584386001125,0
2026-01-28 08:00:00,PCS-01,379.17622205940853,28.38680514344643,28.254137938393754,0
2026-01-28 08:05:00,PCS-01,378.8808460886684,-36.05507589783606,28.311400197718285,0
2026-01-28 08:10:00,PCS-01,377.95199500014,-37.207987279114676,24.12979960934118,0
2026-01-28 08:15:00,PCS-01,378.51244506846007,-34.634927456703025,24.874110944020796,0
2026-01-28 08:20:00,PCS-01,378.9119165024021,-50.152699412410044,29.088504450640073,0
2026-01-28 08:25:00,PCS-01,385.46727944596734,9.333777830127854,26.015768974425015,0
2026-01-28 08:30:00,PCS-01,376.7433660983251,27.59414856367855,26.74281600121472,0
2026-01-28 08:35:00,PCS-01,381.2063727765442,46.55997426518894,21.07068142442448,0
2026-01-28 08:40:00,PCS-01,377.507849902502,6.054321629066843,32.880599056293,0
2026-01-28 08:45:00,PCS-01,373.00308405899136,-49.57575837472598,29.539823407555133,0
2026-01-28 08:50:00,PCS-01,381.9936548241474,16.670366176371065,29.294686382774866,0
2026-01-28 08:55:00,PCS-01,380.1566335367645,-4.47140651213522,26.483601502679004,0
2026-01-28 09:00:00,PCS-01,377.3675308135552,-15.90007236173091,25.959826273659203,0
2026-01-28 09:05:00,PCS-01,381.46441378806475,89.96337515969796,27.816308779197616,0
2026-01-28 09:10:00,PCS-01,381.1212608910944,48.853239519657876,35.78951388949088,0
2026-01-28 09:15:00,PCS-01,377.5131896973375,31.766197806537413,25.31389365310316,0
2026-01-28 09:20:00,PCS-01,379.83023491324764,74.59199422057955,25.400409390298783,0
2026-01-28 09:25:00,PCS-01,378.13851700846016,-32.37299677113229,28.805064012072314,0
2026-01-28 09:30:00,PCS-01,383.488049096211,-26.51956990986004,26.495946636483463,0
2026-01-28 09:35:00,PCS-01,380.1519925484699,30.58780129461805,29.885420992539117,0
2026-01-28 09:40:00,PCS-01,384.3266910923706,-68.10964666926704,31.137916105599878,0
2026-01-28 09:45:00,PCS-01,383.5467717584905,6.752283979906435,27.62248646945553,0
2026-01-28 09:50:00,PCS-01,386.03700622709096,-41.657023666259,26.46942265179139,0
2026-01-28 09:55:00,PCS-01,385.16854404587406,-48.6843164462092,26.08656599932775,0
2026-01-28 10:00:00,PCS-01,377.3161934249874,43.659166297002436,25.998912740990676,0
2026-01-28 10:05:00,PCS-01,384.93051307194384,37.01193534848652,27.89984053825346,0
2026-01-28 10:10:00,PCS-01,380.14240972643375,68.5310266493342,27.271913651257027,0
2026-01-28 10:15:00,PCS-01,381.00154940224655,-42.66265862985918,28.313980231044074,0
2026-01-28 10:20:00,PCS-01,385.27039724270446,17.747367495956965,31.33469281316353,0
2026-01-28 10:25:00,PCS-01,385.25503757560864,-28.443864030008967,29.40302972263803,0
2026-01-28 10:30:00,PCS-01,377.20163116246107,-41.330764403026585,29.858664128781577,0
2026-01-28 10:35:00,PCS-01,379.8383674675487,38.074217394813815,27.24789605265595,0
2026-01-28 10:40:00,PCS-01,380.7688447164849,75.02170032612074,25.614142746360464,0
2026-01-28 10:45:00,PCS-01,381.72218925410374,-4.387714116135937,23.157411510836077,0
2026-01-28 10:50:00,PCS-01,376.05041858773126,64.37091241021423,29.600597625610153,0
2026-01-28 10:55:00,PCS-01,379.53612951307997,-38.03550833067588,24.922219388256128,0
2026-01-28 11:00:00,PCS-01,378.37928370028084,40.380008924703326,30.835199225048605,0
2026-01-28 11:05:00,PCS-01,377.2124065915569,20.792962715994697,31.40041749609947,0
2026-01-28 11:10:00,PCS-01,380.7448477987702,-26.415742038683238,32.92323201141226,0
2026-01-28 11:15:00,PCS-01,379.67307801230425,48.94504752302701,30.636911376223363,0
2026-01-28 11:20:00,PCS-01,381.05363141273887,17.710408943903175,35.64149168422061,0
2026-01-28 11:25:00,PCS-01,383.45921147170134,45.743280100874564,26.701087840795534,0
2026-01-28 11:30:00,PCS-01,378.84714175542143,16.233357139885804,28.33931140347077,0
2026-01-28 11:35:00,PCS-01,381.11423347000385,32.025269524312954,24.860118734777533,0
2026-01-28 11:40:00,PCS-01,383.96640294781065,52.153015074137485,27.276278099136007,0
2026-01-28 11:45:00,PCS-01,372.7146902849347,45.118099593797,24.43707236152752,0
2026-01-28 11:50:00,PCS-01,380.33426504510913,-58.519235410081194,29.12752247655177,0
2026-01-28 11:55:00,PCS-01,378.69224789134626,-30.108937829408386,26.11660400345823,0
2026-01-28 12:00:00,PCS-01,377.5871589142258,35.946626522878965,26.078578591674862,0
2026-01-28 12:05:00,PCS-01,381.68995414711947,92.081229068786,29.166779622880185,0
2026-01-28 12:10:00,PCS-01,380.129618750542,16.489600106802364,25.59345186544222,0
2026-01-28 12:15:00,PCS-01,376.05897744773347,-31.677046338030394,27.88578164506709,0
2026-01-28 12:20:00,PCS-01,389.4072209402611,5.73346347294386,27.713669876580894,0
2026-01-28 12:25:00,PCS-01,385.36176707614953,80.56914120182239,32.68973077139769,0
2026-01-28 12:30:00,PCS-01,373.98547716892085,-11.48118141130195,27.47489718743622,0
2026-01-28 12:35:00,PCS-01,376.9911648687284,-17.195812984836564,24.90043318840307,0
2026-01-28 12:40:00,PCS-01,385.2702566191379,-10.429349977426368,30.6951517389619,0
2026-01-28 12:45:00,PCS-01,378.565466098435,20.69217187459268,33.196369836498086,0
2026-01-28 12:50:00,PCS-01,378.25174529911015,23.92698104618226,28.749957945453726,0
2026-01-28 12:55:00,PCS-01,383.541078091604,-44.137197425496296,27.4869267477484,0
2026-01-28 13:00:00,PCS-01,382.7744302711915,43.718254841800615,27.859462275845953,0
2026-01-28 13:05:00,PCS-01,384.1986975884442,57.065248738140525,30.829582942608962,0
2026-01-28 13:10:00,PCS-01,377.07890564468215,42.39207180463214,32.86651601021307,0
2026-01-28 13:15:00,PCS-01,378.0606339075777,67.63750857339093,30.318229086544868,0
2026-01-28 13:20:00,PCS-01,381.41384294953,75.71736480306927,22.210491032800313,0
2026-01-28 13:25:00,PCS-01,380.3178262675937,-4.900910228194172,32.967044159946695,0
2026-01-28 13:30:00,PCS-01,380.5367580846408,-58.51658950166787,31.20236433337184,0
2026-01-28 13:35:00,PCS-01,374.18147954126954,12.95067540183626,30.575571978895212,0
2026-01-28 13:40:00,PCS-01,379.8173257090253,13.066063024026189,28.516419240670896,0
2026-01-28 13:45:00,PCS-01,380.83272972927875,-28.46904441863058,26.87301074056813,0
2026-01-28 13:50:00,PCS-01,382.48964555101463,-6.915879789457879,31.300889125390626,0
2026-01-28 13:55:00,PCS-01,379.9304354325218,7.588871788612127,31.048629006168447,0
2026-01-28 14:00:00,PCS-01,379.4134742561591,75.30926505880102,28.54569281210767,0
2026-01-28 14:05:00,PCS-01,374.1512714911745,24.942408609902024,27.611172532010457,0
2026-01-28 14:10:00,PCS-01,378.90086814980356,-51.12343278242459,26.67601399524991,0
2026-01-28 14:15:00,PCS-01,376.5521120059943,-36.93296384662414,27.653218063919343,0
2026-01-28 14:20:00,PCS-01,379.9614054533694,6.58884442889768,27.36527247192164,0
2026-01-28 14:25:00,PCS-01,377.73441757470846,-66.43102955405791,28.904011438059094,0
2026-01-28 14:30:00,PCS-01,380.3656301218158,93.39005642910556,26.859290335094016,0
2026-01-28 14:35:00,PCS-01,383.8574890012008,3.4756649082207876,29.475626056632848,0
2026-01-28 14:40:00,PCS-01,378.81807275271296,8.370110014296182,25.17206733832658,0
2026-01-28 14:45:00,PCS-01,380.720009815032,50.02911129504383,25.72936105783384,0
2026-01-28 14:50:00,PCS-01,378.480362315309,31.52994266148194,28.651117543836328,0
2026-01-28 14:55:00,PCS-01,379.2796910958526,-6.777711888391215,31.493167721779304,0
2026-01-28 15:00:00,PCS-01,388.31900399766545,14.298370576137401,31.14447543934433,0
2026-01-28 15:05:00,PCS-01,374.03773145245486,-62.47940743031832,26.191834963785688,0
2026-01-28 15:10:00,PCS-01,378.494996500187,12.954016015661642,26.220877493743135,0
2026-01-28 15:15:00,PCS-01,380.32499451178336,0.34995574298217025,26.804014658906777,0
2026-01-28 15:20:00,PCS-01,380.97483896684173,-78.52523663640618,27.424979389853682,0
2026-01-28 15:25:00,PCS-01,379.67856773797695,-26.560748761239825,24.86566510336313,0
2026-01-28 15:30:00,PCS-01,379.49360117304764,-79.10804708262911,29.778728770453565,0
2026-01-28 15:35:00,PCS-01,377.19526918757947,16.171258332041653,28.605687935731655,0
2026-01-28 15:40:00,PCS-01,379.86566008050283,-22.050525391372187,26.934202844010557,0
2026-01-28 15:45:00,PCS-01,376.2210841981526,0.4744912636307298,31.013246658398,0
2026-01-28 15:50:00,PCS-01,382.6936843331118,22.605768068012416,24.644900997189595,0
2026-01-28 15:55:00,PCS-01,382.23589008130295,21.92568532339323,22.5131428961157,0
2026-01-28 16:00:00,PCS-01,381.12438762166306,-15.39905134191709,24.193198746235304,0
2026-01-28 16:05:00,PCS-01,378.50771876964757,-5.785521168770154,37.07063333724487,0
2026-01-28 16:10:00,PCS-01,383.63925392500124,53.10819407510341,26.34785830561137,0
2026-01-28 16:15:00,PCS-01,374.6220549654752,-95.96904542727168,29.48264395113964,0
2026-01-28 16:20:00,PCS-01,382.0027695203498,-14.524970729136609,25.19635537747399,0
2026-01-28 16:25:00,PCS-01,377.6677131868089,19.821745064373207,29.206697446779117,0
2026-01-28 16:30:00,PCS-01,383.26863755289355,74.06853488762826,30.62910905171835,0
2026-01-28 16:35:00,PCS-01,383.48177708488817,-28.608400391340126,29.500678926633782,0
2026-01-28 16:40:00,PCS-01,374.8906041510176,7.603532635724818,28.793686516305222,0
2026-01-28 16:45:00,PCS-01,381.2915801103101,-18.804355529944793,28.019945279158847,0
2026-01-28 16:50:00,PCS-01,382.84140471631207,94.6896076296118,28.626953778123298,0
2026-01-28 16:55:00,PCS-01,381.30686291164153,-67.29738548834638,27.58032206465949,0
2026-01-28 17:00:00,PCS-01,374.8476386069744,-5.199152659555092,26.855072608809795,0
2026-01-28 17:05:00,PCS-01,376.3191191971935,-40.397920469222754,29.34342181743767,0
2026-01-28 17:10:00,PCS-01,375.19327435129475,2.6595178514956483,26.86951359950628,0
2026-01-28 17:15:00,PCS-01,374.79714588410366,-29.317860553082188,29.953074153447687,0
2026-01-28 17:20:00,PCS-01,387.4913458214272,-7.5876773661010075,31.413982298558196,0
2026-01-28 17:25:00,PCS-01,387.3484879959034,48.396273333513534,26.70624643007897,0
2026-01-28 17:30:00,PCS-01,380.0006905253595,15.87411210409865,28.883566816342512,0
2026-01-28 17:35:00,PCS-01,379.4763010907597,16.35555326669017,30.248330077898796,0
2026-01-28 17:40:00,PCS-01,377.97029163200244,-12.679151894643576,32.83036210960825,0
2026-01-28 17:45:00,PCS-01,382.69961437934097,0.528878924882143,30.19658553286812,0
2026-01-28 17:50:00,PCS-01,384.2239904026854,36.09602251340591,26.255465503467356,0
2026-01-28 17:55:00,PCS-01,384.3858453915207,75.64373646010318,25.476936245051025,0
2026-01-28 18:00:00,PCS-01,374.4892854236981,74.97151074544905,31.762261005811144,0
2026-01-28 18:05:00,PCS-01,379.1320750854146,-10.83254016564619,32.58136012998278,0
2026-01-28 18:10:00,PCS-01,379.6766931819674,56.305050469703595,21.7877063080877,0
2026-01-28 18:15:00,PCS-01,378.48344398189926,-33.31648376322954,31.902928475757452,0
2026-01-28 18:20:00,PCS-01,378.2482995517247,99.44649835975775,33.20778576308275,0
2026-01-28 18:25:00,PCS-01,378.1454435067783,62.20319749871191,23.526480933037565,0
2026-01-28 18:30:00,PCS-01,376.1286887406816,20.357895880373064,25.401073436337125,0
2026-01-28 18:35:00,PCS-01,384.5646793646259,25.776188438113905,32.460908042687784,0
2026-01-28 18:40:00,PCS-01,378.5384314904611,-23.616536892372725,30.058122758125236,0
2026-01-28 18:45:00,PCS-01,381.543837214872,-76.17346801895587,29.12009549943738,0
2026-01-28 18:50:00,PCS-01,380.9853127881209,9.533466926125147,33.58917686434834,0
2026-01-28 18:55:00,PCS-01,379.316739880888,-23.702390596008097,30.025955227687646,0
2026-01-28 19:00:00,PCS-01,377.39080763130727,-11.740660863190964,27.268301832364426,0
2026-01-28 19:05:00,PCS-01,381.25706640984214,17.202116869017694,22.448152539504356,0
2026-01-28 19:10:00,PCS-01,379.31614580276977,-24.2697017777946,34.35272288008448,0
2026-01-28 19:15:00,PCS-01,379.6612611832615,3.68775721112041,28.87501568372368,0
2026-01-28 19:20:00,PCS-01,378.84936427693674,-5.226679420331739,27.59893327875517,0
2026-01-28 19:25:00,PCS-01,385.40359015917835,61.78870774039033,30.524322013258928,0
2026-01-28 19:30:00,PCS-01,384.5697596185777,9.78768971633617,24.193289433150987,0
2026-01-28 19:35:00,PCS-01,378.8327873706259,-14.778859951095843,26.01599468667002,0
2026-01-28 19:40:00,PCS-01,378.23212604955256,12.877866782645722,26.49801573906071,0
2026-01-28 19:45:00,PCS-01,383.78488569917823,-48.4282376000771,28.870283495396087,0
2026-01-28 19:50:00,PCS-01,382.21396419267154,-13.525429911734538,32.4495663498014,0
2026-01-28 19:55:00,PCS-01,374.35972146263674,-46.21077931347098,33.152185315769664,0
2026-01-28 20:00:00,PCS-01,379.4922174218343,65.87500471855851,29.28022832311131,0
2026-01-28 20:05:00,PCS-01,384.08797103409086,32.76154345951026,24.725856214501952,0
2026-01-28 20:10:00,PCS-01,380.3654490539149,20.995780108620792,26.31340982783114,0
2026-01-28 20:15:00,PCS-01,377.76719512137737,-44.447018833176806,25.336275672546222,0
2026-01-28 20:20:00,PCS-01,380.1921326080068,28.291531380885445,27.20617960285484,0
2026-01-28 20:25:00,PCS-01,380.9467739833276,-9.048980696010142,30.95607268397987,0
2026-01-28 20:30:00,PCS-01,378.49924429174087,10.620859061654855,23.45116080099532,0
2026-01-28 20:35:00,PCS-01,380.01001404131205,8.480823173298205,24.989763266049593,0
2026-01-28 20:40:00,PCS-01,378.0732006660313,13.169349713546554,25.855655480635455,0
2026-01-28 20:45:00,PCS-01,378.8380116038172,-14.713229073932554,24.33930631672002,0
2026-01-28 20:50:00,PCS-01,377.92646727699696,-7.2830337631999935,26.766778581706845,0
2026-01-28 20:55:00,PCS-01,379.1935676662094,62.02030438902602,29.61829188668477,0
2026-01-28 21:00:00,PCS-01,383.2994304631749,79.11687182225555,30.128324796896212,0
2026-01-28 21:05:00,PCS-01,381.3661948684953,33.78092254503,27.040732832752155,0
2026-01-28 21:10:00,PCS-01,381.17372387715034,-7.66168638128958,26.84128914499543,0
2026-01-28 21:15:00,PCS-01,374.18669895091483,33.70457440249036,22.577965435868467,0
2026-01-28 21:20:00,PCS-01,378.225968540468,11.708720121279843,33.2498215853256,0
2026-01-28 21:25:00,PCS-01,383.51088524886796,-23.76986417223317,27.898207256659003,0
2026-01-28 21:30:00,PCS-01,376.1220780666818,-18.39676822753948,26.195056900663637,0
2026-01-28 21:35:00,PCS-01,386.6837295344816,60.61191780164932,32.672369669493214,0
2026-01-28 21:40:00,PCS-01,377.5450487254703,18.89838311800327,30.991052402077813,0
2026-01-28 21:45:00,PCS-01,376.69361714996137,-8.049219413993859,31.383245035220174,0
2026-01-28 21:50:00,PCS-01,378.2959837407675,-29.659064028822215,33.784630939617294,0
2026-01-28 21:55:00,PCS-01,380.3207462621248,-19.341670596117478,23.594126686274024,0
2026-01-28 22:00:00,PCS-01,386.65566552640695,-44.011161019773084,35.120385280507186,0
2026-01-28 22:05:00,PCS-01,384.5233419575418,28.321414166957513,29.201053132493545,0
2026-01-28 22:10:00,PCS-01,378.71536172400045,-66.95519009221931,23.443665684119026,0
2026-01-28 22:15:00,PCS-01,388.6226073130816,-2.0250342652942,28.492350165468206,0
2026-01-28 22:20:00,PCS-01,377.1342229434221,79.30142081847917,24.896656992599326,0
2026-01-28 22:25:00,PCS-01,380.7923156525362,-19.69104957762776,31.008334699567545,0
2026-01-28 22:30:00,PCS-01,383.26808718762874,56.12530085112564,26.100564403068528,0
2026-01-28 22:35:00,PCS-01,376.9555017561547,39.58964920114406,31.409123483003814,0
2026-01-28 22:40:00,PCS-01,383.21715134893475,-73.68669610292561,24.074028545675127,0
2026-01-28 22:45:00,PCS-01,378.62806421096894,35.50193854109081,20.81714969003554,0
2026-01-28 22:50:00,PCS-01,384.2308435223279,-48.55456715800951,28.545279249167596,0
2026-01-28 22:55:00,PCS-01,384.1301438935152,12.990749931127851,28.06364836589368,0
2026-01-28 23:00:00,PCS-01,381.48277428564086,-47.55152231082042,25.921406623297187,0
2026-01-28 23:05:00,PCS-01,380.77178902523104,66.26580070447383,28.176846117031,0
2026-01-28 23:10:00,PCS-01,376.78408942504086,46.0060280474135,27.554857738698153,0
2026-01-28 23:15:00,PCS-01,380.98521909032667,-6.745216112728155,27.99810917936282,0
2026-01-28 23:20:00,PCS-01,378.6627874140334,-18.834588755266214,26.791682264525818,0
2026-01-28 23:25:00,PCS-01,375.3867007044693,-25.61601522474688,23.20264631373928,0
2026-01-28 23:30:00,PCS-01,379.15795212456914,32.3121435563433,22.537343370921086,0
2026-01-28 23:35:00,PCS-01,379.6344969361172,19.389990027861625,28.094440370811146,0
2026-01-28 23:40:00,PCS-01,382.6823848577055,47.71031654653002,29.003897276287102,0
2026-01-28 23:45:00,PCS-01,380.6053881749312,-26.059637711925273,27.427468102733606,0
2026-01-28 23:50:00,PCS-01,378.86891610776473,-7.911004985173919,19.06599835488458,0
2026-01-28 23:55:00,PCS-01,382.2359566555125,-11.060480879545104,30.14519816708253,0
2026-01-29 00:00:00,PCS-01,382.16948078154,27.83344046082417,25.713198519634595,0
2026-01-29 00:05:00,PCS-01,380.56676788787775,-43.67217930921487,28.66430181765868,0
2026-01-29 00:10:00,PCS-01,385.3662420999646,46.106280396977624,26.33278880957906,0
2026-01-29 00:15:00,PCS-01,377.621724403088,34.67773962039307,31.8686716662632,0
2026-01-29 00:20:00,PCS-01,382.08551457903627,-23.528846010577613,30.074075897730452,0
2026-01-29 00:25:00,PCS-01,383.5593478391296,40.92646425349281,23.699922787695808,0
2026-01-29 00:30:00,PCS-01,382.5293466312006,-53.54415824180397,26.241647012871326,0
2026-01-29 00:35:00,PCS-01,378.0425944228642,-1.453771333777105,27.80999646577154,0
2026-01-29 00:40:00,PCS-01,381.986185005893,7.005391778287188,26.629641351770722,0
2026-01-29 00:45:00,PCS-01,375.06823018368124,-39.57410729557012,25.29215774880805,0
2026-01-29 00:50:00,PCS-01,380.8026462713999,50.57319617960377,28.53915912706296,0
2026-01-29 00:55:00,PCS-01,378.7911967556265,-47.25738317345416,23.397393662346506,0
2026-01-29 01:00:00,PCS-01,375.9920200681505,75.04305715878337,24.152845663622234,0
2026-01-29 01:05:00,PCS-01,377.01542787705137,-52.56782439614922,29.424459933307197,0
2026-01-29 01:10:00,PCS-01,381.60102955801125,45.02382438446123,25.181968418286036,0
2026-01-29 01:15:00,PCS-01,384.520046840216,13.192391908270649,27.400861804244386,0
2026-01-29 01:20:00,PCS-01,377.4754458255749,65.15071848785313,29.279438035769203,0
2026-01-29 01:25:00,PCS-01,375.85602423937127,-22.641805402667636,23.407817103061078,0
2026-01-29 01:30:00,PCS-01,379.0598330292313,-4.278584361143081,28.101849134846884,0
2026-01-29 01:35:00,PCS-01,379.3219457145398,24.900435896054944,28.213857471846435,0
2026-01-29 01:40:00,PCS-01,378.7182181235439,9.73016214079663,32.28912770540957,0
2026-01-29 01:45:00,PCS-01,378.24737920508704,-20.882144193731907,30.772411988625503,0
2026-01-29 01:50:00,PCS-01,381.8679934206843,-44.47284678099298,30.591281527632646,0
2026-01-29 01:55:00,PCS-01,380.0930212166675,34.47439517887278,30.936021465134672,0
2026-01-29 02:00:00,PCS-01,378.4303040371958,18.910933786251448,29.20385525842636,0
2026-01-29 02:05:00,PCS-01,382.5781957002929,3.78925318605316,25.162501226363986,0
2026-01-29 02:10:00,PCS-01,379.5324512588517,13.763122530784537,27.140649325715096,0
2026-01-29 02:15:00,PCS-01,383.2196464374882,16.23325218209534,26.36654837276912,0
2026-01-29 02:20:00,PCS-01,375.97662515155946,29.54777244760669,25.936732110642456,0
2026-01-29 02:25:00,PCS-01,383.85358552884344,75.98325462624015,32.160945009714325,0
2026-01-29 02:30:00,PCS-01,383.95093105925,32.26968947979663,28.42778534590888,0
2026-01-29 02:35:00,PCS-01,381.6461630469495,52.22285767241416,24.766808946583836,0
2026-01-29 02:40:00,PCS-01,378.98386474662624,-19.49137672501729,25.063692386439634,0
2026-01-29 02:45:00,PCS-01,378.9325008668109,-12.342527463668752,25.201776697687784,0
2026-01-29 02:50:00,PCS-01,380.49331596281695,105.40801085460762,28.062573337152287,0
2026-01-29 02:55:00,PCS-01,378.7018232151183,72.05740596689512,27.84207219605088,0
2026-01-29 03:00:00,PCS-01,382.6912870377868,-82.7758934943347,25.65378461859585,0
2026-01-29 03:05:00,PCS-01,380.4455835022639,59.752695478876035,33.841647303884,0
2026-01-29 03:10:00,PCS-01,379.16252526050846,-52.919393138986244,26.185974500094314,0
2026-01-29 03:15:00,PCS-01,380.651282193748,-7.435794093782043,24.764740944823913,0
2026-01-29 03:20:00,PCS-01,382.3616984455409,-73.25110568449124,31.98074514499351,0
2026-01-29 03:25:00,PCS-01,383.8600539677468,25.329453147145905,27.92403645307171,0
2026-01-29 03:30:00,PCS-01,381.3938518277322,50.18222569913909,28.110854970204898,0
2026-01-29 03:35:00,PCS-01,377.5195214119389,17.355528473106002,24.495263226341834,0
2026-01-29 03:40:00,PCS-01,388.23294001989217,-34.713831191727,33.37173737815046,0
2026-01-29 03:45:00,PCS-01,378.28500072041305,-15.561402350086208,31.089370514069117,0
2026-01-29 03:50:00,PCS-01,379.70332894563944,-0.6697674114578812,21.93376739732699,0
2026-01-29 03:55:00,PCS-01,375.15250789367093,-19.168487220812942,28.683192756911016,0
2026-01-29 04:00:00,PCS-01,379.6794133849329,95.74783880939356,27.93605468628825,0
2026-01-29 04:05:00,PCS-01,378.4286817111391,-7.948319839771348,32.33915878640143,0
2026-01-29 04:10:00,PCS-01,377.6654732052161,-73.94592608467713,29.701257544480296,0
2026-01-29 04:15:00,PCS-01,383.3955029373578,51.900251774413505,27.67760210701033,0
2026-01-29 04:20:00,PCS-01,380.52343983406433,-30.125226949871266,30.727510661226383,0
2026-01-29 04:25:00,PCS-01,379.44989773153753,17.486236519854717,22.547656877101907,0
2026-01-29 04:30:00,PCS-01,383.676392367314,-17.1221962667476,27.974041554490142,0
2026-01-29 04:35:00,PCS-01,380.4992832289032,-7.257555581685359,25.26775121703101,0
2026-01-29 04:40:00,PCS-01,383.55667318235777,-50.09737776385255,27.808402044774255,0
2026-01-29 04:45:00,PCS-01,384.08134384343714,15.468706020743584,31.345561235787212,0
2026-01-29 04:50:00,PCS-01,377.5392595784405,-2.6793407780538936,25.394927965974126,0
2026-01-29 04:55:00,PCS-01,375.45610308408806,-61.19819474212713,26.956119409770306,0
2026-01-29 05:00:00,PCS-01,375.2075958181018,-8.317201322309112,33.829109760825204,0
2026-01-29 05:05:00,PCS-01,379.6017522685262,-17.814304476567198,25.42979958152443,0
2026-01-29 05:10:00,PCS-01,378.1474899275886,-82.08205501706217,27.156332239398264,0
2026-01-29 05:15:00,PCS-01,380.4272821459035,-37.87260832753622,29.264002966577234,0
2026-01-29 05:20:00,PCS-01,378.34325507854356,15.443612557550688,31.65598223688061,0
2026-01-29 05:25:00,PCS-01,378.27648230105194,-15.061458509030965,26.543726664443525,0
2026-01-29 05:30:00,PCS-01,382.8957817748854,13.831438306968817,22.902401208033623,0
2026-01-29 05:35:00,PCS-01,383.02746642588846,-15.19625234764053,32.28725963390497,0
2026-01-29 05:40:00,PCS-01,381.77564057866863,-39.37149127056723,31.121498125989554,0
2026-01-29 05:45:00,PCS-01,381.35000796250233,-26.088897848914772,27.84243455175542,0
2026-01-29 05:50:00,PCS-01,372.88771414776164,3.4012762136354335,28.822998465610507,0
2026-01-29 05:55:00,PCS-01,378.2907273399391,9.42213746009035,25.6296004291147,0
2026-01-29 06:00:00,PCS-01,379.30663456322907,-16.17940593944503,24.828722421301038,0
2026-01-29 06:05:00,PCS-01,383.7967592644714,-1.0673738209844486,25.953270100942614,0
2026-01-29 06:10:00,PCS-01,382.7042902179995,-4.947477659615785,29.95569558316013,0
2026-01-29 06:15:00,PCS-01,382.78070043657635,-10.432948682797502,30.30369257986248,0
2026-01-29 06:20:00,PCS-01,379.2169447473765,-48.07875773440841,24.39268332447977,0
2026-01-29 06:25:00,PCS-01,381.85456449915506,-52.78360608926307,30.119292854807302,0
2026-01-29 06:30:00,PCS-01,377.7766996909818,-56.45319345588053,31.511915282711417,0
2026-01-29 06:35:00,PCS-01,378.93618890818135,-14.249889254446943,30.817537169686094,0
2026-01-29 06:40:00,PCS-01,382.5128989193687,45.500582790378694,28.257254466004643,0
2026-01-29 06:45:00,PCS-01,378.6228592286698,14.09860327762541,28.550655901544772,0
2026-01-29 06:50:00,PCS-01,382.3312084411199,-3.4497975668815926,25.013869024590736,0
2026-01-29 06:55:00,PCS-01,381.5829575839414,32.12040138311957,29.332657956561203,0
2026-01-29 07:00:00,PCS-01,378.3268733064982,-63.178757130491725,25.056376936280028,0
2026-01-29 07:05:00,PCS-01,377.34916251272693,-44.040207997952464,29.056213639178523,0
2026-01-29 07:10:00,PCS-01,374.1324539064034,-5.639649847156503,31.01869853220782,0
2026-01-29 07:15:00,PCS-01,375.4195424850902,-55.22253997344889,28.100888951435234,0
2026-01-29 07:20:00,PCS-01,378.2783069371642,5.029813665848437,26.950636512869327,0
2026-01-29 07:25:00,PCS-01,382.7135211066147,2.0869707921616283,28.221584245675665,0
2026-01-29 07:30:00,PCS-01,381.32101772183137,57.05161962341717,29.582476785339228,0
2026-01-29 07:35:00,PCS-01,381.0925312392905,-18.406849840516742,29.723283176826204,0
2026-01-29 07:40:00,PCS-01,384.55976322449374,16.58348058300046,25.47058373760611,0
2026-01-29 07:45:00,PCS-01,379.07810497385134,72.74953115454808,25.76961415648696,0
2026-01-29 07:50:00,PCS-01,379.4626097491899,14.315544758671106,32.41231975559188,0
2026-01-29 07:55:00,PCS-01,376.49358861243417,5.853393684227158,27.114789814342558,0
2026-01-29 08:00:00,PCS-01,384.1466545166492,-43.462979532707855,25.08795593212055,0
2026-01-29 08:05:00,PCS-01,380.6832464923116,-25.277728648299664,28.461017994709866,0
2026-01-29 08:10:00,PCS-01,375.60018365035387,31.326704054493266,28.080641675117747,0
2026-01-29 08:15:00,PCS-01,384.9524608066538,-36.96901244507081,31.631112278097355,0
2026-01-29 08:20:00,PCS-01,381.8511993802238,25.897713832861026,29.22514852001214,0
2026-01-29 08:25:00,PCS-01,379.76931845585017,57.13008441777133,26.293753414020987,0
2026-01-29 08:30:00,PCS-01,379.4435067099909,-27.817616196062644,29.629788139908488,0
2026-01-29 08:35:00,PCS-01,377.461905410149,13.38271222827898,28.911162034785608,0
2026-01-29 08:40:00,PCS-01,376.6257858946429,6.157233912960972,25.629267541109368,0
2026-01-29 08:45:00,PCS-01,380.7745495562721,19.35409407623424,29.71925804647689,0
2026-01-29 08:50:00,PCS-01,377.1486110905249,19.875131480327116,29.143843159989263,0
2026-01-29 08:55:00,PCS-01,377.05067261111327,-32.75100373935849,28.45467442327979,0
2026-01-29 09:00:00,PCS-01,377.84786719500795,-68.33835871608439,31.08499877451243,0
2026-01-29 09:05:00,PCS-01,379.651323187955,-29.63974808612428,24.021301506308827,0
2026-01-29 09:10:00,PCS-01,381.0144653414554,20.633091180870636,29.719889405687315,0
2026-01-29 09:15:00,PCS-01,376.7834431152445,48.68693186604212,30.17261282655138,0
2026-01-29 09:20:00,PCS-01,373.086548609697,6.5808621936231315,27.822822943786832,0
2026-01-29 09:25:00,PCS-01,381.1911270467954,42.74896259433702,22.65075971022147,0
2026-01-29 09:30:00,PCS-01,384.87551359808566,-23.65601870334303,27.390550171940674,0
2026-01-29 09:35:00,PCS-01,383.7351278648821,4.869938350283923,25.7100245571007,0
2026-01-29 09:40:00,PCS-01,373.7704246645919,-31.331982082999996,30.244972086513798,0
2026-01-29 09:45:00,PCS-01,381.6748975428154,46.98321339164832,22.95853015880479,0
2026-01-29 09:50:00,PCS-01,378.0356607904975,32.04015904802584,27.746344880277864,0
2026-01-29 09:55:00,PCS-01,380.99539558877507,-4.094801154756808,27.735872251559684,0
2026-01-29 10:00:00,PCS-01,379.59966024508435,-44.85841123134986,30.549251782429216,0
2026-01-29 10:05:00,PCS-01,384.633835293719,-59.28101740850052,25.620274039107926,0
2026-01-29 10:10:00,PCS-01,379.48272326497585,4.570302436849583,27.46263946145738,0
2026-01-29 10:15:00,PCS-01,376.80720247681086,29.672548208623617,30.73916870666763,0
2026-01-29 10:20:00,PCS-01,378.71554839336295,64.75901845507136,26.159566138033853,0
2026-01-29 10:25:00,PCS-01,376.6816535055724,0.9461164720254387,22.23802187061129,0
2026-01-29 10:30:00,PCS-01,384.463737443594,69.36543115329647,27.537221513765758,0
2026-01-29 10:35:00,PCS-01,379.6326360971496,-68.85961482416468,25.30105424591417,0
2026-01-29 10:40:00,PCS-01,383.4467952644822,19.117491335480103,27.83841108655569,0
2026-01-29 10:45:00,PCS-01,377.60121053986404,-8.695003799646507,25.98679861337233,0
2026-01-29 10:50:00,PCS-01,373.4388235903305,-18.79335628515064,27.80371565629327,0
2026-01-29 10:55:00,PCS-01,377.9047250856983,-12.046240974678348,34.204042589290346,0
2026-01-29 11:00:00,PCS-01,378.8833336336255,2.627804279172967,31.504967542591576,0
2026-01-29 11:05:00,PCS-01,378.969757772756,-47.61893122444937,22.99951143519231,0
2026-01-29 11:10:00,PCS-01,380.0543301439028,-13.508379731468633,31.941266697398394,0
2026-01-29 11:15:00,PCS-01,378.08743263026827,17.264103396237367,25.293621544135572,0
2026-01-29 11:20:00,PCS-01,388.79881727522627,-27.76504166333982,28.956774584670864,0
2026-01-29 11:25:00,PCS-01,384.06072858938484,57.49568494680516,24.099871421554013,0
2026-01-29 11:30:00,PCS-01,377.0954287529247,-75.09760013533037,33.71023205430052,0
2026-01-29 11:35:00,PCS-01,378.9836042672408,-31.86215270798789,22.00718085150101,0
2026-01-29 11:40:00,PCS-01,379.524729014358,-11.98655092087732,27.17143708653839,0
2026-01-29 11:45:00,PCS-01,379.7431486589919,-19.07657878420871,26.216871144457205,0
2026-01-29 11:50:00,PCS-01,377.54632103599954,-44.000491746587215,31.67457504120442,0
2026-01-29 11:55:00,PCS-01,374.2421537034465,-0.85461742417056,28.705082836154585,0
2026-01-29 12:00:00,PCS-01,376.90337238287674,-58.44205333897871,23.174710333505352,0
2026-01-29 12:05:00,PCS-01,382.9151954889027,-0.028759201223062823,29.588075033282436,0
2026-01-29 12:10:00,PCS-01,382.4160927563969,-12.948517925599688,29.160752786255646,0
2026-01-29 12:15:00,PCS-01,384.3905128227043,-31.430496543393485,24.94178403072377,0
2026-01-29 12:20:00,PCS-01,375.9195842059674,7.9351123603801765,28.19384294445615,0
2026-01-29 12:25:00,PCS-01,380.3999483603192,1.307304204199039,32.43315890225566,0
2026-01-29 12:30:00,PCS-01,377.85693147078996,-0.5729275318244939,28.0121671143972,0
2026-01-29 12:35:00,PCS-01,382.76275183627746,88.33633091485734,30.11996214641856,0
2026-01-29 12:40:00,PCS-01,378.82157451813134,14.382580263635095,29.875342182332833,0
2026-01-29 12:45:00,PCS-01,379.3624620908722,9.207714131547313,27.145950378240517,0
2026-01-29 12:50:00,PCS-01,378.08922297106926,-26.859512566113196,32.24717808445747,0
2026-01-29 12:55:00,PCS-01,382.4162576772322,-47.64448761546197,28.063965093373614,0
2026-01-29 13:00:00,PCS-01,379.2403189098928,20.46858594392687,25.186496760905744,0
2026-01-29 13:05:00,PCS-01,376.84536168246996,-19.870411255910593,26.172069226178124,0
2026-01-29 13:10:00,PCS-01,379.09479394178487,-54.6231303162164,31.3172836292617,0
2026-01-29 13:15:00,PCS-01,384.7497268427434,-63.25408017045543,28.715366863213514,0
2026-01-29 13:20:00,PCS-01,376.3252168613377,31.39576589067486,31.627096342157298,0
2026-01-29 13:25:00,PCS-01,380.5662095484146,30.853238036775643,24.920803268609593,0
2026-01-29 13:30:00,PCS-01,381.1295667215351,3.140203963463759,26.240132939773975,0
2026-01-29 13:35:00,PCS-01,379.2677550998465,-1.8196371904425168,21.64602404803182,0
2026-01-29 13:40:00,PCS-01,377.80004240830414,-33.82491368048638,25.885385195551073,0
2026-01-29 13:45:00,PCS-01,375.3148160919358,103.08770460268138,25.71942191184404,0
2026-01-29 13:50:00,PCS-01,376.43482401964485,-59.76310666707566,30.580114618259167,0
2026-01-29 13:55:00,PCS-01,383.73522724834487,-70.45717426041885,24.16622500795996,0
2026-01-29 14:00:00,PCS-01,381.9590759888048,-12.175776145942068,32.54524706945832,0
2026-01-29 14:05:00,PCS-01,379.00417572945537,-30.940076467898937,29.966418166564903,0
2026-01-29 14:10:00,PCS-01,377.5290957302233,-120.9457111001287,32.50377935758007,0
2026-01-29 14:15:00,PCS-01,379.5452009503501,37.072808096106684,27.41458117653644,0
2026-01-29 14:20:00,PCS-01,381.75397749592236,3.6271804022075593,29.091449290803777,0
2026-01-29 14:25:00,PCS-01,377.1258359099123,39.18631331603217,29.797513619419973,0
2026-01-29 14:30:00,PCS-01,377.8105313629388,-5.105983393744971,29.13937354855621,0
2026-01-29 14:35:00,PCS-01,378.56730236493354,28.526805050902677,25.54608005434025,0
2026-01-29 14:40:00,PCS-01,378.10321654924087,-29.982446327350402,32.80562323763288,0
2026-01-29 14:45:00,PCS-01,381.2245268195768,-62.52257816663562,29.451406877721734,0
2026-01-29 14:50:00,PCS-01,376.97549754337905,42.38760466260864,28.256149197310506,0
2026-01-29 14:55:00,PCS-01,379.69342415600124,16.735550249975514,28.20819192851865,0
2026-01-29 15:00:00,PCS-01,379.2717859794258,17.183134067160996,26.842533127572185,0
2026-01-29 15:05:00,PCS-01,377.4393334425868,-12.416956519674521,28.594325839864318,0
2026-01-29 15:10:00,PCS-01,378.13380374858383,-20.01054641267458,27.369766293298206,0
2026-01-29 15:15:00,PCS-01,369.63089858858643,-38.44700473878936,30.659949366435516,0
2026-01-29 15:20:00,PCS-01,380.85722109484044,-63.183941642269374,28.705902343086425,0
2026-01-29 15:25:00,PCS-01,372.73873943609294,35.77072831568276,27.38962102134206,0
2026-01-29 15:30:00,PCS-01,377.9081350360923,-24.906858289099034,23.518696401440998,0
2026-01-29 15:35:00,PCS-01,377.68633136332164,38.12590345233031,24.343112182521175,0
2026-01-29 15:40:00,PCS-01,377.67874677054317,-66.54003407349231,27.124901168387616,0
2026-01-29 15:45:00,PCS-01,380.64550950864236,20.440842852903202,31.987554631070253,0
2026-01-29 15:50:00,PCS-01,382.06113133388135,-12.818449435986306,27.708262947372205,0
2026-01-29 15:55:00,PCS-01,378.9630847552657,-9.853860611625569,34.10386194113845,0
2026-01-29 16:00:00,PCS-01,379.5959159459883,-37.22209621779801,27.79554459462548,0
2026-01-29 16:05:00,PCS-01,377.12168219489985,16.672522711145852,28.112711484798567,0
2026-01-29 16:10:00,PCS-01,381.814825243439,-51.109692316037254,28.57611738793888,0
2026-01-29 16:15:00,PCS-01,382.90845872642956,75.96537225539058,30.175768330043823,0
2026-01-29 16:20:00,PCS-01,384.352857295953,-76.09130718760882,26.894598709734183,0
2026-01-29 16:25:00,PCS-01,378.8375383837802,18.333041096922972,28.438799952740823,0
2026-01-29 16:30:00,PCS-01,378.395476545238,10.818487802402624,28.61030177629583,0
2026-01-29 16:35:00,PCS-01,382.2392733881206,48.298114916351025,32.22774985276044,0
2026-01-29 16:40:00,PCS-01,382.2992331026426,-24.812033272969177,24.272645458872447,0
2026-01-29 16:45:00,PCS-01,374.85282471608684,-2.0052510462407866,30.538656504725274,0
2026-01-29 16:50:00,PCS-01,383.5073671193853,56.79949377675317,20.645891223969194,0
2026-01-29 16:55:00,PCS-01,379.98163227138105,72.90486858417009,27.92338561648106,0
2026-01-29 17:00:00,PCS-01,383.16041374929506,-44.524697744279365,30.97393441175594,0
2026-01-29 17:05:00,PCS-01,377.67238962298467,-37.17094937493228,29.600354314977732,0
2026-01-29 17:10:00,PCS-01,379.1918691543281,56.17806540686221,29.74476912070704,0
2026-01-29 17:15:00,PCS-01,377.3257146026193,23.1319322967299,23.971616901377036,0
2026-01-29 17:20:00,PCS-01,381.6497050912768,42.15356652540085,23.947903013177424,0
2026-01-29 17:25:00,PCS-01,381.94947998828593,15.036787636300126,33.554253442794085,0
2026-01-29 17:30:00,PCS-01,378.6236520551757,-82.21635717731718,28.043939509886897,0
2026-01-29 17:35:00,PCS-01,381.39131801968233,-46.206486839933525,24.226287657099,0
2026-01-29 17:40:00,PCS-01,379.51877189837467,25.855029853765675,27.76272314390256,0
2026-01-29 17:45:00,PCS-01,379.49281861284595,2.9043121725560717,25.819699105830377,0
2026-01-29 17:50:00,PCS-01,382.416804383984,-58.57180144901292,26.94740656708902,0
2026-01-29 17:55:00,PCS-01,379.6926675742212,-48.892246703811146,24.814156076885183,0
2026-01-29 18:00:00,PCS-01,376.7785593965679,44.605627818433156,24.80266976971222,0
2026-01-29 18:05:00,PCS-01,382.7648986078795,-12.629356784287944,30.447552954804358,0
2026-01-29 18:10:00,PCS-01,386.1172700885533,56.3602106984884,31.23982802486048,0
2026-01-29 18:15:00,PCS-01,378.4523199531737,-39.58586357143386,30.786282295656232,0
2026-01-29 18:20:00,PCS-01,379.6970387746657,-58.960687015941495,26.551114665812733,0
2026-01-29 18:25:00,PCS-01,378.28767256403665,-31.802685975882596,28.214922899778884,0
2026-01-29 18:30:00,PCS-01,377.1347465356271,49.3188685594907,35.043143780910775,0
2026-01-29 18:35:00,PCS-01,379.68934920100935,69.4009335858914,25.08726170561937,0
2026-01-29 18:40:00,PCS-01,376.6715581950633,-7.568852366863149,22.170856232490365,0
2026-01-29 18:45:00,PCS-01,382.3118967713227,12.167667510931263,29.41665168935529,0
2026-01-29 18:50:00,PCS-01,383.7699033737826,-33.19742170356379,27.21534246504167,0
2026-01-29 18:55:00,PCS-01,384.1412735579631,-13.12997938801885,31.2072717256541,0
2026-01-29 19:00:00,PCS-01,383.3338537451046,-59.243353914816524,29.340510092647534,0
2026-01-29 19:05:00,PCS-01,381.0504058039176,24.760538611654464,21.841586441864994,0
2026-01-29 19:10:00,PCS-01,378.7357218475343,41.757031279731784,31.04564455900205,0
2026-01-29 19:15:00,PCS-01,379.22757077326713,-50.94384595558631,26.918713683772857,0
2026-01-29 19:20:00,PCS-01,374.1092227854617,-57.97288749769892,29.43317902134988,0
2026-01-29 19:25:00,PCS-01,387.0726837674196,16.350169217968133,23.09486446645532,0
2026-01-29 19:30:00,PCS-01,381.3186637826953,-51.8041763796011,27.157163021310556,0
2026-01-29 19:35:00,PCS-01,381.6762779397085,-10.895944772773419,26.91536865543207,0
2026-01-29 19:40:00,PCS-01,381.2293269379907,8.04092956343369,26.693576739862742,0
2026-01-29 19:45:00,PCS-01,377.4885007599655,-6.591772392675481,24.01774613696471,0
2026-01-29 19:50:00,PCS-01,383.644466304769,-24.621425121416944,27.49514639842885,0
2026-01-29 19:55:00,PCS-01,373.7648855427267,-4.31119170553582,32.044233773481956,0
2026-01-29 20:00:00,PCS-01,383.58145179984496,50.10209571204048,31.407451368086036,0
2026-01-29 20:05:00,PCS-01,380.09701097531536,-4.929775698185376,25.248503452357383,0
2026-01-29 20:10:00,PCS-01,381.0669576443565,-38.717794973721276,30.64027927243175,0
2026-01-29 20:15:00,PCS-01,377.45300153946357,-0.7296842483835647,31.69754554266763,0
2026-01-29 20:20:00,PCS-01,376.4638451707055,-19.350853652937804,32.10409245559245,0
2026-01-29 20:25:00,PCS-01,382.3870081297609,-26.828119651020824,27.442218566738703,0
2026-01-29 20:30:00,PCS-01,377.183006126949,-3.797909374815183,25.72573147863514,0
2026-01-29 20:35:00,PCS-01,380.79355856426974,-49.52238080998265,30.682387761311574,0
2026-01-29 20:40:00,PCS-01,373.1228272187672,17.250493605414174,29.968842416748103,0
2026-01-29 20:45:00,PCS-01,382.46111913376075,-58.88771871782022,29.011424937076214,0
2026-01-29 20:50:00,PCS-01,380.9986128531897,6.735529594798346,24.7138067255202,0
2026-01-29 20:55:00,PCS-01,381.4746642522634,-72.73617392379523,28.781281362906586,0
2026-01-29 21:00:00,PCS-01,382.74032093829305,-67.28954675943851,25.651869991924812,0
2026-01-29 21:05:00,PCS-01,376.21348075632744,-32.279181116338634,30.0064924323038,0
2026-01-29 21:10:00,PCS-01,375.0022820904708,-38.16482100854259,32.60262687276899,0
2026-01-29 21:15:00,PCS-01,377.45481806111985,-22.515109678522464,30.801198532164815,0
2026-01-29 21:20:00,PCS-01,380.7735527685682,-44.08762251801836,26.426289112407133,0
2026-01-29 21:25:00,PCS-01,376.061940009501,39.779240810212315,27.425222376529927,0
2026-01-29 21:30:00,PCS-01,382.44748135746795,-43.09290115668469,34.008256210884056,0
2026-01-29 21:35:00,PCS-01,378.3947285045168,-33.47606921457716,33.40195784051918,0
2026-01-29 21:40:00,PCS-01,383.5220912748942,-19.57154886962659,26.841276599284587,0
2026-01-29 21:45:00,PCS-01,380.9317866453045,32.528456305597224,27.25367212063814,0
2026-01-29 21:50:00,PCS-01,375.9901097008443,24.557129166788208,30.627395337493784,0
2026-01-29 21:55:00,PCS-01,383.31272154492905,-10.842327040357402,31.023491307180223,0
2026-01-29 22:00:00,PCS-01,375.62178694451705,-20.280535558189882,28.4121517374371,0
2026-01-29 22:05:00,PCS-01,379.8488109121085,22.732576275545856,36.52799055387314,0
2026-01-29 22:10:00,PCS-01,382.1572588991597,-7.880930055914543,28.597889545396153,0
2026-01-29 22:15:00,PCS-01,376.67902611618706,36.60091895078001,25.77840307758477,0
2026-01-29 22:20:00,PCS-01,379.29831508180405,12.633646892059467,28.853533268242803,0
2026-01-29 22:25:00,PCS-01,374.8429253553309,30.842302318378806,28.397763687186565,0
2026-01-29 22:30:00,PCS-01,379.51063721088553,31.169306014605446,32.79420592469365,0
2026-01-29 22:35:00,PCS-01,383.2623291999731,66.91714451430103,24.363377685646647,0
2026-01-29 22:40:00,PCS-01,381.68415920358046,38.7624911456096,28.830298800120396,0
2026-01-29 22:45:00,PCS-01,377.8892209090928,-60.42076243307001,31.035381017791163,0
2026-01-29 22:50:00,PCS-01,375.0868251548884,-12.312256158625443,30.781392034323826,0
2026-01-29 22:55:00,PCS-01,379.32989996179595,35.543979034627206,31.144400379933185,0
2026-01-29 23:00:00,PCS-01,381.6310108103038,59.10857842553056,25.549206033354935,0
2026-01-29 23:05:00,PCS-01,378.10451809781523,28.904576543644346,30.873301537636664,0
2026-01-29 23:10:00,PCS-01,380.1051668647239,76.93339559372768,28.361442325414018,0
2026-01-29 23:15:00,PCS-01,378.72809951736656,-7.51918583259188,32.66985272762033,0
2026-01-29 23:20:00,PCS-01,375.3380557096101,51.20910398602406,22.465322823488247,0
2026-01-29 23:25:00,PCS-01,374.3857001367008,70.36712069052524,25.89570779683493,0
2026-01-29 23:30:00,PCS-01,382.58206311554375,-42.98605392912816,28.931237303499486,0
2026-01-29 23:35:00,PCS-01,383.690355247853,-29.624610222989645,31.126712096095623,0
2026-01-29 23:40:00,PCS-01,373.27328722934766,-23.31988138166889,27.38133832052072,0
2026-01-29 23:45:00,PCS-01,379.3613474445912,52.12677844410631,33.193782253819705,0
2026-01-29 23:50:00,PCS-01,373.0543168591734,-39.315656956904064,32.466765753229474,0
2026-01-29 23:55:00,PCS-01,380.4909007626056,-66.81477401309236,23.455326131453397,0
2026-01-30 00:00:00,PCS-01,378.08833930787824,-38.00661880890248,28.995558754670704,0
2026-01-30 00:05:00,PCS-01,380.4345686982708,49.26428303244233,26.08300998052111,0
2026-01-30 00:10:00,PCS-01,382.1763077545839,-32.55283163599702,28.459295490989437,0
2026-01-30 00:15:00,PCS-01,380.4038525519361,-67.78419633935549,27.69188665808493,0
2026-01-30 00:20:00,PCS-01,373.336222309898,-22.170734648680856,24.36175156209687,0
2026-01-30 00:25:00,PCS-01,381.5408397103357,46.94953414334886,26.60721294358377,0
2026-01-30 00:30:00,PCS-01,382.2391673756682,21.748147614658265,30.225841371114885,0
2026-01-30 00:35:00,PCS-01,382.9787443992599,-2.537689785530413,29.89180783410821,0
2026-01-30 00:40:00,PCS-01,378.2780301663439,-13.373643624510494,30.884889278954674,0
2026-01-30 00:45:00,PCS-01,382.89982303351735,0.19376869753844211,27.124328455983722,0
2026-01-30 00:50:00,PCS-01,385.6886191980209,-8.588384863238867,27.212721202068323,0
2026-01-30 00:55:00,PCS-01,377.85219436854857,24.181800722029607,27.239720947403292,0
2026-01-30 01:00:00,PCS-01,379.9793344894486,75.40869505109356,24.413099729238358,0
2026-01-30 01:05:00,PCS-01,376.3948523924042,6.058202835321879,24.800414728867874,0
2026-01-30 01:10:00,PCS-01,381.7536477822622,2.1150925319432083,32.46056967231341,0
2026-01-30 01:15:00,PCS-01,378.3104618590937,-6.089844883723783,21.905710286844045,0
2026-01-30 01:20:00,PCS-01,380.04932175378497,30.16689272888099,23.622295315619645,0
2026-01-30 01:25:00,PCS-01,372.80940214919593,-25.12313786936383,30.91697814754977,0
2026-01-30 01:30:00,PCS-01,377.63125861601736,20.489850626245044,26.549518955620133,0
2026-01-30 01:35:00,PCS-01,376.01913291672355,13.94334629441838,25.620236749779618,0
2026-01-30 01:40:00,PCS-01,379.9749050211206,32.31256737361685,24.775403877365054,0
2026-01-30 01:45:00,PCS-01,381.0562403876035,-29.754045876758557,31.243993620716402,0
2026-01-30 01:50:00,PCS-01,378.7535182391467,59.28272773692443,29.995948626429822,0
2026-01-30 01:55:00,PCS-01,382.00642805226516,31.13801064312351,25.370194163706756,0
2026-01-30 02:00:00,PCS-01,377.5681133253738,-6.612730244081514,21.982699592203797,0
2026-01-30 02:05:00,PCS-01,376.83295452081546,15.03215943069955,27.282050674299732,0
2026-01-30 02:10:00,PCS-01,382.92296533593105,12.303920444454558,27.86473579246054,0
2026-01-30 02:15:00,PCS-01,382.1738951056806,47.332588283790614,30.39471832071198,0
2026-01-30 02:20:00,PCS-01,379.4193564477403,-67.26550205326447,25.16110691394307,0
2026-01-30 02:25:00,PCS-01,381.28248725823164,-46.0690084328919,30.076718890535805,0
2026-01-30 02:30:00,PCS-01,379.01012780534234,52.624614928405975,32.01169523386415,0
2026-01-30 02:35:00,PCS-01,375.41593890538354,-26.077224896468483,24.793844036003442,0
2026-01-30 02:40:00,PCS-01,375.06583699985487,0.8373792208781436,25.758057838561548,0
2026-01-30 02:45:00,PCS-01,381.5066301337064,-58.065324241016995,30.15806482069093,0
2026-01-30 02:50:00,PCS-01,376.67756782367434,-39.32789370594097,31.47047166106092,0
2026-01-30 02:55:00,PCS-01,379.8166189306493,-74.4930735483737,22.321323823290918,0
2026-01-30 03:00:00,PCS-01,383.0264599379179,3.7591545622215854,27.88833218364644,0
2026-01-30 03:05:00,PCS-01,379.6563831208287,1.3724524659646322,33.92539273003804,0
2026-01-30 03:10:00,PCS-01,377.4997787389212,-34.95248826924649,29.180901812246617,0
2026-01-30 03:15:00,PCS-01,378.6703872883994,-57.12760403880714,29.031689929771822,0
2026-01-30 03:20:00,PCS-01,378.17448162786826,-29.68237587953212,28.59476992752534,0
2026-01-30 03:25:00,PCS-01,381.06739082770684,55.846014622348996,29.163849063684715,0
2026-01-30 03:30:00,PCS-01,382.2198172960851,-40.059375245117835,26.243273778053968,0
2026-01-30 03:35:00,PCS-01,380.3071653177981,-18.69206009651208,23.166314324794197,0
2026-01-30 03:40:00,PCS-01,378.41919391027267,-37.12626706485863,28.142760965960825,0
2026-01-30 03:45:00,PCS-01,380.08524058616604,-54.54950328565394,26.375957912573348,0
2026-01-30 03:50:00,PCS-01,381.7420101965948,19.146314726719936,28.091788625850786,0
2026-01-30 03:55:00,PCS-01,383.0312116911404,35.61556866535493,24.52730986214792,0
2026-01-30 04:00:00,PCS-01,381.7604543303332,1.9963145351423874,29.722208828874493,0
2026-01-30 04:05:00,PCS-01,379.76301203377824,-24.710277169649242,22.98991334762,0
2026-01-30 04:10:00,PCS-01,377.58202611380966,-33.301749388014564,26.657724601383187,0
2026-01-30 04:15:00,PCS-01,378.0720760685419,25.966696201134948,22.893278943903987,0
2026-01-30 04:20:00,PCS-01,377.3707121692114,41.0629629695024,28.409045528718476,0
2026-01-30 04:25:00,PCS-01,377.6042912602573,-72.94406446518654,27.955132876081464,0
2026-01-30 04:30:00,PCS-01,381.56771826243335,103.54528935282428,26.41020847682076,0
2026-01-30 04:35:00,PCS-01,381.1123516471045,-79.15540436459325,27.00545177388774,0
2026-01-30 04:40:00,PCS-01,379.1096735198641,-50.039592032939034,28.30543026633725,0
2026-01-30 04:45:00,PCS-01,378.96225789510424,107.29181518603573,27.417576011740604,0
2026-01-30 04:50:00,PCS-01,377.09530593001415,-46.85245455489854,24.949867488995842,0
2026-01-30 04:55:00,PCS-01,380.46157511177285,4.324105459319006,27.264279793339888,0
2026-01-30 05:00:00,PCS-01,377.40426847469183,61.86613670066613,30.758893176702166,0
2026-01-30 05:05:00,PCS-01,376.67798742456534,-38.477199883382426,29.60861809202219,0
2026-01-30 05:10:00,PCS-01,380.25252487409284,-40.15527367502182,25.73509377060702,0
2026-01-30 05:15:00,PCS-01,376.97851071024024,43.20874172027633,25.46890457848767,0
2026-01-30 05:20:00,PCS-01,374.56387889159913,33.470334375075,27.14186558384228,0
2026-01-30 05:25:00,PCS-01,376.64677174479897,-75.24085635107738,21.183859283379192,0
2026-01-30 05:30:00,PCS-01,378.30543791839557,-31.402439806411472,32.208094674558545,0
2026-01-30 05:35:00,PCS-01,375.7307455949215,21.68140639035565,30.352380245906282,0
2026-01-30 05:40:00,PCS-01,383.57585655405995,-9.330422259665658,35.16239490229335,0
2026-01-30 05:45:00,PCS-01,378.8196955222691,54.207735028374444,31.181218331813888,0
2026-01-30 05:50:00,PCS-01,375.9536175869143,-41.956935634442885,25.57353973309058,0
2026-01-30 05:55:00,PCS-01,381.4923424062162,-18.150829668732822,33.028617820238225,0
2026-01-30 06:00:00,PCS-01,382.7805271596778,5.986609356244568,25.994633489439344,0
2026-01-30 06:05:00,PCS-01,378.6768471317487,-50.06394368447994,26.01778736231109,0
2026-01-30 06:10:00,PCS-01,380.65953803992943,-13.160616872062656,24.093658856557994,0
2026-01-30 06:15:00,PCS-01,380.7042726073234,53.719282911890005,31.085413413584288,0
2026-01-30 06:20:00,PCS-01,380.71505247142125,-43.49775235511288,23.107749524839946,0
2026-01-30 06:25:00,PCS-01,379.83760286332387,41.44736370941365,25.833397128065982,0
2026-01-30 06:30:00,PCS-01,379.14871111537195,-68.30066799709634,29.690918454574533,0
2026-01-30 06:35:00,PCS-01,379.87032879743475,36.856207407998404,24.34375750744886,0
2026-01-30 06:40:00,PCS-01,383.2863897629808,-5.441625179395912,25.605162842311127,0
2026-01-30 06:45:00,PCS-01,384.54456716548503,-56.29037716827859,30.656621846529777,0
2026-01-30 06:50:00,PCS-01,380.62618987275704,-5.831255712330847,24.504725797228968,0
2026-01-30 06:55:00,PCS-01,376.9889843880125,-11.320875810478658,27.35922105556655,0
2026-01-30 07:00:00,PCS-01,379.89860114329036,-37.51774335807232,20.806031973496,0
2026-01-30 07:05:00,PCS-01,383.15317588122264,34.07675998243443,20.660297944864475,0
2026-01-30 07:10:00,PCS-01,383.3713430953178,34.42855860977871,33.305848770369636,0
2026-01-30 07:15:00,PCS-01,380.3902870923736,86.30311824476343,29.002394426468108,0
2026-01-30 07:20:00,PCS-01,380.35390073287834,23.760398868915644,28.244287029792797,0
2026-01-30 07:25:00,PCS-01,377.77450482560397,-16.50542092634359,27.044307928899876,0
2026-01-30 07:30:00,PCS-01,382.6279362769662,-30.706217622729064,27.50923503090708,0
2026-01-30 07:35:00,PCS-01,379.4381403929623,22.614365955114476,29.912825518369342,0
2026-01-30 07:40:00,PCS-01,376.5423229569945,14.254953588635995,27.342363391831423,0
2026-01-30 07:45:00,PCS-01,380.47008372304344,6.496655760259054,33.8076631221073,0
2026-01-30 07:50:00,PCS-01,377.7967967439971,-22.908785373591094,30.188645357456807,0
2026-01-30 07:55:00,PCS-01,375.4182012900323,9.841841063029108,25.14409747769015,0
2026-01-30 08:00:00,PCS-01,381.2693806714104,-13.50795190594583,25.19478627797662,0
2026-01-30 08:05:00,PCS-01,381.09510550724195,64.9803204527272,26.2359413952628,0
2026-01-30 08:10:00,PCS-01,381.1877679124326,2.313805172352066,29.8814361104776,0
2026-01-30 08:15:00,PCS-01,378.21310059389396,10.530603833908518,26.57427013216477,0
2026-01-30 08:20:00,PCS-01,373.550052916245,-26.43617178890901,23.740001294995924,0
2026-01-30 08:25:00,PCS-01,378.288958875399,43.738176703229634,30.58115778496687,0
2026-01-30 08:30:00,PCS-01,373.10995556203676,16.81141959092881,33.66141144051269,0
2026-01-30 08:35:00,PCS-01,378.7532287975146,-61.71985247322807,30.803074182847002,0
2026-01-30 08:40:00,PCS-01,380.6102533158901,55.62214486285167,26.793231454190753,0
2026-01-30 08:45:00,PCS-01,376.28219145304007,17.871360302797967,29.776840992910984,0
2026-01-30 08:50:00,PCS-01,373.2890890253344,-19.478394073150994,31.74581483404315,0
2026-01-30 08:55:00,PCS-01,379.85272792048886,5.5662918758325794,27.52069085661486,0
2026-01-30 09:00:00,PCS-01,380.84171751113644,7.564462498243368,29.225074006282416,0
2026-01-30 09:05:00,PCS-01,377.29220469253454,51.2337977566592,30.30405716576809,0
2026-01-30 09:10:00,PCS-01,383.58284302225655,-31.753582902943368,23.054340489994352,0
2026-01-30 09:15:00,PCS-01,381.7809450987325,31.080371869525386,31.77622114059177,0
2026-01-30 09:20:00,PCS-01,376.90081871951804,-9.677156409948592,31.330104433979322,0
2026-01-30 09:25:00,PCS-01,386.14381058415063,34.01714555715376,34.939279052853855,0
2026-01-30 09:30:00,PCS-01,381.4646255201442,-27.476148976315706,30.285059289372608,0
2026-01-30 09:35:00,PCS-01,378.19167725268085,79.59340571090914,28.645226925565286,0
2026-01-30 09:40:00,PCS-01,381.6403379199928,43.394045988445015,26.940620878398665,0
2026-01-30 09:45:00,PCS-01,384.6933160723693,-16.698474367153583,29.628770916932634,0
2026-01-30 09:50:00,PCS-01,373.45385067613734,18.072870750794582,26.31374444693367,0
2026-01-30 09:55:00,PCS-01,382.3681397364826,74.61414667566811,29.916884565067516,0
2026-01-30 10:00:00,PCS-01,375.7653122172602,4.020000004809361,21.315433836550906,0
2026-01-30 10:05:00,PCS-01,367.67013325815066,17.463313742674778,28.932474072509173,0
2026-01-30 10:10:00,PCS-01,377.67202979385513,41.43600724117887,27.662626870811344,0
2026-01-30 10:15:00,PCS-01,385.382561214993,13.719780929733043,24.904455748557215,0
2026-01-30 10:20:00,PCS-01,381.2890730888355,-75.6204371541427,29.845258013646017,0
2026-01-30 10:25:00,PCS-01,379.8204321440529,-10.565325442376707,28.696439888970765,0
2026-01-30 10:30:00,PCS-01,383.95911449822717,17.17897397969275,26.92911631536439,0
2026-01-30 10:35:00,PCS-01,376.65210385634623,2.1294939685010883,25.622622125199197,0
2026-01-30 10:40:00,PCS-01,375.0293354897277,-54.41666352933413,19.99502993391999,0
2026-01-30 10:45:00,PCS-01,384.9374837361106,-29.156286505128968,29.213558171549835,0
2026-01-30 10:50:00,PCS-01,378.1647030629208,-15.695980642194353,31.99731455995938,0
2026-01-30 10:55:00,PCS-01,383.5017537450927,-12.485902918351176,27.277547187516006,0
2026-01-30 11:00:00,PCS-01,381.85585379105964,-9.337234674240305,30.126985369910603,0
2026-01-30 11:05:00,PCS-01,380.45469623468387,-53.429215987312666,27.283714146169906,0
2026-01-30 11:10:00,PCS-01,380.5756654650121,-14.262666992451713,27.57473805825013,0
2026-01-30 11:15:00,PCS-01,378.7311339261648,6.600372455061381,26.219987368249477,0
2026-01-30 11:20:00,PCS-01,378.19557492636704,38.02975329979398,30.272051946395887,0
2026-01-30 11:25:00,PCS-01,382.27635104145673,51.38659453629791,29.864251134556007,0
2026-01-30 11:30:00,PCS-01,380.62814449765307,57.5889681023356,28.435711603268853,0
2026-01-30 11:35:00,PCS-01,380.66123223932874,-10.304329353148605,25.392750223693863,0
2026-01-30 11:40:00,PCS-01,382.81386329963465,-35.19227905454259,33.10005672704956,0
2026-01-30 11:45:00,PCS-01,383.57041135853746,-29.927502577139954,30.938238609130288,0
2026-01-30 11:50:00,PCS-01,380.0102244231998,-98.60738014224475,29.775292655006464,0
2026-01-30 11:55:00,PCS-01,380.05475332084103,40.32861922807771,30.335771263525757,0
2026-01-30 12:00:00,PCS-01,380.15541093233554,39.82384944838597,28.31315385739385,0
2026-01-30 12:05:00,PCS-01,378.73974141657027,9.035381409695685,25.97578523475074,0
2026-01-30 12:10:00,PCS-01,384.3260234592516,-33.6053924174406,30.083643644415126,0
2026-01-30 12:15:00,PCS-01,379.03758363648467,-29.336694897934645,24.445701241784253,0
2026-01-30 12:20:00,PCS-01,384.8732212344173,60.53009706893277,30.535199288291857,0
2026-01-30 12:25:00,PCS-01,379.6723948283765,10.381654938302882,25.573247501352306,0
2026-01-30 12:30:00,PCS-01,378.43709284767704,20.95662861901338,34.64731097578112,0
2026-01-30 12:35:00,PCS-01,379.70558310720963,40.17308930253481,26.234705910994155,0
2026-01-30 12:40:00,PCS-01,382.31959379580917,-68.17002642677464,30.432863432894962,0
2026-01-30 12:45:00,PCS-01,381.69311807885896,-2.612270337247959,26.953720798910467,0
2026-01-30 12:50:00,PCS-01,383.4177092375785,89.9959693909252,31.999401888032466,0
2026-01-30 12:55:00,PCS-01,384.9803534160677,111.94874262555794,28.011067367282088,0
2026-01-30 13:00:00,PCS-01,375.6508529757589,16.12680447191226,26.466972586114885,0
2026-01-30 13:05:00,PCS-01,376.4436627756508,-11.358751678963321,26.361302169755984,0
2026-01-30 13:10:00,PCS-01,376.82183712694325,28.904660619530752,28.592607025305274,0
2026-01-30 13:15:00,PCS-01,384.4713347332543,9.010183050588642,34.34563968945376,0
2026-01-30 13:20:00,PCS-01,374.8584467904703,-19.78662504468468,28.850319922147108,0
2026-01-30 13:25:00,PCS-01,377.96212612423557,52.40832871592569,30.281703896068645,0
2026-01-30 13:30:00,PCS-01,378.8352905294741,-3.5618594166427564,28.48736687779455,0
2026-01-30 13:35:00,PCS-01,382.72725490608167,7.59098544901052,33.10641491452994,0
2026-01-30 13:40:00,PCS-01,373.0179068093058,-8.83550140436978,24.227745461468615,0
2026-01-30 13:45:00,PCS-01,386.33310272313804,-7.340703027368156,26.102163351931758,0
2026-01-30 13:50:00,PCS-01,381.1846300912217,44.57683111496742,25.219241109745163,0
2026-01-30 13:55:00,PCS-01,379.114547806221,-11.762058433661451,27.426567701903327,0
2026-01-30 14:00:00,PCS-01,373.7945009711854,-63.09446110730494,28.079616884408576,0
2026-01-30 14:05:00,PCS-01,373.00552736534945,-27.732476734811886,22.946818443168905,0
2026-01-30 14:10:00,PCS-01,380.22651921983254,-26.112451599786613,27.163371592758352,0
2026-01-30 14:15:00,PCS-01,378.7995175903131,77.49069756905898,31.24548705783296,0
2026-01-30 14:20:00,PCS-01,383.639743580274,-41.9491515746115,34.6858262498654,0
2026-01-30 14:25:00,PCS-01,382.9666087394964,5.149575129829868,24.507533200712132,0
2026-01-30 14:30:00,PCS-01,382.213542834925,-14.76731399769866,35.14793886015974,0
2026-01-30 14:35:00,PCS-01,377.55878778865787,55.10424793756681,29.556450888372083,0
2026-01-30 14:40:00,PCS-01,382.5680470128995,-28.38659188819825,27.5682777408688,0
2026-01-30 14:45:00,PCS-01,374.85271736877326,-21.02521134201975,28.732764032162994,0
2026-01-30 14:50:00,PCS-01,381.81319282406287,2.237683478955574,29.619097082543842,0
2026-01-30 14:55:00,PCS-01,378.1621999344971,24.145293119436086,26.38375752152203,0
2026-01-30 15:00:00,PCS-01,375.60622942987465,-41.99895877611172,30.54972346021334,0
2026-01-30 15:05:00,PCS-01,379.41663568056265,39.215875526228466,30.39575948782654,0
2026-01-30 15:10:00,PCS-01,378.55418672946945,11.990390531940832,32.398436228046265,0
2026-01-30 15:15:00,PCS-01,379.0540801221792,-44.21876175806598,25.677238569479687,0
2026-01-30 15:20:00,PCS-01,384.7199362020405,13.683448050346916,24.913512034734566,0
2026-01-30 15:25:00,PCS-01,377.15587352184974,-7.885092167689136,28.605901769945373,0
2026-01-30 15:30:00,PCS-01,376.22743058284095,-60.79697450340917,27.583199286614157,0
2026-01-30 15:35:00,PCS-01,377.62642834388504,-5.728995665202451,27.887549334571275,0
2026-01-30 15:40:00,PCS-01,380.0371962508884,9.076577813912493,29.363852391598353,0
2026-01-30 15:45:00,PCS-01,381.36301208470087,99.07072307096853,29.588198730590538,0
2026-01-30 15:50:00,PCS-01,378.77394859795476,6.170537674668752,27.843741438533332,0
2026-01-30 15:55:00,PCS-01,384.5492510276392,51.60599648677344,25.60616308038395,0
2026-01-30 16:00:00,PCS-01,377.7934926098317,41.01632947062847,25.14165791888525,0
2026-01-30 16:05:00,PCS-01,385.34444510982985,0.9157936042007181,30.74873354082557,0
2026-01-30 16:10:00,PCS-01,373.492156556909,-82.67399411471578,25.032264029300052,0
2026-01-30 16:15:00,PCS-01,381.17157375575255,31.192964140991485,33.14314969926394,0
2026-01-30 16:20:00,PCS-01,377.8864977766364,-78.01889078643585,27.711239634138057,0
2026-01-30 16:25:00,PCS-01,379.685894570267,58.70154538213947,31.613154418745765,0
2026-01-30 16:30:00,PCS-01,381.75718547607073,-62.06372627635203,28.456135598218584,0
2026-01-30 16:35:00,PCS-01,377.5976717834802,28.542034166582397,30.08943743225811,0
2026-01-30 16:40:00,PCS-01,383.88683161335234,-32.48920790964127,24.488780131977236,0
2026-01-30 16:45:00,PCS-01,381.4993404964127,8.26904348819744,22.82937476958842,0
2026-01-30 16:50:00,PCS-01,381.49914945746065,4.759140614136114,28.956873265023553,0
2026-01-30 16:55:00,PCS-01,381.26838280940945,-17.716933241191853,30.74838966619415,0
2026-01-30 17:00:00,PCS-01,379.41768081222096,8.795722516079906,28.66127213467034,0
2026-01-30 17:05:00,PCS-01,379.54221313781824,-72.21311977110248,28.390793185523368,0
2026-01-30 17:10:00,PCS-01,384.88202886246097,-2.31521162734088,23.104573744101618,0
2026-01-30 17:15:00,PCS-01,377.45528525921264,-16.96055062001363,30.717750020713975,0
2026-01-30 17:20:00,PCS-01,378.1188493654726,-12.225559227231404,31.664416779678255,0
2026-01-30 17:25:00,PCS-01,375.66129676565964,-5.38305711808523,25.735935330213078,0
2026-01-30 17:30:00,PCS-01,374.3539584219138,-22.475792122170244,30.121889914805205,0
2026-01-30 17:35:00,PCS-01,377.8872235285135,-108.83306795788785,33.49722205321361,0
2026-01-30 17:40:00,PCS-01,375.4445505961251,67.70403985892467,30.946432308285967,0
2026-01-30 17:45:00,PCS-01,383.359371777752,-11.414180116381015,28.861128111447307,0
2026-01-30 17:50:00,PCS-01,384.71949986336637,32.674131035596254,22.971919714332465,0
2026-01-30 17:55:00,PCS-01,382.41645331116393,-65.18034196975816,26.970129201968497,0
2026-01-30 18:00:00,PCS-01,383.3266183168763,-3.147828579112854,21.621916465689484,0
2026-01-30 18:05:00,PCS-01,381.836037081076,32.777377215107265,27.068195360729575,0
2026-01-30 18:10:00,PCS-01,378.792243608063,31.825188213420933,28.65070198377945,0
2026-01-30 18:15:00,PCS-01,378.0249647111672,7.015001915836679,27.136265971966118,0
2026-01-30 18:20:00,PCS-01,380.66624257131616,32.87952656999601,28.79099799238827,0
2026-01-30 18:25:00,PCS-01,379.4700198095111,63.60904157392109,28.930943845014735,0
2026-01-30 18:30:00,PCS-01,381.61888394241646,-57.11892783126156,29.558549720145443,0
2026-01-30 18:35:00,PCS-01,377.68377490165784,-23.362500528958062,29.1713542587244,0
2026-01-30 18:40:00,PCS-01,377.9401436744661,21.443719359591654,24.062070904051577,0
2026-01-30 18:45:00,PCS-01,377.77241384926015,96.39684697870692,25.155103222947425,0
2026-01-30 18:50:00,PCS-01,375.78762083779685,-4.55786448243606,30.65198520053215,0
2026-01-30 18:55:00,PCS-01,381.17030980778713,36.478983691848384,28.4614935070469,0
2026-01-30 19:00:00,PCS-01,380.4696666758414,2.2379605737822788,27.63769963992721,0
2026-01-30 19:05:00,PCS-01,383.2561328899382,-6.5694677616752175,29.30563088751641,0
2026-01-30 19:10:00,PCS-01,379.63858227234016,-3.613610517230774,24.19468064549415,0
2026-01-30 19:15:00,PCS-01,375.7329554436117,26.55086097986991,27.37624416268991,0
2026-01-30 19:20:00,PCS-01,377.2052292445393,11.706806801469114,29.807264792747006,0
2026-01-30 19:25:00,PCS-01,377.99881992294064,12.691498423246248,28.224145816766708,0
2026-01-30 19:30:00,PCS-01,380.4775679203592,-15.936956689277025,29.960081050984616,0
2026-01-30 19:35:00,PCS-01,379.0257303455292,68.41514400778108,30.39902396322275,0
2026-01-30 19:40:00,PCS-01,379.45983179020396,-29.763296722039364,30.718727684383133,0
2026-01-30 19:45:00,PCS-01,375.0699364399141,-49.100279584151664,31.683139112964376,0
2026-01-30 19:50:00,PCS-01,377.4559243694692,0.4646933182243265,26.99340197692693,0
2026-01-30 19:55:00,PCS-01,378.5656061117007,-50.25720951299007,26.015031209366835,0
2026-01-30 20:00:00,PCS-01,378.6504647506133,-48.88213329427043,28.595242205739012,0
2026-01-30 20:05:00,PCS-01,373.9902515317467,-2.5372782429083114,25.90080025448069,0
2026-01-30 20:10:00,PCS-01,378.50717798332016,-26.84468011287947,28.46129543701501,0
2026-01-30 20:15:00,PCS-01,378.85032290407355,27.190023585583294,26.08049167169183,0
2026-01-30 20:20:00,PCS-01,384.4796165316433,44.87290763544352,30.725267119066242,0
2026-01-30 20:25:00,PCS-01,377.7684434313222,-6.167650592970006,25.183228220552124,0
2026-01-30 20:30:00,PCS-01,380.1580838662041,63.50972037462639,32.25198348728492,0
2026-01-30 20:35:00,PCS-01,384.6139040463432,-9.644499984807425,26.856708388726428,0
2026-01-30 20:40:00,PCS-01,378.84597950896347,-74.14995879808728,24.534644497905205,0
2026-01-30 20:45:00,PCS-01,380.3806635570776,-15.513211942265663,28.547098415418898,0
2026-01-30 20:50:00,PCS-01,378.5038668818816,13.079301298769202,30.856250812745294,0
2026-01-30 20:55:00,PCS-01,379.2922025716391,2.1316178828204206,31.4899958628866,0
2026-01-30 21:00:00,PCS-01,381.19638710830895,24.604792063640808,31.15041624074119,0
2026-01-30 21:05:00,PCS-01,377.9270686963229,-55.90171418562795,30.677719214595328,0
2026-01-30 21:10:00,PCS-01,377.9553713349665,-17.070963906595235,23.505985383665045,0
2026-01-30 21:15:00,PCS-01,382.0398335640398,55.62883436208711,34.2696093205781,0
2026-01-30 21:20:00,PCS-01,382.9751024818681,-19.518878830816195,29.909607312388527,0
2026-01-30 21:25:00,PCS-01,379.2000441382263,-1.0968696576352726,27.771829605965404,0
2026-01-30 21:30:00,PCS-01,377.355564425909,45.63369723561514,27.82736301331471,0
2026-01-30 21:35:00,PCS-01,380.5725889270896,12.742617830703608,24.504476089327817,0
2026-01-30 21:40:00,PCS-01,380.7163367778774,31.91583844469616,25.50133042477652,0
2026-01-30 21:45:00,PCS-01,379.43621329104246,29.98724784765008,28.883763565334995,0
2026-01-30 21:50:00,PCS-01,379.5949371739652,42.07142512442914,28.89100881678966,0
2026-01-30 21:55:00,PCS-01,382.75554681943333,-7.6733498821596395,26.524207829566116,0
2026-01-30 22:00:00,PCS-01,379.5061421017273,39.83083044796335,25.36156052873767,0
2026-01-30 22:05:00,PCS-01,376.58494526060986,-62.5252693181758,24.521637624479148,0
2026-01-30 22:10:00,PCS-01,376.13493185830583,35.34559399611072,27.639421023270547,0
2026-01-30 22:15:00,PCS-01,376.4599411750056,50.710550403789625,29.887507319815054,0
2026-01-30 22:20:00,PCS-01,378.7336634141192,-22.691266887682282,29.80944430675112,0
2026-01-30 22:25:00,PCS-01,380.63261319374413,-42.839275847356426,31.51709685538896,0
2026-01-30 22:30:00,PCS-01,379.61737719242103,12.668422746229373,25.385574730620192,0
2026-01-30 22:35:00,PCS-01,380.1494156666897,-3.9113616795019848,21.398641264731346,0
2026-01-30 22:40:00,PCS-01,378.4512654527082,-31.201058298129052,27.72344313566467,0
2026-01-30 22:45:00,PCS-01,384.3977858187006,-12.229817152216146,24.72310238333822,0
2026-01-30 22:50:00,PCS-01,376.48535678906615,5.064000612248481,30.29169260964714,0
2026-01-30 22:55:00,PCS-01,381.0570777446926,51.712965259737416,26.6494527343456,0
2026-01-30 23:00:00,PCS-01,380.0069510672195,9.445585766726222,32.22363692611804,0
2026-01-30 23:05:00,PCS-01,380.4054093333487,2.0961733729244845,31.657217369949446,0
2026-01-30 23:10:00,PCS-01,378.30945163812737,-39.541985029950084,26.417090814717454,0
2026-01-30 23:15:00,PCS-01,384.70123688325003,10.88850671238208,31.59404509342345,0
2026-01-30 23:20:00,PCS-01,371.2913097693978,2.122178903037544,19.587429247093826,0
2026-01-30 23:25:00,PCS-01,379.60731083666025,-67.0368738605577,27.34238152858545,0
2026-01-30 23:30:00,PCS-01,389.5271615889471,39.181158500260324,25.677356892109724,0
2026-01-30 23:35:00,PCS-01,383.5477156126782,-54.03436837676822,25.869972603899626,0
2026-01-30 23:40:00,PCS-01,383.28919074441876,-29.57357033859006,25.81458243876881,0
2026-01-30 23:45:00,PCS-01,375.4512400565276,-45.49240601478288,29.09986524398805,0
2026-01-30 23:50:00,PCS-01,383.1089240313469,-51.02123340212244,27.551710156934966,0
2026-01-30 23:55:00,PCS-01,377.57356167787896,12.070509236080461,26.607029995676694,0
